[2026-07-23 15:04:46] ⇡   ✔ Done.
[2026-07-23 15:04:46] ┃   ❖ Setting up conflict resolution (zeallot)...
[2026-07-23 15:04:46] ┃   ❖ Setting up parallel processing...
[2026-07-23 15:04:46] ┃    » Logging level set to: 3
[2026-07-23 15:04:46] ┃    » Logging path set to: /data/lorenzo_delitala/data/project_files/ding/cortex_2/logs/cluster_2.log
[2026-07-23 15:04:46] ┗━━
[2026-07-23 15:04:46] ❖ Loading Cotan object with coex, p-value and gdi...
[2026-07-23 15:04:59] ┏━━ PERFORM UNIFORM CLUSTERING
[2026-07-23 15:04:59] ┃   ❖ Starting Step 1/2: Splitting clusters...
[2026-07-23 15:04:59] ⇣   ▶ cellsUniformClustering()
[2026-07-23 15:04:59]       ◦ GDIThreshold: 1.001 ◦ cores: 80 ◦ optimizeForSpeed: TRUE ◦ deviceStr: cpu ◦ saveObj: TRUE ◦ outDir: /data/lorenzo_delitala/data/project_files/ding/cortex_2/plots ◦ checker: NULL ◦ initialResolution: 0.8 ◦ maxIterations: 25 ◦ useDEA: TRUE ◦ distance: NULL ◦ useCoexEigen: FALSE ◦ dataMethod:  ◦ genesSel: HVG_Seurat ◦ numGenes: 2000 ◦ numReducedComp: 25 ◦ hclustMethod: ward.D2 ◦ initialClusters: NULL ◦ minimumUTClusterSize: 50 ◦ initialIteration: 1
[2026-07-23 15:04:59] Creating cells' uniform clustering: START
[2026-07-23 15:04:59] In iteration 1 [2026-07-23 15:04:59] the number of cells to re-cluster is 4077 cells belonging to 0 clusters
[2026-07-23 15:04:59] Asked to drop no genes or cells
[2026-07-23 15:04:59] Creating new clusterization: START
[2026-07-23 15:04:59] Elaborating Reduced dimensionality Data Matrix - START
[2026-07-23 15:04:59] Running genes' selection: START
[2026-07-23 15:05:01] Selected 2000 genes using HVG_Seurat selector
[2026-07-23 15:05:01] Running genes' selection: DONE
[2026-07-23 15:05:02] Elaborating PCA - START
[2026-07-23 15:05:03] Elaborating PCA - DONE
[2026-07-23 15:05:04] Total calculations elapsed time: 4.84941792488098
[2026-07-23 15:05:04] Elaborating Reduced dimensionality Data Matrix - DONE
[2026-07-23 15:05:05] Used resolution for Seurat clusterization is: 0.8
[2026-07-23 15:05:05] Total calculations elapsed time: 6.39571809768677
[2026-07-23 15:05:05] Creating new clusterization: DONE
[2026-07-23 15:05:06] Creating PDF UMAP in file:  /data/lorenzo_delitala/data/project_files/ding/cortex_2/plots/Ding_Cortex_2_Transcript/reclustering/pdf_umap_1.pdf
[2026-07-23 15:05:06] UMAP plot: START
[2026-07-23 15:05:06] Calculating UMAP: START
[2026-07-23 15:05:15] Calculating UMAP: DONE
[2026-07-23 15:05:16] Total calculations elapsed time: 9.45964336395264
[2026-07-23 15:05:16] UMAP plot: DONE
[2026-07-23 15:05:16] UMAP plot: START
[2026-07-23 15:05:16] Calculating UMAP: START
[2026-07-23 15:05:25] Calculating UMAP: DONE
[2026-07-23 15:05:25] Total calculations elapsed time: 9.3133602142334
[2026-07-23 15:05:25] UMAP plot: DONE
[2026-07-23 15:05:25] *[2026-07-23 15:05:25]  checking uniformity of cluster '0' of 13 clusters
[2026-07-23 15:05:25] Asked to drop 0 genes and 3286 cells
[2026-07-23 15:05:25] COTAN dataset analysis: START
[2026-07-23 15:05:25] Asked to drop 2157 genes and 0 cells
[2026-07-23 15:05:25] Genes/cells selection done: dropped [2157] genes and [0] cells
[2026-07-23 15:05:25] Working on [10691] genes and [791] cells
[2026-07-23 15:05:26] Dataset cleaning elapsed time: 0.697686672210693
[2026-07-23 15:05:26] Estimate `dispersion`: START
[2026-07-23 15:05:26] Effective number of cores used: 80
[2026-07-23 15:05:28] Executing 11 genes batches
[2026-07-23 15:05:29] Parallel dispersion Newton-Raphson: used up to 5 iterations
[2026-07-23 15:05:29] Parallel dispersion Newton-Raphson: used up to 5 iterations
[2026-07-23 15:05:29] Parallel dispersion Newton-Raphson: used up to 6 iterations
[2026-07-23 15:05:29] Parallel dispersion Newton-Raphson: used up to 6 iterations
[2026-07-23 15:05:29] Parallel dispersion Newton-Raphson: used up to 6 iterations
[2026-07-23 15:05:29] Parallel dispersion Newton-Raphson: used up to 6 iterations
[2026-07-23 15:05:29] Parallel dispersion Newton-Raphson: used up to 5 iterations
[2026-07-23 15:05:29] Parallel dispersion Newton-Raphson: used up to 5 iterations
[2026-07-23 15:05:29] Parallel dispersion Newton-Raphson: used up to 6 iterations
[2026-07-23 15:05:29] Parallel dispersion Newton-Raphson: used up to 5 iterations
[2026-07-23 15:05:29] Parallel dispersion Newton-Raphson: used up to 6 iterations
[2026-07-23 15:05:32] Total calculations elapsed time: 6.17603373527527
[2026-07-23 15:05:32] Estimate `dispersion`: DONE
[2026-07-23 15:05:32] Estimate `dispersion`: DONE
[2026-07-23 15:05:32] `dispersion` | min: -0.176349969072169 | max: 375.216772566128 | % negative: 59.6857169581891
[2026-07-23 15:05:33] Model parameter estimation elapsed time: 6.92443871498108
[2026-07-23 15:05:33] COTAN genes' COEX estimation: START
[2026-07-23 15:05:33] Effective number of cores used: 80
[2026-07-23 15:05:33] Calculate genes COEX (torch) on device cpu: START
[2026-07-23 15:05:33] Retrieving expected genes contingency table
[2026-07-23 15:05:33] Expected genes contingency table elapsed time: 0.188987970352173
[2026-07-23 15:05:33] Calculating genes COEX normalization factor
[2026-07-23 15:05:35] Calculating genes COEX normalization factor elapsed time: 1.37116479873657
[2026-07-23 15:05:35] Retrieving observed genes yes/yes contingency table
[2026-07-23 15:05:35] Observed genes contingency table elapsed time: 0.188626289367676
[2026-07-23 15:05:42] Calculate genes COEX elapsed time: 7.07850003242493
[2026-07-23 15:05:42] Total calculations elapsed time: 8.82727909088135
[2026-07-23 15:05:42] Calculate genes COEX (torch) on device cpu: DONE
[2026-07-23 15:05:43] Only genes' COEX elapsed time: 9.62267541885376
[2026-07-23 15:05:43] Dataset analysis elapsed time: 17.2448008060455
[2026-07-23 15:05:43] COTAN dataset analysis: DONE
[2026-07-23 15:05:43] Checking uniformity for the cluster '01_0000' with 791 cells
[2026-07-23 15:05:43] Calculate GDI dataframe: START
[2026-07-23 15:05:43] Using S
[2026-07-23 15:05:43] Calculating S: START
[2026-07-23 15:05:47] Calculating S: DONE
[2026-07-23 15:05:47] Calculate `GDI`: START
[2026-07-23 15:05:47] Effective number of cores used: 80
[2026-07-23 15:05:47] Effective number of cores used: 80
[2026-07-23 15:05:47] Executing 11 genes batches
[2026-07-23 15:05:49] Total calculations elapsed time: 2.21045684814453
[2026-07-23 15:05:49] Calculate `GDI`: DONE
[2026-07-23 15:05:50] Total calculations elapsed time: 6.73128485679626
[2026-07-23 15:05:50] Calculate GDI dataframe: DONE
[2026-07-23 15:05:50] Clean plots: START
[2026-07-23 15:05:50] Total calculations elapsed time: 0.025766134262085
[2026-07-23 15:05:50] Clean plots: DONE
[2026-07-23 15:05:50] GDI plot
[2026-07-23 15:05:50] Removed 1 low GDI genes (such as the fully-expressed) in GDI plot
[2026-07-23 15:05:52] Cluster 01_0000, with size 791, is not uniform
[2026-07-23 15:05:52] Cluster 01_0000's shift to uniformity: 0.276653603786776
[2026-07-23 15:05:52] class = SimpleGDIUniformityCheck, check.isCheckAbove = FALSE, check.GDIThreshold = 1.001, check.maxRatioBeyond = 0.01, check.maxRankBeyond = 0, check.fractionBeyond = 0.192030680011224, check.thresholdRank = 0, check.quantileAtRatio = 1.27765360378678, check.quantileAtRank = NaN, isUniform = FALSE, clusterSize = 791
[2026-07-23 15:05:52] cluster 01_0000 has too high GDI: will be reclustered!
[2026-07-23 15:05:52] 
[2026-07-23 15:05:53] *[2026-07-23 15:05:53]  checking uniformity of cluster '1' of 13 clusters
[2026-07-23 15:05:53] Asked to drop 0 genes and 3398 cells
[2026-07-23 15:05:53] COTAN dataset analysis: START
[2026-07-23 15:05:53] Asked to drop 1910 genes and 0 cells
[2026-07-23 15:05:53] Genes/cells selection done: dropped [1910] genes and [0] cells
[2026-07-23 15:05:53] Working on [10938] genes and [679] cells
[2026-07-23 15:05:54] Dataset cleaning elapsed time: 0.767544507980347
[2026-07-23 15:05:54] Estimate `dispersion`: START
[2026-07-23 15:05:54] Effective number of cores used: 80
[2026-07-23 15:05:54] Executing 11 genes batches
[2026-07-23 15:05:54] Parallel dispersion Newton-Raphson: used up to 6 iterations
[2026-07-23 15:05:54] Parallel dispersion Newton-Raphson: used up to 6 iterations
[2026-07-23 15:05:54] Parallel dispersion Newton-Raphson: used up to 5 iterations
[2026-07-23 15:05:54] Parallel dispersion Newton-Raphson: used up to 6 iterations
[2026-07-23 15:05:54] Parallel dispersion Newton-Raphson: used up to 6 iterations
[2026-07-23 15:05:54] Parallel dispersion Newton-Raphson: used up to 6 iterations
[2026-07-23 15:05:55] Parallel dispersion Newton-Raphson: used up to 6 iterations
[2026-07-23 15:05:55] Parallel dispersion Newton-Raphson: used up to 6 iterations
[2026-07-23 15:05:55] Parallel dispersion Newton-Raphson: used up to 6 iterations
[2026-07-23 15:05:55] Parallel dispersion Newton-Raphson: used up to 6 iterations
[2026-07-23 15:05:55] Parallel dispersion Newton-Raphson: used up to 7 iterations
[2026-07-23 15:05:58] Total calculations elapsed time: 4.18385052680969
[2026-07-23 15:05:58] Estimate `dispersion`: DONE
[2026-07-23 15:05:58] Estimate `dispersion`: DONE
[2026-07-23 15:05:58] `dispersion` | min: -0.229522261310912 | max: 299.080345952705 | % negative: 59.3252879868349
[2026-07-23 15:05:59] Model parameter estimation elapsed time: 4.95834159851074
[2026-07-23 15:05:59] COTAN genes' COEX estimation: START
[2026-07-23 15:05:59] Effective number of cores used: 80
[2026-07-23 15:05:59] Calculate genes COEX (torch) on device cpu: START
[2026-07-23 15:05:59] Retrieving expected genes contingency table
[2026-07-23 15:05:59] Expected genes contingency table elapsed time: 0.136741638183594
[2026-07-23 15:05:59] Calculating genes COEX normalization factor
[2026-07-23 15:06:00] Calculating genes COEX normalization factor elapsed time: 1.29678797721863
[2026-07-23 15:06:00] Retrieving observed genes yes/yes contingency table
[2026-07-23 15:06:00] Observed genes contingency table elapsed time: 0.220198631286621
[2026-07-23 15:06:06] Calculate genes COEX elapsed time: 5.58632302284241
[2026-07-23 15:06:06] Total calculations elapsed time: 7.24005126953125
[2026-07-23 15:06:06] Calculate genes COEX (torch) on device cpu: DONE
[2026-07-23 15:06:07] Only genes' COEX elapsed time: 8.01905417442322
[2026-07-23 15:06:07] Dataset analysis elapsed time: 13.7449402809143
[2026-07-23 15:06:07] COTAN dataset analysis: DONE
[2026-07-23 15:06:07] Checking uniformity for the cluster '01_0001' with 679 cells
[2026-07-23 15:06:07] Calculate GDI dataframe: START
[2026-07-23 15:06:07] Using S
[2026-07-23 15:06:07] Calculating S: START
[2026-07-23 15:06:11] Calculating S: DONE
[2026-07-23 15:06:11] Calculate `GDI`: START
[2026-07-23 15:06:11] Effective number of cores used: 80
[2026-07-23 15:06:11] Effective number of cores used: 80
[2026-07-23 15:06:11] Executing 11 genes batches
[2026-07-23 15:06:13] Total calculations elapsed time: 2.3445565700531
[2026-07-23 15:06:13] Calculate `GDI`: DONE
[2026-07-23 15:06:14] Total calculations elapsed time: 6.86808276176453
[2026-07-23 15:06:14] Calculate GDI dataframe: DONE
[2026-07-23 15:06:14] Clean plots: START
[2026-07-23 15:06:14] Total calculations elapsed time: 0.0237886905670166
[2026-07-23 15:06:14] Clean plots: DONE
[2026-07-23 15:06:14] GDI plot
[2026-07-23 15:06:14] Removed 1 low GDI genes (such as the fully-expressed) in GDI plot
[2026-07-23 15:06:16] Cluster 01_0001, with size 679, is not uniform
[2026-07-23 15:06:16] Cluster 01_0001's shift to uniformity: 0.322236014827757
[2026-07-23 15:06:16] class = SimpleGDIUniformityCheck, check.isCheckAbove = FALSE, check.GDIThreshold = 1.001, check.maxRatioBeyond = 0.01, check.maxRankBeyond = 0, check.fractionBeyond = 0.259462424574877, check.thresholdRank = 0, check.quantileAtRatio = 1.32323601482776, check.quantileAtRank = NaN, isUniform = FALSE, clusterSize = 679
[2026-07-23 15:06:16] cluster 01_0001 has too high GDI: will be reclustered!
[2026-07-23 15:06:16] 
[2026-07-23 15:06:17] *[2026-07-23 15:06:17]  checking uniformity of cluster '2' of 13 clusters
[2026-07-23 15:06:17] Asked to drop 0 genes and 3575 cells
[2026-07-23 15:06:17] COTAN dataset analysis: START
[2026-07-23 15:06:17] Asked to drop 3942 genes and 0 cells
[2026-07-23 15:06:17] Genes/cells selection done: dropped [3942] genes and [0] cells
[2026-07-23 15:06:17] Working on [8906] genes and [502] cells
[2026-07-23 15:06:18] Dataset cleaning elapsed time: 0.778122663497925
[2026-07-23 15:06:18] Estimate `dispersion`: START
[2026-07-23 15:06:18] Effective number of cores used: 80
[2026-07-23 15:06:18] Executing 9 genes batches
[2026-07-23 15:06:18] Parallel dispersion Newton-Raphson: used up to 6 iterations
[2026-07-23 15:06:18] Parallel dispersion Newton-Raphson: used up to 6 iterations
[2026-07-23 15:06:18] Parallel dispersion Newton-Raphson: used up to 6 iterations
[2026-07-23 15:06:18] Parallel dispersion Newton-Raphson: used up to 6 iterations
[2026-07-23 15:06:19] Parallel dispersion Newton-Raphson: used up to 6 iterations
[2026-07-23 15:06:19] Parallel dispersion Newton-Raphson: used up to 6 iterations
[2026-07-23 15:06:19] Parallel dispersion Newton-Raphson: used up to 6 iterations
[2026-07-23 15:06:19] Parallel dispersion Newton-Raphson: used up to 6 iterations
[2026-07-23 15:06:19] Parallel dispersion Newton-Raphson: used up to 6 iterations
[2026-07-23 15:06:21] Total calculations elapsed time: 3.5406653881073
[2026-07-23 15:06:21] Estimate `dispersion`: DONE
[2026-07-23 15:06:21] Estimate `dispersion`: DONE
[2026-07-23 15:06:21] `dispersion` | min: -0.182579900967425 | max: 291.255395640601 | % negative: 61.7561194700202
[2026-07-23 15:06:22] Model parameter estimation elapsed time: 4.33983898162842
[2026-07-23 15:06:22] COTAN genes' COEX estimation: START
[2026-07-23 15:06:22] Effective number of cores used: 80
[2026-07-23 15:06:22] Calculate genes COEX (torch) on device cpu: START
[2026-07-23 15:06:22] Retrieving expected genes contingency table
[2026-07-23 15:06:22] Expected genes contingency table elapsed time: 0.0695204734802246
[2026-07-23 15:06:22] Calculating genes COEX normalization factor
[2026-07-23 15:06:23] Calculating genes COEX normalization factor elapsed time: 0.988713026046753
[2026-07-23 15:06:23] Retrieving observed genes yes/yes contingency table
[2026-07-23 15:06:23] Observed genes contingency table elapsed time: 0.0780436992645264
[2026-07-23 15:06:27] Calculate genes COEX elapsed time: 3.90278434753418
[2026-07-23 15:06:27] Total calculations elapsed time: 5.03906154632568
[2026-07-23 15:06:27] Calculate genes COEX (torch) on device cpu: DONE
[2026-07-23 15:06:28] Only genes' COEX elapsed time: 5.78282475471497
[2026-07-23 15:06:28] Dataset analysis elapsed time: 10.9007863998413
[2026-07-23 15:06:28] COTAN dataset analysis: DONE
[2026-07-23 15:06:29] Checking uniformity for the cluster '01_0002' with 502 cells
[2026-07-23 15:06:29] Calculate GDI dataframe: START
[2026-07-23 15:06:29] Using S
[2026-07-23 15:06:29] Calculating S: START
[2026-07-23 15:06:31] Calculating S: DONE
[2026-07-23 15:06:31] Calculate `GDI`: START
[2026-07-23 15:06:31] Effective number of cores used: 80
[2026-07-23 15:06:31] Effective number of cores used: 80
[2026-07-23 15:06:31] Executing 9 genes batches
[2026-07-23 15:06:33] Total calculations elapsed time: 2.22514510154724
[2026-07-23 15:06:33] Calculate `GDI`: DONE
[2026-07-23 15:06:34] Total calculations elapsed time: 5.53150105476379
[2026-07-23 15:06:34] Calculate GDI dataframe: DONE
[2026-07-23 15:06:34] Clean plots: START
[2026-07-23 15:06:34] Total calculations elapsed time: 0.0232961177825928
[2026-07-23 15:06:34] Clean plots: DONE
[2026-07-23 15:06:34] GDI plot
[2026-07-23 15:06:34] Removed 1 low GDI genes (such as the fully-expressed) in GDI plot
[2026-07-23 15:06:36] Cluster 01_0002, with size 502, is not uniform
[2026-07-23 15:06:36] Cluster 01_0002's shift to uniformity: 0.381106306917324
[2026-07-23 15:06:36] class = SimpleGDIUniformityCheck, check.isCheckAbove = FALSE, check.GDIThreshold = 1.001, check.maxRatioBeyond = 0.01, check.maxRankBeyond = 0, check.fractionBeyond = 0.220300920727599, check.thresholdRank = 0, check.quantileAtRatio = 1.38210630691732, check.quantileAtRank = NaN, isUniform = FALSE, clusterSize = 502
[2026-07-23 15:06:36] cluster 01_0002 has too high GDI: will be reclustered!
[2026-07-23 15:06:36] 
[2026-07-23 15:06:37] *[2026-07-23 15:06:37]  checking uniformity of cluster '3' of 13 clusters
[2026-07-23 15:06:37] Asked to drop 0 genes and 3656 cells
[2026-07-23 15:06:37] COTAN dataset analysis: START
[2026-07-23 15:06:37] Asked to drop 5917 genes and 0 cells
[2026-07-23 15:06:37] Genes/cells selection done: dropped [5917] genes and [0] cells
[2026-07-23 15:06:37] Working on [6931] genes and [421] cells
[2026-07-23 15:06:38] Dataset cleaning elapsed time: 0.736514806747437
[2026-07-23 15:06:38] Estimate `dispersion`: START
[2026-07-23 15:06:38] Effective number of cores used: 80
[2026-07-23 15:06:38] Executing 7 genes batches
[2026-07-23 15:06:38] Parallel dispersion Newton-Raphson: used up to 7 iterations
[2026-07-23 15:06:38] Parallel dispersion Newton-Raphson: used up to 5 iterations
[2026-07-23 15:06:38] Parallel dispersion Newton-Raphson: used up to 7 iterations
[2026-07-23 15:06:38] Parallel dispersion Newton-Raphson: used up to 7 iterations
[2026-07-23 15:06:38] Parallel dispersion Newton-Raphson: used up to 7 iterations
[2026-07-23 15:06:38] Parallel dispersion Newton-Raphson: used up to 7 iterations
[2026-07-23 15:06:38] Parallel dispersion Newton-Raphson: used up to 7 iterations
[2026-07-23 15:06:41] Total calculations elapsed time: 3.58338332176208
[2026-07-23 15:06:41] Estimate `dispersion`: DONE
[2026-07-23 15:06:41] Estimate `dispersion`: DONE
[2026-07-23 15:06:41] `dispersion` | min: -0.218721740696825 | max: 368.114955303274 | % negative: 72.2118020487664
[2026-07-23 15:06:42] Model parameter estimation elapsed time: 4.36868572235107
[2026-07-23 15:06:42] COTAN genes' COEX estimation: START
[2026-07-23 15:06:42] Effective number of cores used: 80
[2026-07-23 15:06:42] Calculate genes COEX (torch) on device cpu: START
[2026-07-23 15:06:42] Retrieving expected genes contingency table
[2026-07-23 15:06:42] Expected genes contingency table elapsed time: 0.0497200489044189
[2026-07-23 15:06:42] Calculating genes COEX normalization factor
[2026-07-23 15:06:43] Calculating genes COEX normalization factor elapsed time: 0.885679006576538
[2026-07-23 15:06:43] Retrieving observed genes yes/yes contingency table
[2026-07-23 15:06:43] Observed genes contingency table elapsed time: 0.0510225296020508
[2026-07-23 15:06:46] Calculate genes COEX elapsed time: 2.59690761566162
[2026-07-23 15:06:46] Total calculations elapsed time: 3.58332920074463
[2026-07-23 15:06:46] Calculate genes COEX (torch) on device cpu: DONE
[2026-07-23 15:06:46] Only genes' COEX elapsed time: 4.31678628921509
[2026-07-23 15:06:46] Dataset analysis elapsed time: 9.4219868183136
[2026-07-23 15:06:46] COTAN dataset analysis: DONE
[2026-07-23 15:06:47] Checking uniformity for the cluster '01_0003' with 421 cells
[2026-07-23 15:06:47] Calculate GDI dataframe: START
[2026-07-23 15:06:47] Using S
[2026-07-23 15:06:47] Calculating S: START
[2026-07-23 15:06:48] Calculating S: DONE
[2026-07-23 15:06:48] Calculate `GDI`: START
[2026-07-23 15:06:48] Effective number of cores used: 80
[2026-07-23 15:06:48] Effective number of cores used: 80
[2026-07-23 15:06:48] Executing 7 genes batches
[2026-07-23 15:06:50] Total calculations elapsed time: 1.54117798805237
[2026-07-23 15:06:50] Calculate `GDI`: DONE
[2026-07-23 15:06:51] Total calculations elapsed time: 3.92081952095032
[2026-07-23 15:06:51] Calculate GDI dataframe: DONE
[2026-07-23 15:06:51] Clean plots: START
[2026-07-23 15:06:51] Total calculations elapsed time: 0.0235540866851807
[2026-07-23 15:06:51] Clean plots: DONE
[2026-07-23 15:06:51] GDI plot
[2026-07-23 15:06:51] Removed 1 low GDI genes (such as the fully-expressed) in GDI plot
[2026-07-23 15:06:53] Cluster 01_0003, with size 421, is not uniform
[2026-07-23 15:06:53] Cluster 01_0003's shift to uniformity: 0.648895709214065
[2026-07-23 15:06:53] class = SimpleGDIUniformityCheck, check.isCheckAbove = FALSE, check.GDIThreshold = 1.001, check.maxRatioBeyond = 0.01, check.maxRankBeyond = 0, check.fractionBeyond = 0.165344106189583, check.thresholdRank = 0, check.quantileAtRatio = 1.64989570921407, check.quantileAtRank = NaN, isUniform = FALSE, clusterSize = 421
[2026-07-23 15:06:53] cluster 01_0003 has too high GDI: will be reclustered!
[2026-07-23 15:06:53] 
[2026-07-23 15:06:54] *[2026-07-23 15:06:54]  checking uniformity of cluster '4' of 13 clusters
[2026-07-23 15:06:54] Asked to drop 0 genes and 3763 cells
[2026-07-23 15:06:54] COTAN dataset analysis: START
[2026-07-23 15:06:54] Asked to drop 1601 genes and 0 cells
[2026-07-23 15:06:54] Genes/cells selection done: dropped [1601] genes and [0] cells
[2026-07-23 15:06:54] Working on [11247] genes and [314] cells
[2026-07-23 15:06:54] Dataset cleaning elapsed time: 0.762803554534912
[2026-07-23 15:06:54] Estimate `dispersion`: START
[2026-07-23 15:06:54] Effective number of cores used: 80
[2026-07-23 15:06:54] Executing 11 genes batches
[2026-07-23 15:06:55] Parallel dispersion Newton-Raphson: used up to 7 iterations
[2026-07-23 15:06:55] Parallel dispersion Newton-Raphson: used up to 6 iterations
[2026-07-23 15:06:55] Parallel dispersion Newton-Raphson: used up to 6 iterations
[2026-07-23 15:06:55] Parallel dispersion Newton-Raphson: used up to 6 iterations
[2026-07-23 15:06:55] Parallel dispersion Newton-Raphson: used up to 6 iterations
[2026-07-23 15:06:55] Parallel dispersion Newton-Raphson: used up to 6 iterations
[2026-07-23 15:06:55] Parallel dispersion Newton-Raphson: used up to 6 iterations
[2026-07-23 15:06:55] Parallel dispersion Newton-Raphson: used up to 6 iterations
[2026-07-23 15:06:55] Parallel dispersion Newton-Raphson: used up to 7 iterations
[2026-07-23 15:06:55] Parallel dispersion Newton-Raphson: used up to 6 iterations
[2026-07-23 15:06:55] Parallel dispersion Newton-Raphson: used up to 7 iterations
[2026-07-23 15:06:58] Total calculations elapsed time: 4.00087594985962
[2026-07-23 15:06:58] Estimate `dispersion`: DONE
[2026-07-23 15:06:58] Estimate `dispersion`: DONE
[2026-07-23 15:06:58] `dispersion` | min: -0.361644195532681 | max: 314.106214748859 | % negative: 60.3360896238997
[2026-07-23 15:06:59] Model parameter estimation elapsed time: 4.77753114700317
[2026-07-23 15:06:59] COTAN genes' COEX estimation: START
[2026-07-23 15:06:59] Effective number of cores used: 80
[2026-07-23 15:06:59] Calculate genes COEX (torch) on device cpu: START
[2026-07-23 15:06:59] Retrieving expected genes contingency table
[2026-07-23 15:06:59] Expected genes contingency table elapsed time: 0.0747363567352295
[2026-07-23 15:06:59] Calculating genes COEX normalization factor
[2026-07-23 15:07:00] Calculating genes COEX normalization factor elapsed time: 1.14137482643127
[2026-07-23 15:07:00] Retrieving observed genes yes/yes contingency table
[2026-07-23 15:07:00] Observed genes contingency table elapsed time: 0.0839531421661377
[2026-07-23 15:07:06] Calculate genes COEX elapsed time: 5.82567763328552
[2026-07-23 15:07:06] Total calculations elapsed time: 7.12574195861816
[2026-07-23 15:07:06] Calculate genes COEX (torch) on device cpu: DONE
[2026-07-23 15:07:07] Only genes' COEX elapsed time: 7.93810606002808
[2026-07-23 15:07:07] Dataset analysis elapsed time: 13.4784407615662
[2026-07-23 15:07:07] COTAN dataset analysis: DONE
[2026-07-23 15:07:08] Checking uniformity for the cluster '01_0004' with 314 cells
[2026-07-23 15:07:08] Calculate GDI dataframe: START
[2026-07-23 15:07:08] Using S
[2026-07-23 15:07:08] Calculating S: START
[2026-07-23 15:07:11] Calculating S: DONE
[2026-07-23 15:07:11] Calculate `GDI`: START
[2026-07-23 15:07:11] Effective number of cores used: 80
[2026-07-23 15:07:11] Effective number of cores used: 80
[2026-07-23 15:07:11] Executing 11 genes batches
[2026-07-23 15:07:14] Total calculations elapsed time: 2.61142730712891
[2026-07-23 15:07:14] Calculate `GDI`: DONE
[2026-07-23 15:07:15] Total calculations elapsed time: 7.26667165756226
[2026-07-23 15:07:15] Calculate GDI dataframe: DONE
[2026-07-23 15:07:15] Clean plots: START
[2026-07-23 15:07:15] Total calculations elapsed time: 0.023345947265625
[2026-07-23 15:07:15] Clean plots: DONE
[2026-07-23 15:07:15] GDI plot
[2026-07-23 15:07:15] Removed 1 low GDI genes (such as the fully-expressed) in GDI plot
[2026-07-23 15:07:17] Cluster 01_0004, with size 314, is not uniform
[2026-07-23 15:07:17] Cluster 01_0004's shift to uniformity: 0.502991111115399
[2026-07-23 15:07:17] class = SimpleGDIUniformityCheck, check.isCheckAbove = FALSE, check.GDIThreshold = 1.001, check.maxRatioBeyond = 0.01, check.maxRankBeyond = 0, check.fractionBeyond = 0.366853383124389, check.thresholdRank = 0, check.quantileAtRatio = 1.5039911111154, check.quantileAtRank = NaN, isUniform = FALSE, clusterSize = 314
[2026-07-23 15:07:17] cluster 01_0004 has too high GDI: will be reclustered!
[2026-07-23 15:07:17] 
[2026-07-23 15:07:18] *[2026-07-23 15:07:18]  checking uniformity of cluster '5' of 13 clusters
[2026-07-23 15:07:18] Asked to drop 0 genes and 3764 cells
[2026-07-23 15:07:18] COTAN dataset analysis: START
[2026-07-23 15:07:18] Asked to drop 6245 genes and 0 cells
[2026-07-23 15:07:18] Genes/cells selection done: dropped [6245] genes and [0] cells
[2026-07-23 15:07:18] Working on [6603] genes and [313] cells
[2026-07-23 15:07:19] Dataset cleaning elapsed time: 0.790873050689697
[2026-07-23 15:07:19] Estimate `dispersion`: START
[2026-07-23 15:07:19] Effective number of cores used: 80
[2026-07-23 15:07:19] Executing 7 genes batches
[2026-07-23 15:07:19] Parallel dispersion Newton-Raphson: used up to 6 iterations
[2026-07-23 15:07:19] Parallel dispersion Newton-Raphson: used up to 5 iterations
[2026-07-23 15:07:19] Parallel dispersion Newton-Raphson: used up to 6 iterations
[2026-07-23 15:07:19] Parallel dispersion Newton-Raphson: used up to 7 iterations
[2026-07-23 15:07:19] Parallel dispersion Newton-Raphson: used up to 7 iterations
[2026-07-23 15:07:19] Parallel dispersion Newton-Raphson: used up to 7 iterations
[2026-07-23 15:07:19] Parallel dispersion Newton-Raphson: used up to 7 iterations
[2026-07-23 15:07:22] Total calculations elapsed time: 3.49850940704346
[2026-07-23 15:07:22] Estimate `dispersion`: DONE
[2026-07-23 15:07:22] Estimate `dispersion`: DONE
[2026-07-23 15:07:22] `dispersion` | min: -0.37232300380971 | max: 257.370944563689 | % negative: 70.7405724670604
[2026-07-23 15:07:23] Model parameter estimation elapsed time: 4.2832293510437
[2026-07-23 15:07:23] COTAN genes' COEX estimation: START
[2026-07-23 15:07:23] Effective number of cores used: 80
[2026-07-23 15:07:23] Calculate genes COEX (torch) on device cpu: START
[2026-07-23 15:07:23] Retrieving expected genes contingency table
[2026-07-23 15:07:23] Expected genes contingency table elapsed time: 0.0478663444519043
[2026-07-23 15:07:23] Calculating genes COEX normalization factor
[2026-07-23 15:07:24] Calculating genes COEX normalization factor elapsed time: 0.965829372406006
[2026-07-23 15:07:24] Retrieving observed genes yes/yes contingency table
[2026-07-23 15:07:24] Observed genes contingency table elapsed time: 0.0419027805328369
[2026-07-23 15:07:26] Calculate genes COEX elapsed time: 2.36488032341003
[2026-07-23 15:07:26] Total calculations elapsed time: 3.42047882080078
[2026-07-23 15:07:26] Calculate genes COEX (torch) on device cpu: DONE
[2026-07-23 15:07:27] Only genes' COEX elapsed time: 4.21023297309875
[2026-07-23 15:07:27] Dataset analysis elapsed time: 9.28433537483215
[2026-07-23 15:07:27] COTAN dataset analysis: DONE
[2026-07-23 15:07:28] Checking uniformity for the cluster '01_0005' with 313 cells
[2026-07-23 15:07:28] Calculate GDI dataframe: START
[2026-07-23 15:07:28] Using S
[2026-07-23 15:07:28] Calculating S: START
[2026-07-23 15:07:29] Calculating S: DONE
[2026-07-23 15:07:29] Calculate `GDI`: START
[2026-07-23 15:07:29] Effective number of cores used: 80
[2026-07-23 15:07:29] Effective number of cores used: 80
[2026-07-23 15:07:29] Executing 7 genes batches
[2026-07-23 15:07:30] Total calculations elapsed time: 1.36152863502502
[2026-07-23 15:07:30] Calculate `GDI`: DONE
[2026-07-23 15:07:32] Total calculations elapsed time: 3.67784476280212
[2026-07-23 15:07:32] Calculate GDI dataframe: DONE
[2026-07-23 15:07:32] Clean plots: START
[2026-07-23 15:07:32] Total calculations elapsed time: 0.0243077278137207
[2026-07-23 15:07:32] Clean plots: DONE
[2026-07-23 15:07:32] GDI plot
[2026-07-23 15:07:32] Removed 1 low GDI genes (such as the fully-expressed) in GDI plot
[2026-07-23 15:07:33] Cluster 01_0005, with size 313, is not uniform
[2026-07-23 15:07:33] Cluster 01_0005's shift to uniformity: 0.973539573572565
[2026-07-23 15:07:33] class = SimpleGDIUniformityCheck, check.isCheckAbove = FALSE, check.GDIThreshold = 1.001, check.maxRatioBeyond = 0.01, check.maxRankBeyond = 0, check.fractionBeyond = 0.243828562774496, check.thresholdRank = 0, check.quantileAtRatio = 1.97453957357257, check.quantileAtRank = NaN, isUniform = FALSE, clusterSize = 313
[2026-07-23 15:07:33] cluster 01_0005 has too high GDI: will be reclustered!
[2026-07-23 15:07:33] 
[2026-07-23 15:07:34] *[2026-07-23 15:07:34]  checking uniformity of cluster '6' of 13 clusters
[2026-07-23 15:07:34] Asked to drop 0 genes and 3824 cells
[2026-07-23 15:07:34] COTAN dataset analysis: START
[2026-07-23 15:07:34] Asked to drop 3453 genes and 0 cells
[2026-07-23 15:07:34] Genes/cells selection done: dropped [3453] genes and [0] cells
[2026-07-23 15:07:34] Working on [9395] genes and [253] cells
[2026-07-23 15:07:35] Dataset cleaning elapsed time: 0.859217643737793
[2026-07-23 15:07:35] Estimate `dispersion`: START
[2026-07-23 15:07:35] Effective number of cores used: 80
[2026-07-23 15:07:35] Executing 10 genes batches
[2026-07-23 15:07:35] Parallel dispersion Newton-Raphson: used up to 5 iterations
[2026-07-23 15:07:35] Parallel dispersion Newton-Raphson: used up to 6 iterations
[2026-07-23 15:07:35] Parallel dispersion Newton-Raphson: used up to 6 iterations
[2026-07-23 15:07:35] Parallel dispersion Newton-Raphson: used up to 6 iterations
[2026-07-23 15:07:35] Parallel dispersion Newton-Raphson: used up to 6 iterations
[2026-07-23 15:07:35] Parallel dispersion Newton-Raphson: used up to 6 iterations
[2026-07-23 15:07:35] Parallel dispersion Newton-Raphson: used up to 6 iterations
[2026-07-23 15:07:36] Parallel dispersion Newton-Raphson: used up to 5 iterations
[2026-07-23 15:07:36] Parallel dispersion Newton-Raphson: used up to 6 iterations
[2026-07-23 15:07:36] Parallel dispersion Newton-Raphson: used up to 6 iterations
[2026-07-23 15:07:38] Total calculations elapsed time: 3.42392873764038
[2026-07-23 15:07:38] Estimate `dispersion`: DONE
[2026-07-23 15:07:38] Estimate `dispersion`: DONE
[2026-07-23 15:07:38] `dispersion` | min: -0.191220322283976 | max: 226.912742822257 | % negative: 65.6945183608302
[2026-07-23 15:07:39] Model parameter estimation elapsed time: 4.27152442932129
[2026-07-23 15:07:39] COTAN genes' COEX estimation: START
[2026-07-23 15:07:39] Effective number of cores used: 80
[2026-07-23 15:07:39] Calculate genes COEX (torch) on device cpu: START
[2026-07-23 15:07:39] Retrieving expected genes contingency table
[2026-07-23 15:07:39] Expected genes contingency table elapsed time: 0.0545599460601807
[2026-07-23 15:07:39] Calculating genes COEX normalization factor
[2026-07-23 15:07:40] Calculating genes COEX normalization factor elapsed time: 1.03493762016296
[2026-07-23 15:07:40] Retrieving observed genes yes/yes contingency table
[2026-07-23 15:07:40] Observed genes contingency table elapsed time: 0.0695180892944336
[2026-07-23 15:07:45] Calculate genes COEX elapsed time: 4.24916982650757
[2026-07-23 15:07:45] Total calculations elapsed time: 5.40818548202515
[2026-07-23 15:07:45] Calculate genes COEX (torch) on device cpu: DONE
[2026-07-23 15:07:45] Only genes' COEX elapsed time: 6.1398286819458
[2026-07-23 15:07:45] Dataset analysis elapsed time: 11.2705707550049
[2026-07-23 15:07:45] COTAN dataset analysis: DONE
[2026-07-23 15:07:46] Checking uniformity for the cluster '01_0006' with 253 cells
[2026-07-23 15:07:46] Calculate GDI dataframe: START
[2026-07-23 15:07:46] Using S
[2026-07-23 15:07:46] Calculating S: START
[2026-07-23 15:07:48] Calculating S: DONE
[2026-07-23 15:07:48] Calculate `GDI`: START
[2026-07-23 15:07:48] Effective number of cores used: 80
[2026-07-23 15:07:48] Effective number of cores used: 80
[2026-07-23 15:07:48] Executing 10 genes batches
[2026-07-23 15:07:51] Total calculations elapsed time: 2.42915487289429
[2026-07-23 15:07:51] Calculate `GDI`: DONE
[2026-07-23 15:07:52] Total calculations elapsed time: 6.05479955673218
[2026-07-23 15:07:52] Calculate GDI dataframe: DONE
[2026-07-23 15:07:52] Clean plots: START
[2026-07-23 15:07:52] Total calculations elapsed time: 0.0235669612884521
[2026-07-23 15:07:52] Clean plots: DONE
[2026-07-23 15:07:52] GDI plot
[2026-07-23 15:07:52] Removed 1 low GDI genes (such as the fully-expressed) in GDI plot
[2026-07-23 15:07:54] Cluster 01_0006, with size 253, is not uniform
[2026-07-23 15:07:54] Cluster 01_0006's shift to uniformity: 0.341114515922527
[2026-07-23 15:07:54] class = SimpleGDIUniformityCheck, check.isCheckAbove = FALSE, check.GDIThreshold = 1.001, check.maxRatioBeyond = 0.01, check.maxRankBeyond = 0, check.fractionBeyond = 0.221607237892496, check.thresholdRank = 0, check.quantileAtRatio = 1.34211451592253, check.quantileAtRank = NaN, isUniform = FALSE, clusterSize = 253
[2026-07-23 15:07:54] cluster 01_0006 has too high GDI: will be reclustered!
[2026-07-23 15:07:54] 
[2026-07-23 15:07:55] *[2026-07-23 15:07:55]  checking uniformity of cluster '7' of 13 clusters
[2026-07-23 15:07:55] Asked to drop 0 genes and 3845 cells
[2026-07-23 15:07:55] COTAN dataset analysis: START
[2026-07-23 15:07:55] Asked to drop 5556 genes and 0 cells
[2026-07-23 15:07:55] Genes/cells selection done: dropped [5556] genes and [0] cells
[2026-07-23 15:07:55] Working on [7292] genes and [232] cells
[2026-07-23 15:07:55] Dataset cleaning elapsed time: 0.737320423126221
[2026-07-23 15:07:55] Estimate `dispersion`: START
[2026-07-23 15:07:55] Effective number of cores used: 80
[2026-07-23 15:07:55] Executing 8 genes batches
[2026-07-23 15:07:56] Parallel dispersion Newton-Raphson: used up to 6 iterations
[2026-07-23 15:07:56] Parallel dispersion Newton-Raphson: used up to 5 iterations
[2026-07-23 15:07:56] Parallel dispersion Newton-Raphson: used up to 7 iterations
[2026-07-23 15:07:56] Parallel dispersion Newton-Raphson: used up to 6 iterations
[2026-07-23 15:07:56] Parallel dispersion Newton-Raphson: used up to 6 iterations
[2026-07-23 15:07:56] Parallel dispersion Newton-Raphson: used up to 6 iterations
[2026-07-23 15:07:56] Parallel dispersion Newton-Raphson: used up to 6 iterations
[2026-07-23 15:07:56] Parallel dispersion Newton-Raphson: used up to 6 iterations
[2026-07-23 15:07:59] Total calculations elapsed time: 3.61050248146057
[2026-07-23 15:07:59] Estimate `dispersion`: DONE
[2026-07-23 15:07:59] Estimate `dispersion`: DONE
[2026-07-23 15:07:59] `dispersion` | min: -0.262098995694658 | max: 322.522570834598 | % negative: 70.9681843115743
[2026-07-23 15:08:00] Model parameter estimation elapsed time: 4.45248198509216
[2026-07-23 15:08:00] COTAN genes' COEX estimation: START
[2026-07-23 15:08:00] Effective number of cores used: 80
[2026-07-23 15:08:00] Calculate genes COEX (torch) on device cpu: START
[2026-07-23 15:08:00] Retrieving expected genes contingency table
[2026-07-23 15:08:00] Expected genes contingency table elapsed time: 0.0361485481262207
[2026-07-23 15:08:00] Calculating genes COEX normalization factor
[2026-07-23 15:08:01] Calculating genes COEX normalization factor elapsed time: 0.923450708389282
[2026-07-23 15:08:01] Retrieving observed genes yes/yes contingency table
[2026-07-23 15:08:01] Observed genes contingency table elapsed time: 0.0356571674346924
[2026-07-23 15:08:04] Calculate genes COEX elapsed time: 2.68341135978699
[2026-07-23 15:08:04] Total calculations elapsed time: 3.67866778373718
[2026-07-23 15:08:04] Calculate genes COEX (torch) on device cpu: DONE
[2026-07-23 15:08:04] Only genes' COEX elapsed time: 4.49165725708008
[2026-07-23 15:08:04] Dataset analysis elapsed time: 9.68145966529846
[2026-07-23 15:08:04] COTAN dataset analysis: DONE
[2026-07-23 15:08:05] Checking uniformity for the cluster '01_0007' with 232 cells
[2026-07-23 15:08:05] Calculate GDI dataframe: START
[2026-07-23 15:08:05] Using S
[2026-07-23 15:08:05] Calculating S: START
[2026-07-23 15:08:06] Calculating S: DONE
[2026-07-23 15:08:06] Calculate `GDI`: START
[2026-07-23 15:08:06] Effective number of cores used: 80
[2026-07-23 15:08:06] Effective number of cores used: 80
[2026-07-23 15:08:06] Executing 8 genes batches
[2026-07-23 15:08:08] Total calculations elapsed time: 1.65684127807617
[2026-07-23 15:08:08] Calculate `GDI`: DONE
[2026-07-23 15:08:09] Total calculations elapsed time: 4.21775031089783
[2026-07-23 15:08:09] Calculate GDI dataframe: DONE
[2026-07-23 15:08:09] Clean plots: START
[2026-07-23 15:08:09] Total calculations elapsed time: 0.023176908493042
[2026-07-23 15:08:09] Clean plots: DONE
[2026-07-23 15:08:09] GDI plot
[2026-07-23 15:08:09] Removed 1 low GDI genes (such as the fully-expressed) in GDI plot
[2026-07-23 15:08:11] Cluster 01_0007, with size 232, is not uniform
[2026-07-23 15:08:11] Cluster 01_0007's shift to uniformity: 0.231532789612031
[2026-07-23 15:08:11] class = SimpleGDIUniformityCheck, check.isCheckAbove = FALSE, check.GDIThreshold = 1.001, check.maxRatioBeyond = 0.01, check.maxRankBeyond = 0, check.fractionBeyond = 0.11930883159627, check.thresholdRank = 0, check.quantileAtRatio = 1.23253278961203, check.quantileAtRank = NaN, isUniform = FALSE, clusterSize = 232
[2026-07-23 15:08:11] cluster 01_0007 has too high GDI: will be reclustered!
[2026-07-23 15:08:11] 
[2026-07-23 15:08:12] *[2026-07-23 15:08:12]  checking uniformity of cluster '8' of 13 clusters
[2026-07-23 15:08:12] Asked to drop 0 genes and 3859 cells
[2026-07-23 15:08:12] COTAN dataset analysis: START
[2026-07-23 15:08:12] Asked to drop 9095 genes and 0 cells
[2026-07-23 15:08:12] Genes/cells selection done: dropped [9095] genes and [0] cells
[2026-07-23 15:08:12] Working on [3753] genes and [218] cells
[2026-07-23 15:08:13] Dataset cleaning elapsed time: 0.784720897674561
[2026-07-23 15:08:13] Estimate `dispersion`: START
[2026-07-23 15:08:13] Effective number of cores used: 80
[2026-07-23 15:08:13] Executing 4 genes batches
[2026-07-23 15:08:13] Parallel dispersion Newton-Raphson: used up to 6 iterations
[2026-07-23 15:08:13] Parallel dispersion Newton-Raphson: used up to 6 iterations
[2026-07-23 15:08:13] Parallel dispersion Newton-Raphson: used up to 11 iterations
[2026-07-23 15:08:13] Parallel dispersion Newton-Raphson: used up to 6 iterations
[2026-07-23 15:08:15] Total calculations elapsed time: 2.83767867088318
[2026-07-23 15:08:15] Estimate `dispersion`: DONE
[2026-07-23 15:08:15] Estimate `dispersion`: DONE
[2026-07-23 15:08:15] `dispersion` | min: -0.154751102319502 | max: 692.343184134515 | % negative: 80.2025046629363
[2026-07-23 15:08:16] Model parameter estimation elapsed time: 3.6790599822998
[2026-07-23 15:08:16] COTAN genes' COEX estimation: START
[2026-07-23 15:08:16] Effective number of cores used: 80
[2026-07-23 15:08:16] Calculate genes COEX (torch) on device cpu: START
[2026-07-23 15:08:16] Retrieving expected genes contingency table
[2026-07-23 15:08:16] Expected genes contingency table elapsed time: 0.0246233940124512
[2026-07-23 15:08:16] Calculating genes COEX normalization factor
[2026-07-23 15:08:17] Calculating genes COEX normalization factor elapsed time: 0.783141613006592
[2026-07-23 15:08:17] Retrieving observed genes yes/yes contingency table
[2026-07-23 15:08:17] Observed genes contingency table elapsed time: 0.0164966583251953
[2026-07-23 15:08:18] Calculate genes COEX elapsed time: 1.19395685195923
[2026-07-23 15:08:18] Total calculations elapsed time: 2.01821851730347
[2026-07-23 15:08:18] Calculate genes COEX (torch) on device cpu: DONE
[2026-07-23 15:08:19] Only genes' COEX elapsed time: 2.74468946456909
[2026-07-23 15:08:19] Dataset analysis elapsed time: 7.20847034454346
[2026-07-23 15:08:19] COTAN dataset analysis: DONE
[2026-07-23 15:08:20] Checking uniformity for the cluster '01_0008' with 218 cells
[2026-07-23 15:08:20] Calculate GDI dataframe: START
[2026-07-23 15:08:20] Using S
[2026-07-23 15:08:20] Calculating S: START
[2026-07-23 15:08:20] Calculating S: DONE
[2026-07-23 15:08:20] Calculate `GDI`: START
[2026-07-23 15:08:20] Effective number of cores used: 80
[2026-07-23 15:08:20] Effective number of cores used: 80
[2026-07-23 15:08:20] Executing 4 genes batches
[2026-07-23 15:08:21] Total calculations elapsed time: 0.658919334411621
[2026-07-23 15:08:21] Calculate `GDI`: DONE
[2026-07-23 15:08:22] Total calculations elapsed time: 1.96580100059509
[2026-07-23 15:08:22] Calculate GDI dataframe: DONE
[2026-07-23 15:08:22] Clean plots: START
[2026-07-23 15:08:22] Total calculations elapsed time: 0.0228254795074463
[2026-07-23 15:08:22] Clean plots: DONE
[2026-07-23 15:08:22] GDI plot
[2026-07-23 15:08:22] Removed 1 low GDI genes (such as the fully-expressed) in GDI plot
[2026-07-23 15:08:23] Cluster 01_0008, with size 218, is not uniform
[2026-07-23 15:08:23] Cluster 01_0008's shift to uniformity: 0.180829120780863
[2026-07-23 15:08:23] class = SimpleGDIUniformityCheck, check.isCheckAbove = FALSE, check.GDIThreshold = 1.001, check.maxRatioBeyond = 0.01, check.maxRankBeyond = 0, check.fractionBeyond = 0.037037037037037, check.thresholdRank = 0, check.quantileAtRatio = 1.18182912078086, check.quantileAtRank = NaN, isUniform = FALSE, clusterSize = 218
[2026-07-23 15:08:23] cluster 01_0008 has too high GDI: will be reclustered!
[2026-07-23 15:08:23] 
[2026-07-23 15:08:24] *[2026-07-23 15:08:24]  checking uniformity of cluster '9' of 13 clusters
[2026-07-23 15:08:24] Asked to drop 0 genes and 3886 cells
[2026-07-23 15:08:24] COTAN dataset analysis: START
[2026-07-23 15:08:24] Asked to drop 10459 genes and 0 cells
[2026-07-23 15:08:24] Genes/cells selection done: dropped [10459] genes and [0] cells
[2026-07-23 15:08:24] Working on [2389] genes and [191] cells
[2026-07-23 15:08:25] Dataset cleaning elapsed time: 0.728806495666504
[2026-07-23 15:08:25] Estimate `dispersion`: START
[2026-07-23 15:08:25] Effective number of cores used: 80
[2026-07-23 15:08:25] Executing 3 genes batches
[2026-07-23 15:08:25] Parallel dispersion Newton-Raphson: used up to 5 iterations
[2026-07-23 15:08:25] Parallel dispersion Newton-Raphson: used up to 7 iterations
[2026-07-23 15:08:25] Parallel dispersion Newton-Raphson: used up to 7 iterations
[2026-07-23 15:08:28] Total calculations elapsed time: 2.84338641166687
[2026-07-23 15:08:28] Estimate `dispersion`: DONE
[2026-07-23 15:08:28] Estimate `dispersion`: DONE
[2026-07-23 15:08:28] `dispersion` | min: -0.193691340311515 | max: 160.10526050913 | % negative: 81.6241105064881
[2026-07-23 15:08:28] Model parameter estimation elapsed time: 3.63747906684875
[2026-07-23 15:08:28] COTAN genes' COEX estimation: START
[2026-07-23 15:08:28] Effective number of cores used: 80
[2026-07-23 15:08:28] Calculate genes COEX (torch) on device cpu: START
[2026-07-23 15:08:28] Retrieving expected genes contingency table
[2026-07-23 15:08:28] Expected genes contingency table elapsed time: 0.0214836597442627
[2026-07-23 15:08:28] Calculating genes COEX normalization factor
[2026-07-23 15:08:29] Calculating genes COEX normalization factor elapsed time: 0.750699281692505
[2026-07-23 15:08:29] Retrieving observed genes yes/yes contingency table
[2026-07-23 15:08:29] Observed genes contingency table elapsed time: 0.01068115234375
[2026-07-23 15:08:30] Calculate genes COEX elapsed time: 0.913285732269287
[2026-07-23 15:08:30] Total calculations elapsed time: 1.6961498260498
[2026-07-23 15:08:30] Calculate genes COEX (torch) on device cpu: DONE
[2026-07-23 15:08:31] Only genes' COEX elapsed time: 2.42116570472717
[2026-07-23 15:08:31] Dataset analysis elapsed time: 6.78745126724243
[2026-07-23 15:08:31] COTAN dataset analysis: DONE
[2026-07-23 15:08:32] Checking uniformity for the cluster '01_0009' with 191 cells
[2026-07-23 15:08:32] Calculate GDI dataframe: START
[2026-07-23 15:08:32] Using S
[2026-07-23 15:08:32] Calculating S: START
[2026-07-23 15:08:32] Calculating S: DONE
[2026-07-23 15:08:32] Calculate `GDI`: START
[2026-07-23 15:08:32] Effective number of cores used: 80
[2026-07-23 15:08:32] Effective number of cores used: 80
[2026-07-23 15:08:32] Executing 3 genes batches
[2026-07-23 15:08:32] Total calculations elapsed time: 0.451249837875366
[2026-07-23 15:08:32] Calculate `GDI`: DONE
[2026-07-23 15:08:33] Total calculations elapsed time: 1.45785117149353
[2026-07-23 15:08:33] Calculate GDI dataframe: DONE
[2026-07-23 15:08:33] Clean plots: START
[2026-07-23 15:08:33] Total calculations elapsed time: 0.0223388671875
[2026-07-23 15:08:33] Clean plots: DONE
[2026-07-23 15:08:33] GDI plot
[2026-07-23 15:08:33] Removed 1 low GDI genes (such as the fully-expressed) in GDI plot
[2026-07-23 15:08:34] Cluster 01_0009, with size 191, is not uniform
[2026-07-23 15:08:34] Cluster 01_0009's shift to uniformity: 0.435680362692753
[2026-07-23 15:08:34] class = SimpleGDIUniformityCheck, check.isCheckAbove = FALSE, check.GDIThreshold = 1.001, check.maxRatioBeyond = 0.01, check.maxRankBeyond = 0, check.fractionBeyond = 0.08915864378401, check.thresholdRank = 0, check.quantileAtRatio = 1.43668036269275, check.quantileAtRank = NaN, isUniform = FALSE, clusterSize = 191
[2026-07-23 15:08:34] cluster 01_0009 has too high GDI: will be reclustered!
[2026-07-23 15:08:34] 
[2026-07-23 15:08:35] *[2026-07-23 15:08:35]  checking uniformity of cluster '10' of 13 clusters
[2026-07-23 15:08:35] Asked to drop 0 genes and 3982 cells
[2026-07-23 15:08:35] COTAN dataset analysis: START
[2026-07-23 15:08:35] Asked to drop 5916 genes and 0 cells
[2026-07-23 15:08:35] Genes/cells selection done: dropped [5916] genes and [0] cells
[2026-07-23 15:08:35] Working on [6932] genes and [95] cells
[2026-07-23 15:08:36] Dataset cleaning elapsed time: 0.728058576583862
[2026-07-23 15:08:36] Estimate `dispersion`: START
[2026-07-23 15:08:36] Effective number of cores used: 80
[2026-07-23 15:08:36] Executing 7 genes batches
[2026-07-23 15:08:36] Parallel dispersion Newton-Raphson: used up to 6 iterations
[2026-07-23 15:08:36] Parallel dispersion Newton-Raphson: used up to 6 iterations
[2026-07-23 15:08:36] Parallel dispersion Newton-Raphson: used up to 7 iterations
[2026-07-23 15:08:36] Parallel dispersion Newton-Raphson: used up to 8 iterations
[2026-07-23 15:08:36] Parallel dispersion Newton-Raphson: used up to 7 iterations
[2026-07-23 15:08:36] Parallel dispersion Newton-Raphson: used up to 6 iterations
[2026-07-23 15:08:36] Parallel dispersion Newton-Raphson: used up to 7 iterations
[2026-07-23 15:08:39] Total calculations elapsed time: 3.35884618759155
[2026-07-23 15:08:39] Estimate `dispersion`: DONE
[2026-07-23 15:08:39] Estimate `dispersion`: DONE
[2026-07-23 15:08:39] `dispersion` | min: -0.368293419968982 | max: 206.876115298563 | % negative: 71.4512406231968
[2026-07-23 15:08:40] Model parameter estimation elapsed time: 4.08298182487488
[2026-07-23 15:08:40] COTAN genes' COEX estimation: START
[2026-07-23 15:08:40] Effective number of cores used: 80
[2026-07-23 15:08:40] Calculate genes COEX (torch) on device cpu: START
[2026-07-23 15:08:40] Retrieving expected genes contingency table
[2026-07-23 15:08:40] Expected genes contingency table elapsed time: 0.0329241752624512
[2026-07-23 15:08:40] Calculating genes COEX normalization factor
[2026-07-23 15:08:41] Calculating genes COEX normalization factor elapsed time: 0.876330375671387
[2026-07-23 15:08:41] Retrieving observed genes yes/yes contingency table
[2026-07-23 15:08:41] Observed genes contingency table elapsed time: 0.0250368118286133
[2026-07-23 15:08:43] Calculate genes COEX elapsed time: 2.6010844707489
[2026-07-23 15:08:43] Total calculations elapsed time: 3.53537583351135
[2026-07-23 15:08:43] Calculate genes COEX (torch) on device cpu: DONE
[2026-07-23 15:08:44] Only genes' COEX elapsed time: 4.26431369781494
[2026-07-23 15:08:44] Dataset analysis elapsed time: 9.07535409927368
[2026-07-23 15:08:44] COTAN dataset analysis: DONE
[2026-07-23 15:08:45] Checking uniformity for the cluster '01_0010' with 95 cells
[2026-07-23 15:08:45] Calculate GDI dataframe: START
[2026-07-23 15:08:45] Using S
[2026-07-23 15:08:45] Calculating S: START
[2026-07-23 15:08:46] Calculating S: DONE
[2026-07-23 15:08:46] Calculate `GDI`: START
[2026-07-23 15:08:46] Effective number of cores used: 80
[2026-07-23 15:08:46] Effective number of cores used: 80
[2026-07-23 15:08:46] Executing 7 genes batches
[2026-07-23 15:08:48] Total calculations elapsed time: 1.49747157096863
[2026-07-23 15:08:48] Calculate `GDI`: DONE
[2026-07-23 15:08:49] Total calculations elapsed time: 4.05672359466553
[2026-07-23 15:08:49] Calculate GDI dataframe: DONE
[2026-07-23 15:08:49] Clean plots: START
[2026-07-23 15:08:49] Total calculations elapsed time: 0.0232312679290771
[2026-07-23 15:08:49] Clean plots: DONE
[2026-07-23 15:08:49] GDI plot
[2026-07-23 15:08:49] Removed 1 low GDI genes (such as the fully-expressed) in GDI plot
[2026-07-23 15:08:51] Cluster 01_0010, with size 95, is not uniform
[2026-07-23 15:08:51] Cluster 01_0010's shift to uniformity: 0.675643745607105
[2026-07-23 15:08:51] class = SimpleGDIUniformityCheck, check.isCheckAbove = FALSE, check.GDIThreshold = 1.001, check.maxRatioBeyond = 0.01, check.maxRankBeyond = 0, check.fractionBeyond = 0.306549336410848, check.thresholdRank = 0, check.quantileAtRatio = 1.67664374560711, check.quantileAtRank = NaN, isUniform = FALSE, clusterSize = 95
[2026-07-23 15:08:51] cluster 01_0010 has too high GDI: will be reclustered!
[2026-07-23 15:08:51] 
[2026-07-23 15:08:51] *[2026-07-23 15:08:51]  checking uniformity of cluster '11' of 13 clusters
[2026-07-23 15:08:51] cluster 01_0011 has too few cells: will be reclustered!
[2026-07-23 15:08:51] *[2026-07-23 15:08:51]  checking uniformity of cluster '12' of 13 clusters
[2026-07-23 15:08:51] cluster 01_0012 has too few cells: will be reclustered!
[2026-07-23 15:08:51] 
[2026-07-23 15:08:51] Found 0 uniform and  13 non-uniform clusters
[2026-07-23 15:08:52] Loop calculations elapsed time: 233.270283937454
[2026-07-23 15:08:52] In iteration 2 [2026-07-23 15:08:52] the number of cells to re-cluster is 4077 cells belonging to 13 clusters
[2026-07-23 15:08:52] Asked to drop no genes or cells
[2026-07-23 15:08:52] Creating new clusterization: START
[2026-07-23 15:08:52] Elaborating Reduced dimensionality Data Matrix - START
[2026-07-23 15:08:52] Running genes' selection: START
[2026-07-23 15:08:54] Selected 2000 genes using HVG_Seurat selector
[2026-07-23 15:08:54] Running genes' selection: DONE
[2026-07-23 15:08:56] Elaborating PCA - START
[2026-07-23 15:08:56] Elaborating PCA - DONE
[2026-07-23 15:08:57] Total calculations elapsed time: 5.01005911827087
[2026-07-23 15:08:57] Elaborating Reduced dimensionality Data Matrix - DONE
[2026-07-23 15:08:59] Number of clusters is too small. Reclustering at resolution higher than: 0.8
[2026-07-23 15:08:59] Used resolution for Seurat clusterization is: 1.3
[2026-07-23 15:08:59] Total calculations elapsed time: 6.85338473320007
[2026-07-23 15:08:59] Creating new clusterization: DONE
[2026-07-23 15:09:00] Creating PDF UMAP in file:  /data/lorenzo_delitala/data/project_files/ding/cortex_2/plots/Ding_Cortex_2_Transcript/reclustering/pdf_umap_2.pdf
[2026-07-23 15:09:00] UMAP plot: START
[2026-07-23 15:09:00] Calculating UMAP: START
[2026-07-23 15:09:10] Calculating UMAP: DONE
[2026-07-23 15:09:10] Total calculations elapsed time: 9.63035678863525
[2026-07-23 15:09:10] UMAP plot: DONE
[2026-07-23 15:09:10] UMAP plot: START
[2026-07-23 15:09:10] Calculating UMAP: START
[2026-07-23 15:09:19] Calculating UMAP: DONE
[2026-07-23 15:09:19] Total calculations elapsed time: 9.69535303115845
[2026-07-23 15:09:19] UMAP plot: DONE
[2026-07-23 15:09:20] *[2026-07-23 15:09:20]  checking uniformity of cluster '0' of 18 clusters
[2026-07-23 15:09:20] Asked to drop 0 genes and 3574 cells
[2026-07-23 15:09:20] COTAN dataset analysis: START
[2026-07-23 15:09:20] Asked to drop 3328 genes and 0 cells
[2026-07-23 15:09:20] Genes/cells selection done: dropped [3328] genes and [0] cells
[2026-07-23 15:09:20] Working on [9520] genes and [503] cells
[2026-07-23 15:09:21] Dataset cleaning elapsed time: 0.748798370361328
[2026-07-23 15:09:21] Estimate `dispersion`: START
[2026-07-23 15:09:21] Effective number of cores used: 80
[2026-07-23 15:09:21] Executing 10 genes batches
[2026-07-23 15:09:21] Parallel dispersion Newton-Raphson: used up to 5 iterations
[2026-07-23 15:09:21] Parallel dispersion Newton-Raphson: used up to 6 iterations
[2026-07-23 15:09:21] Parallel dispersion Newton-Raphson: used up to 6 iterations
[2026-07-23 15:09:21] Parallel dispersion Newton-Raphson: used up to 6 iterations
[2026-07-23 15:09:21] Parallel dispersion Newton-Raphson: used up to 6 iterations
[2026-07-23 15:09:21] Parallel dispersion Newton-Raphson: used up to 6 iterations
[2026-07-23 15:09:21] Parallel dispersion Newton-Raphson: used up to 6 iterations
[2026-07-23 15:09:21] Parallel dispersion Newton-Raphson: used up to 6 iterations
[2026-07-23 15:09:21] Parallel dispersion Newton-Raphson: used up to 6 iterations
[2026-07-23 15:09:22] Parallel dispersion Newton-Raphson: used up to 7 iterations
[2026-07-23 15:09:24] Total calculations elapsed time: 3.56098508834839
[2026-07-23 15:09:24] Estimate `dispersion`: DONE
[2026-07-23 15:09:24] Estimate `dispersion`: DONE
[2026-07-23 15:09:24] `dispersion` | min: -0.185156022483505 | max: 303.360829395589 | % negative: 61.9957983193277
[2026-07-23 15:09:25] Model parameter estimation elapsed time: 4.35946774482727
[2026-07-23 15:09:25] COTAN genes' COEX estimation: START
[2026-07-23 15:09:25] Effective number of cores used: 80
[2026-07-23 15:09:25] Calculate genes COEX (torch) on device cpu: START
[2026-07-23 15:09:25] Retrieving expected genes contingency table
[2026-07-23 15:09:25] Expected genes contingency table elapsed time: 0.0926709175109863
[2026-07-23 15:09:25] Calculating genes COEX normalization factor
[2026-07-23 15:09:26] Calculating genes COEX normalization factor elapsed time: 1.01575541496277
[2026-07-23 15:09:26] Retrieving observed genes yes/yes contingency table
[2026-07-23 15:09:26] Observed genes contingency table elapsed time: 0.11406397819519
[2026-07-23 15:09:30] Calculate genes COEX elapsed time: 4.01032733917236
[2026-07-23 15:09:30] Total calculations elapsed time: 5.23281764984131
[2026-07-23 15:09:30] Calculate genes COEX (torch) on device cpu: DONE
[2026-07-23 15:09:31] Only genes' COEX elapsed time: 5.96878743171692
[2026-07-23 15:09:31] Dataset analysis elapsed time: 11.0770535469055
[2026-07-23 15:09:31] COTAN dataset analysis: DONE
[2026-07-23 15:09:32] Checking uniformity for the cluster '02_0000' with 503 cells
[2026-07-23 15:09:32] Calculate GDI dataframe: START
[2026-07-23 15:09:32] Using S
[2026-07-23 15:09:32] Calculating S: START
[2026-07-23 15:09:34] Calculating S: DONE
[2026-07-23 15:09:34] Calculate `GDI`: START
[2026-07-23 15:09:34] Effective number of cores used: 80
[2026-07-23 15:09:34] Effective number of cores used: 80
[2026-07-23 15:09:34] Executing 10 genes batches
[2026-07-23 15:09:36] Total calculations elapsed time: 2.38922047615051
[2026-07-23 15:09:36] Calculate `GDI`: DONE
[2026-07-23 15:09:38] Total calculations elapsed time: 5.92476844787598
[2026-07-23 15:09:38] Calculate GDI dataframe: DONE
[2026-07-23 15:09:38] Clean plots: START
[2026-07-23 15:09:38] Total calculations elapsed time: 0.023202657699585
[2026-07-23 15:09:38] Clean plots: DONE
[2026-07-23 15:09:38] GDI plot
[2026-07-23 15:09:38] Removed 1 low GDI genes (such as the fully-expressed) in GDI plot
[2026-07-23 15:09:39] Cluster 02_0000, with size 503, is not uniform
[2026-07-23 15:09:39] Cluster 02_0000's shift to uniformity: 0.264572334671045
[2026-07-23 15:09:39] class = SimpleGDIUniformityCheck, check.isCheckAbove = FALSE, check.GDIThreshold = 1.001, check.maxRatioBeyond = 0.01, check.maxRankBeyond = 0, check.fractionBeyond = 0.183298319327731, check.thresholdRank = 0, check.quantileAtRatio = 1.26557233467105, check.quantileAtRank = NaN, isUniform = FALSE, clusterSize = 503
[2026-07-23 15:09:39] cluster 02_0000 has too high GDI: will be reclustered!
[2026-07-23 15:09:39] 
[2026-07-23 15:09:40] *[2026-07-23 15:09:40]  checking uniformity of cluster '1' of 18 clusters
[2026-07-23 15:09:40] Asked to drop 0 genes and 3583 cells
[2026-07-23 15:09:40] COTAN dataset analysis: START
[2026-07-23 15:09:40] Asked to drop 2026 genes and 0 cells
[2026-07-23 15:09:40] Genes/cells selection done: dropped [2026] genes and [0] cells
[2026-07-23 15:09:40] Working on [10822] genes and [494] cells
[2026-07-23 15:09:41] Dataset cleaning elapsed time: 0.754932880401611
[2026-07-23 15:09:41] Estimate `dispersion`: START
[2026-07-23 15:09:41] Effective number of cores used: 80
[2026-07-23 15:09:41] Executing 11 genes batches
[2026-07-23 15:09:41] Parallel dispersion Newton-Raphson: used up to 5 iterations
[2026-07-23 15:09:41] Parallel dispersion Newton-Raphson: used up to 6 iterations
[2026-07-23 15:09:41] Parallel dispersion Newton-Raphson: used up to 5 iterations
[2026-07-23 15:09:41] Parallel dispersion Newton-Raphson: used up to 6 iterations
[2026-07-23 15:09:42] Parallel dispersion Newton-Raphson: used up to 6 iterations
[2026-07-23 15:09:42] Parallel dispersion Newton-Raphson: used up to 6 iterations
[2026-07-23 15:09:42] Parallel dispersion Newton-Raphson: used up to 6 iterations
[2026-07-23 15:09:42] Parallel dispersion Newton-Raphson: used up to 6 iterations
[2026-07-23 15:09:42] Parallel dispersion Newton-Raphson: used up to 6 iterations
[2026-07-23 15:09:42] Parallel dispersion Newton-Raphson: used up to 6 iterations
[2026-07-23 15:09:42] Parallel dispersion Newton-Raphson: used up to 6 iterations
[2026-07-23 15:09:45] Total calculations elapsed time: 4.01724004745483
[2026-07-23 15:09:45] Estimate `dispersion`: DONE
[2026-07-23 15:09:45] Estimate `dispersion`: DONE
[2026-07-23 15:09:45] `dispersion` | min: -0.174253058056381 | max: 440.579666855344 | % negative: 64.6091295509148
[2026-07-23 15:09:46] Model parameter estimation elapsed time: 4.85648512840271
[2026-07-23 15:09:46] COTAN genes' COEX estimation: START
[2026-07-23 15:09:46] Effective number of cores used: 80
[2026-07-23 15:09:46] Calculate genes COEX (torch) on device cpu: START
[2026-07-23 15:09:46] Retrieving expected genes contingency table
[2026-07-23 15:09:46] Expected genes contingency table elapsed time: 0.103826999664307
[2026-07-23 15:09:46] Calculating genes COEX normalization factor
[2026-07-23 15:09:47] Calculating genes COEX normalization factor elapsed time: 1.12966322898865
[2026-07-23 15:09:47] Retrieving observed genes yes/yes contingency table
[2026-07-23 15:09:47] Observed genes contingency table elapsed time: 0.144819498062134
[2026-07-23 15:09:53] Calculate genes COEX elapsed time: 5.53612399101257
[2026-07-23 15:09:53] Total calculations elapsed time: 6.91443371772766
[2026-07-23 15:09:53] Calculate genes COEX (torch) on device cpu: DONE
[2026-07-23 15:09:53] Only genes' COEX elapsed time: 7.7032265663147
[2026-07-23 15:09:53] Dataset analysis elapsed time: 13.314644575119
[2026-07-23 15:09:53] COTAN dataset analysis: DONE
[2026-07-23 15:09:54] Checking uniformity for the cluster '02_0001' with 494 cells
[2026-07-23 15:09:54] Calculate GDI dataframe: START
[2026-07-23 15:09:54] Using S
[2026-07-23 15:09:54] Calculating S: START
[2026-07-23 15:09:57] Calculating S: DONE
[2026-07-23 15:09:57] Calculate `GDI`: START
[2026-07-23 15:09:57] Effective number of cores used: 80
[2026-07-23 15:09:57] Effective number of cores used: 80
[2026-07-23 15:09:57] Executing 11 genes batches
[2026-07-23 15:10:00] Total calculations elapsed time: 2.54784464836121
[2026-07-23 15:10:00] Calculate `GDI`: DONE
[2026-07-23 15:10:01] Total calculations elapsed time: 7.11798787117004
[2026-07-23 15:10:01] Calculate GDI dataframe: DONE
[2026-07-23 15:10:01] Clean plots: START
[2026-07-23 15:10:01] Total calculations elapsed time: 0.0236155986785889
[2026-07-23 15:10:01] Clean plots: DONE
[2026-07-23 15:10:01] GDI plot
[2026-07-23 15:10:01] Removed 1 low GDI genes (such as the fully-expressed) in GDI plot
[2026-07-23 15:10:03] Cluster 02_0001, with size 494, is not uniform
[2026-07-23 15:10:03] Cluster 02_0001's shift to uniformity: 0.341519927974625
[2026-07-23 15:10:03] class = SimpleGDIUniformityCheck, check.isCheckAbove = FALSE, check.GDIThreshold = 1.001, check.maxRatioBeyond = 0.01, check.maxRankBeyond = 0, check.fractionBeyond = 0.203566808353354, check.thresholdRank = 0, check.quantileAtRatio = 1.34251992797462, check.quantileAtRank = NaN, isUniform = FALSE, clusterSize = 494
[2026-07-23 15:10:03] cluster 02_0001 has too high GDI: will be reclustered!
[2026-07-23 15:10:03] 
[2026-07-23 15:10:04] *[2026-07-23 15:10:04]  checking uniformity of cluster '2' of 18 clusters
[2026-07-23 15:10:04] Asked to drop 0 genes and 3587 cells
[2026-07-23 15:10:04] COTAN dataset analysis: START
[2026-07-23 15:10:04] Asked to drop 1902 genes and 0 cells
[2026-07-23 15:10:04] Genes/cells selection done: dropped [1902] genes and [0] cells
[2026-07-23 15:10:04] Working on [10946] genes and [490] cells
[2026-07-23 15:10:05] Dataset cleaning elapsed time: 0.748795986175537
[2026-07-23 15:10:05] Estimate `dispersion`: START
[2026-07-23 15:10:05] Effective number of cores used: 80
[2026-07-23 15:10:05] Executing 11 genes batches
[2026-07-23 15:10:05] Parallel dispersion Newton-Raphson: used up to 6 iterations
[2026-07-23 15:10:05] Parallel dispersion Newton-Raphson: used up to 5 iterations
[2026-07-23 15:10:05] Parallel dispersion Newton-Raphson: used up to 6 iterations
[2026-07-23 15:10:05] Parallel dispersion Newton-Raphson: used up to 7 iterations
[2026-07-23 15:10:05] Parallel dispersion Newton-Raphson: used up to 7 iterations
[2026-07-23 15:10:06] Parallel dispersion Newton-Raphson: used up to 6 iterations
[2026-07-23 15:10:06] Parallel dispersion Newton-Raphson: used up to 6 iterations
[2026-07-23 15:10:06] Parallel dispersion Newton-Raphson: used up to 6 iterations
[2026-07-23 15:10:06] Parallel dispersion Newton-Raphson: used up to 6 iterations
[2026-07-23 15:10:06] Parallel dispersion Newton-Raphson: used up to 6 iterations
[2026-07-23 15:10:06] Parallel dispersion Newton-Raphson: used up to 7 iterations
[2026-07-23 15:10:09] Total calculations elapsed time: 4.06268811225891
[2026-07-23 15:10:09] Estimate `dispersion`: DONE
[2026-07-23 15:10:09] Estimate `dispersion`: DONE
[2026-07-23 15:10:09] `dispersion` | min: -0.236437086060699 | max: 534.870768251045 | % negative: 65.4577014434497
[2026-07-23 15:10:10] Model parameter estimation elapsed time: 4.90675640106201
[2026-07-23 15:10:10] COTAN genes' COEX estimation: START
[2026-07-23 15:10:10] Effective number of cores used: 80
[2026-07-23 15:10:10] Calculate genes COEX (torch) on device cpu: START
[2026-07-23 15:10:10] Retrieving expected genes contingency table
[2026-07-23 15:10:10] Expected genes contingency table elapsed time: 0.103702306747437
[2026-07-23 15:10:10] Calculating genes COEX normalization factor
[2026-07-23 15:10:11] Calculating genes COEX normalization factor elapsed time: 1.11710000038147
[2026-07-23 15:10:11] Retrieving observed genes yes/yes contingency table
[2026-07-23 15:10:11] Observed genes contingency table elapsed time: 0.125605583190918
[2026-07-23 15:10:17] Calculate genes COEX elapsed time: 5.65118074417114
[2026-07-23 15:10:17] Total calculations elapsed time: 6.99758863449097
[2026-07-23 15:10:17] Calculate genes COEX (torch) on device cpu: DONE
[2026-07-23 15:10:17] Only genes' COEX elapsed time: 7.73077082633972
[2026-07-23 15:10:17] Dataset analysis elapsed time: 13.3863232135773
[2026-07-23 15:10:17] COTAN dataset analysis: DONE
[2026-07-23 15:10:18] Checking uniformity for the cluster '02_0002' with 490 cells
[2026-07-23 15:10:18] Calculate GDI dataframe: START
[2026-07-23 15:10:18] Using S
[2026-07-23 15:10:18] Calculating S: START
[2026-07-23 15:10:22] Calculating S: DONE
[2026-07-23 15:10:22] Calculate `GDI`: START
[2026-07-23 15:10:22] Effective number of cores used: 80
[2026-07-23 15:10:22] Effective number of cores used: 80
[2026-07-23 15:10:22] Executing 11 genes batches
[2026-07-23 15:10:25] Total calculations elapsed time: 2.31871676445007
[2026-07-23 15:10:25] Calculate `GDI`: DONE
[2026-07-23 15:10:26] Total calculations elapsed time: 7.90750861167908
[2026-07-23 15:10:26] Calculate GDI dataframe: DONE
[2026-07-23 15:10:26] Clean plots: START
[2026-07-23 15:10:26] Total calculations elapsed time: 0.0243504047393799
[2026-07-23 15:10:26] Clean plots: DONE
[2026-07-23 15:10:26] GDI plot
[2026-07-23 15:10:26] Removed 1 low GDI genes (such as the fully-expressed) in GDI plot
[2026-07-23 15:10:28] Cluster 02_0002, with size 490, is not uniform
[2026-07-23 15:10:28] Cluster 02_0002's shift to uniformity: 0.284627096045225
[2026-07-23 15:10:28] class = SimpleGDIUniformityCheck, check.isCheckAbove = FALSE, check.GDIThreshold = 1.001, check.maxRatioBeyond = 0.01, check.maxRankBeyond = 0, check.fractionBeyond = 0.176411474511237, check.thresholdRank = 0, check.quantileAtRatio = 1.28562709604522, check.quantileAtRank = NaN, isUniform = FALSE, clusterSize = 490
[2026-07-23 15:10:28] cluster 02_0002 has too high GDI: will be reclustered!
[2026-07-23 15:10:28] 
[2026-07-23 15:10:29] *[2026-07-23 15:10:29]  checking uniformity of cluster '3' of 18 clusters
[2026-07-23 15:10:29] Asked to drop 0 genes and 3742 cells
[2026-07-23 15:10:29] COTAN dataset analysis: START
[2026-07-23 15:10:29] Asked to drop 3248 genes and 0 cells
[2026-07-23 15:10:29] Genes/cells selection done: dropped [3248] genes and [0] cells
[2026-07-23 15:10:29] Working on [9600] genes and [335] cells
[2026-07-23 15:10:30] Dataset cleaning elapsed time: 0.854543685913086
[2026-07-23 15:10:30] Estimate `dispersion`: START
[2026-07-23 15:10:30] Effective number of cores used: 80
[2026-07-23 15:10:30] Executing 10 genes batches
[2026-07-23 15:10:30] Parallel dispersion Newton-Raphson: used up to 6 iterations
[2026-07-23 15:10:30] Parallel dispersion Newton-Raphson: used up to 6 iterations
[2026-07-23 15:10:30] Parallel dispersion Newton-Raphson: used up to 6 iterations
[2026-07-23 15:10:30] Parallel dispersion Newton-Raphson: used up to 6 iterations
[2026-07-23 15:10:30] Parallel dispersion Newton-Raphson: used up to 6 iterations
[2026-07-23 15:10:30] Parallel dispersion Newton-Raphson: used up to 6 iterations
[2026-07-23 15:10:30] Parallel dispersion Newton-Raphson: used up to 7 iterations
[2026-07-23 15:10:30] Parallel dispersion Newton-Raphson: used up to 6 iterations
[2026-07-23 15:10:30] Parallel dispersion Newton-Raphson: used up to 5 iterations
[2026-07-23 15:10:31] Parallel dispersion Newton-Raphson: used up to 6 iterations
[2026-07-23 15:10:33] Total calculations elapsed time: 3.60985922813416
[2026-07-23 15:10:33] Estimate `dispersion`: DONE
[2026-07-23 15:10:33] Estimate `dispersion`: DONE
[2026-07-23 15:10:33] `dispersion` | min: -0.2054040733686 | max: 396.33240477272 | % negative: 66.3854166666667
[2026-07-23 15:10:34] Model parameter estimation elapsed time: 4.45003914833069
[2026-07-23 15:10:34] COTAN genes' COEX estimation: START
[2026-07-23 15:10:34] Effective number of cores used: 80
[2026-07-23 15:10:34] Calculate genes COEX (torch) on device cpu: START
[2026-07-23 15:10:34] Retrieving expected genes contingency table
[2026-07-23 15:10:34] Expected genes contingency table elapsed time: 0.0669176578521729
[2026-07-23 15:10:34] Calculating genes COEX normalization factor
[2026-07-23 15:10:35] Calculating genes COEX normalization factor elapsed time: 1.04798030853271
[2026-07-23 15:10:35] Retrieving observed genes yes/yes contingency table
[2026-07-23 15:10:35] Observed genes contingency table elapsed time: 0.0755586624145508
[2026-07-23 15:10:39] Calculate genes COEX elapsed time: 4.15645837783813
[2026-07-23 15:10:39] Total calculations elapsed time: 5.34691500663757
[2026-07-23 15:10:39] Calculate genes COEX (torch) on device cpu: DONE
[2026-07-23 15:10:40] Only genes' COEX elapsed time: 6.07926630973816
[2026-07-23 15:10:40] Dataset analysis elapsed time: 11.3838491439819
[2026-07-23 15:10:40] COTAN dataset analysis: DONE
[2026-07-23 15:10:41] Checking uniformity for the cluster '02_0003' with 335 cells
[2026-07-23 15:10:41] Calculate GDI dataframe: START
[2026-07-23 15:10:41] Using S
[2026-07-23 15:10:41] Calculating S: START
[2026-07-23 15:10:43] Calculating S: DONE
[2026-07-23 15:10:43] Calculate `GDI`: START
[2026-07-23 15:10:43] Effective number of cores used: 80
[2026-07-23 15:10:43] Effective number of cores used: 80
[2026-07-23 15:10:43] Executing 10 genes batches
[2026-07-23 15:10:45] Total calculations elapsed time: 1.95985412597656
[2026-07-23 15:10:45] Calculate `GDI`: DONE
[2026-07-23 15:10:47] Total calculations elapsed time: 5.73825812339783
[2026-07-23 15:10:47] Calculate GDI dataframe: DONE
[2026-07-23 15:10:47] Clean plots: START
[2026-07-23 15:10:47] Total calculations elapsed time: 0.0231659412384033
[2026-07-23 15:10:47] Clean plots: DONE
[2026-07-23 15:10:47] GDI plot
[2026-07-23 15:10:47] Removed 1 low GDI genes (such as the fully-expressed) in GDI plot
[2026-07-23 15:10:48] Cluster 02_0003, with size 335, is not uniform
[2026-07-23 15:10:48] Cluster 02_0003's shift to uniformity: 0.281882526811206
[2026-07-23 15:10:48] class = SimpleGDIUniformityCheck, check.isCheckAbove = FALSE, check.GDIThreshold = 1.001, check.maxRatioBeyond = 0.01, check.maxRankBeyond = 0, check.fractionBeyond = 0.15625, check.thresholdRank = 0, check.quantileAtRatio = 1.28288252681121, check.quantileAtRank = NaN, isUniform = FALSE, clusterSize = 335
[2026-07-23 15:10:48] cluster 02_0003 has too high GDI: will be reclustered!
[2026-07-23 15:10:48] 
[2026-07-23 15:10:49] *[2026-07-23 15:10:49]  checking uniformity of cluster '4' of 18 clusters
[2026-07-23 15:10:49] Asked to drop 0 genes and 3763 cells
[2026-07-23 15:10:49] COTAN dataset analysis: START
[2026-07-23 15:10:49] Asked to drop 1627 genes and 0 cells
[2026-07-23 15:10:49] Genes/cells selection done: dropped [1627] genes and [0] cells
[2026-07-23 15:10:49] Working on [11221] genes and [314] cells
[2026-07-23 15:10:50] Dataset cleaning elapsed time: 0.806372880935669
[2026-07-23 15:10:50] Estimate `dispersion`: START
[2026-07-23 15:10:50] Effective number of cores used: 80
[2026-07-23 15:10:50] Executing 11 genes batches
[2026-07-23 15:10:50] Parallel dispersion Newton-Raphson: used up to 7 iterations
[2026-07-23 15:10:50] Parallel dispersion Newton-Raphson: used up to 6 iterations
[2026-07-23 15:10:50] Parallel dispersion Newton-Raphson: used up to 6 iterations
[2026-07-23 15:10:50] Parallel dispersion Newton-Raphson: used up to 6 iterations
[2026-07-23 15:10:50] Parallel dispersion Newton-Raphson: used up to 6 iterations
[2026-07-23 15:10:51] Parallel dispersion Newton-Raphson: used up to 6 iterations
[2026-07-23 15:10:51] Parallel dispersion Newton-Raphson: used up to 6 iterations
[2026-07-23 15:10:51] Parallel dispersion Newton-Raphson: used up to 6 iterations
[2026-07-23 15:10:51] Parallel dispersion Newton-Raphson: used up to 7 iterations
[2026-07-23 15:10:51] Parallel dispersion Newton-Raphson: used up to 6 iterations
[2026-07-23 15:10:51] Parallel dispersion Newton-Raphson: used up to 7 iterations
[2026-07-23 15:10:54] Total calculations elapsed time: 4.05197477340698
[2026-07-23 15:10:54] Estimate `dispersion`: DONE
[2026-07-23 15:10:54] Estimate `dispersion`: DONE
[2026-07-23 15:10:54] `dispersion` | min: -0.370091411075652 | max: 314.75541513847 | % negative: 60.1728901167454
[2026-07-23 15:10:55] Model parameter estimation elapsed time: 4.83839917182922
[2026-07-23 15:10:55] COTAN genes' COEX estimation: START
[2026-07-23 15:10:55] Effective number of cores used: 80
[2026-07-23 15:10:55] Calculate genes COEX (torch) on device cpu: START
[2026-07-23 15:10:55] Retrieving expected genes contingency table
[2026-07-23 15:10:55] Expected genes contingency table elapsed time: 0.0762815475463867
[2026-07-23 15:10:55] Calculating genes COEX normalization factor
[2026-07-23 15:10:56] Calculating genes COEX normalization factor elapsed time: 1.12453532218933
[2026-07-23 15:10:56] Retrieving observed genes yes/yes contingency table
[2026-07-23 15:10:56] Observed genes contingency table elapsed time: 0.0884552001953125
[2026-07-23 15:11:02] Calculate genes COEX elapsed time: 5.81716775894165
[2026-07-23 15:11:02] Total calculations elapsed time: 7.10643982887268
[2026-07-23 15:11:02] Calculate genes COEX (torch) on device cpu: DONE
[2026-07-23 15:11:03] Only genes' COEX elapsed time: 7.85590958595276
[2026-07-23 15:11:03] Dataset analysis elapsed time: 13.5006816387177
[2026-07-23 15:11:03] COTAN dataset analysis: DONE
[2026-07-23 15:11:03] Checking uniformity for the cluster '02_0004' with 314 cells
[2026-07-23 15:11:03] Calculate GDI dataframe: START
[2026-07-23 15:11:03] Using S
[2026-07-23 15:11:03] Calculating S: START
[2026-07-23 15:11:07] Calculating S: DONE
[2026-07-23 15:11:07] Calculate `GDI`: START
[2026-07-23 15:11:07] Effective number of cores used: 80
[2026-07-23 15:11:07] Effective number of cores used: 80
[2026-07-23 15:11:07] Executing 11 genes batches
[2026-07-23 15:11:09] Total calculations elapsed time: 2.39593887329102
[2026-07-23 15:11:09] Calculate `GDI`: DONE
[2026-07-23 15:11:11] Total calculations elapsed time: 7.65429496765137
[2026-07-23 15:11:11] Calculate GDI dataframe: DONE
[2026-07-23 15:11:11] Clean plots: START
[2026-07-23 15:11:11] Total calculations elapsed time: 0.0260672569274902
[2026-07-23 15:11:11] Clean plots: DONE
[2026-07-23 15:11:11] GDI plot
[2026-07-23 15:11:11] Removed 1 low GDI genes (such as the fully-expressed) in GDI plot
[2026-07-23 15:11:13] Cluster 02_0004, with size 314, is not uniform
[2026-07-23 15:11:13] Cluster 02_0004's shift to uniformity: 0.50271466126212
[2026-07-23 15:11:13] class = SimpleGDIUniformityCheck, check.isCheckAbove = FALSE, check.GDIThreshold = 1.001, check.maxRatioBeyond = 0.01, check.maxRankBeyond = 0, check.fractionBeyond = 0.369842260048124, check.thresholdRank = 0, check.quantileAtRatio = 1.50371466126212, check.quantileAtRank = NaN, isUniform = FALSE, clusterSize = 314
[2026-07-23 15:11:13] cluster 02_0004 has too high GDI: will be reclustered!
[2026-07-23 15:11:13] 
[2026-07-23 15:11:14] *[2026-07-23 15:11:14]  checking uniformity of cluster '5' of 18 clusters
[2026-07-23 15:11:14] Asked to drop 0 genes and 3802 cells
[2026-07-23 15:11:14] COTAN dataset analysis: START
[2026-07-23 15:11:14] Asked to drop 6764 genes and 0 cells
[2026-07-23 15:11:14] Genes/cells selection done: dropped [6764] genes and [0] cells
[2026-07-23 15:11:14] Working on [6084] genes and [275] cells
[2026-07-23 15:11:15] Dataset cleaning elapsed time: 0.755829811096191
[2026-07-23 15:11:15] Estimate `dispersion`: START
[2026-07-23 15:11:15] Effective number of cores used: 80
[2026-07-23 15:11:15] Executing 6 genes batches
[2026-07-23 15:11:15] Parallel dispersion Newton-Raphson: used up to 7 iterations
[2026-07-23 15:11:15] Parallel dispersion Newton-Raphson: used up to 6 iterations
[2026-07-23 15:11:15] Parallel dispersion Newton-Raphson: used up to 6 iterations
[2026-07-23 15:11:15] Parallel dispersion Newton-Raphson: used up to 7 iterations
[2026-07-23 15:11:15] Parallel dispersion Newton-Raphson: used up to 7 iterations
[2026-07-23 15:11:15] Parallel dispersion Newton-Raphson: used up to 7 iterations
[2026-07-23 15:11:18] Total calculations elapsed time: 3.48785901069641
[2026-07-23 15:11:18] Estimate `dispersion`: DONE
[2026-07-23 15:11:18] Estimate `dispersion`: DONE
[2026-07-23 15:11:18] `dispersion` | min: -0.637263767336662 | max: 240.37238369614 | % negative: 71.6962524654832
[2026-07-23 15:11:19] Model parameter estimation elapsed time: 4.27104902267456
[2026-07-23 15:11:19] COTAN genes' COEX estimation: START
[2026-07-23 15:11:19] Effective number of cores used: 80
[2026-07-23 15:11:19] Calculate genes COEX (torch) on device cpu: START
[2026-07-23 15:11:19] Retrieving expected genes contingency table
[2026-07-23 15:11:19] Expected genes contingency table elapsed time: 0.0392742156982422
[2026-07-23 15:11:19] Calculating genes COEX normalization factor
[2026-07-23 15:11:20] Calculating genes COEX normalization factor elapsed time: 0.849009275436401
[2026-07-23 15:11:20] Retrieving observed genes yes/yes contingency table
[2026-07-23 15:11:20] Observed genes contingency table elapsed time: 0.037975549697876
[2026-07-23 15:11:22] Calculate genes COEX elapsed time: 1.96966147422791
[2026-07-23 15:11:22] Total calculations elapsed time: 2.89592051506042
[2026-07-23 15:11:22] Calculate genes COEX (torch) on device cpu: DONE
[2026-07-23 15:11:23] Only genes' COEX elapsed time: 3.62738704681396
[2026-07-23 15:11:23] Dataset analysis elapsed time: 8.65426588058472
[2026-07-23 15:11:23] COTAN dataset analysis: DONE
[2026-07-23 15:11:23] Checking uniformity for the cluster '02_0005' with 275 cells
[2026-07-23 15:11:23] Calculate GDI dataframe: START
[2026-07-23 15:11:23] Using S
[2026-07-23 15:11:23] Calculating S: START
[2026-07-23 15:11:24] Calculating S: DONE
[2026-07-23 15:11:24] Calculate `GDI`: START
[2026-07-23 15:11:24] Effective number of cores used: 80
[2026-07-23 15:11:24] Effective number of cores used: 80
[2026-07-23 15:11:24] Executing 6 genes batches
[2026-07-23 15:11:26] Total calculations elapsed time: 1.2210648059845
[2026-07-23 15:11:26] Calculate `GDI`: DONE
[2026-07-23 15:11:27] Total calculations elapsed time: 3.24323105812073
[2026-07-23 15:11:27] Calculate GDI dataframe: DONE
[2026-07-23 15:11:27] Clean plots: START
[2026-07-23 15:11:27] Total calculations elapsed time: 0.0226686000823975
[2026-07-23 15:11:27] Clean plots: DONE
[2026-07-23 15:11:27] GDI plot
[2026-07-23 15:11:27] Removed 1 low GDI genes (such as the fully-expressed) in GDI plot
[2026-07-23 15:11:28] Cluster 02_0005, with size 275, is not uniform
[2026-07-23 15:11:28] Cluster 02_0005's shift to uniformity: 0.682973309496496
[2026-07-23 15:11:28] class = SimpleGDIUniformityCheck, check.isCheckAbove = FALSE, check.GDIThreshold = 1.001, check.maxRatioBeyond = 0.01, check.maxRankBeyond = 0, check.fractionBeyond = 0.198224852071006, check.thresholdRank = 0, check.quantileAtRatio = 1.6839733094965, check.quantileAtRank = NaN, isUniform = FALSE, clusterSize = 275
[2026-07-23 15:11:28] cluster 02_0005 has too high GDI: will be reclustered!
[2026-07-23 15:11:28] 
[2026-07-23 15:11:29] *[2026-07-23 15:11:29]  checking uniformity of cluster '6' of 18 clusters
[2026-07-23 15:11:29] Asked to drop 0 genes and 3847 cells
[2026-07-23 15:11:29] COTAN dataset analysis: START
[2026-07-23 15:11:29] Asked to drop 5600 genes and 0 cells
[2026-07-23 15:11:29] Genes/cells selection done: dropped [5600] genes and [0] cells
[2026-07-23 15:11:29] Working on [7248] genes and [230] cells
[2026-07-23 15:11:30] Dataset cleaning elapsed time: 0.781323194503784
[2026-07-23 15:11:30] Estimate `dispersion`: START
[2026-07-23 15:11:30] Effective number of cores used: 80
[2026-07-23 15:11:30] Executing 8 genes batches
[2026-07-23 15:11:30] Parallel dispersion Newton-Raphson: used up to 6 iterations
[2026-07-23 15:11:30] Parallel dispersion Newton-Raphson: used up to 5 iterations
[2026-07-23 15:11:30] Parallel dispersion Newton-Raphson: used up to 7 iterations
[2026-07-23 15:11:30] Parallel dispersion Newton-Raphson: used up to 6 iterations
[2026-07-23 15:11:30] Parallel dispersion Newton-Raphson: used up to 6 iterations
[2026-07-23 15:11:31] Parallel dispersion Newton-Raphson: used up to 6 iterations
[2026-07-23 15:11:31] Parallel dispersion Newton-Raphson: used up to 6 iterations
[2026-07-23 15:11:31] Parallel dispersion Newton-Raphson: used up to 6 iterations
[2026-07-23 15:11:34] Total calculations elapsed time: 3.56546545028687
[2026-07-23 15:11:34] Estimate `dispersion`: DONE
[2026-07-23 15:11:34] Estimate `dispersion`: DONE
[2026-07-23 15:11:34] `dispersion` | min: -0.260771790714886 | max: 319.653673991388 | % negative: 71.0126931567329
[2026-07-23 15:11:34] Model parameter estimation elapsed time: 4.39748311042786
[2026-07-23 15:11:34] COTAN genes' COEX estimation: START
[2026-07-23 15:11:34] Effective number of cores used: 80
[2026-07-23 15:11:34] Calculate genes COEX (torch) on device cpu: START
[2026-07-23 15:11:34] Retrieving expected genes contingency table
[2026-07-23 15:11:34] Expected genes contingency table elapsed time: 0.0436503887176514
[2026-07-23 15:11:34] Calculating genes COEX normalization factor
[2026-07-23 15:11:35] Calculating genes COEX normalization factor elapsed time: 0.906461477279663
[2026-07-23 15:11:35] Retrieving observed genes yes/yes contingency table
[2026-07-23 15:11:35] Observed genes contingency table elapsed time: 0.0502798557281494
[2026-07-23 15:11:38] Calculate genes COEX elapsed time: 2.53661251068115
[2026-07-23 15:11:38] Total calculations elapsed time: 3.53700423240662
[2026-07-23 15:11:38] Calculate genes COEX (torch) on device cpu: DONE
[2026-07-23 15:11:39] Only genes' COEX elapsed time: 4.26895499229431
[2026-07-23 15:11:39] Dataset analysis elapsed time: 9.44776129722595
[2026-07-23 15:11:39] COTAN dataset analysis: DONE
[2026-07-23 15:11:39] Checking uniformity for the cluster '02_0006' with 230 cells
[2026-07-23 15:11:39] Calculate GDI dataframe: START
[2026-07-23 15:11:39] Using S
[2026-07-23 15:11:39] Calculating S: START
[2026-07-23 15:11:41] Calculating S: DONE
[2026-07-23 15:11:41] Calculate `GDI`: START
[2026-07-23 15:11:41] Effective number of cores used: 80
[2026-07-23 15:11:41] Effective number of cores used: 80
[2026-07-23 15:11:41] Executing 8 genes batches
[2026-07-23 15:11:42] Total calculations elapsed time: 1.54501628875732
[2026-07-23 15:11:42] Calculate `GDI`: DONE
[2026-07-23 15:11:43] Total calculations elapsed time: 4.09883499145508
[2026-07-23 15:11:43] Calculate GDI dataframe: DONE
[2026-07-23 15:11:43] Clean plots: START
[2026-07-23 15:11:44] Total calculations elapsed time: 0.0235795974731445
[2026-07-23 15:11:44] Clean plots: DONE
[2026-07-23 15:11:44] GDI plot
[2026-07-23 15:11:44] Removed 1 low GDI genes (such as the fully-expressed) in GDI plot
[2026-07-23 15:11:45] Cluster 02_0006, with size 230, is not uniform
[2026-07-23 15:11:45] Cluster 02_0006's shift to uniformity: 0.23508592984228
[2026-07-23 15:11:45] class = SimpleGDIUniformityCheck, check.isCheckAbove = FALSE, check.GDIThreshold = 1.001, check.maxRatioBeyond = 0.01, check.maxRankBeyond = 0, check.fractionBeyond = 0.120171081677704, check.thresholdRank = 0, check.quantileAtRatio = 1.23608592984228, check.quantileAtRank = NaN, isUniform = FALSE, clusterSize = 230
[2026-07-23 15:11:45] cluster 02_0006 has too high GDI: will be reclustered!
[2026-07-23 15:11:45] 
[2026-07-23 15:11:46] *[2026-07-23 15:11:46]  checking uniformity of cluster '7' of 18 clusters
[2026-07-23 15:11:46] Asked to drop 0 genes and 3859 cells
[2026-07-23 15:11:46] COTAN dataset analysis: START
[2026-07-23 15:11:46] Asked to drop 9098 genes and 0 cells
[2026-07-23 15:11:46] Genes/cells selection done: dropped [9098] genes and [0] cells
[2026-07-23 15:11:46] Working on [3750] genes and [218] cells
[2026-07-23 15:11:47] Dataset cleaning elapsed time: 0.803312301635742
[2026-07-23 15:11:47] Estimate `dispersion`: START
[2026-07-23 15:11:47] Effective number of cores used: 80
[2026-07-23 15:11:47] Executing 4 genes batches
[2026-07-23 15:11:47] Parallel dispersion Newton-Raphson: used up to 6 iterations
[2026-07-23 15:11:47] Parallel dispersion Newton-Raphson: used up to 6 iterations
[2026-07-23 15:11:47] Parallel dispersion Newton-Raphson: used up to 11 iterations
[2026-07-23 15:11:47] Parallel dispersion Newton-Raphson: used up to 6 iterations
[2026-07-23 15:11:50] Total calculations elapsed time: 2.99756383895874
[2026-07-23 15:11:50] Estimate `dispersion`: DONE
[2026-07-23 15:11:50] Estimate `dispersion`: DONE
[2026-07-23 15:11:50] `dispersion` | min: -0.160892949979958 | max: 692.297867416125 | % negative: 80.1333333333333
[2026-07-23 15:11:50] Model parameter estimation elapsed time: 3.7776825428009
[2026-07-23 15:11:50] COTAN genes' COEX estimation: START
[2026-07-23 15:11:50] Effective number of cores used: 80
[2026-07-23 15:11:50] Calculate genes COEX (torch) on device cpu: START
[2026-07-23 15:11:50] Retrieving expected genes contingency table
[2026-07-23 15:11:50] Expected genes contingency table elapsed time: 0.0279364585876465
[2026-07-23 15:11:50] Calculating genes COEX normalization factor
[2026-07-23 15:11:51] Calculating genes COEX normalization factor elapsed time: 0.776155948638916
[2026-07-23 15:11:51] Retrieving observed genes yes/yes contingency table
[2026-07-23 15:11:51] Observed genes contingency table elapsed time: 0.0151925086975098
[2026-07-23 15:11:52] Calculate genes COEX elapsed time: 1.18145728111267
[2026-07-23 15:11:52] Total calculations elapsed time: 2.00074219703674
[2026-07-23 15:11:52] Calculate genes COEX (torch) on device cpu: DONE
[2026-07-23 15:11:53] Only genes' COEX elapsed time: 2.72182297706604
[2026-07-23 15:11:53] Dataset analysis elapsed time: 7.30281782150269
[2026-07-23 15:11:53] COTAN dataset analysis: DONE
[2026-07-23 15:11:54] Checking uniformity for the cluster '02_0007' with 218 cells
[2026-07-23 15:11:54] Calculate GDI dataframe: START
[2026-07-23 15:11:54] Using S
[2026-07-23 15:11:54] Calculating S: START
[2026-07-23 15:11:54] Calculating S: DONE
[2026-07-23 15:11:54] Calculate `GDI`: START
[2026-07-23 15:11:54] Effective number of cores used: 80
[2026-07-23 15:11:54] Effective number of cores used: 80
[2026-07-23 15:11:54] Executing 4 genes batches
[2026-07-23 15:11:55] Total calculations elapsed time: 0.665782928466797
[2026-07-23 15:11:55] Calculate `GDI`: DONE
[2026-07-23 15:11:56] Total calculations elapsed time: 2.50705003738403
[2026-07-23 15:11:56] Calculate GDI dataframe: DONE
[2026-07-23 15:11:56] Clean plots: START
[2026-07-23 15:11:56] Total calculations elapsed time: 0.029853343963623
[2026-07-23 15:11:56] Clean plots: DONE
[2026-07-23 15:11:56] GDI plot
[2026-07-23 15:11:56] Removed 1 low GDI genes (such as the fully-expressed) in GDI plot
[2026-07-23 15:11:58] Cluster 02_0007, with size 218, is not uniform
[2026-07-23 15:11:58] Cluster 02_0007's shift to uniformity: 0.177726174903023
[2026-07-23 15:11:58] class = SimpleGDIUniformityCheck, check.isCheckAbove = FALSE, check.GDIThreshold = 1.001, check.maxRatioBeyond = 0.01, check.maxRankBeyond = 0, check.fractionBeyond = 0.0362666666666667, check.thresholdRank = 0, check.quantileAtRatio = 1.17872617490302, check.quantileAtRank = NaN, isUniform = FALSE, clusterSize = 218
[2026-07-23 15:11:58] cluster 02_0007 has too high GDI: will be reclustered!
[2026-07-23 15:11:58] 
[2026-07-23 15:11:59] *[2026-07-23 15:11:59]  checking uniformity of cluster '8' of 18 clusters
[2026-07-23 15:11:59] Asked to drop 0 genes and 3867 cells
[2026-07-23 15:11:59] COTAN dataset analysis: START
[2026-07-23 15:11:59] Asked to drop 6833 genes and 0 cells
[2026-07-23 15:11:59] Genes/cells selection done: dropped [6833] genes and [0] cells
[2026-07-23 15:11:59] Working on [6015] genes and [210] cells
[2026-07-23 15:12:00] Dataset cleaning elapsed time: 0.790977478027344
[2026-07-23 15:12:00] Estimate `dispersion`: START
[2026-07-23 15:12:00] Effective number of cores used: 80
[2026-07-23 15:12:00] Executing 6 genes batches
[2026-07-23 15:12:00] Parallel dispersion Newton-Raphson: used up to 6 iterations
[2026-07-23 15:12:00] Parallel dispersion Newton-Raphson: used up to 6 iterations
[2026-07-23 15:12:00] Parallel dispersion Newton-Raphson: used up to 6 iterations
[2026-07-23 15:12:00] Parallel dispersion Newton-Raphson: used up to 7 iterations
[2026-07-23 15:12:00] Parallel dispersion Newton-Raphson: used up to 7 iterations
[2026-07-23 15:12:01] Parallel dispersion Newton-Raphson: used up to 7 iterations
[2026-07-23 15:12:03] Total calculations elapsed time: 3.3480269908905
[2026-07-23 15:12:03] Estimate `dispersion`: DONE
[2026-07-23 15:12:03] Estimate `dispersion`: DONE
[2026-07-23 15:12:03] `dispersion` | min: -1.02184845089833 | max: 143.091316395655 | % negative: 70.0083125519535
[2026-07-23 15:12:04] Model parameter estimation elapsed time: 4.18251204490662
[2026-07-23 15:12:04] COTAN genes' COEX estimation: START
[2026-07-23 15:12:04] Effective number of cores used: 80
[2026-07-23 15:12:04] Calculate genes COEX (torch) on device cpu: START
[2026-07-23 15:12:04] Retrieving expected genes contingency table
[2026-07-23 15:12:04] Expected genes contingency table elapsed time: 0.0344080924987793
[2026-07-23 15:12:04] Calculating genes COEX normalization factor
[2026-07-23 15:12:05] Calculating genes COEX normalization factor elapsed time: 0.920862197875977
[2026-07-23 15:12:05] Retrieving observed genes yes/yes contingency table
[2026-07-23 15:12:05] Observed genes contingency table elapsed time: 0.0316612720489502
[2026-07-23 15:12:07] Calculate genes COEX elapsed time: 2.11372041702271
[2026-07-23 15:12:07] Total calculations elapsed time: 3.10065197944641
[2026-07-23 15:12:07] Calculate genes COEX (torch) on device cpu: DONE
[2026-07-23 15:12:08] Only genes' COEX elapsed time: 3.8880717754364
[2026-07-23 15:12:08] Dataset analysis elapsed time: 8.86156129837036
[2026-07-23 15:12:08] COTAN dataset analysis: DONE
[2026-07-23 15:12:09] Checking uniformity for the cluster '02_0008' with 210 cells
[2026-07-23 15:12:09] Calculate GDI dataframe: START
[2026-07-23 15:12:09] Using S
[2026-07-23 15:12:09] Calculating S: START
[2026-07-23 15:12:10] Calculating S: DONE
[2026-07-23 15:12:10] Calculate `GDI`: START
[2026-07-23 15:12:10] Effective number of cores used: 80
[2026-07-23 15:12:10] Effective number of cores used: 80
[2026-07-23 15:12:10] Executing 6 genes batches
[2026-07-23 15:12:11] Total calculations elapsed time: 1.18815875053406
[2026-07-23 15:12:11] Calculate `GDI`: DONE
[2026-07-23 15:12:12] Total calculations elapsed time: 3.29037690162659
[2026-07-23 15:12:12] Calculate GDI dataframe: DONE
[2026-07-23 15:12:12] Clean plots: START
[2026-07-23 15:12:12] Total calculations elapsed time: 0.0228977203369141
[2026-07-23 15:12:12] Clean plots: DONE
[2026-07-23 15:12:12] GDI plot
[2026-07-23 15:12:12] Removed 1 low GDI genes (such as the fully-expressed) in GDI plot
[2026-07-23 15:12:14] Cluster 02_0008, with size 210, is not uniform
[2026-07-23 15:12:14] Cluster 02_0008's shift to uniformity: 0.965202176656422
[2026-07-23 15:12:14] class = SimpleGDIUniformityCheck, check.isCheckAbove = FALSE, check.GDIThreshold = 1.001, check.maxRatioBeyond = 0.01, check.maxRankBeyond = 0, check.fractionBeyond = 0.271820448877805, check.thresholdRank = 0, check.quantileAtRatio = 1.96620217665642, check.quantileAtRank = NaN, isUniform = FALSE, clusterSize = 210
[2026-07-23 15:12:14] cluster 02_0008 has too high GDI: will be reclustered!
[2026-07-23 15:12:14] 
[2026-07-23 15:12:14] *[2026-07-23 15:12:14]  checking uniformity of cluster '9' of 18 clusters
[2026-07-23 15:12:14] Asked to drop 0 genes and 3873 cells
[2026-07-23 15:12:14] COTAN dataset analysis: START
[2026-07-23 15:12:14] Asked to drop 4643 genes and 0 cells
[2026-07-23 15:12:14] Genes/cells selection done: dropped [4643] genes and [0] cells
[2026-07-23 15:12:14] Working on [8205] genes and [204] cells
[2026-07-23 15:12:15] Dataset cleaning elapsed time: 0.827724695205688
[2026-07-23 15:12:15] Estimate `dispersion`: START
[2026-07-23 15:12:15] Effective number of cores used: 80
[2026-07-23 15:12:15] Executing 9 genes batches
[2026-07-23 15:12:15] Parallel dispersion Newton-Raphson: used up to 5 iterations
[2026-07-23 15:12:16] Parallel dispersion Newton-Raphson: used up to 6 iterations
[2026-07-23 15:12:16] Parallel dispersion Newton-Raphson: used up to 6 iterations
[2026-07-23 15:12:16] Parallel dispersion Newton-Raphson: used up to 6 iterations
[2026-07-23 15:12:16] Parallel dispersion Newton-Raphson: used up to 6 iterations
[2026-07-23 15:12:16] Parallel dispersion Newton-Raphson: used up to 6 iterations
[2026-07-23 15:12:16] Parallel dispersion Newton-Raphson: used up to 6 iterations
[2026-07-23 15:12:16] Parallel dispersion Newton-Raphson: used up to 6 iterations
[2026-07-23 15:12:16] Parallel dispersion Newton-Raphson: used up to 6 iterations
[2026-07-23 15:12:19] Total calculations elapsed time: 3.43802762031555
[2026-07-23 15:12:19] Estimate `dispersion`: DONE
[2026-07-23 15:12:19] Estimate `dispersion`: DONE
[2026-07-23 15:12:19] `dispersion` | min: -0.214069365998528 | max: 183.328744740586 | % negative: 69.006703229738
[2026-07-23 15:12:20] Model parameter estimation elapsed time: 4.27922058105469
[2026-07-23 15:12:20] COTAN genes' COEX estimation: START
[2026-07-23 15:12:20] Effective number of cores used: 80
[2026-07-23 15:12:20] Calculate genes COEX (torch) on device cpu: START
[2026-07-23 15:12:20] Retrieving expected genes contingency table
[2026-07-23 15:12:20] Expected genes contingency table elapsed time: 0.0460038185119629
[2026-07-23 15:12:20] Calculating genes COEX normalization factor
[2026-07-23 15:12:21] Calculating genes COEX normalization factor elapsed time: 0.940665245056152
[2026-07-23 15:12:21] Retrieving observed genes yes/yes contingency table
[2026-07-23 15:12:21] Observed genes contingency table elapsed time: 0.0528488159179688
[2026-07-23 15:12:24] Calculate genes COEX elapsed time: 3.17366456985474
[2026-07-23 15:12:24] Total calculations elapsed time: 4.21318244934082
[2026-07-23 15:12:24] Calculate genes COEX (torch) on device cpu: DONE
[2026-07-23 15:12:25] Only genes' COEX elapsed time: 4.99063420295715
[2026-07-23 15:12:25] Dataset analysis elapsed time: 10.0975794792175
[2026-07-23 15:12:25] COTAN dataset analysis: DONE
[2026-07-23 15:12:25] Checking uniformity for the cluster '02_0009' with 204 cells
[2026-07-23 15:12:25] Calculate GDI dataframe: START
[2026-07-23 15:12:25] Using S
[2026-07-23 15:12:25] Calculating S: START
[2026-07-23 15:12:27] Calculating S: DONE
[2026-07-23 15:12:27] Calculate `GDI`: START
[2026-07-23 15:12:27] Effective number of cores used: 80
[2026-07-23 15:12:27] Effective number of cores used: 80
[2026-07-23 15:12:27] Executing 9 genes batches
[2026-07-23 15:12:29] Total calculations elapsed time: 1.83575367927551
[2026-07-23 15:12:29] Calculate `GDI`: DONE
[2026-07-23 15:12:31] Total calculations elapsed time: 5.46410942077637
[2026-07-23 15:12:31] Calculate GDI dataframe: DONE
[2026-07-23 15:12:31] Clean plots: START
[2026-07-23 15:12:31] Total calculations elapsed time: 0.0256192684173584
[2026-07-23 15:12:31] Clean plots: DONE
[2026-07-23 15:12:31] GDI plot
[2026-07-23 15:12:31] Removed 1 low GDI genes (such as the fully-expressed) in GDI plot
[2026-07-23 15:12:33] Cluster 02_0009, with size 204, is not uniform
[2026-07-23 15:12:33] Cluster 02_0009's shift to uniformity: 0.280350966464757
[2026-07-23 15:12:33] class = SimpleGDIUniformityCheck, check.isCheckAbove = FALSE, check.GDIThreshold = 1.001, check.maxRatioBeyond = 0.01, check.maxRankBeyond = 0, check.fractionBeyond = 0.164533820840951, check.thresholdRank = 0, check.quantileAtRatio = 1.28135096646476, check.quantileAtRank = NaN, isUniform = FALSE, clusterSize = 204
[2026-07-23 15:12:33] cluster 02_0009 has too high GDI: will be reclustered!
[2026-07-23 15:12:33] 
[2026-07-23 15:12:34] *[2026-07-23 15:12:34]  checking uniformity of cluster '10' of 18 clusters
[2026-07-23 15:12:34] Asked to drop 0 genes and 3886 cells
[2026-07-23 15:12:34] COTAN dataset analysis: START
[2026-07-23 15:12:34] Asked to drop 10459 genes and 0 cells
[2026-07-23 15:12:34] Genes/cells selection done: dropped [10459] genes and [0] cells
[2026-07-23 15:12:34] Working on [2389] genes and [191] cells
[2026-07-23 15:12:35] Dataset cleaning elapsed time: 1.13349795341492
[2026-07-23 15:12:35] Estimate `dispersion`: START
[2026-07-23 15:12:35] Effective number of cores used: 80
[2026-07-23 15:12:35] Executing 3 genes batches
[2026-07-23 15:12:35] Parallel dispersion Newton-Raphson: used up to 5 iterations
[2026-07-23 15:12:35] Parallel dispersion Newton-Raphson: used up to 7 iterations
[2026-07-23 15:12:36] Parallel dispersion Newton-Raphson: used up to 7 iterations
[2026-07-23 15:12:38] Total calculations elapsed time: 3.13310408592224
[2026-07-23 15:12:38] Estimate `dispersion`: DONE
[2026-07-23 15:12:38] Estimate `dispersion`: DONE
[2026-07-23 15:12:38] `dispersion` | min: -0.193691340311515 | max: 160.10526050913 | % negative: 81.6241105064881
[2026-07-23 15:12:39] Model parameter estimation elapsed time: 3.91050338745117
[2026-07-23 15:12:39] COTAN genes' COEX estimation: START
[2026-07-23 15:12:39] Effective number of cores used: 80
[2026-07-23 15:12:39] Calculate genes COEX (torch) on device cpu: START
[2026-07-23 15:12:39] Retrieving expected genes contingency table
[2026-07-23 15:12:39] Expected genes contingency table elapsed time: 0.0222043991088867
[2026-07-23 15:12:39] Calculating genes COEX normalization factor
[2026-07-23 15:12:40] Calculating genes COEX normalization factor elapsed time: 0.747840404510498
[2026-07-23 15:12:40] Retrieving observed genes yes/yes contingency table
[2026-07-23 15:12:40] Observed genes contingency table elapsed time: 0.00957727432250977
[2026-07-23 15:12:41] Calculate genes COEX elapsed time: 0.902196645736694
[2026-07-23 15:12:41] Total calculations elapsed time: 1.68181872367859
[2026-07-23 15:12:41] Calculate genes COEX (torch) on device cpu: DONE
[2026-07-23 15:12:42] Only genes' COEX elapsed time: 2.40933156013489
[2026-07-23 15:12:42] Dataset analysis elapsed time: 7.45333290100098
[2026-07-23 15:12:42] COTAN dataset analysis: DONE
[2026-07-23 15:12:42] Checking uniformity for the cluster '02_0010' with 191 cells
[2026-07-23 15:12:42] Calculate GDI dataframe: START
[2026-07-23 15:12:42] Using S
[2026-07-23 15:12:42] Calculating S: START
[2026-07-23 15:12:42] Calculating S: DONE
[2026-07-23 15:12:42] Calculate `GDI`: START
[2026-07-23 15:12:42] Effective number of cores used: 80
[2026-07-23 15:12:42] Effective number of cores used: 80
[2026-07-23 15:12:42] Executing 3 genes batches
[2026-07-23 15:12:43] Total calculations elapsed time: 0.447250604629517
[2026-07-23 15:12:43] Calculate `GDI`: DONE
[2026-07-23 15:12:44] Total calculations elapsed time: 1.44333672523499
[2026-07-23 15:12:44] Calculate GDI dataframe: DONE
[2026-07-23 15:12:44] Clean plots: START
[2026-07-23 15:12:44] Total calculations elapsed time: 0.0230755805969238
[2026-07-23 15:12:44] Clean plots: DONE
[2026-07-23 15:12:44] GDI plot
[2026-07-23 15:12:44] Removed 1 low GDI genes (such as the fully-expressed) in GDI plot
[2026-07-23 15:12:45] Cluster 02_0010, with size 191, is not uniform
[2026-07-23 15:12:45] Cluster 02_0010's shift to uniformity: 0.435680362692753
[2026-07-23 15:12:45] class = SimpleGDIUniformityCheck, check.isCheckAbove = FALSE, check.GDIThreshold = 1.001, check.maxRatioBeyond = 0.01, check.maxRankBeyond = 0, check.fractionBeyond = 0.08915864378401, check.thresholdRank = 0, check.quantileAtRatio = 1.43668036269275, check.quantileAtRank = NaN, isUniform = FALSE, clusterSize = 191
[2026-07-23 15:12:45] cluster 02_0010 has too high GDI: will be reclustered!
[2026-07-23 15:12:45] 
[2026-07-23 15:12:46] *[2026-07-23 15:12:46]  checking uniformity of cluster '11' of 18 clusters
[2026-07-23 15:12:46] Asked to drop 0 genes and 3895 cells
[2026-07-23 15:12:46] COTAN dataset analysis: START
[2026-07-23 15:12:46] Asked to drop 7389 genes and 0 cells
[2026-07-23 15:12:46] Genes/cells selection done: dropped [7389] genes and [0] cells
[2026-07-23 15:12:46] Working on [5459] genes and [182] cells
[2026-07-23 15:12:47] Dataset cleaning elapsed time: 0.729586839675903
[2026-07-23 15:12:47] Estimate `dispersion`: START
[2026-07-23 15:12:47] Effective number of cores used: 80
[2026-07-23 15:12:47] Executing 6 genes batches
[2026-07-23 15:12:47] Parallel dispersion Newton-Raphson: used up to 6 iterations
[2026-07-23 15:12:47] Parallel dispersion Newton-Raphson: used up to 6 iterations
[2026-07-23 15:12:47] Parallel dispersion Newton-Raphson: used up to 6 iterations
[2026-07-23 15:12:47] Parallel dispersion Newton-Raphson: used up to 6 iterations
[2026-07-23 15:12:47] Parallel dispersion Newton-Raphson: used up to 6 iterations
[2026-07-23 15:12:47] Parallel dispersion Newton-Raphson: used up to 6 iterations
[2026-07-23 15:12:50] Total calculations elapsed time: 3.44815850257874
[2026-07-23 15:12:50] Estimate `dispersion`: DONE
[2026-07-23 15:12:50] Estimate `dispersion`: DONE
[2026-07-23 15:12:50] `dispersion` | min: -0.168792144745773 | max: 137.428854106506 | % negative: 77.0470782194541
[2026-07-23 15:12:51] Model parameter estimation elapsed time: 4.2313539981842
[2026-07-23 15:12:51] COTAN genes' COEX estimation: START
[2026-07-23 15:12:51] Effective number of cores used: 80
[2026-07-23 15:12:51] Calculate genes COEX (torch) on device cpu: START
[2026-07-23 15:12:51] Retrieving expected genes contingency table
[2026-07-23 15:12:51] Expected genes contingency table elapsed time: 0.0293052196502686
[2026-07-23 15:12:51] Calculating genes COEX normalization factor
[2026-07-23 15:12:52] Calculating genes COEX normalization factor elapsed time: 0.857226133346558
[2026-07-23 15:12:52] Retrieving observed genes yes/yes contingency table
[2026-07-23 15:12:52] Observed genes contingency table elapsed time: 0.0231034755706787
[2026-07-23 15:12:54] Calculate genes COEX elapsed time: 1.81812167167664
[2026-07-23 15:12:54] Total calculations elapsed time: 2.72775650024414
[2026-07-23 15:12:54] Calculate genes COEX (torch) on device cpu: DONE
[2026-07-23 15:12:54] Only genes' COEX elapsed time: 3.52407455444336
[2026-07-23 15:12:54] Dataset analysis elapsed time: 8.48501539230347
[2026-07-23 15:12:54] COTAN dataset analysis: DONE
[2026-07-23 15:12:55] Checking uniformity for the cluster '02_0011' with 182 cells
[2026-07-23 15:12:55] Calculate GDI dataframe: START
[2026-07-23 15:12:55] Using S
[2026-07-23 15:12:55] Calculating S: START
[2026-07-23 15:12:56] Calculating S: DONE
[2026-07-23 15:12:56] Calculate `GDI`: START
[2026-07-23 15:12:56] Effective number of cores used: 80
[2026-07-23 15:12:56] Effective number of cores used: 80
[2026-07-23 15:12:56] Executing 6 genes batches
[2026-07-23 15:12:57] Total calculations elapsed time: 1.02089619636536
[2026-07-23 15:12:57] Calculate `GDI`: DONE
[2026-07-23 15:12:58] Total calculations elapsed time: 2.91716957092285
[2026-07-23 15:12:58] Calculate GDI dataframe: DONE
[2026-07-23 15:12:58] Clean plots: START
[2026-07-23 15:12:58] Total calculations elapsed time: 0.0232102870941162
[2026-07-23 15:12:58] Clean plots: DONE
[2026-07-23 15:12:58] GDI plot
[2026-07-23 15:12:58] Removed 1 low GDI genes (such as the fully-expressed) in GDI plot
[2026-07-23 15:13:00] Cluster 02_0011, with size 182, is not uniform
[2026-07-23 15:13:00] Cluster 02_0011's shift to uniformity: 0.149270511999497
[2026-07-23 15:13:00] class = SimpleGDIUniformityCheck, check.isCheckAbove = FALSE, check.GDIThreshold = 1.001, check.maxRatioBeyond = 0.01, check.maxRankBeyond = 0, check.fractionBeyond = 0.0542223850522074, check.thresholdRank = 0, check.quantileAtRatio = 1.1502705119995, check.quantileAtRank = NaN, isUniform = FALSE, clusterSize = 182
[2026-07-23 15:13:00] cluster 02_0011 has too high GDI: will be reclustered!
[2026-07-23 15:13:00] 
[2026-07-23 15:13:01] *[2026-07-23 15:13:01]  checking uniformity of cluster '12' of 18 clusters
[2026-07-23 15:13:01] Asked to drop 0 genes and 3931 cells
[2026-07-23 15:13:01] COTAN dataset analysis: START
[2026-07-23 15:13:01] Asked to drop 7549 genes and 0 cells
[2026-07-23 15:13:01] Genes/cells selection done: dropped [7549] genes and [0] cells
[2026-07-23 15:13:01] Working on [5299] genes and [146] cells
[2026-07-23 15:13:01] Dataset cleaning elapsed time: 0.784101963043213
[2026-07-23 15:13:01] Estimate `dispersion`: START
[2026-07-23 15:13:01] Effective number of cores used: 80
[2026-07-23 15:13:01] Executing 6 genes batches
[2026-07-23 15:13:02] Parallel dispersion Newton-Raphson: used up to 6 iterations
[2026-07-23 15:13:02] Parallel dispersion Newton-Raphson: used up to 5 iterations
[2026-07-23 15:13:02] Parallel dispersion Newton-Raphson: used up to 7 iterations
[2026-07-23 15:13:02] Parallel dispersion Newton-Raphson: used up to 6 iterations
[2026-07-23 15:13:02] Parallel dispersion Newton-Raphson: used up to 6 iterations
[2026-07-23 15:13:02] Parallel dispersion Newton-Raphson: used up to 5 iterations
[2026-07-23 15:13:05] Total calculations elapsed time: 3.39012551307678
[2026-07-23 15:13:05] Estimate `dispersion`: DONE
[2026-07-23 15:13:05] Estimate `dispersion`: DONE
[2026-07-23 15:13:05] `dispersion` | min: -0.215838976430832 | max: 261.025025113867 | % negative: 88.3940366106813
[2026-07-23 15:13:06] Model parameter estimation elapsed time: 4.20721840858459
[2026-07-23 15:13:06] COTAN genes' COEX estimation: START
[2026-07-23 15:13:06] Effective number of cores used: 80
[2026-07-23 15:13:06] Calculate genes COEX (torch) on device cpu: START
[2026-07-23 15:13:06] Retrieving expected genes contingency table
[2026-07-23 15:13:06] Expected genes contingency table elapsed time: 0.0353143215179443
[2026-07-23 15:13:06] Calculating genes COEX normalization factor
[2026-07-23 15:13:06] Calculating genes COEX normalization factor elapsed time: 0.835893869400024
[2026-07-23 15:13:06] Retrieving observed genes yes/yes contingency table
[2026-07-23 15:13:06] Observed genes contingency table elapsed time: 0.0190396308898926
[2026-07-23 15:13:08] Calculate genes COEX elapsed time: 1.80968260765076
[2026-07-23 15:13:08] Total calculations elapsed time: 2.69993042945862
[2026-07-23 15:13:08] Calculate genes COEX (torch) on device cpu: DONE
[2026-07-23 15:13:09] Only genes' COEX elapsed time: 3.48593091964722
[2026-07-23 15:13:09] Dataset analysis elapsed time: 8.47725129127502
[2026-07-23 15:13:09] COTAN dataset analysis: DONE
[2026-07-23 15:13:10] Checking uniformity for the cluster '02_0012' with 146 cells
[2026-07-23 15:13:10] Calculate GDI dataframe: START
[2026-07-23 15:13:10] Using S
[2026-07-23 15:13:10] Calculating S: START
[2026-07-23 15:13:11] Calculating S: DONE
[2026-07-23 15:13:11] Calculate `GDI`: START
[2026-07-23 15:13:11] Effective number of cores used: 80
[2026-07-23 15:13:11] Effective number of cores used: 80
[2026-07-23 15:13:11] Executing 6 genes batches
[2026-07-23 15:13:12] Total calculations elapsed time: 1.00412559509277
[2026-07-23 15:13:12] Calculate `GDI`: DONE
[2026-07-23 15:13:13] Total calculations elapsed time: 2.85833239555359
[2026-07-23 15:13:13] Calculate GDI dataframe: DONE
[2026-07-23 15:13:13] Clean plots: START
[2026-07-23 15:13:13] Total calculations elapsed time: 0.0232284069061279
[2026-07-23 15:13:13] Clean plots: DONE
[2026-07-23 15:13:13] GDI plot
[2026-07-23 15:13:13] Removed 1 low GDI genes (such as the fully-expressed) in GDI plot
[2026-07-23 15:13:14] Cluster 02_0012, with size 146, is uniform
[2026-07-23 15:13:14] Cluster 02_0012's shift to uniformity: -0.078040034257773
[2026-07-23 15:13:14] class = SimpleGDIUniformityCheck, check.isCheckAbove = FALSE, check.GDIThreshold = 1.001, check.maxRatioBeyond = 0.01, check.maxRankBeyond = 0, check.fractionBeyond = 0.00301943762974146, check.thresholdRank = 0, check.quantileAtRatio = 0.922959965742227, check.quantileAtRank = NaN, isUniform = TRUE, clusterSize = 146
[2026-07-23 15:13:14] cluster 02_0012 is uniform
[2026-07-23 15:13:14] 
[2026-07-23 15:13:15] *[2026-07-23 15:13:15]  checking uniformity of cluster '13' of 18 clusters
[2026-07-23 15:13:15] Asked to drop 0 genes and 3975 cells
[2026-07-23 15:13:15] COTAN dataset analysis: START
[2026-07-23 15:13:15] Asked to drop 8728 genes and 0 cells
[2026-07-23 15:13:15] Genes/cells selection done: dropped [8728] genes and [0] cells
[2026-07-23 15:13:15] Working on [4120] genes and [102] cells
[2026-07-23 15:13:16] Dataset cleaning elapsed time: 0.849651575088501
[2026-07-23 15:13:16] Estimate `dispersion`: START
[2026-07-23 15:13:16] Effective number of cores used: 80
[2026-07-23 15:13:16] Executing 5 genes batches
[2026-07-23 15:13:16] Parallel dispersion Newton-Raphson: used up to 6 iterations
[2026-07-23 15:13:16] Parallel dispersion Newton-Raphson: used up to 6 iterations
[2026-07-23 15:13:16] Parallel dispersion Newton-Raphson: used up to 7 iterations
[2026-07-23 15:13:16] Parallel dispersion Newton-Raphson: used up to 6 iterations
[2026-07-23 15:13:16] Parallel dispersion Newton-Raphson: used up to 6 iterations
[2026-07-23 15:13:19] Total calculations elapsed time: 3.23609209060669
[2026-07-23 15:13:19] Estimate `dispersion`: DONE
[2026-07-23 15:13:19] Estimate `dispersion`: DONE
[2026-07-23 15:13:19] `dispersion` | min: -0.170881374878649 | max: 255.407909188798 | % negative: 89.1990291262136
[2026-07-23 15:13:20] Model parameter estimation elapsed time: 4.07688403129578
[2026-07-23 15:13:20] COTAN genes' COEX estimation: START
[2026-07-23 15:13:20] Effective number of cores used: 80
[2026-07-23 15:13:20] Calculate genes COEX (torch) on device cpu: START
[2026-07-23 15:13:20] Retrieving expected genes contingency table
[2026-07-23 15:13:20] Expected genes contingency table elapsed time: 0.0273871421813965
[2026-07-23 15:13:20] Calculating genes COEX normalization factor
[2026-07-23 15:13:21] Calculating genes COEX normalization factor elapsed time: 0.796256303787231
[2026-07-23 15:13:21] Retrieving observed genes yes/yes contingency table
[2026-07-23 15:13:21] Observed genes contingency table elapsed time: 0.0172650814056396
[2026-07-23 15:13:22] Calculate genes COEX elapsed time: 1.36140727996826
[2026-07-23 15:13:22] Total calculations elapsed time: 2.20231580734253
[2026-07-23 15:13:22] Calculate genes COEX (torch) on device cpu: DONE
[2026-07-23 15:13:23] Only genes' COEX elapsed time: 2.93649649620056
[2026-07-23 15:13:23] Dataset analysis elapsed time: 7.86303210258484
[2026-07-23 15:13:23] COTAN dataset analysis: DONE
[2026-07-23 15:13:24] Checking uniformity for the cluster '02_0013' with 102 cells
[2026-07-23 15:13:24] Calculate GDI dataframe: START
[2026-07-23 15:13:24] Using S
[2026-07-23 15:13:24] Calculating S: START
[2026-07-23 15:13:24] Calculating S: DONE
[2026-07-23 15:13:24] Calculate `GDI`: START
[2026-07-23 15:13:24] Effective number of cores used: 80
[2026-07-23 15:13:24] Effective number of cores used: 80
[2026-07-23 15:13:24] Executing 5 genes batches
[2026-07-23 15:13:25] Total calculations elapsed time: 0.783399105072021
[2026-07-23 15:13:25] Calculate `GDI`: DONE
[2026-07-23 15:13:26] Total calculations elapsed time: 2.22028708457947
[2026-07-23 15:13:26] Calculate GDI dataframe: DONE
[2026-07-23 15:13:26] Clean plots: START
[2026-07-23 15:13:26] Total calculations elapsed time: 0.0230226516723633
[2026-07-23 15:13:26] Clean plots: DONE
[2026-07-23 15:13:26] GDI plot
[2026-07-23 15:13:26] Removed 1 low GDI genes (such as the fully-expressed) in GDI plot
[2026-07-23 15:13:27] Cluster 02_0013, with size 102, is uniform
[2026-07-23 15:13:27] Cluster 02_0013's shift to uniformity: -0.0973811950912321
[2026-07-23 15:13:27] class = SimpleGDIUniformityCheck, check.isCheckAbove = FALSE, check.GDIThreshold = 1.001, check.maxRatioBeyond = 0.01, check.maxRankBeyond = 0, check.fractionBeyond = 0.000485436893203883, check.thresholdRank = 0, check.quantileAtRatio = 0.903618804908768, check.quantileAtRank = NaN, isUniform = TRUE, clusterSize = 102
[2026-07-23 15:13:27] cluster 02_0013 is uniform
[2026-07-23 15:13:27] 
[2026-07-23 15:13:28] *[2026-07-23 15:13:28]  checking uniformity of cluster '14' of 18 clusters
[2026-07-23 15:13:28] Asked to drop 0 genes and 3982 cells
[2026-07-23 15:13:28] COTAN dataset analysis: START
[2026-07-23 15:13:28] Asked to drop 5916 genes and 0 cells
[2026-07-23 15:13:28] Genes/cells selection done: dropped [5916] genes and [0] cells
[2026-07-23 15:13:28] Working on [6932] genes and [95] cells
[2026-07-23 15:13:29] Dataset cleaning elapsed time: 0.788785934448242
[2026-07-23 15:13:29] Estimate `dispersion`: START
[2026-07-23 15:13:29] Effective number of cores used: 80
[2026-07-23 15:13:29] Executing 7 genes batches
[2026-07-23 15:13:29] Parallel dispersion Newton-Raphson: used up to 6 iterations
[2026-07-23 15:13:29] Parallel dispersion Newton-Raphson: used up to 6 iterations
[2026-07-23 15:13:29] Parallel dispersion Newton-Raphson: used up to 7 iterations
[2026-07-23 15:13:29] Parallel dispersion Newton-Raphson: used up to 8 iterations
[2026-07-23 15:13:29] Parallel dispersion Newton-Raphson: used up to 7 iterations
[2026-07-23 15:13:29] Parallel dispersion Newton-Raphson: used up to 6 iterations
[2026-07-23 15:13:30] Parallel dispersion Newton-Raphson: used up to 7 iterations
[2026-07-23 15:13:32] Total calculations elapsed time: 3.43503332138062
[2026-07-23 15:13:32] Estimate `dispersion`: DONE
[2026-07-23 15:13:32] Estimate `dispersion`: DONE
[2026-07-23 15:13:32] `dispersion` | min: -0.368293419968982 | max: 206.876115298563 | % negative: 71.4512406231968
[2026-07-23 15:13:33] Model parameter estimation elapsed time: 4.2889096736908
[2026-07-23 15:13:33] COTAN genes' COEX estimation: START
[2026-07-23 15:13:33] Effective number of cores used: 80
[2026-07-23 15:13:33] Calculate genes COEX (torch) on device cpu: START
[2026-07-23 15:13:33] Retrieving expected genes contingency table
[2026-07-23 15:13:33] Expected genes contingency table elapsed time: 0.0299394130706787
[2026-07-23 15:13:33] Calculating genes COEX normalization factor
[2026-07-23 15:13:34] Calculating genes COEX normalization factor elapsed time: 0.876375436782837
[2026-07-23 15:13:34] Retrieving observed genes yes/yes contingency table
[2026-07-23 15:13:34] Observed genes contingency table elapsed time: 0.0246517658233643
[2026-07-23 15:13:36] Calculate genes COEX elapsed time: 2.3878185749054
[2026-07-23 15:13:36] Total calculations elapsed time: 3.31878519058228
[2026-07-23 15:13:36] Calculate genes COEX (torch) on device cpu: DONE
[2026-07-23 15:13:37] Only genes' COEX elapsed time: 4.13765478134155
[2026-07-23 15:13:37] Dataset analysis elapsed time: 9.21535038948059
[2026-07-23 15:13:37] COTAN dataset analysis: DONE
[2026-07-23 15:13:38] Checking uniformity for the cluster '02_0014' with 95 cells
[2026-07-23 15:13:38] Calculate GDI dataframe: START
[2026-07-23 15:13:38] Using S
[2026-07-23 15:13:38] Calculating S: START
[2026-07-23 15:13:39] Calculating S: DONE
[2026-07-23 15:13:39] Calculate `GDI`: START
[2026-07-23 15:13:39] Effective number of cores used: 80
[2026-07-23 15:13:39] Effective number of cores used: 80
[2026-07-23 15:13:39] Executing 7 genes batches
[2026-07-23 15:13:41] Total calculations elapsed time: 1.42801523208618
[2026-07-23 15:13:41] Calculate `GDI`: DONE
[2026-07-23 15:13:42] Total calculations elapsed time: 4.35484433174133
[2026-07-23 15:13:42] Calculate GDI dataframe: DONE
[2026-07-23 15:13:42] Clean plots: START
[2026-07-23 15:13:42] Total calculations elapsed time: 0.0252928733825684
[2026-07-23 15:13:42] Clean plots: DONE
[2026-07-23 15:13:42] GDI plot
[2026-07-23 15:13:42] Removed 1 low GDI genes (such as the fully-expressed) in GDI plot
[2026-07-23 15:13:45] Cluster 02_0014, with size 95, is not uniform
[2026-07-23 15:13:45] Cluster 02_0014's shift to uniformity: 0.675643745607105
[2026-07-23 15:13:45] class = SimpleGDIUniformityCheck, check.isCheckAbove = FALSE, check.GDIThreshold = 1.001, check.maxRatioBeyond = 0.01, check.maxRankBeyond = 0, check.fractionBeyond = 0.306549336410848, check.thresholdRank = 0, check.quantileAtRatio = 1.67664374560711, check.quantileAtRank = NaN, isUniform = FALSE, clusterSize = 95
[2026-07-23 15:13:45] cluster 02_0014 has too high GDI: will be reclustered!
[2026-07-23 15:13:45] 
[2026-07-23 15:13:46] *[2026-07-23 15:13:46]  checking uniformity of cluster '15' of 18 clusters
[2026-07-23 15:13:46] cluster 02_0015 has too few cells: will be reclustered!
[2026-07-23 15:13:46] *[2026-07-23 15:13:46]  checking uniformity of cluster '16' of 18 clusters
[2026-07-23 15:13:46] cluster 02_0016 has too few cells: will be reclustered!
[2026-07-23 15:13:46] *[2026-07-23 15:13:46]  checking uniformity of cluster '17' of 18 clusters
[2026-07-23 15:13:46] cluster 02_0017 has too few cells: will be reclustered!
[2026-07-23 15:13:46] 
[2026-07-23 15:13:46] Found 2 uniform and  16 non-uniform clusters
[2026-07-23 15:13:47] Loop calculations elapsed time: 294.362784862518
[2026-07-23 15:13:47] In iteration 3 [2026-07-23 15:13:47] the number of cells to re-cluster is 3829 cells belonging to 16 clusters
[2026-07-23 15:13:47] Asked to drop 0 genes and 248 cells
[2026-07-23 15:13:47] Creating new clusterization: START
[2026-07-23 15:13:47] Elaborating Reduced dimensionality Data Matrix - START
[2026-07-23 15:13:47] Running genes' selection: START
[2026-07-23 15:13:48] Selected 2000 genes using HVG_Seurat selector
[2026-07-23 15:13:48] Running genes' selection: DONE
[2026-07-23 15:13:51] Elaborating PCA - START
[2026-07-23 15:13:51] Elaborating PCA - DONE
[2026-07-23 15:13:52] Total calculations elapsed time: 5.59348607063293
[2026-07-23 15:13:52] Elaborating Reduced dimensionality Data Matrix - DONE
[2026-07-23 15:13:54] Number of clusters is too small. Reclustering at resolution higher than: 0.8
[2026-07-23 15:13:54] Number of clusters is too small. Reclustering at resolution higher than: 1.3
[2026-07-23 15:13:54] Number of clusters is too small. Reclustering at resolution higher than: 1.8
[2026-07-23 15:13:55] Used resolution for Seurat clusterization is: 2.3
[2026-07-23 15:13:55] Total calculations elapsed time: 8.04731464385986
[2026-07-23 15:13:55] Creating new clusterization: DONE
[2026-07-23 15:13:56] Creating PDF UMAP in file:  /data/lorenzo_delitala/data/project_files/ding/cortex_2/plots/Ding_Cortex_2_Transcript/reclustering/pdf_umap_3.pdf
[2026-07-23 15:13:56] UMAP plot: START
[2026-07-23 15:13:56] Calculating UMAP: START
[2026-07-23 15:14:05] Calculating UMAP: DONE
[2026-07-23 15:14:05] Total calculations elapsed time: 9.72291588783264
[2026-07-23 15:14:05] UMAP plot: DONE
[2026-07-23 15:14:06] UMAP plot: START
[2026-07-23 15:14:06] Calculating UMAP: START
[2026-07-23 15:14:15] Calculating UMAP: DONE
[2026-07-23 15:14:15] Total calculations elapsed time: 9.77485728263855
[2026-07-23 15:14:15] UMAP plot: DONE
[2026-07-23 15:14:16] *[2026-07-23 15:14:16]  checking uniformity of cluster '0' of 21 clusters
[2026-07-23 15:14:16] Asked to drop 0 genes and 3693 cells
[2026-07-23 15:14:16] COTAN dataset analysis: START
[2026-07-23 15:14:16] Asked to drop 2095 genes and 0 cells
[2026-07-23 15:14:16] Genes/cells selection done: dropped [2095] genes and [0] cells
[2026-07-23 15:14:16] Working on [10753] genes and [384] cells
[2026-07-23 15:14:17] Dataset cleaning elapsed time: 0.877659320831299
[2026-07-23 15:14:17] Estimate `dispersion`: START
[2026-07-23 15:14:17] Effective number of cores used: 80
[2026-07-23 15:14:17] Executing 11 genes batches
[2026-07-23 15:14:17] Parallel dispersion Newton-Raphson: used up to 5 iterations
[2026-07-23 15:14:17] Parallel dispersion Newton-Raphson: used up to 5 iterations
[2026-07-23 15:14:17] Parallel dispersion Newton-Raphson: used up to 6 iterations
[2026-07-23 15:14:17] Parallel dispersion Newton-Raphson: used up to 7 iterations
[2026-07-23 15:14:17] Parallel dispersion Newton-Raphson: used up to 6 iterations
[2026-07-23 15:14:17] Parallel dispersion Newton-Raphson: used up to 6 iterations
[2026-07-23 15:14:18] Parallel dispersion Newton-Raphson: used up to 6 iterations
[2026-07-23 15:14:18] Parallel dispersion Newton-Raphson: used up to 6 iterations
[2026-07-23 15:14:18] Parallel dispersion Newton-Raphson: used up to 6 iterations
[2026-07-23 15:14:18] Parallel dispersion Newton-Raphson: used up to 6 iterations
[2026-07-23 15:14:18] Parallel dispersion Newton-Raphson: used up to 7 iterations
[2026-07-23 15:14:21] Total calculations elapsed time: 4.21524238586426
[2026-07-23 15:14:21] Estimate `dispersion`: DONE
[2026-07-23 15:14:21] Estimate `dispersion`: DONE
[2026-07-23 15:14:21] `dispersion` | min: -0.232017441531067 | max: 535.623937857517 | % negative: 64.9958151213615
[2026-07-23 15:14:22] Model parameter estimation elapsed time: 5.11949467658997
[2026-07-23 15:14:22] COTAN genes' COEX estimation: START
[2026-07-23 15:14:22] Effective number of cores used: 80
[2026-07-23 15:14:22] Calculate genes COEX (torch) on device cpu: START
[2026-07-23 15:14:22] Retrieving expected genes contingency table
[2026-07-23 15:14:22] Expected genes contingency table elapsed time: 0.0819613933563232
[2026-07-23 15:14:22] Calculating genes COEX normalization factor
[2026-07-23 15:14:23] Calculating genes COEX normalization factor elapsed time: 1.13940787315369
[2026-07-23 15:14:23] Retrieving observed genes yes/yes contingency table
[2026-07-23 15:14:23] Observed genes contingency table elapsed time: 0.109045028686523
[2026-07-23 15:14:29] Calculate genes COEX elapsed time: 5.64337110519409
[2026-07-23 15:14:29] Total calculations elapsed time: 6.97378540039062
[2026-07-23 15:14:29] Calculate genes COEX (torch) on device cpu: DONE
[2026-07-23 15:14:30] Only genes' COEX elapsed time: 7.7513861656189
[2026-07-23 15:14:30] Dataset analysis elapsed time: 13.7485401630402
[2026-07-23 15:14:30] COTAN dataset analysis: DONE
[2026-07-23 15:14:30] Checking uniformity for the cluster '03_0000' with 384 cells
[2026-07-23 15:14:30] Calculate GDI dataframe: START
[2026-07-23 15:14:30] Using S
[2026-07-23 15:14:30] Calculating S: START
[2026-07-23 15:14:34] Calculating S: DONE
[2026-07-23 15:14:34] Calculate `GDI`: START
[2026-07-23 15:14:34] Effective number of cores used: 80
[2026-07-23 15:14:34] Effective number of cores used: 80
[2026-07-23 15:14:34] Executing 11 genes batches
[2026-07-23 15:14:36] Total calculations elapsed time: 2.45283961296082
[2026-07-23 15:14:36] Calculate `GDI`: DONE
[2026-07-23 15:14:37] Total calculations elapsed time: 7.08657145500183
[2026-07-23 15:14:37] Calculate GDI dataframe: DONE
[2026-07-23 15:14:37] Clean plots: START
[2026-07-23 15:14:37] Total calculations elapsed time: 0.0268681049346924
[2026-07-23 15:14:37] Clean plots: DONE
[2026-07-23 15:14:37] GDI plot
[2026-07-23 15:14:37] Removed 1 low GDI genes (such as the fully-expressed) in GDI plot
[2026-07-23 15:14:39] Cluster 03_0000, with size 384, is not uniform
[2026-07-23 15:14:39] Cluster 03_0000's shift to uniformity: 0.28970777729717
[2026-07-23 15:14:39] class = SimpleGDIUniformityCheck, check.isCheckAbove = FALSE, check.GDIThreshold = 1.001, check.maxRatioBeyond = 0.01, check.maxRankBeyond = 0, check.fractionBeyond = 0.210452896865991, check.thresholdRank = 0, check.quantileAtRatio = 1.29070777729717, check.quantileAtRank = NaN, isUniform = FALSE, clusterSize = 384
[2026-07-23 15:14:39] cluster 03_0000 has too high GDI: will be reclustered!
[2026-07-23 15:14:39] 
[2026-07-23 15:14:40] *[2026-07-23 15:14:40]  checking uniformity of cluster '1' of 21 clusters
[2026-07-23 15:14:40] Asked to drop 0 genes and 3753 cells
[2026-07-23 15:14:40] COTAN dataset analysis: START
[2026-07-23 15:14:40] Asked to drop 3241 genes and 0 cells
[2026-07-23 15:14:40] Genes/cells selection done: dropped [3241] genes and [0] cells
[2026-07-23 15:14:40] Working on [9607] genes and [324] cells
[2026-07-23 15:14:41] Dataset cleaning elapsed time: 0.870510339736938
[2026-07-23 15:14:41] Estimate `dispersion`: START
[2026-07-23 15:14:41] Effective number of cores used: 80
[2026-07-23 15:14:41] Executing 10 genes batches
[2026-07-23 15:14:41] Parallel dispersion Newton-Raphson: used up to 6 iterations
[2026-07-23 15:14:41] Parallel dispersion Newton-Raphson: used up to 6 iterations
[2026-07-23 15:14:41] Parallel dispersion Newton-Raphson: used up to 6 iterations
[2026-07-23 15:14:41] Parallel dispersion Newton-Raphson: used up to 6 iterations
[2026-07-23 15:14:41] Parallel dispersion Newton-Raphson: used up to 6 iterations
[2026-07-23 15:14:42] Parallel dispersion Newton-Raphson: used up to 6 iterations
[2026-07-23 15:14:42] Parallel dispersion Newton-Raphson: used up to 7 iterations
[2026-07-23 15:14:42] Parallel dispersion Newton-Raphson: used up to 7 iterations
[2026-07-23 15:14:42] Parallel dispersion Newton-Raphson: used up to 5 iterations
[2026-07-23 15:14:42] Parallel dispersion Newton-Raphson: used up to 6 iterations
[2026-07-23 15:14:45] Total calculations elapsed time: 4.13543081283569
[2026-07-23 15:14:45] Estimate `dispersion`: DONE
[2026-07-23 15:14:45] Estimate `dispersion`: DONE
[2026-07-23 15:14:45] `dispersion` | min: -0.187228075795962 | max: 382.114048081513 | % negative: 65.6812740709899
[2026-07-23 15:14:46] Model parameter estimation elapsed time: 4.92198181152344
[2026-07-23 15:14:46] COTAN genes' COEX estimation: START
[2026-07-23 15:14:46] Effective number of cores used: 80
[2026-07-23 15:14:46] Calculate genes COEX (torch) on device cpu: START
[2026-07-23 15:14:46] Retrieving expected genes contingency table
[2026-07-23 15:14:46] Expected genes contingency table elapsed time: 0.0775654315948486
[2026-07-23 15:14:46] Calculating genes COEX normalization factor
[2026-07-23 15:14:47] Calculating genes COEX normalization factor elapsed time: 1.02767944335938
[2026-07-23 15:14:47] Retrieving observed genes yes/yes contingency table
[2026-07-23 15:14:47] Observed genes contingency table elapsed time: 0.0684645175933838
[2026-07-23 15:14:51] Calculate genes COEX elapsed time: 4.3103883266449
[2026-07-23 15:14:51] Total calculations elapsed time: 5.4840977191925
[2026-07-23 15:14:51] Calculate genes COEX (torch) on device cpu: DONE
[2026-07-23 15:14:52] Only genes' COEX elapsed time: 6.29010343551636
[2026-07-23 15:14:52] Dataset analysis elapsed time: 12.0825955867767
[2026-07-23 15:14:52] COTAN dataset analysis: DONE
[2026-07-23 15:14:53] Checking uniformity for the cluster '03_0001' with 324 cells
[2026-07-23 15:14:53] Calculate GDI dataframe: START
[2026-07-23 15:14:53] Using S
[2026-07-23 15:14:53] Calculating S: START
[2026-07-23 15:14:55] Calculating S: DONE
[2026-07-23 15:14:55] Calculate `GDI`: START
[2026-07-23 15:14:55] Effective number of cores used: 80
[2026-07-23 15:14:55] Effective number of cores used: 80
[2026-07-23 15:14:55] Executing 10 genes batches
[2026-07-23 15:14:57] Total calculations elapsed time: 2.09027051925659
[2026-07-23 15:14:57] Calculate `GDI`: DONE
[2026-07-23 15:14:59] Total calculations elapsed time: 5.7378396987915
[2026-07-23 15:14:59] Calculate GDI dataframe: DONE
[2026-07-23 15:14:59] Clean plots: START
[2026-07-23 15:14:59] Total calculations elapsed time: 0.0231740474700928
[2026-07-23 15:14:59] Clean plots: DONE
[2026-07-23 15:14:59] GDI plot
[2026-07-23 15:14:59] Removed 3 low GDI genes (such as the fully-expressed) in GDI plot
[2026-07-23 15:15:00] Cluster 03_0001, with size 324, is not uniform
[2026-07-23 15:15:00] Cluster 03_0001's shift to uniformity: 0.323842787929033
[2026-07-23 15:15:00] class = SimpleGDIUniformityCheck, check.isCheckAbove = FALSE, check.GDIThreshold = 1.001, check.maxRatioBeyond = 0.01, check.maxRankBeyond = 0, check.fractionBeyond = 0.177682939523264, check.thresholdRank = 0, check.quantileAtRatio = 1.32484278792903, check.quantileAtRank = NaN, isUniform = FALSE, clusterSize = 324
[2026-07-23 15:15:00] cluster 03_0001 has too high GDI: will be reclustered!
[2026-07-23 15:15:00] 
[2026-07-23 15:15:01] *[2026-07-23 15:15:01]  checking uniformity of cluster '2' of 21 clusters
[2026-07-23 15:15:01] Asked to drop 0 genes and 3766 cells
[2026-07-23 15:15:01] COTAN dataset analysis: START
[2026-07-23 15:15:01] Asked to drop 1748 genes and 0 cells
[2026-07-23 15:15:01] Genes/cells selection done: dropped [1748] genes and [0] cells
[2026-07-23 15:15:01] Working on [11100] genes and [311] cells
[2026-07-23 15:15:02] Dataset cleaning elapsed time: 0.751692295074463
[2026-07-23 15:15:02] Estimate `dispersion`: START
[2026-07-23 15:15:02] Effective number of cores used: 80
[2026-07-23 15:15:02] Executing 11 genes batches
[2026-07-23 15:15:02] Parallel dispersion Newton-Raphson: used up to 7 iterations
[2026-07-23 15:15:02] Parallel dispersion Newton-Raphson: used up to 5 iterations
[2026-07-23 15:15:02] Parallel dispersion Newton-Raphson: used up to 5 iterations
[2026-07-23 15:15:02] Parallel dispersion Newton-Raphson: used up to 6 iterations
[2026-07-23 15:15:02] Parallel dispersion Newton-Raphson: used up to 6 iterations
[2026-07-23 15:15:03] Parallel dispersion Newton-Raphson: used up to 6 iterations
[2026-07-23 15:15:03] Parallel dispersion Newton-Raphson: used up to 6 iterations
[2026-07-23 15:15:03] Parallel dispersion Newton-Raphson: used up to 6 iterations
[2026-07-23 15:15:03] Parallel dispersion Newton-Raphson: used up to 6 iterations
[2026-07-23 15:15:03] Parallel dispersion Newton-Raphson: used up to 6 iterations
[2026-07-23 15:15:03] Parallel dispersion Newton-Raphson: used up to 7 iterations
[2026-07-23 15:15:06] Total calculations elapsed time: 3.89420032501221
[2026-07-23 15:15:06] Estimate `dispersion`: DONE
[2026-07-23 15:15:06] Estimate `dispersion`: DONE
[2026-07-23 15:15:06] `dispersion` | min: -0.326036926575306 | max: 311.846352096908 | % negative: 60.972972972973
[2026-07-23 15:15:06] Model parameter estimation elapsed time: 4.68873143196106
[2026-07-23 15:15:06] COTAN genes' COEX estimation: START
[2026-07-23 15:15:06] Effective number of cores used: 80
[2026-07-23 15:15:06] Calculate genes COEX (torch) on device cpu: START
[2026-07-23 15:15:06] Retrieving expected genes contingency table
[2026-07-23 15:15:07] Expected genes contingency table elapsed time: 0.0777602195739746
[2026-07-23 15:15:07] Calculating genes COEX normalization factor
[2026-07-23 15:15:08] Calculating genes COEX normalization factor elapsed time: 1.13219094276428
[2026-07-23 15:15:08] Retrieving observed genes yes/yes contingency table
[2026-07-23 15:15:08] Observed genes contingency table elapsed time: 0.0834724903106689
[2026-07-23 15:15:14] Calculate genes COEX elapsed time: 5.80918264389038
[2026-07-23 15:15:14] Total calculations elapsed time: 7.10260629653931
[2026-07-23 15:15:14] Calculate genes COEX (torch) on device cpu: DONE
[2026-07-23 15:15:14] Only genes' COEX elapsed time: 7.90277910232544
[2026-07-23 15:15:14] Dataset analysis elapsed time: 13.343202829361
[2026-07-23 15:15:14] COTAN dataset analysis: DONE
[2026-07-23 15:15:15] Checking uniformity for the cluster '03_0002' with 311 cells
[2026-07-23 15:15:15] Calculate GDI dataframe: START
[2026-07-23 15:15:15] Using S
[2026-07-23 15:15:15] Calculating S: START
[2026-07-23 15:15:19] Calculating S: DONE
[2026-07-23 15:15:19] Calculate `GDI`: START
[2026-07-23 15:15:19] Effective number of cores used: 80
[2026-07-23 15:15:19] Effective number of cores used: 80
[2026-07-23 15:15:19] Executing 11 genes batches
[2026-07-23 15:15:21] Total calculations elapsed time: 2.55443072319031
[2026-07-23 15:15:21] Calculate `GDI`: DONE
[2026-07-23 15:15:22] Total calculations elapsed time: 7.28744602203369
[2026-07-23 15:15:22] Calculate GDI dataframe: DONE
[2026-07-23 15:15:22] Clean plots: START
[2026-07-23 15:15:22] Total calculations elapsed time: 0.023585319519043
[2026-07-23 15:15:22] Clean plots: DONE
[2026-07-23 15:15:22] GDI plot
[2026-07-23 15:15:22] Removed 1 low GDI genes (such as the fully-expressed) in GDI plot
[2026-07-23 15:15:24] Cluster 03_0002, with size 311, is not uniform
[2026-07-23 15:15:24] Cluster 03_0002's shift to uniformity: 0.442259521210907
[2026-07-23 15:15:24] class = SimpleGDIUniformityCheck, check.isCheckAbove = FALSE, check.GDIThreshold = 1.001, check.maxRatioBeyond = 0.01, check.maxRankBeyond = 0, check.fractionBeyond = 0.33954954954955, check.thresholdRank = 0, check.quantileAtRatio = 1.44325952121091, check.quantileAtRank = NaN, isUniform = FALSE, clusterSize = 311
[2026-07-23 15:15:24] cluster 03_0002 has too high GDI: will be reclustered!
[2026-07-23 15:15:24] 
[2026-07-23 15:15:25] *[2026-07-23 15:15:25]  checking uniformity of cluster '3' of 21 clusters
[2026-07-23 15:15:25] Asked to drop 0 genes and 3777 cells
[2026-07-23 15:15:25] COTAN dataset analysis: START
[2026-07-23 15:15:25] Asked to drop 3997 genes and 0 cells
[2026-07-23 15:15:25] Genes/cells selection done: dropped [3997] genes and [0] cells
[2026-07-23 15:15:25] Working on [8851] genes and [300] cells
[2026-07-23 15:15:26] Dataset cleaning elapsed time: 0.805954456329346
[2026-07-23 15:15:26] Estimate `dispersion`: START
[2026-07-23 15:15:26] Effective number of cores used: 80
[2026-07-23 15:15:26] Executing 9 genes batches
[2026-07-23 15:15:26] Parallel dispersion Newton-Raphson: used up to 5 iterations
[2026-07-23 15:15:26] Parallel dispersion Newton-Raphson: used up to 5 iterations
[2026-07-23 15:15:26] Parallel dispersion Newton-Raphson: used up to 6 iterations
[2026-07-23 15:15:27] Parallel dispersion Newton-Raphson: used up to 7 iterations
[2026-07-23 15:15:27] Parallel dispersion Newton-Raphson: used up to 6 iterations
[2026-07-23 15:15:27] Parallel dispersion Newton-Raphson: used up to 5 iterations
[2026-07-23 15:15:27] Parallel dispersion Newton-Raphson: used up to 6 iterations
[2026-07-23 15:15:27] Parallel dispersion Newton-Raphson: used up to 6 iterations
[2026-07-23 15:15:27] Parallel dispersion Newton-Raphson: used up to 6 iterations
[2026-07-23 15:15:30] Total calculations elapsed time: 3.98513197898865
[2026-07-23 15:15:30] Estimate `dispersion`: DONE
[2026-07-23 15:15:30] Estimate `dispersion`: DONE
[2026-07-23 15:15:30] `dispersion` | min: -0.194014423543238 | max: 273.762946106487 | % negative: 70.127669189922
[2026-07-23 15:15:31] Model parameter estimation elapsed time: 4.76895904541016
[2026-07-23 15:15:31] COTAN genes' COEX estimation: START
[2026-07-23 15:15:31] Effective number of cores used: 80
[2026-07-23 15:15:31] Calculate genes COEX (torch) on device cpu: START
[2026-07-23 15:15:31] Retrieving expected genes contingency table
[2026-07-23 15:15:31] Expected genes contingency table elapsed time: 0.05458664894104
[2026-07-23 15:15:31] Calculating genes COEX normalization factor
[2026-07-23 15:15:32] Calculating genes COEX normalization factor elapsed time: 1.01132822036743
[2026-07-23 15:15:32] Retrieving observed genes yes/yes contingency table
[2026-07-23 15:15:32] Observed genes contingency table elapsed time: 0.070065975189209
[2026-07-23 15:15:36] Calculate genes COEX elapsed time: 3.68884491920471
[2026-07-23 15:15:36] Total calculations elapsed time: 4.82482576370239
[2026-07-23 15:15:36] Calculate genes COEX (torch) on device cpu: DONE
[2026-07-23 15:15:36] Only genes' COEX elapsed time: 5.62141442298889
[2026-07-23 15:15:36] Dataset analysis elapsed time: 11.1963279247284
[2026-07-23 15:15:36] COTAN dataset analysis: DONE
[2026-07-23 15:15:37] Checking uniformity for the cluster '03_0003' with 300 cells
[2026-07-23 15:15:37] Calculate GDI dataframe: START
[2026-07-23 15:15:37] Using S
[2026-07-23 15:15:37] Calculating S: START
[2026-07-23 15:15:39] Calculating S: DONE
[2026-07-23 15:15:39] Calculate `GDI`: START
[2026-07-23 15:15:39] Effective number of cores used: 80
[2026-07-23 15:15:39] Effective number of cores used: 80
[2026-07-23 15:15:39] Executing 9 genes batches
[2026-07-23 15:15:42] Total calculations elapsed time: 2.39365887641907
[2026-07-23 15:15:42] Calculate `GDI`: DONE
[2026-07-23 15:15:43] Total calculations elapsed time: 5.92317843437195
[2026-07-23 15:15:43] Calculate GDI dataframe: DONE
[2026-07-23 15:15:43] Clean plots: START
[2026-07-23 15:15:43] Total calculations elapsed time: 0.0240120887756348
[2026-07-23 15:15:43] Clean plots: DONE
[2026-07-23 15:15:43] GDI plot
[2026-07-23 15:15:43] Removed 1 low GDI genes (such as the fully-expressed) in GDI plot
[2026-07-23 15:15:45] Cluster 03_0003, with size 300, is not uniform
[2026-07-23 15:15:45] Cluster 03_0003's shift to uniformity: 0.194684280543199
[2026-07-23 15:15:45] class = SimpleGDIUniformityCheck, check.isCheckAbove = FALSE, check.GDIThreshold = 1.001, check.maxRatioBeyond = 0.01, check.maxRankBeyond = 0, check.fractionBeyond = 0.0952434753135239, check.thresholdRank = 0, check.quantileAtRatio = 1.1956842805432, check.quantileAtRank = NaN, isUniform = FALSE, clusterSize = 300
[2026-07-23 15:15:45] cluster 03_0003 has too high GDI: will be reclustered!
[2026-07-23 15:15:45] 
[2026-07-23 15:15:46] *[2026-07-23 15:15:46]  checking uniformity of cluster '4' of 21 clusters
[2026-07-23 15:15:46] Asked to drop 0 genes and 3794 cells
[2026-07-23 15:15:46] COTAN dataset analysis: START
[2026-07-23 15:15:46] Asked to drop 3116 genes and 0 cells
[2026-07-23 15:15:46] Genes/cells selection done: dropped [3116] genes and [0] cells
[2026-07-23 15:15:46] Working on [9732] genes and [283] cells
[2026-07-23 15:15:47] Dataset cleaning elapsed time: 0.857895374298096
[2026-07-23 15:15:47] Estimate `dispersion`: START
[2026-07-23 15:15:47] Effective number of cores used: 80
[2026-07-23 15:15:47] Executing 10 genes batches
[2026-07-23 15:15:47] Parallel dispersion Newton-Raphson: used up to 5 iterations
[2026-07-23 15:15:47] Parallel dispersion Newton-Raphson: used up to 5 iterations
[2026-07-23 15:15:47] Parallel dispersion Newton-Raphson: used up to 6 iterations
[2026-07-23 15:15:47] Parallel dispersion Newton-Raphson: used up to 6 iterations
[2026-07-23 15:15:47] Parallel dispersion Newton-Raphson: used up to 6 iterations
[2026-07-23 15:15:47] Parallel dispersion Newton-Raphson: used up to 6 iterations
[2026-07-23 15:15:47] Parallel dispersion Newton-Raphson: used up to 6 iterations
[2026-07-23 15:15:48] Parallel dispersion Newton-Raphson: used up to 6 iterations
[2026-07-23 15:15:48] Parallel dispersion Newton-Raphson: used up to 6 iterations
[2026-07-23 15:15:48] Parallel dispersion Newton-Raphson: used up to 7 iterations
[2026-07-23 15:15:50] Total calculations elapsed time: 3.7803430557251
[2026-07-23 15:15:50] Estimate `dispersion`: DONE
[2026-07-23 15:15:50] Estimate `dispersion`: DONE
[2026-07-23 15:15:50] `dispersion` | min: -0.225881612691673 | max: 340.62661854315 | % negative: 66.3481298808056
[2026-07-23 15:15:51] Model parameter estimation elapsed time: 4.60599660873413
[2026-07-23 15:15:51] COTAN genes' COEX estimation: START
[2026-07-23 15:15:51] Effective number of cores used: 80
[2026-07-23 15:15:51] Calculate genes COEX (torch) on device cpu: START
[2026-07-23 15:15:51] Retrieving expected genes contingency table
[2026-07-23 15:15:51] Expected genes contingency table elapsed time: 0.0618784427642822
[2026-07-23 15:15:51] Calculating genes COEX normalization factor
[2026-07-23 15:15:52] Calculating genes COEX normalization factor elapsed time: 1.01177263259888
[2026-07-23 15:15:52] Retrieving observed genes yes/yes contingency table
[2026-07-23 15:15:52] Observed genes contingency table elapsed time: 0.0751566886901855
[2026-07-23 15:15:57] Calculate genes COEX elapsed time: 4.43463206291199
[2026-07-23 15:15:57] Total calculations elapsed time: 5.58343982696533
[2026-07-23 15:15:57] Calculate genes COEX (torch) on device cpu: DONE
[2026-07-23 15:15:58] Only genes' COEX elapsed time: 6.37584972381592
[2026-07-23 15:15:58] Dataset analysis elapsed time: 11.8397417068481
[2026-07-23 15:15:58] COTAN dataset analysis: DONE
[2026-07-23 15:15:58] Checking uniformity for the cluster '03_0004' with 283 cells
[2026-07-23 15:15:58] Calculate GDI dataframe: START
[2026-07-23 15:15:58] Using S
[2026-07-23 15:15:58] Calculating S: START
[2026-07-23 15:16:01] Calculating S: DONE
[2026-07-23 15:16:01] Calculate `GDI`: START
[2026-07-23 15:16:01] Effective number of cores used: 80
[2026-07-23 15:16:01] Effective number of cores used: 80
[2026-07-23 15:16:01] Executing 10 genes batches
[2026-07-23 15:16:03] Total calculations elapsed time: 2.13767266273499
[2026-07-23 15:16:03] Calculate `GDI`: DONE
[2026-07-23 15:16:04] Total calculations elapsed time: 6.01324820518494
[2026-07-23 15:16:04] Calculate GDI dataframe: DONE
[2026-07-23 15:16:04] Clean plots: START
[2026-07-23 15:16:04] Total calculations elapsed time: 0.0286509990692139
[2026-07-23 15:16:04] Clean plots: DONE
[2026-07-23 15:16:04] GDI plot
[2026-07-23 15:16:04] Removed 1 low GDI genes (such as the fully-expressed) in GDI plot
[2026-07-23 15:16:06] Cluster 03_0004, with size 283, is not uniform
[2026-07-23 15:16:06] Cluster 03_0004's shift to uniformity: 0.2846511073954
[2026-07-23 15:16:06] class = SimpleGDIUniformityCheck, check.isCheckAbove = FALSE, check.GDIThreshold = 1.001, check.maxRatioBeyond = 0.01, check.maxRankBeyond = 0, check.fractionBeyond = 0.195951500205508, check.thresholdRank = 0, check.quantileAtRatio = 1.2856511073954, check.quantileAtRank = NaN, isUniform = FALSE, clusterSize = 283
[2026-07-23 15:16:06] cluster 03_0004 has too high GDI: will be reclustered!
[2026-07-23 15:16:06] 
[2026-07-23 15:16:07] *[2026-07-23 15:16:07]  checking uniformity of cluster '5' of 21 clusters
[2026-07-23 15:16:07] Asked to drop 0 genes and 3811 cells
[2026-07-23 15:16:07] COTAN dataset analysis: START
[2026-07-23 15:16:07] Asked to drop 7411 genes and 0 cells
[2026-07-23 15:16:07] Genes/cells selection done: dropped [7411] genes and [0] cells
[2026-07-23 15:16:07] Working on [5437] genes and [266] cells
[2026-07-23 15:16:08] Dataset cleaning elapsed time: 0.792895555496216
[2026-07-23 15:16:08] Estimate `dispersion`: START
[2026-07-23 15:16:08] Effective number of cores used: 80
[2026-07-23 15:16:08] Executing 6 genes batches
[2026-07-23 15:16:08] Parallel dispersion Newton-Raphson: used up to 7 iterations
[2026-07-23 15:16:08] Parallel dispersion Newton-Raphson: used up to 6 iterations
[2026-07-23 15:16:08] Parallel dispersion Newton-Raphson: used up to 6 iterations
[2026-07-23 15:16:08] Parallel dispersion Newton-Raphson: used up to 7 iterations
[2026-07-23 15:16:08] Parallel dispersion Newton-Raphson: used up to 6 iterations
[2026-07-23 15:16:09] Parallel dispersion Newton-Raphson: used up to 6 iterations
[2026-07-23 15:16:11] Total calculations elapsed time: 3.51521754264832
[2026-07-23 15:16:11] Estimate `dispersion`: DONE
[2026-07-23 15:16:11] Estimate `dispersion`: DONE
[2026-07-23 15:16:11] `dispersion` | min: -0.547429413252075 | max: 237.190468478331 | % negative: 73.9746183557109
[2026-07-23 15:16:12] Model parameter estimation elapsed time: 4.3536365032196
[2026-07-23 15:16:12] COTAN genes' COEX estimation: START
[2026-07-23 15:16:12] Effective number of cores used: 80
[2026-07-23 15:16:12] Calculate genes COEX (torch) on device cpu: START
[2026-07-23 15:16:12] Retrieving expected genes contingency table
[2026-07-23 15:16:12] Expected genes contingency table elapsed time: 0.0322494506835938
[2026-07-23 15:16:12] Calculating genes COEX normalization factor
[2026-07-23 15:16:13] Calculating genes COEX normalization factor elapsed time: 0.867935180664062
[2026-07-23 15:16:13] Retrieving observed genes yes/yes contingency table
[2026-07-23 15:16:13] Observed genes contingency table elapsed time: 0.0266733169555664
[2026-07-23 15:16:15] Calculate genes COEX elapsed time: 1.77359175682068
[2026-07-23 15:16:15] Total calculations elapsed time: 2.7004497051239
[2026-07-23 15:16:15] Calculate genes COEX (torch) on device cpu: DONE
[2026-07-23 15:16:16] Only genes' COEX elapsed time: 3.4344482421875
[2026-07-23 15:16:16] Dataset analysis elapsed time: 8.58098030090332
[2026-07-23 15:16:16] COTAN dataset analysis: DONE
[2026-07-23 15:16:16] Checking uniformity for the cluster '03_0005' with 266 cells
[2026-07-23 15:16:16] Calculate GDI dataframe: START
[2026-07-23 15:16:16] Using S
[2026-07-23 15:16:16] Calculating S: START
[2026-07-23 15:16:17] Calculating S: DONE
[2026-07-23 15:16:17] Calculate `GDI`: START
[2026-07-23 15:16:17] Effective number of cores used: 80
[2026-07-23 15:16:17] Effective number of cores used: 80
[2026-07-23 15:16:17] Executing 6 genes batches
[2026-07-23 15:16:18] Total calculations elapsed time: 1.19510173797607
[2026-07-23 15:16:18] Calculate `GDI`: DONE
[2026-07-23 15:16:19] Total calculations elapsed time: 3.08126306533813
[2026-07-23 15:16:19] Calculate GDI dataframe: DONE
[2026-07-23 15:16:19] Clean plots: START
[2026-07-23 15:16:19] Total calculations elapsed time: 0.0229299068450928
[2026-07-23 15:16:19] Clean plots: DONE
[2026-07-23 15:16:19] GDI plot
[2026-07-23 15:16:19] Removed 1 low GDI genes (such as the fully-expressed) in GDI plot
[2026-07-23 15:16:21] Cluster 03_0005, with size 266, is not uniform
[2026-07-23 15:16:21] Cluster 03_0005's shift to uniformity: 0.436782409362268
[2026-07-23 15:16:21] class = SimpleGDIUniformityCheck, check.isCheckAbove = FALSE, check.GDIThreshold = 1.001, check.maxRatioBeyond = 0.01, check.maxRankBeyond = 0, check.fractionBeyond = 0.134265219790326, check.thresholdRank = 0, check.quantileAtRatio = 1.43778240936227, check.quantileAtRank = NaN, isUniform = FALSE, clusterSize = 266
[2026-07-23 15:16:21] cluster 03_0005 has too high GDI: will be reclustered!
[2026-07-23 15:16:21] 
[2026-07-23 15:16:22] *[2026-07-23 15:16:22]  checking uniformity of cluster '6' of 21 clusters
[2026-07-23 15:16:22] Asked to drop 0 genes and 3842 cells
[2026-07-23 15:16:22] COTAN dataset analysis: START
[2026-07-23 15:16:22] Asked to drop 5518 genes and 0 cells
[2026-07-23 15:16:22] Genes/cells selection done: dropped [5518] genes and [0] cells
[2026-07-23 15:16:22] Working on [7330] genes and [235] cells
[2026-07-23 15:16:22] Dataset cleaning elapsed time: 0.733744382858276
[2026-07-23 15:16:22] Estimate `dispersion`: START
[2026-07-23 15:16:22] Effective number of cores used: 80
[2026-07-23 15:16:22] Executing 8 genes batches
[2026-07-23 15:16:23] Parallel dispersion Newton-Raphson: used up to 6 iterations
[2026-07-23 15:16:23] Parallel dispersion Newton-Raphson: used up to 6 iterations
[2026-07-23 15:16:23] Parallel dispersion Newton-Raphson: used up to 7 iterations
[2026-07-23 15:16:23] Parallel dispersion Newton-Raphson: used up to 6 iterations
[2026-07-23 15:16:23] Parallel dispersion Newton-Raphson: used up to 6 iterations
[2026-07-23 15:16:23] Parallel dispersion Newton-Raphson: used up to 6 iterations
[2026-07-23 15:16:23] Parallel dispersion Newton-Raphson: used up to 6 iterations
[2026-07-23 15:16:23] Parallel dispersion Newton-Raphson: used up to 6 iterations
[2026-07-23 15:16:26] Total calculations elapsed time: 3.79221796989441
[2026-07-23 15:16:26] Estimate `dispersion`: DONE
[2026-07-23 15:16:26] Estimate `dispersion`: DONE
[2026-07-23 15:16:26] `dispersion` | min: -0.250896870468565 | max: 326.527449972975 | % negative: 71.3778990450205
[2026-07-23 15:16:27] Model parameter estimation elapsed time: 4.54978847503662
[2026-07-23 15:16:27] COTAN genes' COEX estimation: START
[2026-07-23 15:16:27] Effective number of cores used: 80
[2026-07-23 15:16:27] Calculate genes COEX (torch) on device cpu: START
[2026-07-23 15:16:27] Retrieving expected genes contingency table
[2026-07-23 15:16:27] Expected genes contingency table elapsed time: 0.0425803661346436
[2026-07-23 15:16:27] Calculating genes COEX normalization factor
[2026-07-23 15:16:28] Calculating genes COEX normalization factor elapsed time: 0.906865119934082
[2026-07-23 15:16:28] Retrieving observed genes yes/yes contingency table
[2026-07-23 15:16:28] Observed genes contingency table elapsed time: 0.0409293174743652
[2026-07-23 15:16:31] Calculate genes COEX elapsed time: 2.63428068161011
[2026-07-23 15:16:31] Total calculations elapsed time: 3.6246554851532
[2026-07-23 15:16:31] Calculate genes COEX (torch) on device cpu: DONE
[2026-07-23 15:16:31] Only genes' COEX elapsed time: 4.36271452903748
[2026-07-23 15:16:31] Dataset analysis elapsed time: 9.64624738693237
[2026-07-23 15:16:31] COTAN dataset analysis: DONE
[2026-07-23 15:16:32] Checking uniformity for the cluster '03_0006' with 235 cells
[2026-07-23 15:16:32] Calculate GDI dataframe: START
[2026-07-23 15:16:32] Using S
[2026-07-23 15:16:32] Calculating S: START
[2026-07-23 15:16:33] Calculating S: DONE
[2026-07-23 15:16:33] Calculate `GDI`: START
[2026-07-23 15:16:33] Effective number of cores used: 80
[2026-07-23 15:16:33] Effective number of cores used: 80
[2026-07-23 15:16:33] Executing 8 genes batches
[2026-07-23 15:16:35] Total calculations elapsed time: 1.77081370353699
[2026-07-23 15:16:35] Calculate `GDI`: DONE
[2026-07-23 15:16:36] Total calculations elapsed time: 4.27858805656433
[2026-07-23 15:16:36] Calculate GDI dataframe: DONE
[2026-07-23 15:16:36] Clean plots: START
[2026-07-23 15:16:36] Total calculations elapsed time: 0.023151159286499
[2026-07-23 15:16:36] Clean plots: DONE
[2026-07-23 15:16:36] GDI plot
[2026-07-23 15:16:36] Removed 1 low GDI genes (such as the fully-expressed) in GDI plot
[2026-07-23 15:16:38] Cluster 03_0006, with size 235, is not uniform
[2026-07-23 15:16:38] Cluster 03_0006's shift to uniformity: 0.232721164180096
[2026-07-23 15:16:38] class = SimpleGDIUniformityCheck, check.isCheckAbove = FALSE, check.GDIThreshold = 1.001, check.maxRatioBeyond = 0.01, check.maxRankBeyond = 0, check.fractionBeyond = 0.118008185538881, check.thresholdRank = 0, check.quantileAtRatio = 1.2337211641801, check.quantileAtRank = NaN, isUniform = FALSE, clusterSize = 235
[2026-07-23 15:16:38] cluster 03_0006 has too high GDI: will be reclustered!
[2026-07-23 15:16:38] 
[2026-07-23 15:16:39] *[2026-07-23 15:16:39]  checking uniformity of cluster '7' of 21 clusters
[2026-07-23 15:16:39] Asked to drop 0 genes and 3851 cells
[2026-07-23 15:16:39] COTAN dataset analysis: START
[2026-07-23 15:16:39] Asked to drop 5983 genes and 0 cells
[2026-07-23 15:16:39] Genes/cells selection done: dropped [5983] genes and [0] cells
[2026-07-23 15:16:39] Working on [6865] genes and [226] cells
[2026-07-23 15:16:39] Dataset cleaning elapsed time: 0.741336822509766
[2026-07-23 15:16:39] Estimate `dispersion`: START
[2026-07-23 15:16:39] Effective number of cores used: 80
[2026-07-23 15:16:39] Executing 7 genes batches
[2026-07-23 15:16:40] Parallel dispersion Newton-Raphson: used up to 6 iterations
[2026-07-23 15:16:40] Parallel dispersion Newton-Raphson: used up to 6 iterations
[2026-07-23 15:16:40] Parallel dispersion Newton-Raphson: used up to 7 iterations
[2026-07-23 15:16:40] Parallel dispersion Newton-Raphson: used up to 5 iterations
[2026-07-23 15:16:40] Parallel dispersion Newton-Raphson: used up to 6 iterations
[2026-07-23 15:16:40] Parallel dispersion Newton-Raphson: used up to 6 iterations
[2026-07-23 15:16:40] Parallel dispersion Newton-Raphson: used up to 6 iterations
[2026-07-23 15:16:43] Total calculations elapsed time: 3.68631029129028
[2026-07-23 15:16:43] Estimate `dispersion`: DONE
[2026-07-23 15:16:43] Estimate `dispersion`: DONE
[2026-07-23 15:16:43] `dispersion` | min: -0.150122115939075 | max: 203.662436395118 | % negative: 73.8965768390386
[2026-07-23 15:16:44] Model parameter estimation elapsed time: 4.66796684265137
[2026-07-23 15:16:44] COTAN genes' COEX estimation: START
[2026-07-23 15:16:44] Effective number of cores used: 80
[2026-07-23 15:16:44] Calculate genes COEX (torch) on device cpu: START
[2026-07-23 15:16:44] Retrieving expected genes contingency table
[2026-07-23 15:16:44] Expected genes contingency table elapsed time: 0.0313432216644287
[2026-07-23 15:16:44] Calculating genes COEX normalization factor
[2026-07-23 15:16:45] Calculating genes COEX normalization factor elapsed time: 0.878483295440674
[2026-07-23 15:16:45] Retrieving observed genes yes/yes contingency table
[2026-07-23 15:16:45] Observed genes contingency table elapsed time: 0.0328152179718018
[2026-07-23 15:16:47] Calculate genes COEX elapsed time: 2.39001297950745
[2026-07-23 15:16:47] Total calculations elapsed time: 3.33265471458435
[2026-07-23 15:16:47] Calculate genes COEX (torch) on device cpu: DONE
[2026-07-23 15:16:48] Only genes' COEX elapsed time: 4.0666880607605
[2026-07-23 15:16:48] Dataset analysis elapsed time: 9.47599172592163
[2026-07-23 15:16:48] COTAN dataset analysis: DONE
[2026-07-23 15:16:49] Checking uniformity for the cluster '03_0007' with 226 cells
[2026-07-23 15:16:49] Calculate GDI dataframe: START
[2026-07-23 15:16:49] Using S
[2026-07-23 15:16:49] Calculating S: START
[2026-07-23 15:16:50] Calculating S: DONE
[2026-07-23 15:16:50] Calculate `GDI`: START
[2026-07-23 15:16:50] Effective number of cores used: 80
[2026-07-23 15:16:50] Effective number of cores used: 80
[2026-07-23 15:16:50] Executing 7 genes batches
[2026-07-23 15:16:52] Total calculations elapsed time: 1.52970266342163
[2026-07-23 15:16:52] Calculate `GDI`: DONE
[2026-07-23 15:16:53] Total calculations elapsed time: 4.00724983215332
[2026-07-23 15:16:53] Calculate GDI dataframe: DONE
[2026-07-23 15:16:53] Clean plots: START
[2026-07-23 15:16:53] Total calculations elapsed time: 0.0235950946807861
[2026-07-23 15:16:53] Clean plots: DONE
[2026-07-23 15:16:53] GDI plot
[2026-07-23 15:16:53] Removed 1 low GDI genes (such as the fully-expressed) in GDI plot
[2026-07-23 15:16:55] Cluster 03_0007, with size 226, is not uniform
[2026-07-23 15:16:55] Cluster 03_0007's shift to uniformity: 0.182579172084327
[2026-07-23 15:16:55] class = SimpleGDIUniformityCheck, check.isCheckAbove = FALSE, check.GDIThreshold = 1.001, check.maxRatioBeyond = 0.01, check.maxRankBeyond = 0, check.fractionBeyond = 0.0737072104879825, check.thresholdRank = 0, check.quantileAtRatio = 1.18357917208433, check.quantileAtRank = NaN, isUniform = FALSE, clusterSize = 226
[2026-07-23 15:16:55] cluster 03_0007 has too high GDI: will be reclustered!
[2026-07-23 15:16:55] 
[2026-07-23 15:16:55] *[2026-07-23 15:16:55]  checking uniformity of cluster '8' of 21 clusters
[2026-07-23 15:16:55] Asked to drop 0 genes and 3868 cells
[2026-07-23 15:16:55] COTAN dataset analysis: START
[2026-07-23 15:16:55] Asked to drop 6887 genes and 0 cells
[2026-07-23 15:16:55] Genes/cells selection done: dropped [6887] genes and [0] cells
[2026-07-23 15:16:55] Working on [5961] genes and [209] cells
[2026-07-23 15:16:56] Dataset cleaning elapsed time: 0.796257972717285
[2026-07-23 15:16:56] Estimate `dispersion`: START
[2026-07-23 15:16:56] Effective number of cores used: 80
[2026-07-23 15:16:56] Executing 6 genes batches
[2026-07-23 15:16:56] Parallel dispersion Newton-Raphson: used up to 6 iterations
[2026-07-23 15:16:56] Parallel dispersion Newton-Raphson: used up to 6 iterations
[2026-07-23 15:16:57] Parallel dispersion Newton-Raphson: used up to 6 iterations
[2026-07-23 15:16:57] Parallel dispersion Newton-Raphson: used up to 7 iterations
[2026-07-23 15:16:57] Parallel dispersion Newton-Raphson: used up to 7 iterations
[2026-07-23 15:16:57] Parallel dispersion Newton-Raphson: used up to 7 iterations
[2026-07-23 15:17:00] Total calculations elapsed time: 3.45279574394226
[2026-07-23 15:17:00] Estimate `dispersion`: DONE
[2026-07-23 15:17:00] Estimate `dispersion`: DONE
[2026-07-23 15:17:00] `dispersion` | min: -1.02709644029349 | max: 142.86501772982 | % negative: 70.0050327126321
[2026-07-23 15:17:00] Model parameter estimation elapsed time: 4.30280613899231
[2026-07-23 15:17:00] COTAN genes' COEX estimation: START
[2026-07-23 15:17:00] Effective number of cores used: 80
[2026-07-23 15:17:00] Calculate genes COEX (torch) on device cpu: START
[2026-07-23 15:17:00] Retrieving expected genes contingency table
[2026-07-23 15:17:01] Expected genes contingency table elapsed time: 0.0331153869628906
[2026-07-23 15:17:01] Calculating genes COEX normalization factor
[2026-07-23 15:17:01] Calculating genes COEX normalization factor elapsed time: 0.846187591552734
[2026-07-23 15:17:01] Retrieving observed genes yes/yes contingency table
[2026-07-23 15:17:01] Observed genes contingency table elapsed time: 0.0282413959503174
[2026-07-23 15:17:03] Calculate genes COEX elapsed time: 1.96806955337524
[2026-07-23 15:17:03] Total calculations elapsed time: 2.87561392784119
[2026-07-23 15:17:03] Calculate genes COEX (torch) on device cpu: DONE
[2026-07-23 15:17:04] Only genes' COEX elapsed time: 3.61224603652954
[2026-07-23 15:17:04] Dataset analysis elapsed time: 8.71131014823914
[2026-07-23 15:17:04] COTAN dataset analysis: DONE
[2026-07-23 15:17:05] Checking uniformity for the cluster '03_0008' with 209 cells
[2026-07-23 15:17:05] Calculate GDI dataframe: START
[2026-07-23 15:17:05] Using S
[2026-07-23 15:17:05] Calculating S: START
[2026-07-23 15:17:06] Calculating S: DONE
[2026-07-23 15:17:06] Calculate `GDI`: START
[2026-07-23 15:17:06] Effective number of cores used: 80
[2026-07-23 15:17:06] Effective number of cores used: 80
[2026-07-23 15:17:06] Executing 6 genes batches
[2026-07-23 15:17:07] Total calculations elapsed time: 1.30381035804749
[2026-07-23 15:17:07] Calculate `GDI`: DONE
[2026-07-23 15:17:08] Total calculations elapsed time: 3.42666101455688
[2026-07-23 15:17:08] Calculate GDI dataframe: DONE
[2026-07-23 15:17:08] Clean plots: START
[2026-07-23 15:17:08] Total calculations elapsed time: 0.0229332447052002
[2026-07-23 15:17:08] Clean plots: DONE
[2026-07-23 15:17:08] GDI plot
[2026-07-23 15:17:08] Removed 1 low GDI genes (such as the fully-expressed) in GDI plot
[2026-07-23 15:17:10] Cluster 03_0008, with size 209, is not uniform
[2026-07-23 15:17:10] Cluster 03_0008's shift to uniformity: 0.898359270134178
[2026-07-23 15:17:10] class = SimpleGDIUniformityCheck, check.isCheckAbove = FALSE, check.GDIThreshold = 1.001, check.maxRatioBeyond = 0.01, check.maxRankBeyond = 0, check.fractionBeyond = 0.269753397081027, check.thresholdRank = 0, check.quantileAtRatio = 1.89935927013418, check.quantileAtRank = NaN, isUniform = FALSE, clusterSize = 209
[2026-07-23 15:17:10] cluster 03_0008 has too high GDI: will be reclustered!
[2026-07-23 15:17:10] 
[2026-07-23 15:17:11] *[2026-07-23 15:17:11]  checking uniformity of cluster '9' of 21 clusters
[2026-07-23 15:17:11] Asked to drop 0 genes and 3881 cells
[2026-07-23 15:17:11] COTAN dataset analysis: START
[2026-07-23 15:17:11] Asked to drop 4794 genes and 0 cells
[2026-07-23 15:17:11] Genes/cells selection done: dropped [4794] genes and [0] cells
[2026-07-23 15:17:11] Working on [8054] genes and [196] cells
[2026-07-23 15:17:12] Dataset cleaning elapsed time: 0.788633584976196
[2026-07-23 15:17:12] Estimate `dispersion`: START
[2026-07-23 15:17:12] Effective number of cores used: 80
[2026-07-23 15:17:12] Executing 8 genes batches
[2026-07-23 15:17:12] Parallel dispersion Newton-Raphson: used up to 5 iterations
[2026-07-23 15:17:12] Parallel dispersion Newton-Raphson: used up to 6 iterations
[2026-07-23 15:17:12] Parallel dispersion Newton-Raphson: used up to 6 iterations
[2026-07-23 15:17:12] Parallel dispersion Newton-Raphson: used up to 6 iterations
[2026-07-23 15:17:12] Parallel dispersion Newton-Raphson: used up to 6 iterations
[2026-07-23 15:17:12] Parallel dispersion Newton-Raphson: used up to 6 iterations
[2026-07-23 15:17:12] Parallel dispersion Newton-Raphson: used up to 6 iterations
[2026-07-23 15:17:12] Parallel dispersion Newton-Raphson: used up to 6 iterations
[2026-07-23 15:17:15] Total calculations elapsed time: 3.77692723274231
[2026-07-23 15:17:15] Estimate `dispersion`: DONE
[2026-07-23 15:17:15] Estimate `dispersion`: DONE
[2026-07-23 15:17:15] `dispersion` | min: -0.214683125424609 | max: 199.075533276852 | % negative: 69.2450956046685
[2026-07-23 15:17:16] Model parameter estimation elapsed time: 4.56081581115723
[2026-07-23 15:17:16] COTAN genes' COEX estimation: START
[2026-07-23 15:17:16] Effective number of cores used: 80
[2026-07-23 15:17:16] Calculate genes COEX (torch) on device cpu: START
[2026-07-23 15:17:16] Retrieving expected genes contingency table
[2026-07-23 15:17:16] Expected genes contingency table elapsed time: 0.0450313091278076
[2026-07-23 15:17:16] Calculating genes COEX normalization factor
[2026-07-23 15:17:17] Calculating genes COEX normalization factor elapsed time: 0.940487384796143
[2026-07-23 15:17:17] Retrieving observed genes yes/yes contingency table
[2026-07-23 15:17:17] Observed genes contingency table elapsed time: 0.0393002033233643
[2026-07-23 15:17:20] Calculate genes COEX elapsed time: 3.09508323669434
[2026-07-23 15:17:20] Total calculations elapsed time: 4.11990213394165
[2026-07-23 15:17:20] Calculate genes COEX (torch) on device cpu: DONE
[2026-07-23 15:17:21] Only genes' COEX elapsed time: 4.86025071144104
[2026-07-23 15:17:21] Dataset analysis elapsed time: 10.2097001075745
[2026-07-23 15:17:21] COTAN dataset analysis: DONE
[2026-07-23 15:17:22] Checking uniformity for the cluster '03_0009' with 196 cells
[2026-07-23 15:17:22] Calculate GDI dataframe: START
[2026-07-23 15:17:22] Using S
[2026-07-23 15:17:22] Calculating S: START
[2026-07-23 15:17:23] Calculating S: DONE
[2026-07-23 15:17:23] Calculate `GDI`: START
[2026-07-23 15:17:23] Effective number of cores used: 80
[2026-07-23 15:17:23] Effective number of cores used: 80
[2026-07-23 15:17:23] Executing 8 genes batches
[2026-07-23 15:17:25] Total calculations elapsed time: 1.90817713737488
[2026-07-23 15:17:25] Calculate `GDI`: DONE
[2026-07-23 15:17:27] Total calculations elapsed time: 4.83761429786682
[2026-07-23 15:17:27] Calculate GDI dataframe: DONE
[2026-07-23 15:17:27] Clean plots: START
[2026-07-23 15:17:27] Total calculations elapsed time: 0.0231490135192871
[2026-07-23 15:17:27] Clean plots: DONE
[2026-07-23 15:17:27] GDI plot
[2026-07-23 15:17:27] Removed 1 low GDI genes (such as the fully-expressed) in GDI plot
[2026-07-23 15:17:28] Cluster 03_0009, with size 196, is not uniform
[2026-07-23 15:17:28] Cluster 03_0009's shift to uniformity: 0.281559449740596
[2026-07-23 15:17:28] class = SimpleGDIUniformityCheck, check.isCheckAbove = FALSE, check.GDIThreshold = 1.001, check.maxRatioBeyond = 0.01, check.maxRankBeyond = 0, check.fractionBeyond = 0.16985348894959, check.thresholdRank = 0, check.quantileAtRatio = 1.2825594497406, check.quantileAtRank = NaN, isUniform = FALSE, clusterSize = 196
[2026-07-23 15:17:28] cluster 03_0009 has too high GDI: will be reclustered!
[2026-07-23 15:17:28] 
[2026-07-23 15:17:29] *[2026-07-23 15:17:29]  checking uniformity of cluster '10' of 21 clusters
[2026-07-23 15:17:29] Asked to drop 0 genes and 3896 cells
[2026-07-23 15:17:29] COTAN dataset analysis: START
[2026-07-23 15:17:29] Asked to drop 4963 genes and 0 cells
[2026-07-23 15:17:29] Genes/cells selection done: dropped [4963] genes and [0] cells
[2026-07-23 15:17:29] Working on [7885] genes and [181] cells
[2026-07-23 15:17:30] Dataset cleaning elapsed time: 0.738177537918091
[2026-07-23 15:17:30] Estimate `dispersion`: START
[2026-07-23 15:17:30] Effective number of cores used: 80
[2026-07-23 15:17:30] Executing 8 genes batches
[2026-07-23 15:17:30] Parallel dispersion Newton-Raphson: used up to 5 iterations
[2026-07-23 15:17:30] Parallel dispersion Newton-Raphson: used up to 6 iterations
[2026-07-23 15:17:30] Parallel dispersion Newton-Raphson: used up to 6 iterations
[2026-07-23 15:17:30] Parallel dispersion Newton-Raphson: used up to 6 iterations
[2026-07-23 15:17:30] Parallel dispersion Newton-Raphson: used up to 6 iterations
[2026-07-23 15:17:31] Parallel dispersion Newton-Raphson: used up to 6 iterations
[2026-07-23 15:17:31] Parallel dispersion Newton-Raphson: used up to 6 iterations
[2026-07-23 15:17:31] Parallel dispersion Newton-Raphson: used up to 7 iterations
[2026-07-23 15:17:34] Total calculations elapsed time: 3.8318772315979
[2026-07-23 15:17:34] Estimate `dispersion`: DONE
[2026-07-23 15:17:34] Estimate `dispersion`: DONE
[2026-07-23 15:17:34] `dispersion` | min: -0.248559876815891 | max: 162.33160410041 | % negative: 70.7038681039949
[2026-07-23 15:17:34] Model parameter estimation elapsed time: 4.6257312297821
[2026-07-23 15:17:34] COTAN genes' COEX estimation: START
[2026-07-23 15:17:34] Effective number of cores used: 80
[2026-07-23 15:17:34] Calculate genes COEX (torch) on device cpu: START
[2026-07-23 15:17:34] Retrieving expected genes contingency table
[2026-07-23 15:17:35] Expected genes contingency table elapsed time: 0.0430600643157959
[2026-07-23 15:17:35] Calculating genes COEX normalization factor
[2026-07-23 15:17:35] Calculating genes COEX normalization factor elapsed time: 0.936210870742798
[2026-07-23 15:17:35] Retrieving observed genes yes/yes contingency table
[2026-07-23 15:17:35] Observed genes contingency table elapsed time: 0.0380980968475342
[2026-07-23 15:17:38] Calculate genes COEX elapsed time: 2.99155688285828
[2026-07-23 15:17:38] Total calculations elapsed time: 4.0089259147644
[2026-07-23 15:17:38] Calculate genes COEX (torch) on device cpu: DONE
[2026-07-23 15:17:39] Only genes' COEX elapsed time: 4.74947142601013
[2026-07-23 15:17:39] Dataset analysis elapsed time: 10.1133801937103
[2026-07-23 15:17:39] COTAN dataset analysis: DONE
[2026-07-23 15:17:40] Checking uniformity for the cluster '03_0010' with 181 cells
[2026-07-23 15:17:40] Calculate GDI dataframe: START
[2026-07-23 15:17:40] Using S
[2026-07-23 15:17:40] Calculating S: START
[2026-07-23 15:17:42] Calculating S: DONE
[2026-07-23 15:17:42] Calculate `GDI`: START
[2026-07-23 15:17:42] Effective number of cores used: 80
[2026-07-23 15:17:42] Effective number of cores used: 80
[2026-07-23 15:17:42] Executing 8 genes batches
[2026-07-23 15:17:43] Total calculations elapsed time: 1.83008527755737
[2026-07-23 15:17:43] Calculate `GDI`: DONE
[2026-07-23 15:17:45] Total calculations elapsed time: 4.70584011077881
[2026-07-23 15:17:45] Calculate GDI dataframe: DONE
[2026-07-23 15:17:45] Clean plots: START
[2026-07-23 15:17:45] Total calculations elapsed time: 0.023082971572876
[2026-07-23 15:17:45] Clean plots: DONE
[2026-07-23 15:17:45] GDI plot
[2026-07-23 15:17:45] Removed 1 low GDI genes (such as the fully-expressed) in GDI plot
[2026-07-23 15:17:46] Cluster 03_0010, with size 181, is not uniform
[2026-07-23 15:17:46] Cluster 03_0010's shift to uniformity: 0.199854769622669
[2026-07-23 15:17:46] class = SimpleGDIUniformityCheck, check.isCheckAbove = FALSE, check.GDIThreshold = 1.001, check.maxRatioBeyond = 0.01, check.maxRankBeyond = 0, check.fractionBeyond = 0.116930881420419, check.thresholdRank = 0, check.quantileAtRatio = 1.20085476962267, check.quantileAtRank = NaN, isUniform = FALSE, clusterSize = 181
[2026-07-23 15:17:46] cluster 03_0010 has too high GDI: will be reclustered!
[2026-07-23 15:17:46] 
[2026-07-23 15:17:47] *[2026-07-23 15:17:47]  checking uniformity of cluster '11' of 21 clusters
[2026-07-23 15:17:47] Asked to drop 0 genes and 3906 cells
[2026-07-23 15:17:47] COTAN dataset analysis: START
[2026-07-23 15:17:47] Asked to drop 7556 genes and 0 cells
[2026-07-23 15:17:47] Genes/cells selection done: dropped [7556] genes and [0] cells
[2026-07-23 15:17:47] Working on [5292] genes and [171] cells
[2026-07-23 15:17:48] Dataset cleaning elapsed time: 0.770479679107666
[2026-07-23 15:17:48] Estimate `dispersion`: START
[2026-07-23 15:17:48] Effective number of cores used: 80
[2026-07-23 15:17:48] Executing 6 genes batches
[2026-07-23 15:17:48] Parallel dispersion Newton-Raphson: used up to 6 iterations
[2026-07-23 15:17:48] Parallel dispersion Newton-Raphson: used up to 6 iterations
[2026-07-23 15:17:48] Parallel dispersion Newton-Raphson: used up to 6 iterations
[2026-07-23 15:17:48] Parallel dispersion Newton-Raphson: used up to 6 iterations
[2026-07-23 15:17:49] Parallel dispersion Newton-Raphson: used up to 6 iterations
[2026-07-23 15:17:49] Parallel dispersion Newton-Raphson: used up to 6 iterations
[2026-07-23 15:17:52] Total calculations elapsed time: 3.57419371604919
[2026-07-23 15:17:52] Estimate `dispersion`: DONE
[2026-07-23 15:17:52] Estimate `dispersion`: DONE
[2026-07-23 15:17:52] `dispersion` | min: -0.15081391735504 | max: 129.17391593406 | % negative: 77.3620559334845
[2026-07-23 15:17:52] Model parameter estimation elapsed time: 4.35432147979736
[2026-07-23 15:17:52] COTAN genes' COEX estimation: START
[2026-07-23 15:17:52] Effective number of cores used: 80
[2026-07-23 15:17:52] Calculate genes COEX (torch) on device cpu: START
[2026-07-23 15:17:52] Retrieving expected genes contingency table
[2026-07-23 15:17:52] Expected genes contingency table elapsed time: 0.0282769203186035
[2026-07-23 15:17:52] Calculating genes COEX normalization factor
[2026-07-23 15:17:53] Calculating genes COEX normalization factor elapsed time: 0.830749034881592
[2026-07-23 15:17:53] Retrieving observed genes yes/yes contingency table
[2026-07-23 15:17:53] Observed genes contingency table elapsed time: 0.0205228328704834
[2026-07-23 15:17:55] Calculate genes COEX elapsed time: 1.67047834396362
[2026-07-23 15:17:55] Total calculations elapsed time: 2.5500271320343
[2026-07-23 15:17:55] Calculate genes COEX (torch) on device cpu: DONE
[2026-07-23 15:17:56] Only genes' COEX elapsed time: 3.28534054756165
[2026-07-23 15:17:56] Dataset analysis elapsed time: 8.41014170646667
[2026-07-23 15:17:56] COTAN dataset analysis: DONE
[2026-07-23 15:17:56] Checking uniformity for the cluster '03_0011' with 171 cells
[2026-07-23 15:17:56] Calculate GDI dataframe: START
[2026-07-23 15:17:56] Using S
[2026-07-23 15:17:56] Calculating S: START
[2026-07-23 15:17:57] Calculating S: DONE
[2026-07-23 15:17:57] Calculate `GDI`: START
[2026-07-23 15:17:57] Effective number of cores used: 80
[2026-07-23 15:17:57] Effective number of cores used: 80
[2026-07-23 15:17:57] Executing 6 genes batches
[2026-07-23 15:17:58] Total calculations elapsed time: 1.18756651878357
[2026-07-23 15:17:58] Calculate `GDI`: DONE
[2026-07-23 15:17:59] Total calculations elapsed time: 2.9810688495636
[2026-07-23 15:17:59] Calculate GDI dataframe: DONE
[2026-07-23 15:17:59] Clean plots: START
[2026-07-23 15:17:59] Total calculations elapsed time: 0.0229530334472656
[2026-07-23 15:17:59] Clean plots: DONE
[2026-07-23 15:17:59] GDI plot
[2026-07-23 15:17:59] Removed 1 low GDI genes (such as the fully-expressed) in GDI plot
[2026-07-23 15:18:01] Cluster 03_0011, with size 171, is not uniform
[2026-07-23 15:18:01] Cluster 03_0011's shift to uniformity: 0.150719382275141
[2026-07-23 15:18:01] class = SimpleGDIUniformityCheck, check.isCheckAbove = FALSE, check.GDIThreshold = 1.001, check.maxRatioBeyond = 0.01, check.maxRankBeyond = 0, check.fractionBeyond = 0.0570672713529856, check.thresholdRank = 0, check.quantileAtRatio = 1.15171938227514, check.quantileAtRank = NaN, isUniform = FALSE, clusterSize = 171
[2026-07-23 15:18:01] cluster 03_0011 has too high GDI: will be reclustered!
[2026-07-23 15:18:01] 
[2026-07-23 15:18:02] *[2026-07-23 15:18:02]  checking uniformity of cluster '12' of 21 clusters
[2026-07-23 15:18:02] Asked to drop 0 genes and 3949 cells
[2026-07-23 15:18:02] COTAN dataset analysis: START
[2026-07-23 15:18:02] Asked to drop 5444 genes and 0 cells
[2026-07-23 15:18:02] Genes/cells selection done: dropped [5444] genes and [0] cells
[2026-07-23 15:18:02] Working on [7404] genes and [128] cells
[2026-07-23 15:18:02] Dataset cleaning elapsed time: 0.738312244415283
[2026-07-23 15:18:02] Estimate `dispersion`: START
[2026-07-23 15:18:02] Effective number of cores used: 80
[2026-07-23 15:18:02] Executing 8 genes batches
[2026-07-23 15:18:03] Parallel dispersion Newton-Raphson: used up to 6 iterations
[2026-07-23 15:18:03] Parallel dispersion Newton-Raphson: used up to 6 iterations
[2026-07-23 15:18:03] Parallel dispersion Newton-Raphson: used up to 5 iterations
[2026-07-23 15:18:03] Parallel dispersion Newton-Raphson: used up to 6 iterations
[2026-07-23 15:18:03] Parallel dispersion Newton-Raphson: used up to 6 iterations
[2026-07-23 15:18:03] Parallel dispersion Newton-Raphson: used up to 6 iterations
[2026-07-23 15:18:03] Parallel dispersion Newton-Raphson: used up to 6 iterations
[2026-07-23 15:18:03] Parallel dispersion Newton-Raphson: used up to 6 iterations
[2026-07-23 15:18:06] Total calculations elapsed time: 3.43002343177795
[2026-07-23 15:18:06] Estimate `dispersion`: DONE
[2026-07-23 15:18:06] Estimate `dispersion`: DONE
[2026-07-23 15:18:06] `dispersion` | min: -0.240832690888123 | max: 282.130256797288 | % negative: 84.1437061048082
[2026-07-23 15:18:07] Model parameter estimation elapsed time: 4.27310299873352
[2026-07-23 15:18:07] COTAN genes' COEX estimation: START
[2026-07-23 15:18:07] Effective number of cores used: 80
[2026-07-23 15:18:07] Calculate genes COEX (torch) on device cpu: START
[2026-07-23 15:18:07] Retrieving expected genes contingency table
[2026-07-23 15:18:07] Expected genes contingency table elapsed time: 0.0381274223327637
[2026-07-23 15:18:07] Calculating genes COEX normalization factor
[2026-07-23 15:18:08] Calculating genes COEX normalization factor elapsed time: 0.912055253982544
[2026-07-23 15:18:08] Retrieving observed genes yes/yes contingency table
[2026-07-23 15:18:08] Observed genes contingency table elapsed time: 0.0286886692047119
[2026-07-23 15:18:10] Calculate genes COEX elapsed time: 2.63680863380432
[2026-07-23 15:18:10] Total calculations elapsed time: 3.61567997932434
[2026-07-23 15:18:10] Calculate genes COEX (torch) on device cpu: DONE
[2026-07-23 15:18:11] Only genes' COEX elapsed time: 4.35428929328918
[2026-07-23 15:18:11] Dataset analysis elapsed time: 9.36570453643799
[2026-07-23 15:18:11] COTAN dataset analysis: DONE
[2026-07-23 15:18:12] Checking uniformity for the cluster '03_0012' with 128 cells
[2026-07-23 15:18:12] Calculate GDI dataframe: START
[2026-07-23 15:18:12] Using S
[2026-07-23 15:18:12] Calculating S: START
[2026-07-23 15:18:13] Calculating S: DONE
[2026-07-23 15:18:13] Calculate `GDI`: START
[2026-07-23 15:18:13] Effective number of cores used: 80
[2026-07-23 15:18:13] Effective number of cores used: 80
[2026-07-23 15:18:13] Executing 8 genes batches
[2026-07-23 15:18:15] Total calculations elapsed time: 1.7093813419342
[2026-07-23 15:18:15] Calculate `GDI`: DONE
[2026-07-23 15:18:16] Total calculations elapsed time: 4.29388046264648
[2026-07-23 15:18:16] Calculate GDI dataframe: DONE
[2026-07-23 15:18:16] Clean plots: START
[2026-07-23 15:18:16] Total calculations elapsed time: 0.022770881652832
[2026-07-23 15:18:16] Clean plots: DONE
[2026-07-23 15:18:16] GDI plot
[2026-07-23 15:18:16] Removed 1 low GDI genes (such as the fully-expressed) in GDI plot
[2026-07-23 15:18:18] Cluster 03_0012, with size 128, is not uniform
[2026-07-23 15:18:18] Cluster 03_0012's shift to uniformity: 0.00623578606714159
[2026-07-23 15:18:18] class = SimpleGDIUniformityCheck, check.isCheckAbove = FALSE, check.GDIThreshold = 1.001, check.maxRatioBeyond = 0.01, check.maxRankBeyond = 0, check.fractionBeyond = 0.0113452188006483, check.thresholdRank = 0, check.quantileAtRatio = 1.00723578606714, check.quantileAtRank = NaN, isUniform = FALSE, clusterSize = 128
[2026-07-23 15:18:18] cluster 03_0012 has too high GDI: will be reclustered!
[2026-07-23 15:18:18] 
[2026-07-23 15:18:18] *[2026-07-23 15:18:18]  checking uniformity of cluster '13' of 21 clusters
[2026-07-23 15:18:18] Asked to drop 0 genes and 3965 cells
[2026-07-23 15:18:18] COTAN dataset analysis: START
[2026-07-23 15:18:19] Asked to drop 9629 genes and 0 cells
[2026-07-23 15:18:19] Genes/cells selection done: dropped [9629] genes and [0] cells
[2026-07-23 15:18:19] Working on [3219] genes and [112] cells
[2026-07-23 15:18:19] Dataset cleaning elapsed time: 0.726336240768433
[2026-07-23 15:18:19] Estimate `dispersion`: START
[2026-07-23 15:18:19] Effective number of cores used: 80
[2026-07-23 15:18:19] Executing 4 genes batches
[2026-07-23 15:18:19] Parallel dispersion Newton-Raphson: used up to 5 iterations
[2026-07-23 15:18:20] Parallel dispersion Newton-Raphson: used up to 6 iterations
[2026-07-23 15:18:20] Parallel dispersion Newton-Raphson: used up to 8 iterations
[2026-07-23 15:18:20] Parallel dispersion Newton-Raphson: used up to 6 iterations
[2026-07-23 15:18:22] Total calculations elapsed time: 3.21162700653076
[2026-07-23 15:18:22] Estimate `dispersion`: DONE
[2026-07-23 15:18:22] Estimate `dispersion`: DONE
[2026-07-23 15:18:22] `dispersion` | min: -0.150743135724998 | max: 357.274416570746 | % negative: 90.6492699596148
[2026-07-23 15:18:23] Model parameter estimation elapsed time: 4.04539179801941
[2026-07-23 15:18:23] COTAN genes' COEX estimation: START
[2026-07-23 15:18:23] Effective number of cores used: 80
[2026-07-23 15:18:23] Calculate genes COEX (torch) on device cpu: START
[2026-07-23 15:18:23] Retrieving expected genes contingency table
[2026-07-23 15:18:23] Expected genes contingency table elapsed time: 0.0337748527526855
[2026-07-23 15:18:23] Calculating genes COEX normalization factor
[2026-07-23 15:18:24] Calculating genes COEX normalization factor elapsed time: 0.769361019134521
[2026-07-23 15:18:24] Retrieving observed genes yes/yes contingency table
[2026-07-23 15:18:24] Observed genes contingency table elapsed time: 0.0147457122802734
[2026-07-23 15:18:25] Calculate genes COEX elapsed time: 1.07394433021545
[2026-07-23 15:18:25] Total calculations elapsed time: 1.89182591438293
[2026-07-23 15:18:25] Calculate genes COEX (torch) on device cpu: DONE
[2026-07-23 15:18:26] Only genes' COEX elapsed time: 2.61515593528748
[2026-07-23 15:18:26] Dataset analysis elapsed time: 7.38688397407532
[2026-07-23 15:18:26] COTAN dataset analysis: DONE
[2026-07-23 15:18:27] Checking uniformity for the cluster '03_0013' with 112 cells
[2026-07-23 15:18:27] Calculate GDI dataframe: START
[2026-07-23 15:18:27] Using S
[2026-07-23 15:18:27] Calculating S: START
[2026-07-23 15:18:27] Calculating S: DONE
[2026-07-23 15:18:27] Calculate `GDI`: START
[2026-07-23 15:18:27] Effective number of cores used: 80
[2026-07-23 15:18:27] Effective number of cores used: 80
[2026-07-23 15:18:27] Executing 4 genes batches
[2026-07-23 15:18:27] Total calculations elapsed time: 0.647958755493164
[2026-07-23 15:18:27] Calculate `GDI`: DONE
[2026-07-23 15:18:28] Total calculations elapsed time: 1.88246488571167
[2026-07-23 15:18:28] Calculate GDI dataframe: DONE
[2026-07-23 15:18:28] Clean plots: START
[2026-07-23 15:18:29] Total calculations elapsed time: 0.0227060317993164
[2026-07-23 15:18:29] Clean plots: DONE
[2026-07-23 15:18:29] GDI plot
[2026-07-23 15:18:29] Removed 1 low GDI genes (such as the fully-expressed) in GDI plot
[2026-07-23 15:18:30] Cluster 03_0013, with size 112, is uniform
[2026-07-23 15:18:30] Cluster 03_0013's shift to uniformity: -0.102948286747635
[2026-07-23 15:18:30] class = SimpleGDIUniformityCheck, check.isCheckAbove = FALSE, check.GDIThreshold = 1.001, check.maxRatioBeyond = 0.01, check.maxRankBeyond = 0, check.fractionBeyond = 0, check.thresholdRank = 0, check.quantileAtRatio = 0.898051713252365, check.quantileAtRank = NaN, isUniform = TRUE, clusterSize = 112
[2026-07-23 15:18:30] cluster 03_0013 is uniform
[2026-07-23 15:18:30] 
[2026-07-23 15:18:31] *[2026-07-23 15:18:31]  checking uniformity of cluster '14' of 21 clusters
[2026-07-23 15:18:31] Asked to drop 0 genes and 3972 cells
[2026-07-23 15:18:31] COTAN dataset analysis: START
[2026-07-23 15:18:31] Asked to drop 8647 genes and 0 cells
[2026-07-23 15:18:31] Genes/cells selection done: dropped [8647] genes and [0] cells
[2026-07-23 15:18:31] Working on [4201] genes and [105] cells
[2026-07-23 15:18:32] Dataset cleaning elapsed time: 0.780572175979614
[2026-07-23 15:18:32] Estimate `dispersion`: START
[2026-07-23 15:18:32] Effective number of cores used: 80
[2026-07-23 15:18:32] Executing 5 genes batches
[2026-07-23 15:18:32] Parallel dispersion Newton-Raphson: used up to 6 iterations
[2026-07-23 15:18:32] Parallel dispersion Newton-Raphson: used up to 7 iterations
[2026-07-23 15:18:32] Parallel dispersion Newton-Raphson: used up to 10 iterations
[2026-07-23 15:18:32] Parallel dispersion Newton-Raphson: used up to 6 iterations
[2026-07-23 15:18:32] Parallel dispersion Newton-Raphson: used up to 6 iterations
[2026-07-23 15:18:35] Total calculations elapsed time: 3.33681154251099
[2026-07-23 15:18:35] Estimate `dispersion`: DONE
[2026-07-23 15:18:35] Estimate `dispersion`: DONE
[2026-07-23 15:18:35] `dispersion` | min: -0.157888748533489 | max: 328.809738961513 | % negative: 89.9071649607236
[2026-07-23 15:18:36] Model parameter estimation elapsed time: 4.17999958992004
[2026-07-23 15:18:36] COTAN genes' COEX estimation: START
[2026-07-23 15:18:36] Effective number of cores used: 80
[2026-07-23 15:18:36] Calculate genes COEX (torch) on device cpu: START
[2026-07-23 15:18:36] Retrieving expected genes contingency table
[2026-07-23 15:18:36] Expected genes contingency table elapsed time: 0.0223886966705322
[2026-07-23 15:18:36] Calculating genes COEX normalization factor
[2026-07-23 15:18:37] Calculating genes COEX normalization factor elapsed time: 0.789526462554932
[2026-07-23 15:18:37] Retrieving observed genes yes/yes contingency table
[2026-07-23 15:18:37] Observed genes contingency table elapsed time: 0.0174989700317383
[2026-07-23 15:18:38] Calculate genes COEX elapsed time: 1.33718991279602
[2026-07-23 15:18:38] Total calculations elapsed time: 2.16660404205322
[2026-07-23 15:18:38] Calculate genes COEX (torch) on device cpu: DONE
[2026-07-23 15:18:39] Only genes' COEX elapsed time: 2.90586638450623
[2026-07-23 15:18:39] Dataset analysis elapsed time: 7.86643815040588
[2026-07-23 15:18:39] COTAN dataset analysis: DONE
[2026-07-23 15:18:39] Checking uniformity for the cluster '03_0014' with 105 cells
[2026-07-23 15:18:39] Calculate GDI dataframe: START
[2026-07-23 15:18:39] Using S
[2026-07-23 15:18:39] Calculating S: START
[2026-07-23 15:18:40] Calculating S: DONE
[2026-07-23 15:18:40] Calculate `GDI`: START
[2026-07-23 15:18:40] Effective number of cores used: 80
[2026-07-23 15:18:40] Effective number of cores used: 80
[2026-07-23 15:18:40] Executing 5 genes batches
[2026-07-23 15:18:41] Total calculations elapsed time: 0.860407829284668
[2026-07-23 15:18:41] Calculate `GDI`: DONE
[2026-07-23 15:18:42] Total calculations elapsed time: 2.37656021118164
[2026-07-23 15:18:42] Calculate GDI dataframe: DONE
[2026-07-23 15:18:42] Clean plots: START
[2026-07-23 15:18:42] Total calculations elapsed time: 0.0228912830352783
[2026-07-23 15:18:42] Clean plots: DONE
[2026-07-23 15:18:42] GDI plot
[2026-07-23 15:18:42] Removed 1 low GDI genes (such as the fully-expressed) in GDI plot
[2026-07-23 15:18:43] Cluster 03_0014, with size 105, is uniform
[2026-07-23 15:18:43] Cluster 03_0014's shift to uniformity: -0.253479142389346
[2026-07-23 15:18:43] class = SimpleGDIUniformityCheck, check.isCheckAbove = FALSE, check.GDIThreshold = 1.001, check.maxRatioBeyond = 0.01, check.maxRankBeyond = 0, check.fractionBeyond = 0.000238038562247084, check.thresholdRank = 0, check.quantileAtRatio = 0.747520857610654, check.quantileAtRank = NaN, isUniform = TRUE, clusterSize = 105
[2026-07-23 15:18:43] cluster 03_0014 is uniform
[2026-07-23 15:18:43] 
[2026-07-23 15:18:44] *[2026-07-23 15:18:44]  checking uniformity of cluster '15' of 21 clusters
[2026-07-23 15:18:44] Asked to drop 0 genes and 3973 cells
[2026-07-23 15:18:44] COTAN dataset analysis: START
[2026-07-23 15:18:44] Asked to drop 7900 genes and 0 cells
[2026-07-23 15:18:44] Genes/cells selection done: dropped [7900] genes and [0] cells
[2026-07-23 15:18:44] Working on [4948] genes and [104] cells
[2026-07-23 15:18:45] Dataset cleaning elapsed time: 0.847704410552979
[2026-07-23 15:18:45] Estimate `dispersion`: START
[2026-07-23 15:18:45] Effective number of cores used: 80
[2026-07-23 15:18:45] Executing 5 genes batches
[2026-07-23 15:18:45] Parallel dispersion Newton-Raphson: used up to 6 iterations
[2026-07-23 15:18:45] Parallel dispersion Newton-Raphson: used up to 5 iterations
[2026-07-23 15:18:45] Parallel dispersion Newton-Raphson: used up to 6 iterations
[2026-07-23 15:18:45] Parallel dispersion Newton-Raphson: used up to 6 iterations
[2026-07-23 15:18:45] Parallel dispersion Newton-Raphson: used up to 6 iterations
[2026-07-23 15:18:48] Total calculations elapsed time: 3.23299336433411
[2026-07-23 15:18:48] Estimate `dispersion`: DONE
[2026-07-23 15:18:48] Estimate `dispersion`: DONE
[2026-07-23 15:18:48] `dispersion` | min: -0.139928757376496 | max: 189.008301387808 | % negative: 88.7025060630558
[2026-07-23 15:18:49] Model parameter estimation elapsed time: 4.09064602851868
[2026-07-23 15:18:49] COTAN genes' COEX estimation: START
[2026-07-23 15:18:49] Effective number of cores used: 80
[2026-07-23 15:18:49] Calculate genes COEX (torch) on device cpu: START
[2026-07-23 15:18:49] Retrieving expected genes contingency table
[2026-07-23 15:18:49] Expected genes contingency table elapsed time: 0.0232410430908203
[2026-07-23 15:18:49] Calculating genes COEX normalization factor
[2026-07-23 15:18:50] Calculating genes COEX normalization factor elapsed time: 0.863088130950928
[2026-07-23 15:18:50] Retrieving observed genes yes/yes contingency table
[2026-07-23 15:18:50] Observed genes contingency table elapsed time: 0.0192859172821045
[2026-07-23 15:18:52] Calculate genes COEX elapsed time: 1.59723019599915
[2026-07-23 15:18:52] Total calculations elapsed time: 2.502845287323
[2026-07-23 15:18:52] Calculate genes COEX (torch) on device cpu: DONE
[2026-07-23 15:18:52] Only genes' COEX elapsed time: 3.292729139328
[2026-07-23 15:18:52] Dataset analysis elapsed time: 8.23107957839966
[2026-07-23 15:18:52] COTAN dataset analysis: DONE
[2026-07-23 15:18:53] Checking uniformity for the cluster '03_0015' with 104 cells
[2026-07-23 15:18:53] Calculate GDI dataframe: START
[2026-07-23 15:18:53] Using S
[2026-07-23 15:18:53] Calculating S: START
[2026-07-23 15:18:54] Calculating S: DONE
[2026-07-23 15:18:54] Calculate `GDI`: START
[2026-07-23 15:18:54] Effective number of cores used: 80
[2026-07-23 15:18:54] Effective number of cores used: 80
[2026-07-23 15:18:54] Executing 5 genes batches
[2026-07-23 15:18:55] Total calculations elapsed time: 0.986698627471924
[2026-07-23 15:18:55] Calculate `GDI`: DONE
[2026-07-23 15:18:56] Total calculations elapsed time: 2.74997162818909
[2026-07-23 15:18:56] Calculate GDI dataframe: DONE
[2026-07-23 15:18:56] Clean plots: START
[2026-07-23 15:18:56] Total calculations elapsed time: 0.0244181156158447
[2026-07-23 15:18:56] Clean plots: DONE
[2026-07-23 15:18:56] GDI plot
[2026-07-23 15:18:56] Removed 1 low GDI genes (such as the fully-expressed) in GDI plot
[2026-07-23 15:18:57] Cluster 03_0015, with size 104, is uniform
[2026-07-23 15:18:57] Cluster 03_0015's shift to uniformity: -0.0820943148529458
[2026-07-23 15:18:57] class = SimpleGDIUniformityCheck, check.isCheckAbove = FALSE, check.GDIThreshold = 1.001, check.maxRatioBeyond = 0.01, check.maxRankBeyond = 0, check.fractionBeyond = 0.00262732417138238, check.thresholdRank = 0, check.quantileAtRatio = 0.918905685147054, check.quantileAtRank = NaN, isUniform = TRUE, clusterSize = 104
[2026-07-23 15:18:57] cluster 03_0015 is uniform
[2026-07-23 15:18:57] 
[2026-07-23 15:18:58] *[2026-07-23 15:18:58]  checking uniformity of cluster '16' of 21 clusters
[2026-07-23 15:18:58] Asked to drop 0 genes and 3981 cells
[2026-07-23 15:18:58] COTAN dataset analysis: START
[2026-07-23 15:18:58] Asked to drop 5913 genes and 0 cells
[2026-07-23 15:18:58] Genes/cells selection done: dropped [5913] genes and [0] cells
[2026-07-23 15:18:58] Working on [6935] genes and [96] cells
[2026-07-23 15:18:59] Dataset cleaning elapsed time: 0.789364814758301
[2026-07-23 15:18:59] Estimate `dispersion`: START
[2026-07-23 15:18:59] Effective number of cores used: 80
[2026-07-23 15:18:59] Executing 7 genes batches
[2026-07-23 15:18:59] Parallel dispersion Newton-Raphson: used up to 6 iterations
[2026-07-23 15:18:59] Parallel dispersion Newton-Raphson: used up to 6 iterations
[2026-07-23 15:18:59] Parallel dispersion Newton-Raphson: used up to 7 iterations
[2026-07-23 15:18:59] Parallel dispersion Newton-Raphson: used up to 8 iterations
[2026-07-23 15:19:00] Parallel dispersion Newton-Raphson: used up to 7 iterations
[2026-07-23 15:19:00] Parallel dispersion Newton-Raphson: used up to 6 iterations
[2026-07-23 15:19:00] Parallel dispersion Newton-Raphson: used up to 7 iterations
[2026-07-23 15:19:02] Total calculations elapsed time: 3.33001327514648
[2026-07-23 15:19:02] Estimate `dispersion`: DONE
[2026-07-23 15:19:02] Estimate `dispersion`: DONE
[2026-07-23 15:19:02] `dispersion` | min: -0.360560488386538 | max: 208.44987070883 | % negative: 71.463590483057
[2026-07-23 15:19:03] Model parameter estimation elapsed time: 4.17625212669373
[2026-07-23 15:19:03] COTAN genes' COEX estimation: START
[2026-07-23 15:19:03] Effective number of cores used: 80
[2026-07-23 15:19:03] Calculate genes COEX (torch) on device cpu: START
[2026-07-23 15:19:03] Retrieving expected genes contingency table
[2026-07-23 15:19:03] Expected genes contingency table elapsed time: 0.0318098068237305
[2026-07-23 15:19:03] Calculating genes COEX normalization factor
[2026-07-23 15:19:04] Calculating genes COEX normalization factor elapsed time: 0.883790254592896
[2026-07-23 15:19:04] Retrieving observed genes yes/yes contingency table
[2026-07-23 15:19:04] Observed genes contingency table elapsed time: 0.0256054401397705
[2026-07-23 15:19:07] Calculate genes COEX elapsed time: 2.44062542915344
[2026-07-23 15:19:07] Total calculations elapsed time: 3.38183093070984
[2026-07-23 15:19:07] Calculate genes COEX (torch) on device cpu: DONE
[2026-07-23 15:19:07] Only genes' COEX elapsed time: 4.1196346282959
[2026-07-23 15:19:07] Dataset analysis elapsed time: 9.08525156974792
[2026-07-23 15:19:07] COTAN dataset analysis: DONE
[2026-07-23 15:19:08] Checking uniformity for the cluster '03_0016' with 96 cells
[2026-07-23 15:19:08] Calculate GDI dataframe: START
[2026-07-23 15:19:08] Using S
[2026-07-23 15:19:08] Calculating S: START
[2026-07-23 15:19:09] Calculating S: DONE
[2026-07-23 15:19:09] Calculate `GDI`: START
[2026-07-23 15:19:09] Effective number of cores used: 80
[2026-07-23 15:19:09] Effective number of cores used: 80
[2026-07-23 15:19:09] Executing 7 genes batches
[2026-07-23 15:19:11] Total calculations elapsed time: 1.62673044204712
[2026-07-23 15:19:11] Calculate `GDI`: DONE
[2026-07-23 15:19:13] Total calculations elapsed time: 4.48785710334778
[2026-07-23 15:19:13] Calculate GDI dataframe: DONE
[2026-07-23 15:19:13] Clean plots: START
[2026-07-23 15:19:13] Total calculations elapsed time: 0.0253918170928955
[2026-07-23 15:19:13] Clean plots: DONE
[2026-07-23 15:19:13] GDI plot
[2026-07-23 15:19:13] Removed 1 low GDI genes (such as the fully-expressed) in GDI plot
[2026-07-23 15:19:15] Cluster 03_0016, with size 96, is not uniform
[2026-07-23 15:19:15] Cluster 03_0016's shift to uniformity: 0.68195831380203
[2026-07-23 15:19:15] class = SimpleGDIUniformityCheck, check.isCheckAbove = FALSE, check.GDIThreshold = 1.001, check.maxRatioBeyond = 0.01, check.maxRankBeyond = 0, check.fractionBeyond = 0.306416726748378, check.thresholdRank = 0, check.quantileAtRatio = 1.68295831380203, check.quantileAtRank = NaN, isUniform = FALSE, clusterSize = 96
[2026-07-23 15:19:15] cluster 03_0016 has too high GDI: will be reclustered!
[2026-07-23 15:19:15] 
[2026-07-23 15:19:16] *[2026-07-23 15:19:16]  checking uniformity of cluster '17' of 21 clusters
[2026-07-23 15:19:16] Asked to drop 0 genes and 3998 cells
[2026-07-23 15:19:16] COTAN dataset analysis: START
[2026-07-23 15:19:16] Asked to drop 9648 genes and 0 cells
[2026-07-23 15:19:16] Genes/cells selection done: dropped [9648] genes and [0] cells
[2026-07-23 15:19:16] Working on [3200] genes and [79] cells
[2026-07-23 15:19:16] Dataset cleaning elapsed time: 0.880999326705933
[2026-07-23 15:19:16] Estimate `dispersion`: START
[2026-07-23 15:19:16] Effective number of cores used: 80
[2026-07-23 15:19:16] Executing 4 genes batches
[2026-07-23 15:19:17] Parallel dispersion Newton-Raphson: used up to 6 iterations
[2026-07-23 15:19:17] Parallel dispersion Newton-Raphson: used up to 6 iterations
[2026-07-23 15:19:17] Parallel dispersion Newton-Raphson: used up to 7 iterations
[2026-07-23 15:19:17] Parallel dispersion Newton-Raphson: used up to 7 iterations
[2026-07-23 15:19:20] Total calculations elapsed time: 3.3790078163147
[2026-07-23 15:19:20] Estimate `dispersion`: DONE
[2026-07-23 15:19:20] Estimate `dispersion`: DONE
[2026-07-23 15:19:20] `dispersion` | min: -0.348971057579715 | max: 167.325869444708 | % negative: 89.6875
[2026-07-23 15:19:21] Model parameter estimation elapsed time: 4.45680570602417
[2026-07-23 15:19:21] COTAN genes' COEX estimation: START
[2026-07-23 15:19:21] Effective number of cores used: 80
[2026-07-23 15:19:21] Calculate genes COEX (torch) on device cpu: START
[2026-07-23 15:19:21] Retrieving expected genes contingency table
[2026-07-23 15:19:21] Expected genes contingency table elapsed time: 0.0193393230438232
[2026-07-23 15:19:21] Calculating genes COEX normalization factor
[2026-07-23 15:19:22] Calculating genes COEX normalization factor elapsed time: 0.769329309463501
[2026-07-23 15:19:22] Retrieving observed genes yes/yes contingency table
[2026-07-23 15:19:22] Observed genes contingency table elapsed time: 0.012174129486084
[2026-07-23 15:19:23] Calculate genes COEX elapsed time: 1.06739497184753
[2026-07-23 15:19:23] Total calculations elapsed time: 1.86823773384094
[2026-07-23 15:19:23] Calculate genes COEX (torch) on device cpu: DONE
[2026-07-23 15:19:24] Only genes' COEX elapsed time: 2.60082840919495
[2026-07-23 15:19:24] Dataset analysis elapsed time: 7.93863344192505
[2026-07-23 15:19:24] COTAN dataset analysis: DONE
[2026-07-23 15:19:24] Checking uniformity for the cluster '03_0017' with 79 cells
[2026-07-23 15:19:24] Calculate GDI dataframe: START
[2026-07-23 15:19:24] Using S
[2026-07-23 15:19:24] Calculating S: START
[2026-07-23 15:19:24] Calculating S: DONE
[2026-07-23 15:19:24] Calculate `GDI`: START
[2026-07-23 15:19:24] Effective number of cores used: 80
[2026-07-23 15:19:24] Effective number of cores used: 80
[2026-07-23 15:19:24] Executing 4 genes batches
[2026-07-23 15:19:25] Total calculations elapsed time: 0.653096199035645
[2026-07-23 15:19:25] Calculate `GDI`: DONE
[2026-07-23 15:19:26] Total calculations elapsed time: 1.87807321548462
[2026-07-23 15:19:26] Calculate GDI dataframe: DONE
[2026-07-23 15:19:26] Clean plots: START
[2026-07-23 15:19:26] Total calculations elapsed time: 0.0227537155151367
[2026-07-23 15:19:26] Clean plots: DONE
[2026-07-23 15:19:26] GDI plot
[2026-07-23 15:19:26] Removed 1 low GDI genes (such as the fully-expressed) in GDI plot
[2026-07-23 15:19:28] Cluster 03_0017, with size 79, is uniform
[2026-07-23 15:19:28] Cluster 03_0017's shift to uniformity: -0.110341043908652
[2026-07-23 15:19:28] class = SimpleGDIUniformityCheck, check.isCheckAbove = FALSE, check.GDIThreshold = 1.001, check.maxRatioBeyond = 0.01, check.maxRankBeyond = 0, check.fractionBeyond = 0, check.thresholdRank = 0, check.quantileAtRatio = 0.890658956091348, check.quantileAtRank = NaN, isUniform = TRUE, clusterSize = 79
[2026-07-23 15:19:28] cluster 03_0017 is uniform
[2026-07-23 15:19:28] 
[2026-07-23 15:19:29] *[2026-07-23 15:19:29]  checking uniformity of cluster '18' of 21 clusters
[2026-07-23 15:19:29] Asked to drop 0 genes and 4026 cells
[2026-07-23 15:19:29] COTAN dataset analysis: START
[2026-07-23 15:19:29] Asked to drop 5902 genes and 0 cells
[2026-07-23 15:19:29] Genes/cells selection done: dropped [5902] genes and [0] cells
[2026-07-23 15:19:29] Working on [6946] genes and [51] cells
[2026-07-23 15:19:29] Dataset cleaning elapsed time: 0.730532884597778
[2026-07-23 15:19:29] Estimate `dispersion`: START
[2026-07-23 15:19:29] Effective number of cores used: 80
[2026-07-23 15:19:29] Executing 7 genes batches
[2026-07-23 15:19:29] Parallel dispersion Newton-Raphson: used up to 7 iterations
[2026-07-23 15:19:30] Parallel dispersion Newton-Raphson: used up to 6 iterations
[2026-07-23 15:19:30] Parallel dispersion Newton-Raphson: used up to 6 iterations
[2026-07-23 15:19:30] Parallel dispersion Newton-Raphson: used up to 6 iterations
[2026-07-23 15:19:30] Parallel dispersion Newton-Raphson: used up to 6 iterations
[2026-07-23 15:19:30] Parallel dispersion Newton-Raphson: used up to 6 iterations
[2026-07-23 15:19:30] Parallel dispersion Newton-Raphson: used up to 6 iterations
[2026-07-23 15:19:33] Total calculations elapsed time: 3.37886786460876
[2026-07-23 15:19:33] Estimate `dispersion`: DONE
[2026-07-23 15:19:33] Estimate `dispersion`: DONE
[2026-07-23 15:19:33] `dispersion` | min: -0.30284511744751 | max: 131.242173664675 | % negative: 80.2476245321048
[2026-07-23 15:19:33] Model parameter estimation elapsed time: 4.23195719718933
[2026-07-23 15:19:33] COTAN genes' COEX estimation: START
[2026-07-23 15:19:33] Effective number of cores used: 80
[2026-07-23 15:19:33] Calculate genes COEX (torch) on device cpu: START
[2026-07-23 15:19:33] Retrieving expected genes contingency table
[2026-07-23 15:19:34] Expected genes contingency table elapsed time: 0.0298671722412109
[2026-07-23 15:19:34] Calculating genes COEX normalization factor
[2026-07-23 15:19:34] Calculating genes COEX normalization factor elapsed time: 0.903736114501953
[2026-07-23 15:19:34] Retrieving observed genes yes/yes contingency table
[2026-07-23 15:19:34] Observed genes contingency table elapsed time: 0.0229063034057617
[2026-07-23 15:19:37] Calculate genes COEX elapsed time: 2.4350152015686
[2026-07-23 15:19:37] Total calculations elapsed time: 3.39152479171753
[2026-07-23 15:19:37] Calculate genes COEX (torch) on device cpu: DONE
[2026-07-23 15:19:38] Only genes' COEX elapsed time: 4.13324904441833
[2026-07-23 15:19:38] Dataset analysis elapsed time: 9.09573912620544
[2026-07-23 15:19:38] COTAN dataset analysis: DONE
[2026-07-23 15:19:38] Checking uniformity for the cluster '03_0018' with 51 cells
[2026-07-23 15:19:38] Calculate GDI dataframe: START
[2026-07-23 15:19:38] Using S
[2026-07-23 15:19:38] Calculating S: START
[2026-07-23 15:19:40] Calculating S: DONE
[2026-07-23 15:19:40] Calculate `GDI`: START
[2026-07-23 15:19:40] Effective number of cores used: 80
[2026-07-23 15:19:40] Effective number of cores used: 80
[2026-07-23 15:19:40] Executing 7 genes batches
[2026-07-23 15:19:41] Total calculations elapsed time: 1.65649938583374
[2026-07-23 15:19:41] Calculate `GDI`: DONE
[2026-07-23 15:19:42] Total calculations elapsed time: 3.97543048858643
[2026-07-23 15:19:42] Calculate GDI dataframe: DONE
[2026-07-23 15:19:42] Clean plots: START
[2026-07-23 15:19:42] Total calculations elapsed time: 0.0237126350402832
[2026-07-23 15:19:42] Clean plots: DONE
[2026-07-23 15:19:42] GDI plot
[2026-07-23 15:19:42] Removed 1 low GDI genes (such as the fully-expressed) in GDI plot
[2026-07-23 15:19:44] Cluster 03_0018, with size 51, is not uniform
[2026-07-23 15:19:44] Cluster 03_0018's shift to uniformity: 0.159720709062116
[2026-07-23 15:19:44] class = SimpleGDIUniformityCheck, check.isCheckAbove = FALSE, check.GDIThreshold = 1.001, check.maxRatioBeyond = 0.01, check.maxRankBeyond = 0, check.fractionBeyond = 0.0544198099625684, check.thresholdRank = 0, check.quantileAtRatio = 1.16072070906212, check.quantileAtRank = NaN, isUniform = FALSE, clusterSize = 51
[2026-07-23 15:19:44] cluster 03_0018 has too high GDI: will be reclustered!
[2026-07-23 15:19:44] 
[2026-07-23 15:19:45] *[2026-07-23 15:19:45]  checking uniformity of cluster '19' of 21 clusters
[2026-07-23 15:19:45] cluster 03_0019 has too few cells: will be reclustered!
[2026-07-23 15:19:45] *[2026-07-23 15:19:45]  checking uniformity of cluster '20' of 21 clusters
[2026-07-23 15:19:45] cluster 03_0020 has too few cells: will be reclustered!
[2026-07-23 15:19:45] 
[2026-07-23 15:19:45] Found 4 uniform and  17 non-uniform clusters
[2026-07-23 15:19:46] Loop calculations elapsed time: 359.004421949387
[2026-07-23 15:19:46] In iteration 4 [2026-07-23 15:19:46] the number of cells to re-cluster is 3429 cells belonging to 17 clusters
[2026-07-23 15:19:46] Asked to drop 0 genes and 648 cells
[2026-07-23 15:19:46] Creating new clusterization: START
[2026-07-23 15:19:46] Elaborating Reduced dimensionality Data Matrix - START
[2026-07-23 15:19:46] Running genes' selection: START
[2026-07-23 15:19:47] Selected 2000 genes using HVG_Seurat selector
[2026-07-23 15:19:47] Running genes' selection: DONE
[2026-07-23 15:19:49] Elaborating PCA - START
[2026-07-23 15:19:50] Elaborating PCA - DONE
[2026-07-23 15:19:51] Total calculations elapsed time: 4.90765571594238
[2026-07-23 15:19:51] Elaborating Reduced dimensionality Data Matrix - DONE
[2026-07-23 15:19:52] Number of clusters is too small. Reclustering at resolution higher than: 0.8
[2026-07-23 15:19:52] Number of clusters is too small. Reclustering at resolution higher than: 1.3
[2026-07-23 15:19:52] Number of clusters is too small. Reclustering at resolution higher than: 1.8
[2026-07-23 15:19:53] Number of clusters is too small. Reclustering at resolution higher than: 2.3
[2026-07-23 15:19:53] Used resolution for Seurat clusterization is: 2.8
[2026-07-23 15:19:53] Total calculations elapsed time: 7.34939646720886
[2026-07-23 15:19:53] Creating new clusterization: DONE
[2026-07-23 15:19:54] Creating PDF UMAP in file:  /data/lorenzo_delitala/data/project_files/ding/cortex_2/plots/Ding_Cortex_2_Transcript/reclustering/pdf_umap_4.pdf
[2026-07-23 15:19:54] UMAP plot: START
[2026-07-23 15:19:54] Calculating UMAP: START
[2026-07-23 15:20:02] Calculating UMAP: DONE
[2026-07-23 15:20:02] Total calculations elapsed time: 8.62669682502747
[2026-07-23 15:20:02] UMAP plot: DONE
[2026-07-23 15:20:03] UMAP plot: START
[2026-07-23 15:20:03] Calculating UMAP: START
[2026-07-23 15:20:11] Calculating UMAP: DONE
[2026-07-23 15:20:11] Total calculations elapsed time: 8.73783254623413
[2026-07-23 15:20:11] UMAP plot: DONE
[2026-07-23 15:20:12] *[2026-07-23 15:20:12]  checking uniformity of cluster '0' of 23 clusters
[2026-07-23 15:20:12] Asked to drop 0 genes and 3802 cells
[2026-07-23 15:20:12] COTAN dataset analysis: START
[2026-07-23 15:20:12] Asked to drop 4203 genes and 0 cells
[2026-07-23 15:20:12] Genes/cells selection done: dropped [4203] genes and [0] cells
[2026-07-23 15:20:12] Working on [8645] genes and [275] cells
[2026-07-23 15:20:13] Dataset cleaning elapsed time: 0.758575201034546
[2026-07-23 15:20:13] Estimate `dispersion`: START
[2026-07-23 15:20:13] Effective number of cores used: 80
[2026-07-23 15:20:13] Executing 9 genes batches
[2026-07-23 15:20:13] Parallel dispersion Newton-Raphson: used up to 5 iterations
[2026-07-23 15:20:13] Parallel dispersion Newton-Raphson: used up to 5 iterations
[2026-07-23 15:20:13] Parallel dispersion Newton-Raphson: used up to 6 iterations
[2026-07-23 15:20:13] Parallel dispersion Newton-Raphson: used up to 6 iterations
[2026-07-23 15:20:13] Parallel dispersion Newton-Raphson: used up to 7 iterations
[2026-07-23 15:20:13] Parallel dispersion Newton-Raphson: used up to 6 iterations
[2026-07-23 15:20:13] Parallel dispersion Newton-Raphson: used up to 6 iterations
[2026-07-23 15:20:13] Parallel dispersion Newton-Raphson: used up to 6 iterations
[2026-07-23 15:20:14] Parallel dispersion Newton-Raphson: used up to 6 iterations
[2026-07-23 15:20:17] Total calculations elapsed time: 3.93971014022827
[2026-07-23 15:20:17] Estimate `dispersion`: DONE
[2026-07-23 15:20:17] Estimate `dispersion`: DONE
[2026-07-23 15:20:17] `dispersion` | min: -0.225938093638085 | max: 212.1527155727 | % negative: 70.6072874493927
[2026-07-23 15:20:17] Model parameter estimation elapsed time: 4.72580432891846
[2026-07-23 15:20:17] COTAN genes' COEX estimation: START
[2026-07-23 15:20:17] Effective number of cores used: 80
[2026-07-23 15:20:17] Calculate genes COEX (torch) on device cpu: START
[2026-07-23 15:20:17] Retrieving expected genes contingency table
[2026-07-23 15:20:17] Expected genes contingency table elapsed time: 0.0519368648529053
[2026-07-23 15:20:17] Calculating genes COEX normalization factor
[2026-07-23 15:20:18] Calculating genes COEX normalization factor elapsed time: 0.987864255905151
[2026-07-23 15:20:18] Retrieving observed genes yes/yes contingency table
[2026-07-23 15:20:18] Observed genes contingency table elapsed time: 0.0625591278076172
[2026-07-23 15:20:22] Calculate genes COEX elapsed time: 3.5295398235321
[2026-07-23 15:20:22] Total calculations elapsed time: 4.63190007209778
[2026-07-23 15:20:22] Calculate genes COEX (torch) on device cpu: DONE
[2026-07-23 15:20:23] Only genes' COEX elapsed time: 5.3715455532074
[2026-07-23 15:20:23] Dataset analysis elapsed time: 10.8559250831604
[2026-07-23 15:20:23] COTAN dataset analysis: DONE
[2026-07-23 15:20:23] Checking uniformity for the cluster '04_0000' with 275 cells
[2026-07-23 15:20:23] Calculate GDI dataframe: START
[2026-07-23 15:20:23] Using S
[2026-07-23 15:20:23] Calculating S: START
[2026-07-23 15:20:25] Calculating S: DONE
[2026-07-23 15:20:25] Calculate `GDI`: START
[2026-07-23 15:20:25] Effective number of cores used: 80
[2026-07-23 15:20:25] Effective number of cores used: 80
[2026-07-23 15:20:25] Executing 9 genes batches
[2026-07-23 15:20:27] Total calculations elapsed time: 2.06656432151794
[2026-07-23 15:20:27] Calculate `GDI`: DONE
[2026-07-23 15:20:29] Total calculations elapsed time: 5.15059089660645
[2026-07-23 15:20:29] Calculate GDI dataframe: DONE
[2026-07-23 15:20:29] Clean plots: START
[2026-07-23 15:20:29] Total calculations elapsed time: 0.0232770442962646
[2026-07-23 15:20:29] Clean plots: DONE
[2026-07-23 15:20:29] GDI plot
[2026-07-23 15:20:29] Removed 1 low GDI genes (such as the fully-expressed) in GDI plot
[2026-07-23 15:20:30] Cluster 04_0000, with size 275, is not uniform
[2026-07-23 15:20:30] Cluster 04_0000's shift to uniformity: 0.195884893661273
[2026-07-23 15:20:30] class = SimpleGDIUniformityCheck, check.isCheckAbove = FALSE, check.GDIThreshold = 1.001, check.maxRatioBeyond = 0.01, check.maxRankBeyond = 0, check.fractionBeyond = 0.0950838635049161, check.thresholdRank = 0, check.quantileAtRatio = 1.19688489366127, check.quantileAtRank = NaN, isUniform = FALSE, clusterSize = 275
[2026-07-23 15:20:30] cluster 04_0000 has too high GDI: will be reclustered!
[2026-07-23 15:20:30] 
[2026-07-23 15:20:31] *[2026-07-23 15:20:31]  checking uniformity of cluster '1' of 23 clusters
[2026-07-23 15:20:31] Asked to drop 0 genes and 3837 cells
[2026-07-23 15:20:31] COTAN dataset analysis: START
[2026-07-23 15:20:31] Asked to drop 2781 genes and 0 cells
[2026-07-23 15:20:31] Genes/cells selection done: dropped [2781] genes and [0] cells
[2026-07-23 15:20:31] Working on [10067] genes and [240] cells
[2026-07-23 15:20:32] Dataset cleaning elapsed time: 0.754564523696899
[2026-07-23 15:20:32] Estimate `dispersion`: START
[2026-07-23 15:20:32] Effective number of cores used: 80
[2026-07-23 15:20:32] Executing 10 genes batches
[2026-07-23 15:20:32] Parallel dispersion Newton-Raphson: used up to 5 iterations
[2026-07-23 15:20:32] Parallel dispersion Newton-Raphson: used up to 6 iterations
[2026-07-23 15:20:32] Parallel dispersion Newton-Raphson: used up to 5 iterations
[2026-07-23 15:20:32] Parallel dispersion Newton-Raphson: used up to 6 iterations
[2026-07-23 15:20:33] Parallel dispersion Newton-Raphson: used up to 5 iterations
[2026-07-23 15:20:33] Parallel dispersion Newton-Raphson: used up to 6 iterations
[2026-07-23 15:20:33] Parallel dispersion Newton-Raphson: used up to 6 iterations
[2026-07-23 15:20:33] Parallel dispersion Newton-Raphson: used up to 6 iterations
[2026-07-23 15:20:33] Parallel dispersion Newton-Raphson: used up to 6 iterations
[2026-07-23 15:20:33] Parallel dispersion Newton-Raphson: used up to 6 iterations
[2026-07-23 15:20:36] Total calculations elapsed time: 3.69448494911194
[2026-07-23 15:20:36] Estimate `dispersion`: DONE
[2026-07-23 15:20:36] Estimate `dispersion`: DONE
[2026-07-23 15:20:36] `dispersion` | min: -0.266054519768194 | max: 212.509973964038 | % negative: 65.5309426840171
[2026-07-23 15:20:36] Model parameter estimation elapsed time: 4.48776030540466
[2026-07-23 15:20:36] COTAN genes' COEX estimation: START
[2026-07-23 15:20:36] Effective number of cores used: 80
[2026-07-23 15:20:36] Calculate genes COEX (torch) on device cpu: START
[2026-07-23 15:20:36] Retrieving expected genes contingency table
[2026-07-23 15:20:36] Expected genes contingency table elapsed time: 0.0644021034240723
[2026-07-23 15:20:36] Calculating genes COEX normalization factor
[2026-07-23 15:20:38] Calculating genes COEX normalization factor elapsed time: 1.05147480964661
[2026-07-23 15:20:38] Retrieving observed genes yes/yes contingency table
[2026-07-23 15:20:38] Observed genes contingency table elapsed time: 0.0691289901733398
[2026-07-23 15:20:42] Calculate genes COEX elapsed time: 4.82536244392395
[2026-07-23 15:20:42] Total calculations elapsed time: 6.01036834716797
[2026-07-23 15:20:42] Calculate genes COEX (torch) on device cpu: DONE
[2026-07-23 15:20:43] Only genes' COEX elapsed time: 6.74398899078369
[2026-07-23 15:20:43] Dataset analysis elapsed time: 11.9863138198853
[2026-07-23 15:20:43] COTAN dataset analysis: DONE
[2026-07-23 15:20:44] Checking uniformity for the cluster '04_0001' with 240 cells
[2026-07-23 15:20:44] Calculate GDI dataframe: START
[2026-07-23 15:20:44] Using S
[2026-07-23 15:20:44] Calculating S: START
[2026-07-23 15:20:47] Calculating S: DONE
[2026-07-23 15:20:47] Calculate `GDI`: START
[2026-07-23 15:20:47] Effective number of cores used: 80
[2026-07-23 15:20:47] Effective number of cores used: 80
[2026-07-23 15:20:47] Executing 10 genes batches
[2026-07-23 15:20:49] Total calculations elapsed time: 2.20642423629761
[2026-07-23 15:20:49] Calculate `GDI`: DONE
[2026-07-23 15:20:50] Total calculations elapsed time: 6.31122136116028
[2026-07-23 15:20:50] Calculate GDI dataframe: DONE
[2026-07-23 15:20:50] Clean plots: START
[2026-07-23 15:20:50] Total calculations elapsed time: 0.0232980251312256
[2026-07-23 15:20:50] Clean plots: DONE
[2026-07-23 15:20:50] GDI plot
[2026-07-23 15:20:50] Removed 3 low GDI genes (such as the fully-expressed) in GDI plot
[2026-07-23 15:20:52] Cluster 04_0001, with size 240, is not uniform
[2026-07-23 15:20:52] Cluster 04_0001's shift to uniformity: 0.286882690172882
[2026-07-23 15:20:52] class = SimpleGDIUniformityCheck, check.isCheckAbove = FALSE, check.GDIThreshold = 1.001, check.maxRatioBeyond = 0.01, check.maxRankBeyond = 0, check.fractionBeyond = 0.234826661368829, check.thresholdRank = 0, check.quantileAtRatio = 1.28788269017288, check.quantileAtRank = NaN, isUniform = FALSE, clusterSize = 240
[2026-07-23 15:20:52] cluster 04_0001 has too high GDI: will be reclustered!
[2026-07-23 15:20:52] 
[2026-07-23 15:20:53] *[2026-07-23 15:20:53]  checking uniformity of cluster '2' of 23 clusters
[2026-07-23 15:20:53] Asked to drop 0 genes and 3840 cells
[2026-07-23 15:20:53] COTAN dataset analysis: START
[2026-07-23 15:20:53] Asked to drop 3941 genes and 0 cells
[2026-07-23 15:20:53] Genes/cells selection done: dropped [3941] genes and [0] cells
[2026-07-23 15:20:53] Working on [8907] genes and [237] cells
[2026-07-23 15:20:54] Dataset cleaning elapsed time: 0.743844032287598
[2026-07-23 15:20:54] Estimate `dispersion`: START
[2026-07-23 15:20:54] Effective number of cores used: 80
[2026-07-23 15:20:54] Executing 9 genes batches
[2026-07-23 15:20:54] Parallel dispersion Newton-Raphson: used up to 5 iterations
[2026-07-23 15:20:54] Parallel dispersion Newton-Raphson: used up to 6 iterations
[2026-07-23 15:20:54] Parallel dispersion Newton-Raphson: used up to 5 iterations
[2026-07-23 15:20:54] Parallel dispersion Newton-Raphson: used up to 6 iterations
[2026-07-23 15:20:54] Parallel dispersion Newton-Raphson: used up to 6 iterations
[2026-07-23 15:20:54] Parallel dispersion Newton-Raphson: used up to 6 iterations
[2026-07-23 15:20:55] Parallel dispersion Newton-Raphson: used up to 5 iterations
[2026-07-23 15:20:55] Parallel dispersion Newton-Raphson: used up to 6 iterations
[2026-07-23 15:20:55] Parallel dispersion Newton-Raphson: used up to 6 iterations
[2026-07-23 15:20:58] Total calculations elapsed time: 3.88785982131958
[2026-07-23 15:20:58] Estimate `dispersion`: DONE
[2026-07-23 15:20:58] Estimate `dispersion`: DONE
[2026-07-23 15:20:58] `dispersion` | min: -0.210919861420739 | max: 181.927834853088 | % negative: 67.9914673852027
[2026-07-23 15:20:58] Model parameter estimation elapsed time: 4.74009418487549
[2026-07-23 15:20:58] COTAN genes' COEX estimation: START
[2026-07-23 15:20:58] Effective number of cores used: 80
[2026-07-23 15:20:58] Calculate genes COEX (torch) on device cpu: START
[2026-07-23 15:20:58] Retrieving expected genes contingency table
[2026-07-23 15:20:58] Expected genes contingency table elapsed time: 0.0543968677520752
[2026-07-23 15:20:58] Calculating genes COEX normalization factor
[2026-07-23 15:20:59] Calculating genes COEX normalization factor elapsed time: 0.996345043182373
[2026-07-23 15:20:59] Retrieving observed genes yes/yes contingency table
[2026-07-23 15:21:00] Observed genes contingency table elapsed time: 0.0612757205963135
[2026-07-23 15:21:03] Calculate genes COEX elapsed time: 3.84534740447998
[2026-07-23 15:21:03] Total calculations elapsed time: 4.95736503601074
[2026-07-23 15:21:03] Calculate genes COEX (torch) on device cpu: DONE
[2026-07-23 15:21:04] Only genes' COEX elapsed time: 5.69682049751282
[2026-07-23 15:21:04] Dataset analysis elapsed time: 11.1807587146759
[2026-07-23 15:21:04] COTAN dataset analysis: DONE
[2026-07-23 15:21:05] Checking uniformity for the cluster '04_0002' with 237 cells
[2026-07-23 15:21:05] Calculate GDI dataframe: START
[2026-07-23 15:21:05] Using S
[2026-07-23 15:21:05] Calculating S: START
[2026-07-23 15:21:07] Calculating S: DONE
[2026-07-23 15:21:07] Calculate `GDI`: START
[2026-07-23 15:21:07] Effective number of cores used: 80
[2026-07-23 15:21:07] Effective number of cores used: 80
[2026-07-23 15:21:07] Executing 9 genes batches
[2026-07-23 15:21:09] Total calculations elapsed time: 2.46201872825623
[2026-07-23 15:21:09] Calculate `GDI`: DONE
[2026-07-23 15:21:11] Total calculations elapsed time: 5.95056366920471
[2026-07-23 15:21:11] Calculate GDI dataframe: DONE
[2026-07-23 15:21:11] Clean plots: START
[2026-07-23 15:21:11] Total calculations elapsed time: 0.0247006416320801
[2026-07-23 15:21:11] Clean plots: DONE
[2026-07-23 15:21:11] GDI plot
[2026-07-23 15:21:11] Removed 1 low GDI genes (such as the fully-expressed) in GDI plot
[2026-07-23 15:21:13] Cluster 04_0002, with size 237, is not uniform
[2026-07-23 15:21:13] Cluster 04_0002's shift to uniformity: 0.287407833320802
[2026-07-23 15:21:13] class = SimpleGDIUniformityCheck, check.isCheckAbove = FALSE, check.GDIThreshold = 1.001, check.maxRatioBeyond = 0.01, check.maxRankBeyond = 0, check.fractionBeyond = 0.185359829347704, check.thresholdRank = 0, check.quantileAtRatio = 1.2884078333208, check.quantileAtRank = NaN, isUniform = FALSE, clusterSize = 237
[2026-07-23 15:21:13] cluster 04_0002 has too high GDI: will be reclustered!
[2026-07-23 15:21:13] 
[2026-07-23 15:21:13] *[2026-07-23 15:21:13]  checking uniformity of cluster '3' of 23 clusters
[2026-07-23 15:21:13] Asked to drop 0 genes and 3847 cells
[2026-07-23 15:21:13] COTAN dataset analysis: START
[2026-07-23 15:21:13] Asked to drop 5623 genes and 0 cells
[2026-07-23 15:21:13] Genes/cells selection done: dropped [5623] genes and [0] cells
[2026-07-23 15:21:13] Working on [7225] genes and [230] cells
[2026-07-23 15:21:14] Dataset cleaning elapsed time: 0.827373743057251
[2026-07-23 15:21:14] Estimate `dispersion`: START
[2026-07-23 15:21:14] Effective number of cores used: 80
[2026-07-23 15:21:14] Executing 8 genes batches
[2026-07-23 15:21:15] Parallel dispersion Newton-Raphson: used up to 6 iterations
[2026-07-23 15:21:15] Parallel dispersion Newton-Raphson: used up to 5 iterations
[2026-07-23 15:21:15] Parallel dispersion Newton-Raphson: used up to 7 iterations
[2026-07-23 15:21:15] Parallel dispersion Newton-Raphson: used up to 6 iterations
[2026-07-23 15:21:15] Parallel dispersion Newton-Raphson: used up to 6 iterations
[2026-07-23 15:21:15] Parallel dispersion Newton-Raphson: used up to 6 iterations
[2026-07-23 15:21:15] Parallel dispersion Newton-Raphson: used up to 6 iterations
[2026-07-23 15:21:15] Parallel dispersion Newton-Raphson: used up to 7 iterations
[2026-07-23 15:21:18] Total calculations elapsed time: 3.62275362014771
[2026-07-23 15:21:18] Estimate `dispersion`: DONE
[2026-07-23 15:21:18] Estimate `dispersion`: DONE
[2026-07-23 15:21:18] `dispersion` | min: -0.284965950652943 | max: 319.593248591222 | % negative: 71.1833910034602
[2026-07-23 15:21:19] Model parameter estimation elapsed time: 4.46287846565247
[2026-07-23 15:21:19] COTAN genes' COEX estimation: START
[2026-07-23 15:21:19] Effective number of cores used: 80
[2026-07-23 15:21:19] Calculate genes COEX (torch) on device cpu: START
[2026-07-23 15:21:19] Retrieving expected genes contingency table
[2026-07-23 15:21:19] Expected genes contingency table elapsed time: 0.0399694442749023
[2026-07-23 15:21:19] Calculating genes COEX normalization factor
[2026-07-23 15:21:20] Calculating genes COEX normalization factor elapsed time: 0.909390687942505
[2026-07-23 15:21:20] Retrieving observed genes yes/yes contingency table
[2026-07-23 15:21:20] Observed genes contingency table elapsed time: 0.0370361804962158
[2026-07-23 15:21:22] Calculate genes COEX elapsed time: 2.61791753768921
[2026-07-23 15:21:22] Total calculations elapsed time: 3.60431385040283
[2026-07-23 15:21:22] Calculate genes COEX (torch) on device cpu: DONE
[2026-07-23 15:21:23] Only genes' COEX elapsed time: 4.34947395324707
[2026-07-23 15:21:23] Dataset analysis elapsed time: 9.63972616195679
[2026-07-23 15:21:23] COTAN dataset analysis: DONE
[2026-07-23 15:21:24] Checking uniformity for the cluster '04_0003' with 230 cells
[2026-07-23 15:21:24] Calculate GDI dataframe: START
[2026-07-23 15:21:24] Using S
[2026-07-23 15:21:24] Calculating S: START
[2026-07-23 15:21:25] Calculating S: DONE
[2026-07-23 15:21:25] Calculate `GDI`: START
[2026-07-23 15:21:25] Effective number of cores used: 80
[2026-07-23 15:21:25] Effective number of cores used: 80
[2026-07-23 15:21:25] Executing 8 genes batches
[2026-07-23 15:21:27] Total calculations elapsed time: 1.70025777816772
[2026-07-23 15:21:27] Calculate `GDI`: DONE
[2026-07-23 15:21:28] Total calculations elapsed time: 4.18071722984314
[2026-07-23 15:21:28] Calculate GDI dataframe: DONE
[2026-07-23 15:21:28] Clean plots: START
[2026-07-23 15:21:28] Total calculations elapsed time: 0.0230045318603516
[2026-07-23 15:21:28] Clean plots: DONE
[2026-07-23 15:21:28] GDI plot
[2026-07-23 15:21:28] Removed 1 low GDI genes (such as the fully-expressed) in GDI plot
[2026-07-23 15:21:30] Cluster 04_0003, with size 230, is not uniform
[2026-07-23 15:21:30] Cluster 04_0003's shift to uniformity: 0.226242472491334
[2026-07-23 15:21:30] class = SimpleGDIUniformityCheck, check.isCheckAbove = FALSE, check.GDIThreshold = 1.001, check.maxRatioBeyond = 0.01, check.maxRankBeyond = 0, check.fractionBeyond = 0.117785467128028, check.thresholdRank = 0, check.quantileAtRatio = 1.22724247249133, check.quantileAtRank = NaN, isUniform = FALSE, clusterSize = 230
[2026-07-23 15:21:30] cluster 04_0003 has too high GDI: will be reclustered!
[2026-07-23 15:21:30] 
[2026-07-23 15:21:30] *[2026-07-23 15:21:30]  checking uniformity of cluster '4' of 23 clusters
[2026-07-23 15:21:30] Asked to drop 0 genes and 3850 cells
[2026-07-23 15:21:30] COTAN dataset analysis: START
[2026-07-23 15:21:30] Asked to drop 5971 genes and 0 cells
[2026-07-23 15:21:30] Genes/cells selection done: dropped [5971] genes and [0] cells
[2026-07-23 15:21:30] Working on [6877] genes and [227] cells
[2026-07-23 15:21:31] Dataset cleaning elapsed time: 0.731101274490356
[2026-07-23 15:21:31] Estimate `dispersion`: START
[2026-07-23 15:21:31] Effective number of cores used: 80
[2026-07-23 15:21:31] Executing 7 genes batches
[2026-07-23 15:21:31] Parallel dispersion Newton-Raphson: used up to 6 iterations
[2026-07-23 15:21:31] Parallel dispersion Newton-Raphson: used up to 6 iterations
[2026-07-23 15:21:32] Parallel dispersion Newton-Raphson: used up to 7 iterations
[2026-07-23 15:21:32] Parallel dispersion Newton-Raphson: used up to 6 iterations
[2026-07-23 15:21:32] Parallel dispersion Newton-Raphson: used up to 6 iterations
[2026-07-23 15:21:32] Parallel dispersion Newton-Raphson: used up to 6 iterations
[2026-07-23 15:21:32] Parallel dispersion Newton-Raphson: used up to 6 iterations
[2026-07-23 15:21:35] Total calculations elapsed time: 3.6266348361969
[2026-07-23 15:21:35] Estimate `dispersion`: DONE
[2026-07-23 15:21:35] Estimate `dispersion`: DONE
[2026-07-23 15:21:35] `dispersion` | min: -0.128950246974185 | max: 204.992412927767 | % negative: 74.4365275556202
[2026-07-23 15:21:36] Model parameter estimation elapsed time: 4.47095251083374
[2026-07-23 15:21:36] COTAN genes' COEX estimation: START
[2026-07-23 15:21:36] Effective number of cores used: 80
[2026-07-23 15:21:36] Calculate genes COEX (torch) on device cpu: START
[2026-07-23 15:21:36] Retrieving expected genes contingency table
[2026-07-23 15:21:36] Expected genes contingency table elapsed time: 0.0374817848205566
[2026-07-23 15:21:36] Calculating genes COEX normalization factor
[2026-07-23 15:21:37] Calculating genes COEX normalization factor elapsed time: 0.880205631256104
[2026-07-23 15:21:37] Retrieving observed genes yes/yes contingency table
[2026-07-23 15:21:37] Observed genes contingency table elapsed time: 0.0332648754119873
[2026-07-23 15:21:39] Calculate genes COEX elapsed time: 2.44187331199646
[2026-07-23 15:21:39] Total calculations elapsed time: 3.39282560348511
[2026-07-23 15:21:39] Calculate genes COEX (torch) on device cpu: DONE
[2026-07-23 15:21:40] Only genes' COEX elapsed time: 4.14739108085632
[2026-07-23 15:21:40] Dataset analysis elapsed time: 9.34944486618042
[2026-07-23 15:21:40] COTAN dataset analysis: DONE
[2026-07-23 15:21:40] Checking uniformity for the cluster '04_0004' with 227 cells
[2026-07-23 15:21:40] Calculate GDI dataframe: START
[2026-07-23 15:21:40] Using S
[2026-07-23 15:21:40] Calculating S: START
[2026-07-23 15:21:42] Calculating S: DONE
[2026-07-23 15:21:42] Calculate `GDI`: START
[2026-07-23 15:21:42] Effective number of cores used: 80
[2026-07-23 15:21:42] Effective number of cores used: 80
[2026-07-23 15:21:42] Executing 7 genes batches
[2026-07-23 15:21:43] Total calculations elapsed time: 1.54926896095276
[2026-07-23 15:21:43] Calculate `GDI`: DONE
[2026-07-23 15:21:44] Total calculations elapsed time: 3.91953682899475
[2026-07-23 15:21:44] Calculate GDI dataframe: DONE
[2026-07-23 15:21:44] Clean plots: START
[2026-07-23 15:21:44] Total calculations elapsed time: 0.0236821174621582
[2026-07-23 15:21:44] Clean plots: DONE
[2026-07-23 15:21:44] GDI plot
[2026-07-23 15:21:44] Removed 1 low GDI genes (such as the fully-expressed) in GDI plot
[2026-07-23 15:21:46] Cluster 04_0004, with size 227, is not uniform
[2026-07-23 15:21:46] Cluster 04_0004's shift to uniformity: 0.183410476170965
[2026-07-23 15:21:46] class = SimpleGDIUniformityCheck, check.isCheckAbove = FALSE, check.GDIThreshold = 1.001, check.maxRatioBeyond = 0.01, check.maxRankBeyond = 0, check.fractionBeyond = 0.0683437545441326, check.thresholdRank = 0, check.quantileAtRatio = 1.18441047617097, check.quantileAtRank = NaN, isUniform = FALSE, clusterSize = 227
[2026-07-23 15:21:46] cluster 04_0004 has too high GDI: will be reclustered!
[2026-07-23 15:21:46] 
[2026-07-23 15:21:47] *[2026-07-23 15:21:47]  checking uniformity of cluster '5' of 23 clusters
[2026-07-23 15:21:47] Asked to drop 0 genes and 3852 cells
[2026-07-23 15:21:47] COTAN dataset analysis: START
[2026-07-23 15:21:47] Asked to drop 3135 genes and 0 cells
[2026-07-23 15:21:47] Genes/cells selection done: dropped [3135] genes and [0] cells
[2026-07-23 15:21:47] Working on [9713] genes and [225] cells
[2026-07-23 15:21:48] Dataset cleaning elapsed time: 0.739038467407227
[2026-07-23 15:21:48] Estimate `dispersion`: START
[2026-07-23 15:21:48] Effective number of cores used: 80
[2026-07-23 15:21:48] Executing 10 genes batches
[2026-07-23 15:21:48] Parallel dispersion Newton-Raphson: used up to 7 iterations
[2026-07-23 15:21:48] Parallel dispersion Newton-Raphson: used up to 6 iterations
[2026-07-23 15:21:48] Parallel dispersion Newton-Raphson: used up to 6 iterations
[2026-07-23 15:21:48] Parallel dispersion Newton-Raphson: used up to 6 iterations
[2026-07-23 15:21:48] Parallel dispersion Newton-Raphson: used up to 5 iterations
[2026-07-23 15:21:48] Parallel dispersion Newton-Raphson: used up to 6 iterations
[2026-07-23 15:21:48] Parallel dispersion Newton-Raphson: used up to 6 iterations
[2026-07-23 15:21:49] Parallel dispersion Newton-Raphson: used up to 7 iterations
[2026-07-23 15:21:49] Parallel dispersion Newton-Raphson: used up to 6 iterations
[2026-07-23 15:21:49] Parallel dispersion Newton-Raphson: used up to 6 iterations
[2026-07-23 15:21:51] Total calculations elapsed time: 3.61371421813965
[2026-07-23 15:21:51] Estimate `dispersion`: DONE
[2026-07-23 15:21:51] Estimate `dispersion`: DONE
[2026-07-23 15:21:51] `dispersion` | min: -0.318937457821806 | max: 317.213297142232 | % negative: 66.1484608256975
[2026-07-23 15:21:52] Model parameter estimation elapsed time: 4.46252131462097
[2026-07-23 15:21:52] COTAN genes' COEX estimation: START
[2026-07-23 15:21:52] Effective number of cores used: 80
[2026-07-23 15:21:52] Calculate genes COEX (torch) on device cpu: START
[2026-07-23 15:21:52] Retrieving expected genes contingency table
[2026-07-23 15:21:52] Expected genes contingency table elapsed time: 0.0579547882080078
[2026-07-23 15:21:52] Calculating genes COEX normalization factor
[2026-07-23 15:21:53] Calculating genes COEX normalization factor elapsed time: 1.00848627090454
[2026-07-23 15:21:53] Retrieving observed genes yes/yes contingency table
[2026-07-23 15:21:53] Observed genes contingency table elapsed time: 0.0617284774780273
[2026-07-23 15:21:58] Calculate genes COEX elapsed time: 4.43337678909302
[2026-07-23 15:21:58] Total calculations elapsed time: 5.56154632568359
[2026-07-23 15:21:58] Calculate genes COEX (torch) on device cpu: DONE
[2026-07-23 15:21:58] Only genes' COEX elapsed time: 6.29896306991577
[2026-07-23 15:21:58] Dataset analysis elapsed time: 11.500522851944
[2026-07-23 15:21:58] COTAN dataset analysis: DONE
[2026-07-23 15:21:59] Checking uniformity for the cluster '04_0005' with 225 cells
[2026-07-23 15:21:59] Calculate GDI dataframe: START
[2026-07-23 15:21:59] Using S
[2026-07-23 15:21:59] Calculating S: START
[2026-07-23 15:22:02] Calculating S: DONE
[2026-07-23 15:22:02] Calculate `GDI`: START
[2026-07-23 15:22:02] Effective number of cores used: 80
[2026-07-23 15:22:02] Effective number of cores used: 80
[2026-07-23 15:22:02] Executing 10 genes batches
[2026-07-23 15:22:04] Total calculations elapsed time: 2.04454636573792
[2026-07-23 15:22:04] Calculate `GDI`: DONE
[2026-07-23 15:22:05] Total calculations elapsed time: 5.96068859100342
[2026-07-23 15:22:05] Calculate GDI dataframe: DONE
[2026-07-23 15:22:05] Clean plots: START
[2026-07-23 15:22:05] Total calculations elapsed time: 0.0249097347259521
[2026-07-23 15:22:05] Clean plots: DONE
[2026-07-23 15:22:05] GDI plot
[2026-07-23 15:22:05] Removed 1 low GDI genes (such as the fully-expressed) in GDI plot
[2026-07-23 15:22:07] Cluster 04_0005, with size 225, is not uniform
[2026-07-23 15:22:07] Cluster 04_0005's shift to uniformity: 0.238288901681556
[2026-07-23 15:22:07] class = SimpleGDIUniformityCheck, check.isCheckAbove = FALSE, check.GDIThreshold = 1.001, check.maxRatioBeyond = 0.01, check.maxRankBeyond = 0, check.fractionBeyond = 0.188613198805724, check.thresholdRank = 0, check.quantileAtRatio = 1.23928890168156, check.quantileAtRank = NaN, isUniform = FALSE, clusterSize = 225
[2026-07-23 15:22:07] cluster 04_0005 has too high GDI: will be reclustered!
[2026-07-23 15:22:07] 
[2026-07-23 15:22:08] *[2026-07-23 15:22:08]  checking uniformity of cluster '6' of 23 clusters
[2026-07-23 15:22:08] Asked to drop 0 genes and 3854 cells
[2026-07-23 15:22:08] COTAN dataset analysis: START
[2026-07-23 15:22:08] Asked to drop 8239 genes and 0 cells
[2026-07-23 15:22:08] Genes/cells selection done: dropped [8239] genes and [0] cells
[2026-07-23 15:22:08] Working on [4609] genes and [223] cells
[2026-07-23 15:22:09] Dataset cleaning elapsed time: 0.851799964904785
[2026-07-23 15:22:09] Estimate `dispersion`: START
[2026-07-23 15:22:09] Effective number of cores used: 80
[2026-07-23 15:22:09] Executing 5 genes batches
[2026-07-23 15:22:09] Parallel dispersion Newton-Raphson: used up to 6 iterations
[2026-07-23 15:22:09] Parallel dispersion Newton-Raphson: used up to 6 iterations
[2026-07-23 15:22:09] Parallel dispersion Newton-Raphson: used up to 6 iterations
[2026-07-23 15:22:09] Parallel dispersion Newton-Raphson: used up to 6 iterations
[2026-07-23 15:22:09] Parallel dispersion Newton-Raphson: used up to 6 iterations
[2026-07-23 15:22:12] Total calculations elapsed time: 3.16207814216614
[2026-07-23 15:22:12] Estimate `dispersion`: DONE
[2026-07-23 15:22:12] Estimate `dispersion`: DONE
[2026-07-23 15:22:12] `dispersion` | min: -0.86267107000515 | max: 199.8287729582 | % negative: 76.7845519635496
[2026-07-23 15:22:13] Model parameter estimation elapsed time: 4.01282477378845
[2026-07-23 15:22:13] COTAN genes' COEX estimation: START
[2026-07-23 15:22:13] Effective number of cores used: 80
[2026-07-23 15:22:13] Calculate genes COEX (torch) on device cpu: START
[2026-07-23 15:22:13] Retrieving expected genes contingency table
[2026-07-23 15:22:13] Expected genes contingency table elapsed time: 0.024979829788208
[2026-07-23 15:22:13] Calculating genes COEX normalization factor
[2026-07-23 15:22:13] Calculating genes COEX normalization factor elapsed time: 0.801062345504761
[2026-07-23 15:22:13] Retrieving observed genes yes/yes contingency table
[2026-07-23 15:22:13] Observed genes contingency table elapsed time: 0.0221877098083496
[2026-07-23 15:22:15] Calculate genes COEX elapsed time: 1.47609925270081
[2026-07-23 15:22:15] Total calculations elapsed time: 2.32432913780212
[2026-07-23 15:22:15] Calculate genes COEX (torch) on device cpu: DONE
[2026-07-23 15:22:16] Only genes' COEX elapsed time: 3.05216693878174
[2026-07-23 15:22:16] Dataset analysis elapsed time: 7.91679167747498
[2026-07-23 15:22:16] COTAN dataset analysis: DONE
[2026-07-23 15:22:16] Checking uniformity for the cluster '04_0006' with 223 cells
[2026-07-23 15:22:16] Calculate GDI dataframe: START
[2026-07-23 15:22:16] Using S
[2026-07-23 15:22:16] Calculating S: START
[2026-07-23 15:22:17] Calculating S: DONE
[2026-07-23 15:22:17] Calculate `GDI`: START
[2026-07-23 15:22:17] Effective number of cores used: 80
[2026-07-23 15:22:17] Effective number of cores used: 80
[2026-07-23 15:22:17] Executing 5 genes batches
[2026-07-23 15:22:18] Total calculations elapsed time: 0.954479217529297
[2026-07-23 15:22:18] Calculate `GDI`: DONE
[2026-07-23 15:22:19] Total calculations elapsed time: 2.65857553482056
[2026-07-23 15:22:19] Calculate GDI dataframe: DONE
[2026-07-23 15:22:19] Clean plots: START
[2026-07-23 15:22:19] Total calculations elapsed time: 0.0232729911804199
[2026-07-23 15:22:19] Clean plots: DONE
[2026-07-23 15:22:19] GDI plot
[2026-07-23 15:22:19] Removed 1 low GDI genes (such as the fully-expressed) in GDI plot
[2026-07-23 15:22:21] Cluster 04_0006, with size 223, is not uniform
[2026-07-23 15:22:21] Cluster 04_0006's shift to uniformity: 0.308620094866748
[2026-07-23 15:22:21] class = SimpleGDIUniformityCheck, check.isCheckAbove = FALSE, check.GDIThreshold = 1.001, check.maxRatioBeyond = 0.01, check.maxRankBeyond = 0, check.fractionBeyond = 0.0919939249294858, check.thresholdRank = 0, check.quantileAtRatio = 1.30962009486675, check.quantileAtRank = NaN, isUniform = FALSE, clusterSize = 223
[2026-07-23 15:22:21] cluster 04_0006 has too high GDI: will be reclustered!
[2026-07-23 15:22:21] 
[2026-07-23 15:22:21] *[2026-07-23 15:22:21]  checking uniformity of cluster '7' of 23 clusters
[2026-07-23 15:22:21] Asked to drop 0 genes and 3867 cells
[2026-07-23 15:22:21] COTAN dataset analysis: START
[2026-07-23 15:22:21] Asked to drop 6853 genes and 0 cells
[2026-07-23 15:22:21] Genes/cells selection done: dropped [6853] genes and [0] cells
[2026-07-23 15:22:21] Working on [5995] genes and [210] cells
[2026-07-23 15:22:22] Dataset cleaning elapsed time: 0.795157670974731
[2026-07-23 15:22:22] Estimate `dispersion`: START
[2026-07-23 15:22:22] Effective number of cores used: 80
[2026-07-23 15:22:22] Executing 6 genes batches
[2026-07-23 15:22:22] Parallel dispersion Newton-Raphson: used up to 6 iterations
[2026-07-23 15:22:22] Parallel dispersion Newton-Raphson: used up to 6 iterations
[2026-07-23 15:22:23] Parallel dispersion Newton-Raphson: used up to 6 iterations
[2026-07-23 15:22:23] Parallel dispersion Newton-Raphson: used up to 7 iterations
[2026-07-23 15:22:23] Parallel dispersion Newton-Raphson: used up to 7 iterations
[2026-07-23 15:22:23] Parallel dispersion Newton-Raphson: used up to 7 iterations
[2026-07-23 15:22:26] Total calculations elapsed time: 3.5663321018219
[2026-07-23 15:22:26] Estimate `dispersion`: DONE
[2026-07-23 15:22:26] Estimate `dispersion`: DONE
[2026-07-23 15:22:26] `dispersion` | min: -1.00683652833526 | max: 143.708399942645 | % negative: 70.0083402835696
[2026-07-23 15:22:27] Model parameter estimation elapsed time: 4.3743097782135
[2026-07-23 15:22:27] COTAN genes' COEX estimation: START
[2026-07-23 15:22:27] Effective number of cores used: 80
[2026-07-23 15:22:27] Calculate genes COEX (torch) on device cpu: START
[2026-07-23 15:22:27] Retrieving expected genes contingency table
[2026-07-23 15:22:27] Expected genes contingency table elapsed time: 0.0322980880737305
[2026-07-23 15:22:27] Calculating genes COEX normalization factor
[2026-07-23 15:22:27] Calculating genes COEX normalization factor elapsed time: 0.886747598648071
[2026-07-23 15:22:27] Retrieving observed genes yes/yes contingency table
[2026-07-23 15:22:28] Observed genes contingency table elapsed time: 0.0389790534973145
[2026-07-23 15:22:30] Calculate genes COEX elapsed time: 1.98949313163757
[2026-07-23 15:22:30] Total calculations elapsed time: 2.94751787185669
[2026-07-23 15:22:30] Calculate genes COEX (torch) on device cpu: DONE
[2026-07-23 15:22:30] Only genes' COEX elapsed time: 3.68704962730408
[2026-07-23 15:22:30] Dataset analysis elapsed time: 8.85651707649231
[2026-07-23 15:22:30] COTAN dataset analysis: DONE
[2026-07-23 15:22:31] Checking uniformity for the cluster '04_0007' with 210 cells
[2026-07-23 15:22:31] Calculate GDI dataframe: START
[2026-07-23 15:22:31] Using S
[2026-07-23 15:22:31] Calculating S: START
[2026-07-23 15:22:32] Calculating S: DONE
[2026-07-23 15:22:32] Calculate `GDI`: START
[2026-07-23 15:22:32] Effective number of cores used: 80
[2026-07-23 15:22:32] Effective number of cores used: 80
[2026-07-23 15:22:32] Executing 6 genes batches
[2026-07-23 15:22:33] Total calculations elapsed time: 1.29886817932129
[2026-07-23 15:22:33] Calculate `GDI`: DONE
[2026-07-23 15:22:34] Total calculations elapsed time: 3.27999877929688
[2026-07-23 15:22:34] Calculate GDI dataframe: DONE
[2026-07-23 15:22:34] Clean plots: START
[2026-07-23 15:22:34] Total calculations elapsed time: 0.0245747566223145
[2026-07-23 15:22:34] Clean plots: DONE
[2026-07-23 15:22:34] GDI plot
[2026-07-23 15:22:34] Removed 1 low GDI genes (such as the fully-expressed) in GDI plot
[2026-07-23 15:22:36] Cluster 04_0007, with size 210, is not uniform
[2026-07-23 15:22:36] Cluster 04_0007's shift to uniformity: 0.895201826287315
[2026-07-23 15:22:36] class = SimpleGDIUniformityCheck, check.isCheckAbove = FALSE, check.GDIThreshold = 1.001, check.maxRatioBeyond = 0.01, check.maxRankBeyond = 0, check.fractionBeyond = 0.270892410341952, check.thresholdRank = 0, check.quantileAtRatio = 1.89620182628732, check.quantileAtRank = NaN, isUniform = FALSE, clusterSize = 210
[2026-07-23 15:22:36] cluster 04_0007 has too high GDI: will be reclustered!
[2026-07-23 15:22:36] 
[2026-07-23 15:22:37] *[2026-07-23 15:22:37]  checking uniformity of cluster '8' of 23 clusters
[2026-07-23 15:22:37] Asked to drop 0 genes and 3879 cells
[2026-07-23 15:22:37] COTAN dataset analysis: START
[2026-07-23 15:22:37] Asked to drop 5058 genes and 0 cells
[2026-07-23 15:22:37] Genes/cells selection done: dropped [5058] genes and [0] cells
[2026-07-23 15:22:37] Working on [7790] genes and [198] cells
[2026-07-23 15:22:38] Dataset cleaning elapsed time: 0.752892971038818
[2026-07-23 15:22:38] Estimate `dispersion`: START
[2026-07-23 15:22:38] Effective number of cores used: 80
[2026-07-23 15:22:38] Executing 8 genes batches
[2026-07-23 15:22:38] Parallel dispersion Newton-Raphson: used up to 6 iterations
[2026-07-23 15:22:38] Parallel dispersion Newton-Raphson: used up to 6 iterations
[2026-07-23 15:22:38] Parallel dispersion Newton-Raphson: used up to 6 iterations
[2026-07-23 15:22:38] Parallel dispersion Newton-Raphson: used up to 6 iterations
[2026-07-23 15:22:38] Parallel dispersion Newton-Raphson: used up to 6 iterations
[2026-07-23 15:22:38] Parallel dispersion Newton-Raphson: used up to 7 iterations
[2026-07-23 15:22:38] Parallel dispersion Newton-Raphson: used up to 7 iterations
[2026-07-23 15:22:38] Parallel dispersion Newton-Raphson: used up to 6 iterations
[2026-07-23 15:22:41] Total calculations elapsed time: 3.77163910865784
[2026-07-23 15:22:41] Estimate `dispersion`: DONE
[2026-07-23 15:22:41] Estimate `dispersion`: DONE
[2026-07-23 15:22:41] `dispersion` | min: -0.214165166314455 | max: 248.600627401905 | % negative: 69.0243902439024
[2026-07-23 15:22:42] Model parameter estimation elapsed time: 4.62032651901245
[2026-07-23 15:22:42] COTAN genes' COEX estimation: START
[2026-07-23 15:22:42] Effective number of cores used: 80
[2026-07-23 15:22:42] Calculate genes COEX (torch) on device cpu: START
[2026-07-23 15:22:42] Retrieving expected genes contingency table
[2026-07-23 15:22:42] Expected genes contingency table elapsed time: 0.0408565998077393
[2026-07-23 15:22:42] Calculating genes COEX normalization factor
[2026-07-23 15:22:43] Calculating genes COEX normalization factor elapsed time: 0.927754878997803
[2026-07-23 15:22:43] Retrieving observed genes yes/yes contingency table
[2026-07-23 15:22:43] Observed genes contingency table elapsed time: 0.0432226657867432
[2026-07-23 15:22:46] Calculate genes COEX elapsed time: 2.95465493202209
[2026-07-23 15:22:46] Total calculations elapsed time: 3.96648907661438
[2026-07-23 15:22:46] Calculate genes COEX (torch) on device cpu: DONE
[2026-07-23 15:22:47] Only genes' COEX elapsed time: 4.74541187286377
[2026-07-23 15:22:47] Dataset analysis elapsed time: 10.118631362915
[2026-07-23 15:22:47] COTAN dataset analysis: DONE
[2026-07-23 15:22:48] Checking uniformity for the cluster '04_0008' with 198 cells
[2026-07-23 15:22:48] Calculate GDI dataframe: START
[2026-07-23 15:22:48] Using S
[2026-07-23 15:22:48] Calculating S: START
[2026-07-23 15:22:49] Calculating S: DONE
[2026-07-23 15:22:49] Calculate `GDI`: START
[2026-07-23 15:22:49] Effective number of cores used: 80
[2026-07-23 15:22:49] Effective number of cores used: 80
[2026-07-23 15:22:49] Executing 8 genes batches
[2026-07-23 15:22:51] Total calculations elapsed time: 1.87026166915894
[2026-07-23 15:22:51] Calculate `GDI`: DONE
[2026-07-23 15:22:52] Total calculations elapsed time: 4.6332221031189
[2026-07-23 15:22:52] Calculate GDI dataframe: DONE
[2026-07-23 15:22:52] Clean plots: START
[2026-07-23 15:22:52] Total calculations elapsed time: 0.0236289501190186
[2026-07-23 15:22:52] Clean plots: DONE
[2026-07-23 15:22:52] GDI plot
[2026-07-23 15:22:52] Removed 3 low GDI genes (such as the fully-expressed) in GDI plot
[2026-07-23 15:22:54] Cluster 04_0008, with size 198, is not uniform
[2026-07-23 15:22:54] Cluster 04_0008's shift to uniformity: 0.248014452184307
[2026-07-23 15:22:54] class = SimpleGDIUniformityCheck, check.isCheckAbove = FALSE, check.GDIThreshold = 1.001, check.maxRatioBeyond = 0.01, check.maxRankBeyond = 0, check.fractionBeyond = 0.139794608472401, check.thresholdRank = 0, check.quantileAtRatio = 1.24901445218431, check.quantileAtRank = NaN, isUniform = FALSE, clusterSize = 198
[2026-07-23 15:22:54] cluster 04_0008 has too high GDI: will be reclustered!
[2026-07-23 15:22:54] 
[2026-07-23 15:22:55] *[2026-07-23 15:22:55]  checking uniformity of cluster '9' of 23 clusters
[2026-07-23 15:22:55] Asked to drop 0 genes and 3880 cells
[2026-07-23 15:22:55] COTAN dataset analysis: START
[2026-07-23 15:22:55] Asked to drop 4270 genes and 0 cells
[2026-07-23 15:22:55] Genes/cells selection done: dropped [4270] genes and [0] cells
[2026-07-23 15:22:55] Working on [8578] genes and [197] cells
[2026-07-23 15:22:56] Dataset cleaning elapsed time: 0.74156665802002
[2026-07-23 15:22:56] Estimate `dispersion`: START
[2026-07-23 15:22:56] Effective number of cores used: 80
[2026-07-23 15:22:56] Executing 9 genes batches
[2026-07-23 15:22:56] Parallel dispersion Newton-Raphson: used up to 5 iterations
[2026-07-23 15:22:56] Parallel dispersion Newton-Raphson: used up to 7 iterations
[2026-07-23 15:22:56] Parallel dispersion Newton-Raphson: used up to 6 iterations
[2026-07-23 15:22:56] Parallel dispersion Newton-Raphson: used up to 7 iterations
[2026-07-23 15:22:56] Parallel dispersion Newton-Raphson: used up to 5 iterations
[2026-07-23 15:22:56] Parallel dispersion Newton-Raphson: used up to 6 iterations
[2026-07-23 15:22:56] Parallel dispersion Newton-Raphson: used up to 6 iterations
[2026-07-23 15:22:56] Parallel dispersion Newton-Raphson: used up to 6 iterations
[2026-07-23 15:22:57] Parallel dispersion Newton-Raphson: used up to 8 iterations
[2026-07-23 15:22:59] Total calculations elapsed time: 3.54780268669128
[2026-07-23 15:22:59] Estimate `dispersion`: DONE
[2026-07-23 15:22:59] Estimate `dispersion`: DONE
[2026-07-23 15:22:59] `dispersion` | min: -0.228377375519689 | max: 252.815234565844 | % negative: 69.5966425740266
[2026-07-23 15:23:00] Model parameter estimation elapsed time: 4.37884378433228
[2026-07-23 15:23:00] COTAN genes' COEX estimation: START
[2026-07-23 15:23:00] Effective number of cores used: 80
[2026-07-23 15:23:00] Calculate genes COEX (torch) on device cpu: START
[2026-07-23 15:23:00] Retrieving expected genes contingency table
[2026-07-23 15:23:00] Expected genes contingency table elapsed time: 0.0452704429626465
[2026-07-23 15:23:00] Calculating genes COEX normalization factor
[2026-07-23 15:23:01] Calculating genes COEX normalization factor elapsed time: 1.00990700721741
[2026-07-23 15:23:01] Retrieving observed genes yes/yes contingency table
[2026-07-23 15:23:01] Observed genes contingency table elapsed time: 0.0556185245513916
[2026-07-23 15:23:05] Calculate genes COEX elapsed time: 3.47813439369202
[2026-07-23 15:23:05] Total calculations elapsed time: 4.58893036842346
[2026-07-23 15:23:05] Calculate genes COEX (torch) on device cpu: DONE
[2026-07-23 15:23:05] Only genes' COEX elapsed time: 5.33449816703796
[2026-07-23 15:23:05] Dataset analysis elapsed time: 10.4549086093903
[2026-07-23 15:23:05] COTAN dataset analysis: DONE
[2026-07-23 15:23:06] Checking uniformity for the cluster '04_0009' with 197 cells
[2026-07-23 15:23:06] Calculate GDI dataframe: START
[2026-07-23 15:23:06] Using S
[2026-07-23 15:23:06] Calculating S: START
[2026-07-23 15:23:08] Calculating S: DONE
[2026-07-23 15:23:08] Calculate `GDI`: START
[2026-07-23 15:23:08] Effective number of cores used: 80
[2026-07-23 15:23:08] Effective number of cores used: 80
[2026-07-23 15:23:08] Executing 9 genes batches
[2026-07-23 15:23:10] Total calculations elapsed time: 2.21980857849121
[2026-07-23 15:23:10] Calculate `GDI`: DONE
[2026-07-23 15:23:12] Total calculations elapsed time: 5.55906939506531
[2026-07-23 15:23:12] Calculate GDI dataframe: DONE
[2026-07-23 15:23:12] Clean plots: START
[2026-07-23 15:23:12] Total calculations elapsed time: 0.0267021656036377
[2026-07-23 15:23:12] Clean plots: DONE
[2026-07-23 15:23:12] GDI plot
[2026-07-23 15:23:12] Removed 1 low GDI genes (such as the fully-expressed) in GDI plot
[2026-07-23 15:23:13] Cluster 04_0009, with size 197, is not uniform
[2026-07-23 15:23:13] Cluster 04_0009's shift to uniformity: 0.207536556246416
[2026-07-23 15:23:13] class = SimpleGDIUniformityCheck, check.isCheckAbove = FALSE, check.GDIThreshold = 1.001, check.maxRatioBeyond = 0.01, check.maxRankBeyond = 0, check.fractionBeyond = 0.141291676381441, check.thresholdRank = 0, check.quantileAtRatio = 1.20853655624642, check.quantileAtRank = NaN, isUniform = FALSE, clusterSize = 197
[2026-07-23 15:23:13] cluster 04_0009 has too high GDI: will be reclustered!
[2026-07-23 15:23:13] 
[2026-07-23 15:23:14] *[2026-07-23 15:23:14]  checking uniformity of cluster '10' of 23 clusters
[2026-07-23 15:23:14] Asked to drop 0 genes and 3900 cells
[2026-07-23 15:23:14] COTAN dataset analysis: START
[2026-07-23 15:23:14] Asked to drop 6906 genes and 0 cells
[2026-07-23 15:23:14] Genes/cells selection done: dropped [6906] genes and [0] cells
[2026-07-23 15:23:14] Working on [5942] genes and [177] cells
[2026-07-23 15:23:15] Dataset cleaning elapsed time: 0.800123929977417
[2026-07-23 15:23:15] Estimate `dispersion`: START
[2026-07-23 15:23:15] Effective number of cores used: 80
[2026-07-23 15:23:15] Executing 6 genes batches
[2026-07-23 15:23:15] Parallel dispersion Newton-Raphson: used up to 5 iterations
[2026-07-23 15:23:15] Parallel dispersion Newton-Raphson: used up to 5 iterations
[2026-07-23 15:23:15] Parallel dispersion Newton-Raphson: used up to 6 iterations
[2026-07-23 15:23:15] Parallel dispersion Newton-Raphson: used up to 6 iterations
[2026-07-23 15:23:16] Parallel dispersion Newton-Raphson: used up to 6 iterations
[2026-07-23 15:23:16] Parallel dispersion Newton-Raphson: used up to 6 iterations
[2026-07-23 15:23:18] Total calculations elapsed time: 3.32775568962097
[2026-07-23 15:23:18] Estimate `dispersion`: DONE
[2026-07-23 15:23:18] Estimate `dispersion`: DONE
[2026-07-23 15:23:18] `dispersion` | min: -0.187560351682054 | max: 129.977041076117 | % negative: 74.7054863682262
[2026-07-23 15:23:19] Model parameter estimation elapsed time: 4.15053629875183
[2026-07-23 15:23:19] COTAN genes' COEX estimation: START
[2026-07-23 15:23:19] Effective number of cores used: 80
[2026-07-23 15:23:19] Calculate genes COEX (torch) on device cpu: START
[2026-07-23 15:23:19] Retrieving expected genes contingency table
[2026-07-23 15:23:19] Expected genes contingency table elapsed time: 0.0340027809143066
[2026-07-23 15:23:19] Calculating genes COEX normalization factor
[2026-07-23 15:23:20] Calculating genes COEX normalization factor elapsed time: 0.844861030578613
[2026-07-23 15:23:20] Retrieving observed genes yes/yes contingency table
[2026-07-23 15:23:20] Observed genes contingency table elapsed time: 0.0288193225860596
[2026-07-23 15:23:22] Calculate genes COEX elapsed time: 1.9391462802887
[2026-07-23 15:23:22] Total calculations elapsed time: 2.84682941436768
[2026-07-23 15:23:22] Calculate genes COEX (torch) on device cpu: DONE
[2026-07-23 15:23:23] Only genes' COEX elapsed time: 3.58179354667664
[2026-07-23 15:23:23] Dataset analysis elapsed time: 8.53245377540588
[2026-07-23 15:23:23] COTAN dataset analysis: DONE
[2026-07-23 15:23:23] Checking uniformity for the cluster '04_0010' with 177 cells
[2026-07-23 15:23:23] Calculate GDI dataframe: START
[2026-07-23 15:23:23] Using S
[2026-07-23 15:23:23] Calculating S: START
[2026-07-23 15:23:24] Calculating S: DONE
[2026-07-23 15:23:24] Calculate `GDI`: START
[2026-07-23 15:23:24] Effective number of cores used: 80
[2026-07-23 15:23:24] Effective number of cores used: 80
[2026-07-23 15:23:24] Executing 6 genes batches
[2026-07-23 15:23:26] Total calculations elapsed time: 1.30144762992859
[2026-07-23 15:23:26] Calculate `GDI`: DONE
[2026-07-23 15:23:27] Total calculations elapsed time: 3.277512550354
[2026-07-23 15:23:27] Calculate GDI dataframe: DONE
[2026-07-23 15:23:27] Clean plots: START
[2026-07-23 15:23:27] Total calculations elapsed time: 0.0236778259277344
[2026-07-23 15:23:27] Clean plots: DONE
[2026-07-23 15:23:27] GDI plot
[2026-07-23 15:23:27] Removed 1 low GDI genes (such as the fully-expressed) in GDI plot
[2026-07-23 15:23:28] Cluster 04_0010, with size 177, is not uniform
[2026-07-23 15:23:28] Cluster 04_0010's shift to uniformity: 0.17580128942919
[2026-07-23 15:23:28] class = SimpleGDIUniformityCheck, check.isCheckAbove = FALSE, check.GDIThreshold = 1.001, check.maxRatioBeyond = 0.01, check.maxRankBeyond = 0, check.fractionBeyond = 0.0752271962302255, check.thresholdRank = 0, check.quantileAtRatio = 1.17680128942919, check.quantileAtRank = NaN, isUniform = FALSE, clusterSize = 177
[2026-07-23 15:23:28] cluster 04_0010 has too high GDI: will be reclustered!
[2026-07-23 15:23:28] 
[2026-07-23 15:23:29] *[2026-07-23 15:23:29]  checking uniformity of cluster '11' of 23 clusters
[2026-07-23 15:23:29] Asked to drop 0 genes and 3904 cells
[2026-07-23 15:23:29] COTAN dataset analysis: START
[2026-07-23 15:23:29] Asked to drop 5474 genes and 0 cells
[2026-07-23 15:23:29] Genes/cells selection done: dropped [5474] genes and [0] cells
[2026-07-23 15:23:29] Working on [7374] genes and [173] cells
[2026-07-23 15:23:30] Dataset cleaning elapsed time: 0.796945333480835
[2026-07-23 15:23:30] Estimate `dispersion`: START
[2026-07-23 15:23:30] Effective number of cores used: 80
[2026-07-23 15:23:30] Executing 8 genes batches
[2026-07-23 15:23:30] Parallel dispersion Newton-Raphson: used up to 6 iterations
[2026-07-23 15:23:30] Parallel dispersion Newton-Raphson: used up to 6 iterations
[2026-07-23 15:23:30] Parallel dispersion Newton-Raphson: used up to 6 iterations
[2026-07-23 15:23:30] Parallel dispersion Newton-Raphson: used up to 6 iterations
[2026-07-23 15:23:30] Parallel dispersion Newton-Raphson: used up to 6 iterations
[2026-07-23 15:23:31] Parallel dispersion Newton-Raphson: used up to 6 iterations
[2026-07-23 15:23:31] Parallel dispersion Newton-Raphson: used up to 6 iterations
[2026-07-23 15:23:31] Parallel dispersion Newton-Raphson: used up to 6 iterations
[2026-07-23 15:23:34] Total calculations elapsed time: 3.76360368728638
[2026-07-23 15:23:34] Estimate `dispersion`: DONE
[2026-07-23 15:23:34] Estimate `dispersion`: DONE
[2026-07-23 15:23:34] `dispersion` | min: -0.237845552455732 | max: 176.224157140605 | % negative: 70.2061296446976
[2026-07-23 15:23:34] Model parameter estimation elapsed time: 4.6253457069397
[2026-07-23 15:23:34] COTAN genes' COEX estimation: START
[2026-07-23 15:23:34] Effective number of cores used: 80
[2026-07-23 15:23:34] Calculate genes COEX (torch) on device cpu: START
[2026-07-23 15:23:34] Retrieving expected genes contingency table
[2026-07-23 15:23:35] Expected genes contingency table elapsed time: 0.0403263568878174
[2026-07-23 15:23:35] Calculating genes COEX normalization factor
[2026-07-23 15:23:35] Calculating genes COEX normalization factor elapsed time: 0.936137199401855
[2026-07-23 15:23:35] Retrieving observed genes yes/yes contingency table
[2026-07-23 15:23:35] Observed genes contingency table elapsed time: 0.0385582447052002
[2026-07-23 15:23:38] Calculate genes COEX elapsed time: 2.69576239585876
[2026-07-23 15:23:38] Total calculations elapsed time: 3.71078419685364
[2026-07-23 15:23:38] Calculate genes COEX (torch) on device cpu: DONE
[2026-07-23 15:23:39] Only genes' COEX elapsed time: 4.4880108833313
[2026-07-23 15:23:39] Dataset analysis elapsed time: 9.91030192375183
[2026-07-23 15:23:39] COTAN dataset analysis: DONE
[2026-07-23 15:23:40] Checking uniformity for the cluster '04_0011' with 173 cells
[2026-07-23 15:23:40] Calculate GDI dataframe: START
[2026-07-23 15:23:40] Using S
[2026-07-23 15:23:40] Calculating S: START
[2026-07-23 15:23:41] Calculating S: DONE
[2026-07-23 15:23:41] Calculate `GDI`: START
[2026-07-23 15:23:41] Effective number of cores used: 80
[2026-07-23 15:23:41] Effective number of cores used: 80
[2026-07-23 15:23:41] Executing 8 genes batches
[2026-07-23 15:23:43] Total calculations elapsed time: 1.76776218414307
[2026-07-23 15:23:43] Calculate `GDI`: DONE
[2026-07-23 15:23:44] Total calculations elapsed time: 4.29301142692566
[2026-07-23 15:23:44] Calculate GDI dataframe: DONE
[2026-07-23 15:23:44] Clean plots: START
[2026-07-23 15:23:44] Total calculations elapsed time: 0.0231461524963379
[2026-07-23 15:23:44] Clean plots: DONE
[2026-07-23 15:23:44] GDI plot
[2026-07-23 15:23:44] Removed 1 low GDI genes (such as the fully-expressed) in GDI plot
[2026-07-23 15:23:46] Cluster 04_0011, with size 173, is not uniform
[2026-07-23 15:23:46] Cluster 04_0011's shift to uniformity: 0.228632953014069
[2026-07-23 15:23:46] class = SimpleGDIUniformityCheck, check.isCheckAbove = FALSE, check.GDIThreshold = 1.001, check.maxRatioBeyond = 0.01, check.maxRankBeyond = 0, check.fractionBeyond = 0.135340385136968, check.thresholdRank = 0, check.quantileAtRatio = 1.22963295301407, check.quantileAtRank = NaN, isUniform = FALSE, clusterSize = 173
[2026-07-23 15:23:46] cluster 04_0011 has too high GDI: will be reclustered!
[2026-07-23 15:23:46] 
[2026-07-23 15:23:46] *[2026-07-23 15:23:46]  checking uniformity of cluster '12' of 23 clusters
[2026-07-23 15:23:46] Asked to drop 0 genes and 3910 cells
[2026-07-23 15:23:46] COTAN dataset analysis: START
[2026-07-23 15:23:46] Asked to drop 7616 genes and 0 cells
[2026-07-23 15:23:46] Genes/cells selection done: dropped [7616] genes and [0] cells
[2026-07-23 15:23:46] Working on [5232] genes and [167] cells
[2026-07-23 15:23:47] Dataset cleaning elapsed time: 0.792225360870361
[2026-07-23 15:23:47] Estimate `dispersion`: START
[2026-07-23 15:23:47] Effective number of cores used: 80
[2026-07-23 15:23:47] Executing 6 genes batches
[2026-07-23 15:23:47] Parallel dispersion Newton-Raphson: used up to 6 iterations
[2026-07-23 15:23:47] Parallel dispersion Newton-Raphson: used up to 6 iterations
[2026-07-23 15:23:47] Parallel dispersion Newton-Raphson: used up to 5 iterations
[2026-07-23 15:23:48] Parallel dispersion Newton-Raphson: used up to 5 iterations
[2026-07-23 15:23:48] Parallel dispersion Newton-Raphson: used up to 6 iterations
[2026-07-23 15:23:48] Parallel dispersion Newton-Raphson: used up to 6 iterations
[2026-07-23 15:23:50] Total calculations elapsed time: 3.1954984664917
[2026-07-23 15:23:50] Estimate `dispersion`: DONE
[2026-07-23 15:23:50] Estimate `dispersion`: DONE
[2026-07-23 15:23:50] `dispersion` | min: -0.17629958139201 | max: 99.4743487681451 | % negative: 76.3188073394495
[2026-07-23 15:23:51] Model parameter estimation elapsed time: 4.03898906707764
[2026-07-23 15:23:51] COTAN genes' COEX estimation: START
[2026-07-23 15:23:51] Effective number of cores used: 80
[2026-07-23 15:23:51] Calculate genes COEX (torch) on device cpu: START
[2026-07-23 15:23:51] Retrieving expected genes contingency table
[2026-07-23 15:23:51] Expected genes contingency table elapsed time: 0.0282201766967773
[2026-07-23 15:23:51] Calculating genes COEX normalization factor
[2026-07-23 15:23:52] Calculating genes COEX normalization factor elapsed time: 0.816901922225952
[2026-07-23 15:23:52] Retrieving observed genes yes/yes contingency table
[2026-07-23 15:23:52] Observed genes contingency table elapsed time: 0.0250132083892822
[2026-07-23 15:23:54] Calculate genes COEX elapsed time: 1.62908673286438
[2026-07-23 15:23:54] Total calculations elapsed time: 2.49922204017639
[2026-07-23 15:23:54] Calculate genes COEX (torch) on device cpu: DONE
[2026-07-23 15:23:54] Only genes' COEX elapsed time: 3.24322080612183
[2026-07-23 15:23:54] Dataset analysis elapsed time: 8.07443523406982
[2026-07-23 15:23:54] COTAN dataset analysis: DONE
[2026-07-23 15:23:55] Checking uniformity for the cluster '04_0012' with 167 cells
[2026-07-23 15:23:55] Calculate GDI dataframe: START
[2026-07-23 15:23:55] Using S
[2026-07-23 15:23:55] Calculating S: START
[2026-07-23 15:23:56] Calculating S: DONE
[2026-07-23 15:23:56] Calculate `GDI`: START
[2026-07-23 15:23:56] Effective number of cores used: 80
[2026-07-23 15:23:56] Effective number of cores used: 80
[2026-07-23 15:23:56] Executing 6 genes batches
[2026-07-23 15:23:57] Total calculations elapsed time: 1.09620642662048
[2026-07-23 15:23:57] Calculate `GDI`: DONE
[2026-07-23 15:23:58] Total calculations elapsed time: 3.03541302680969
[2026-07-23 15:23:58] Calculate GDI dataframe: DONE
[2026-07-23 15:23:58] Clean plots: START
[2026-07-23 15:23:58] Total calculations elapsed time: 0.0235424041748047
[2026-07-23 15:23:58] Clean plots: DONE
[2026-07-23 15:23:58] GDI plot
[2026-07-23 15:23:58] Removed 1 low GDI genes (such as the fully-expressed) in GDI plot
[2026-07-23 15:24:00] Cluster 04_0012, with size 167, is not uniform
[2026-07-23 15:24:00] Cluster 04_0012's shift to uniformity: 0.166073416209866
[2026-07-23 15:24:00] class = SimpleGDIUniformityCheck, check.isCheckAbove = FALSE, check.GDIThreshold = 1.001, check.maxRatioBeyond = 0.01, check.maxRankBeyond = 0, check.fractionBeyond = 0.0630733944954128, check.thresholdRank = 0, check.quantileAtRatio = 1.16707341620987, check.quantileAtRank = NaN, isUniform = FALSE, clusterSize = 167
[2026-07-23 15:24:00] cluster 04_0012 has too high GDI: will be reclustered!
[2026-07-23 15:24:00] 
[2026-07-23 15:24:01] *[2026-07-23 15:24:01]  checking uniformity of cluster '13' of 23 clusters
[2026-07-23 15:24:01] Asked to drop 0 genes and 3914 cells
[2026-07-23 15:24:01] COTAN dataset analysis: START
[2026-07-23 15:24:01] Asked to drop 3531 genes and 0 cells
[2026-07-23 15:24:01] Genes/cells selection done: dropped [3531] genes and [0] cells
[2026-07-23 15:24:01] Working on [9317] genes and [163] cells
[2026-07-23 15:24:01] Dataset cleaning elapsed time: 0.789145469665527
[2026-07-23 15:24:01] Estimate `dispersion`: START
[2026-07-23 15:24:01] Effective number of cores used: 80
[2026-07-23 15:24:01] Executing 10 genes batches
[2026-07-23 15:24:02] Parallel dispersion Newton-Raphson: used up to 6 iterations
[2026-07-23 15:24:02] Parallel dispersion Newton-Raphson: used up to 6 iterations
[2026-07-23 15:24:02] Parallel dispersion Newton-Raphson: used up to 7 iterations
[2026-07-23 15:24:02] Parallel dispersion Newton-Raphson: used up to 6 iterations
[2026-07-23 15:24:02] Parallel dispersion Newton-Raphson: used up to 7 iterations
[2026-07-23 15:24:02] Parallel dispersion Newton-Raphson: used up to 7 iterations
[2026-07-23 15:24:02] Parallel dispersion Newton-Raphson: used up to 6 iterations
[2026-07-23 15:24:02] Parallel dispersion Newton-Raphson: used up to 6 iterations
[2026-07-23 15:24:02] Parallel dispersion Newton-Raphson: used up to 5 iterations
[2026-07-23 15:24:02] Parallel dispersion Newton-Raphson: used up to 7 iterations
[2026-07-23 15:24:05] Total calculations elapsed time: 4.06924843788147
[2026-07-23 15:24:05] Estimate `dispersion`: DONE
[2026-07-23 15:24:05] Estimate `dispersion`: DONE
[2026-07-23 15:24:05] `dispersion` | min: -0.243832792437345 | max: 417.688744064196 | % negative: 79.2851776322851
[2026-07-23 15:24:06] Model parameter estimation elapsed time: 4.87681770324707
[2026-07-23 15:24:06] COTAN genes' COEX estimation: START
[2026-07-23 15:24:06] Effective number of cores used: 80
[2026-07-23 15:24:06] Calculate genes COEX (torch) on device cpu: START
[2026-07-23 15:24:06] Retrieving expected genes contingency table
[2026-07-23 15:24:06] Expected genes contingency table elapsed time: 0.0537357330322266
[2026-07-23 15:24:06] Calculating genes COEX normalization factor
[2026-07-23 15:24:07] Calculating genes COEX normalization factor elapsed time: 1.00772261619568
[2026-07-23 15:24:07] Retrieving observed genes yes/yes contingency table
[2026-07-23 15:24:07] Observed genes contingency table elapsed time: 0.0487370491027832
[2026-07-23 15:24:12] Calculate genes COEX elapsed time: 4.18434691429138
[2026-07-23 15:24:12] Total calculations elapsed time: 5.29454231262207
[2026-07-23 15:24:12] Calculate genes COEX (torch) on device cpu: DONE
[2026-07-23 15:24:12] Only genes' COEX elapsed time: 6.08769106864929
[2026-07-23 15:24:12] Dataset analysis elapsed time: 11.7536542415619
[2026-07-23 15:24:12] COTAN dataset analysis: DONE
[2026-07-23 15:24:13] Checking uniformity for the cluster '04_0013' with 163 cells
[2026-07-23 15:24:13] Calculate GDI dataframe: START
[2026-07-23 15:24:13] Using S
[2026-07-23 15:24:13] Calculating S: START
[2026-07-23 15:24:15] Calculating S: DONE
[2026-07-23 15:24:15] Calculate `GDI`: START
[2026-07-23 15:24:15] Effective number of cores used: 80
[2026-07-23 15:24:15] Effective number of cores used: 80
[2026-07-23 15:24:15] Executing 10 genes batches
[2026-07-23 15:24:18] Total calculations elapsed time: 2.55516028404236
[2026-07-23 15:24:18] Calculate `GDI`: DONE
[2026-07-23 15:24:20] Total calculations elapsed time: 6.44844818115234
[2026-07-23 15:24:20] Calculate GDI dataframe: DONE
[2026-07-23 15:24:20] Clean plots: START
[2026-07-23 15:24:20] Total calculations elapsed time: 0.0264692306518555
[2026-07-23 15:24:20] Clean plots: DONE
[2026-07-23 15:24:20] GDI plot
[2026-07-23 15:24:20] Removed 1 low GDI genes (such as the fully-expressed) in GDI plot
[2026-07-23 15:24:21] Cluster 04_0013, with size 163, is not uniform
[2026-07-23 15:24:21] Cluster 04_0013's shift to uniformity: 0.0883900198805296
[2026-07-23 15:24:21] class = SimpleGDIUniformityCheck, check.isCheckAbove = FALSE, check.GDIThreshold = 1.001, check.maxRatioBeyond = 0.01, check.maxRankBeyond = 0, check.fractionBeyond = 0.0342384887839433, check.thresholdRank = 0, check.quantileAtRatio = 1.08939001988053, check.quantileAtRank = NaN, isUniform = FALSE, clusterSize = 163
[2026-07-23 15:24:21] cluster 04_0013 has too high GDI: will be reclustered!
[2026-07-23 15:24:21] 
[2026-07-23 15:24:22] *[2026-07-23 15:24:22]  checking uniformity of cluster '14' of 23 clusters
[2026-07-23 15:24:22] Asked to drop 0 genes and 3939 cells
[2026-07-23 15:24:22] COTAN dataset analysis: START
[2026-07-23 15:24:22] Asked to drop 3619 genes and 0 cells
[2026-07-23 15:24:22] Genes/cells selection done: dropped [3619] genes and [0] cells
[2026-07-23 15:24:22] Working on [9229] genes and [138] cells
[2026-07-23 15:24:23] Dataset cleaning elapsed time: 0.780795812606812
[2026-07-23 15:24:23] Estimate `dispersion`: START
[2026-07-23 15:24:23] Effective number of cores used: 80
[2026-07-23 15:24:23] Executing 10 genes batches
[2026-07-23 15:24:23] Parallel dispersion Newton-Raphson: used up to 6 iterations
[2026-07-23 15:24:23] Parallel dispersion Newton-Raphson: used up to 6 iterations
[2026-07-23 15:24:23] Parallel dispersion Newton-Raphson: used up to 6 iterations
[2026-07-23 15:24:23] Parallel dispersion Newton-Raphson: used up to 5 iterations
[2026-07-23 15:24:24] Parallel dispersion Newton-Raphson: used up to 6 iterations
[2026-07-23 15:24:24] Parallel dispersion Newton-Raphson: used up to 6 iterations
[2026-07-23 15:24:24] Parallel dispersion Newton-Raphson: used up to 6 iterations
[2026-07-23 15:24:24] Parallel dispersion Newton-Raphson: used up to 6 iterations
[2026-07-23 15:24:24] Parallel dispersion Newton-Raphson: used up to 6 iterations
[2026-07-23 15:24:24] Parallel dispersion Newton-Raphson: used up to 6 iterations
[2026-07-23 15:24:27] Total calculations elapsed time: 4.07351756095886
[2026-07-23 15:24:27] Estimate `dispersion`: DONE
[2026-07-23 15:24:27] Estimate `dispersion`: DONE
[2026-07-23 15:24:27] `dispersion` | min: -0.253021993200673 | max: 300.236935390288 | % negative: 77.9607758153646
[2026-07-23 15:24:28] Model parameter estimation elapsed time: 4.89635610580444
[2026-07-23 15:24:28] COTAN genes' COEX estimation: START
[2026-07-23 15:24:28] Effective number of cores used: 80
[2026-07-23 15:24:28] Calculate genes COEX (torch) on device cpu: START
[2026-07-23 15:24:28] Retrieving expected genes contingency table
[2026-07-23 15:24:28] Expected genes contingency table elapsed time: 0.0601484775543213
[2026-07-23 15:24:28] Calculating genes COEX normalization factor
[2026-07-23 15:24:29] Calculating genes COEX normalization factor elapsed time: 0.988166570663452
[2026-07-23 15:24:29] Retrieving observed genes yes/yes contingency table
[2026-07-23 15:24:29] Observed genes contingency table elapsed time: 0.0504143238067627
[2026-07-23 15:24:33] Calculate genes COEX elapsed time: 4.0777370929718
[2026-07-23 15:24:33] Total calculations elapsed time: 5.17646646499634
[2026-07-23 15:24:33] Calculate genes COEX (torch) on device cpu: DONE
[2026-07-23 15:24:34] Only genes' COEX elapsed time: 6.01167774200439
[2026-07-23 15:24:34] Dataset analysis elapsed time: 11.6888296604156
[2026-07-23 15:24:34] COTAN dataset analysis: DONE
[2026-07-23 15:24:35] Checking uniformity for the cluster '04_0014' with 138 cells
[2026-07-23 15:24:35] Calculate GDI dataframe: START
[2026-07-23 15:24:35] Using S
[2026-07-23 15:24:35] Calculating S: START
[2026-07-23 15:24:37] Calculating S: DONE
[2026-07-23 15:24:37] Calculate `GDI`: START
[2026-07-23 15:24:37] Effective number of cores used: 80
[2026-07-23 15:24:37] Effective number of cores used: 80
[2026-07-23 15:24:37] Executing 10 genes batches
[2026-07-23 15:24:39] Total calculations elapsed time: 1.90600490570068
[2026-07-23 15:24:39] Calculate `GDI`: DONE
[2026-07-23 15:24:40] Total calculations elapsed time: 5.28319549560547
[2026-07-23 15:24:40] Calculate GDI dataframe: DONE
[2026-07-23 15:24:40] Clean plots: START
[2026-07-23 15:24:40] Total calculations elapsed time: 0.0240848064422607
[2026-07-23 15:24:40] Clean plots: DONE
[2026-07-23 15:24:40] GDI plot
[2026-07-23 15:24:40] Removed 1 low GDI genes (such as the fully-expressed) in GDI plot
[2026-07-23 15:24:42] Cluster 04_0014, with size 138, is not uniform
[2026-07-23 15:24:42] Cluster 04_0014's shift to uniformity: 0.138593626724829
[2026-07-23 15:24:42] class = SimpleGDIUniformityCheck, check.isCheckAbove = FALSE, check.GDIThreshold = 1.001, check.maxRatioBeyond = 0.01, check.maxRankBeyond = 0, check.fractionBeyond = 0.0563441326254199, check.thresholdRank = 0, check.quantileAtRatio = 1.13959362672483, check.quantileAtRank = NaN, isUniform = FALSE, clusterSize = 138
[2026-07-23 15:24:42] cluster 04_0014 has too high GDI: will be reclustered!
[2026-07-23 15:24:42] 
[2026-07-23 15:24:42] *[2026-07-23 15:24:42]  checking uniformity of cluster '15' of 23 clusters
[2026-07-23 15:24:42] Asked to drop 0 genes and 3982 cells
[2026-07-23 15:24:42] COTAN dataset analysis: START
[2026-07-23 15:24:42] Asked to drop 5925 genes and 0 cells
[2026-07-23 15:24:42] Genes/cells selection done: dropped [5925] genes and [0] cells
[2026-07-23 15:24:42] Working on [6923] genes and [95] cells
[2026-07-23 15:24:43] Dataset cleaning elapsed time: 0.738481760025024
[2026-07-23 15:24:43] Estimate `dispersion`: START
[2026-07-23 15:24:43] Effective number of cores used: 80
[2026-07-23 15:24:43] Executing 7 genes batches
[2026-07-23 15:24:43] Parallel dispersion Newton-Raphson: used up to 6 iterations
[2026-07-23 15:24:44] Parallel dispersion Newton-Raphson: used up to 6 iterations
[2026-07-23 15:24:44] Parallel dispersion Newton-Raphson: used up to 7 iterations
[2026-07-23 15:24:44] Parallel dispersion Newton-Raphson: used up to 8 iterations
[2026-07-23 15:24:44] Parallel dispersion Newton-Raphson: used up to 7 iterations
[2026-07-23 15:24:44] Parallel dispersion Newton-Raphson: used up to 6 iterations
[2026-07-23 15:24:44] Parallel dispersion Newton-Raphson: used up to 7 iterations
[2026-07-23 15:24:47] Total calculations elapsed time: 3.33393454551697
[2026-07-23 15:24:47] Estimate `dispersion`: DONE
[2026-07-23 15:24:47] Estimate `dispersion`: DONE
[2026-07-23 15:24:47] `dispersion` | min: -0.375782592617594 | max: 206.000610324463 | % negative: 71.5007944532717
[2026-07-23 15:24:47] Model parameter estimation elapsed time: 4.17910075187683
[2026-07-23 15:24:47] COTAN genes' COEX estimation: START
[2026-07-23 15:24:47] Effective number of cores used: 80
[2026-07-23 15:24:47] Calculate genes COEX (torch) on device cpu: START
[2026-07-23 15:24:47] Retrieving expected genes contingency table
[2026-07-23 15:24:47] Expected genes contingency table elapsed time: 0.0344910621643066
[2026-07-23 15:24:47] Calculating genes COEX normalization factor
[2026-07-23 15:24:48] Calculating genes COEX normalization factor elapsed time: 0.881602048873901
[2026-07-23 15:24:48] Retrieving observed genes yes/yes contingency table
[2026-07-23 15:24:48] Observed genes contingency table elapsed time: 0.0311055183410645
[2026-07-23 15:24:51] Calculate genes COEX elapsed time: 2.45160818099976
[2026-07-23 15:24:51] Total calculations elapsed time: 3.39880681037903
[2026-07-23 15:24:51] Calculate genes COEX (torch) on device cpu: DONE
[2026-07-23 15:24:52] Only genes' COEX elapsed time: 4.18948817253113
[2026-07-23 15:24:52] Dataset analysis elapsed time: 9.10707068443298
[2026-07-23 15:24:52] COTAN dataset analysis: DONE
[2026-07-23 15:24:52] Checking uniformity for the cluster '04_0015' with 95 cells
[2026-07-23 15:24:52] Calculate GDI dataframe: START
[2026-07-23 15:24:52] Using S
[2026-07-23 15:24:52] Calculating S: START
[2026-07-23 15:24:54] Calculating S: DONE
[2026-07-23 15:24:54] Calculate `GDI`: START
[2026-07-23 15:24:54] Effective number of cores used: 80
[2026-07-23 15:24:54] Effective number of cores used: 80
[2026-07-23 15:24:54] Executing 7 genes batches
[2026-07-23 15:24:55] Total calculations elapsed time: 1.6599645614624
[2026-07-23 15:24:55] Calculate `GDI`: DONE
[2026-07-23 15:24:56] Total calculations elapsed time: 3.95323348045349
[2026-07-23 15:24:56] Calculate GDI dataframe: DONE
[2026-07-23 15:24:56] Clean plots: START
[2026-07-23 15:24:56] Total calculations elapsed time: 0.0231561660766602
[2026-07-23 15:24:56] Clean plots: DONE
[2026-07-23 15:24:56] GDI plot
[2026-07-23 15:24:56] Removed 1 low GDI genes (such as the fully-expressed) in GDI plot
[2026-07-23 15:24:58] Cluster 04_0015, with size 95, is not uniform
[2026-07-23 15:24:58] Cluster 04_0015's shift to uniformity: 0.674491731883661
[2026-07-23 15:24:58] class = SimpleGDIUniformityCheck, check.isCheckAbove = FALSE, check.GDIThreshold = 1.001, check.maxRatioBeyond = 0.01, check.maxRankBeyond = 0, check.fractionBeyond = 0.307236747074968, check.thresholdRank = 0, check.quantileAtRatio = 1.67549173188366, check.quantileAtRank = NaN, isUniform = FALSE, clusterSize = 95
[2026-07-23 15:24:58] cluster 04_0015 has too high GDI: will be reclustered!
[2026-07-23 15:24:58] 
[2026-07-23 15:24:59] *[2026-07-23 15:24:59]  checking uniformity of cluster '16' of 23 clusters
[2026-07-23 15:24:59] Asked to drop 0 genes and 4018 cells
[2026-07-23 15:24:59] COTAN dataset analysis: START
[2026-07-23 15:24:59] Asked to drop 7171 genes and 0 cells
[2026-07-23 15:24:59] Genes/cells selection done: dropped [7171] genes and [0] cells
[2026-07-23 15:24:59] Working on [5677] genes and [59] cells
[2026-07-23 15:24:59] Dataset cleaning elapsed time: 0.757000684738159
[2026-07-23 15:24:59] Estimate `dispersion`: START
[2026-07-23 15:24:59] Effective number of cores used: 80
[2026-07-23 15:24:59] Executing 6 genes batches
[2026-07-23 15:25:00] Parallel dispersion Newton-Raphson: used up to 6 iterations
[2026-07-23 15:25:00] Parallel dispersion Newton-Raphson: used up to 7 iterations
[2026-07-23 15:25:00] Parallel dispersion Newton-Raphson: used up to 6 iterations
[2026-07-23 15:25:00] Parallel dispersion Newton-Raphson: used up to 7 iterations
[2026-07-23 15:25:00] Parallel dispersion Newton-Raphson: used up to 8 iterations
[2026-07-23 15:25:00] Parallel dispersion Newton-Raphson: used up to 7 iterations
[2026-07-23 15:25:03] Total calculations elapsed time: 3.4404993057251
[2026-07-23 15:25:03] Estimate `dispersion`: DONE
[2026-07-23 15:25:03] Estimate `dispersion`: DONE
[2026-07-23 15:25:03] `dispersion` | min: -0.319899676411253 | max: 201.588929179021 | % negative: 80.7997181610005
[2026-07-23 15:25:04] Model parameter estimation elapsed time: 4.28770446777344
[2026-07-23 15:25:04] COTAN genes' COEX estimation: START
[2026-07-23 15:25:04] Effective number of cores used: 80
[2026-07-23 15:25:04] Calculate genes COEX (torch) on device cpu: START
[2026-07-23 15:25:04] Retrieving expected genes contingency table
[2026-07-23 15:25:04] Expected genes contingency table elapsed time: 0.0362772941589355
[2026-07-23 15:25:04] Calculating genes COEX normalization factor
[2026-07-23 15:25:05] Calculating genes COEX normalization factor elapsed time: 0.840669393539429
[2026-07-23 15:25:05] Retrieving observed genes yes/yes contingency table
[2026-07-23 15:25:05] Observed genes contingency table elapsed time: 0.0199844837188721
[2026-07-23 15:25:06] Calculate genes COEX elapsed time: 1.86522006988525
[2026-07-23 15:25:06] Total calculations elapsed time: 2.76215124130249
[2026-07-23 15:25:06] Calculate genes COEX (torch) on device cpu: DONE
[2026-07-23 15:25:07] Only genes' COEX elapsed time: 3.49908995628357
[2026-07-23 15:25:07] Dataset analysis elapsed time: 8.54379510879517
[2026-07-23 15:25:07] COTAN dataset analysis: DONE
[2026-07-23 15:25:08] Checking uniformity for the cluster '04_0016' with 59 cells
[2026-07-23 15:25:08] Calculate GDI dataframe: START
[2026-07-23 15:25:08] Using S
[2026-07-23 15:25:08] Calculating S: START
[2026-07-23 15:25:09] Calculating S: DONE
[2026-07-23 15:25:09] Calculate `GDI`: START
[2026-07-23 15:25:09] Effective number of cores used: 80
[2026-07-23 15:25:09] Effective number of cores used: 80
[2026-07-23 15:25:09] Executing 6 genes batches
[2026-07-23 15:25:10] Total calculations elapsed time: 1.20216631889343
[2026-07-23 15:25:10] Calculate `GDI`: DONE
[2026-07-23 15:25:11] Total calculations elapsed time: 3.14939713478088
[2026-07-23 15:25:11] Calculate GDI dataframe: DONE
[2026-07-23 15:25:11] Clean plots: START
[2026-07-23 15:25:11] Total calculations elapsed time: 0.02309250831604
[2026-07-23 15:25:11] Clean plots: DONE
[2026-07-23 15:25:11] GDI plot
[2026-07-23 15:25:11] Removed 1 low GDI genes (such as the fully-expressed) in GDI plot
[2026-07-23 15:25:13] Cluster 04_0016, with size 59, is not uniform
[2026-07-23 15:25:13] Cluster 04_0016's shift to uniformity: 0.343158809786883
[2026-07-23 15:25:13] class = SimpleGDIUniformityCheck, check.isCheckAbove = FALSE, check.GDIThreshold = 1.001, check.maxRatioBeyond = 0.01, check.maxRankBeyond = 0, check.fractionBeyond = 0.0783864717280254, check.thresholdRank = 0, check.quantileAtRatio = 1.34415880978688, check.quantileAtRank = NaN, isUniform = FALSE, clusterSize = 59
[2026-07-23 15:25:13] cluster 04_0016 has too high GDI: will be reclustered!
[2026-07-23 15:25:13] 
[2026-07-23 15:25:13] *[2026-07-23 15:25:13]  checking uniformity of cluster '17' of 23 clusters
[2026-07-23 15:25:13] cluster 04_0017 has too few cells: will be reclustered!
[2026-07-23 15:25:13] *[2026-07-23 15:25:13]  checking uniformity of cluster '18' of 23 clusters
[2026-07-23 15:25:13] cluster 04_0018 has too few cells: will be reclustered!
[2026-07-23 15:25:13] *[2026-07-23 15:25:13]  checking uniformity of cluster '19' of 23 clusters
[2026-07-23 15:25:13] cluster 04_0019 has too few cells: will be reclustered!
[2026-07-23 15:25:13] *[2026-07-23 15:25:13]  checking uniformity of cluster '20' of 23 clusters
[2026-07-23 15:25:13] cluster 04_0020 has too few cells: will be reclustered!
[2026-07-23 15:25:13] *[2026-07-23 15:25:13]  checking uniformity of cluster '21' of 23 clusters
[2026-07-23 15:25:13] cluster 04_0021 has too few cells: will be reclustered!
[2026-07-23 15:25:13] *[2026-07-23 15:25:13]  checking uniformity of cluster '22' of 23 clusters
[2026-07-23 15:25:13] cluster 04_0022 has too few cells: will be reclustered!
[2026-07-23 15:25:13] 
[2026-07-23 15:25:13] Found 0 uniform and  23 non-uniform clusters
[2026-07-23 15:25:14] Loop calculations elapsed time: 328.638040542603
[2026-07-23 15:25:14] In iteration 5 [2026-07-23 15:25:14] the number of cells to re-cluster is 3429 cells belonging to 23 clusters
[2026-07-23 15:25:14] Asked to drop 0 genes and 648 cells
[2026-07-23 15:25:14] Creating new clusterization: START
[2026-07-23 15:25:14] Elaborating Reduced dimensionality Data Matrix - START
[2026-07-23 15:25:14] Running genes' selection: START
[2026-07-23 15:25:16] Selected 2000 genes using HVG_Seurat selector
[2026-07-23 15:25:16] Running genes' selection: DONE
[2026-07-23 15:25:18] Elaborating PCA - START
[2026-07-23 15:25:18] Elaborating PCA - DONE
[2026-07-23 15:25:19] Total calculations elapsed time: 4.85784292221069
[2026-07-23 15:25:19] Elaborating Reduced dimensionality Data Matrix - DONE
[2026-07-23 15:25:21] Number of clusters is too small. Reclustering at resolution higher than: 0.8
[2026-07-23 15:25:21] Number of clusters is too small. Reclustering at resolution higher than: 1.3
[2026-07-23 15:25:21] Number of clusters is too small. Reclustering at resolution higher than: 1.8
[2026-07-23 15:25:21] Number of clusters is too small. Reclustering at resolution higher than: 2.3
[2026-07-23 15:25:22] Number of clusters is too small. Reclustering at resolution higher than: 2.8
[2026-07-23 15:25:22] Number of clusters is too small. Reclustering at resolution higher than: 3.3
[2026-07-23 15:25:22] Used resolution for Seurat clusterization is: 3.8
[2026-07-23 15:25:22] Total calculations elapsed time: 7.87980222702026
[2026-07-23 15:25:22] Creating new clusterization: DONE
[2026-07-23 15:25:23] Creating PDF UMAP in file:  /data/lorenzo_delitala/data/project_files/ding/cortex_2/plots/Ding_Cortex_2_Transcript/reclustering/pdf_umap_5.pdf
[2026-07-23 15:25:23] UMAP plot: START
[2026-07-23 15:25:23] Calculating UMAP: START
[2026-07-23 15:25:32] Calculating UMAP: DONE
[2026-07-23 15:25:32] Total calculations elapsed time: 8.57621812820435
[2026-07-23 15:25:32] UMAP plot: DONE
[2026-07-23 15:25:32] UMAP plot: START
[2026-07-23 15:25:32] Calculating UMAP: START
[2026-07-23 15:25:40] Calculating UMAP: DONE
[2026-07-23 15:25:41] Total calculations elapsed time: 8.76830077171326
[2026-07-23 15:25:41] UMAP plot: DONE
[2026-07-23 15:25:41] *[2026-07-23 15:25:41]  checking uniformity of cluster '0' of 29 clusters
[2026-07-23 15:25:41] Asked to drop 0 genes and 3842 cells
[2026-07-23 15:25:41] COTAN dataset analysis: START
[2026-07-23 15:25:41] Asked to drop 2942 genes and 0 cells
[2026-07-23 15:25:41] Genes/cells selection done: dropped [2942] genes and [0] cells
[2026-07-23 15:25:41] Working on [9906] genes and [235] cells
[2026-07-23 15:25:42] Dataset cleaning elapsed time: 0.745218753814697
[2026-07-23 15:25:42] Estimate `dispersion`: START
[2026-07-23 15:25:42] Effective number of cores used: 80
[2026-07-23 15:25:42] Executing 10 genes batches
[2026-07-23 15:25:42] Parallel dispersion Newton-Raphson: used up to 5 iterations
[2026-07-23 15:25:42] Parallel dispersion Newton-Raphson: used up to 6 iterations
[2026-07-23 15:25:42] Parallel dispersion Newton-Raphson: used up to 5 iterations
[2026-07-23 15:25:42] Parallel dispersion Newton-Raphson: used up to 6 iterations
[2026-07-23 15:25:42] Parallel dispersion Newton-Raphson: used up to 6 iterations
[2026-07-23 15:25:43] Parallel dispersion Newton-Raphson: used up to 6 iterations
[2026-07-23 15:25:43] Parallel dispersion Newton-Raphson: used up to 6 iterations
[2026-07-23 15:25:43] Parallel dispersion Newton-Raphson: used up to 6 iterations
[2026-07-23 15:25:43] Parallel dispersion Newton-Raphson: used up to 6 iterations
[2026-07-23 15:25:43] Parallel dispersion Newton-Raphson: used up to 6 iterations
[2026-07-23 15:25:46] Total calculations elapsed time: 4.00084805488586
[2026-07-23 15:25:46] Estimate `dispersion`: DONE
[2026-07-23 15:25:46] Estimate `dispersion`: DONE
[2026-07-23 15:25:46] `dispersion` | min: -0.265950866033256 | max: 208.611284295123 | % negative: 66.1417322834646
[2026-07-23 15:25:47] Model parameter estimation elapsed time: 4.78510594367981
[2026-07-23 15:25:47] COTAN genes' COEX estimation: START
[2026-07-23 15:25:47] Effective number of cores used: 80
[2026-07-23 15:25:47] Calculate genes COEX (torch) on device cpu: START
[2026-07-23 15:25:47] Retrieving expected genes contingency table
[2026-07-23 15:25:47] Expected genes contingency table elapsed time: 0.0643601417541504
[2026-07-23 15:25:47] Calculating genes COEX normalization factor
[2026-07-23 15:25:48] Calculating genes COEX normalization factor elapsed time: 1.03000926971436
[2026-07-23 15:25:48] Retrieving observed genes yes/yes contingency table
[2026-07-23 15:25:48] Observed genes contingency table elapsed time: 0.0688586235046387
[2026-07-23 15:25:52] Calculate genes COEX elapsed time: 4.60885143280029
[2026-07-23 15:25:52] Total calculations elapsed time: 5.77207946777344
[2026-07-23 15:25:52] Calculate genes COEX (torch) on device cpu: DONE
[2026-07-23 15:25:53] Only genes' COEX elapsed time: 6.51424598693848
[2026-07-23 15:25:53] Dataset analysis elapsed time: 12.044570684433
[2026-07-23 15:25:53] COTAN dataset analysis: DONE
[2026-07-23 15:25:54] Checking uniformity for the cluster '05_0000' with 235 cells
[2026-07-23 15:25:54] Calculate GDI dataframe: START
[2026-07-23 15:25:54] Using S
[2026-07-23 15:25:54] Calculating S: START
[2026-07-23 15:25:57] Calculating S: DONE
[2026-07-23 15:25:57] Calculate `GDI`: START
[2026-07-23 15:25:57] Effective number of cores used: 80
[2026-07-23 15:25:57] Effective number of cores used: 80
[2026-07-23 15:25:57] Executing 10 genes batches
[2026-07-23 15:25:59] Total calculations elapsed time: 2.11520743370056
[2026-07-23 15:25:59] Calculate `GDI`: DONE
[2026-07-23 15:26:00] Total calculations elapsed time: 5.99097228050232
[2026-07-23 15:26:00] Calculate GDI dataframe: DONE
[2026-07-23 15:26:00] Clean plots: START
[2026-07-23 15:26:00] Total calculations elapsed time: 0.0231695175170898
[2026-07-23 15:26:00] Clean plots: DONE
[2026-07-23 15:26:00] GDI plot
[2026-07-23 15:26:00] Removed 3 low GDI genes (such as the fully-expressed) in GDI plot
[2026-07-23 15:26:02] Cluster 05_0000, with size 235, is not uniform
[2026-07-23 15:26:02] Cluster 05_0000's shift to uniformity: 0.265756636664866
[2026-07-23 15:26:02] class = SimpleGDIUniformityCheck, check.isCheckAbove = FALSE, check.GDIThreshold = 1.001, check.maxRatioBeyond = 0.01, check.maxRankBeyond = 0, check.fractionBeyond = 0.218453462547951, check.thresholdRank = 0, check.quantileAtRatio = 1.26675663666487, check.quantileAtRank = NaN, isUniform = FALSE, clusterSize = 235
[2026-07-23 15:26:02] cluster 05_0000 has too high GDI: will be reclustered!
[2026-07-23 15:26:02] 
[2026-07-23 15:26:03] *[2026-07-23 15:26:03]  checking uniformity of cluster '1' of 29 clusters
[2026-07-23 15:26:03] Asked to drop 0 genes and 3849 cells
[2026-07-23 15:26:03] COTAN dataset analysis: START
[2026-07-23 15:26:03] Asked to drop 3076 genes and 0 cells
[2026-07-23 15:26:03] Genes/cells selection done: dropped [3076] genes and [0] cells
[2026-07-23 15:26:03] Working on [9772] genes and [228] cells
[2026-07-23 15:26:03] Dataset cleaning elapsed time: 0.751256227493286
[2026-07-23 15:26:03] Estimate `dispersion`: START
[2026-07-23 15:26:03] Effective number of cores used: 80
[2026-07-23 15:26:03] Executing 10 genes batches
[2026-07-23 15:26:04] Parallel dispersion Newton-Raphson: used up to 7 iterations
[2026-07-23 15:26:04] Parallel dispersion Newton-Raphson: used up to 6 iterations
[2026-07-23 15:26:04] Parallel dispersion Newton-Raphson: used up to 6 iterations
[2026-07-23 15:26:04] Parallel dispersion Newton-Raphson: used up to 6 iterations
[2026-07-23 15:26:04] Parallel dispersion Newton-Raphson: used up to 5 iterations
[2026-07-23 15:26:04] Parallel dispersion Newton-Raphson: used up to 6 iterations
[2026-07-23 15:26:04] Parallel dispersion Newton-Raphson: used up to 6 iterations
[2026-07-23 15:26:04] Parallel dispersion Newton-Raphson: used up to 7 iterations
[2026-07-23 15:26:04] Parallel dispersion Newton-Raphson: used up to 6 iterations
[2026-07-23 15:26:04] Parallel dispersion Newton-Raphson: used up to 6 iterations
[2026-07-23 15:26:07] Total calculations elapsed time: 3.99488997459412
[2026-07-23 15:26:07] Estimate `dispersion`: DONE
[2026-07-23 15:26:07] Estimate `dispersion`: DONE
[2026-07-23 15:26:07] `dispersion` | min: -0.304477885530207 | max: 321.696745449128 | % negative: 66.0560785918952
[2026-07-23 15:26:08] Model parameter estimation elapsed time: 4.84658741950989
[2026-07-23 15:26:08] COTAN genes' COEX estimation: START
[2026-07-23 15:26:08] Effective number of cores used: 80
[2026-07-23 15:26:08] Calculate genes COEX (torch) on device cpu: START
[2026-07-23 15:26:08] Retrieving expected genes contingency table
[2026-07-23 15:26:08] Expected genes contingency table elapsed time: 0.0634794235229492
[2026-07-23 15:26:08] Calculating genes COEX normalization factor
[2026-07-23 15:26:09] Calculating genes COEX normalization factor elapsed time: 1.0414924621582
[2026-07-23 15:26:09] Retrieving observed genes yes/yes contingency table
[2026-07-23 15:26:09] Observed genes contingency table elapsed time: 0.0636641979217529
[2026-07-23 15:26:14] Calculate genes COEX elapsed time: 4.49563241004944
[2026-07-23 15:26:14] Total calculations elapsed time: 5.66426849365234
[2026-07-23 15:26:14] Calculate genes COEX (torch) on device cpu: DONE
[2026-07-23 15:26:15] Only genes' COEX elapsed time: 6.41122055053711
[2026-07-23 15:26:15] Dataset analysis elapsed time: 12.0090641975403
[2026-07-23 15:26:15] COTAN dataset analysis: DONE
[2026-07-23 15:26:15] Checking uniformity for the cluster '05_0001' with 228 cells
[2026-07-23 15:26:15] Calculate GDI dataframe: START
[2026-07-23 15:26:15] Using S
[2026-07-23 15:26:15] Calculating S: START
[2026-07-23 15:26:18] Calculating S: DONE
[2026-07-23 15:26:18] Calculate `GDI`: START
[2026-07-23 15:26:18] Effective number of cores used: 80
[2026-07-23 15:26:18] Effective number of cores used: 80
[2026-07-23 15:26:18] Executing 10 genes batches
[2026-07-23 15:26:20] Total calculations elapsed time: 2.14321517944336
[2026-07-23 15:26:20] Calculate `GDI`: DONE
[2026-07-23 15:26:21] Total calculations elapsed time: 6.08979511260986
[2026-07-23 15:26:21] Calculate GDI dataframe: DONE
[2026-07-23 15:26:21] Clean plots: START
[2026-07-23 15:26:21] Total calculations elapsed time: 0.0234770774841309
[2026-07-23 15:26:21] Clean plots: DONE
[2026-07-23 15:26:21] GDI plot
[2026-07-23 15:26:21] Removed 1 low GDI genes (such as the fully-expressed) in GDI plot
[2026-07-23 15:26:23] Cluster 05_0001, with size 228, is not uniform
[2026-07-23 15:26:23] Cluster 05_0001's shift to uniformity: 0.240779194688888
[2026-07-23 15:26:23] class = SimpleGDIUniformityCheck, check.isCheckAbove = FALSE, check.GDIThreshold = 1.001, check.maxRatioBeyond = 0.01, check.maxRankBeyond = 0, check.fractionBeyond = 0.191567744576341, check.thresholdRank = 0, check.quantileAtRatio = 1.24177919468889, check.quantileAtRank = NaN, isUniform = FALSE, clusterSize = 228
[2026-07-23 15:26:23] cluster 05_0001 has too high GDI: will be reclustered!
[2026-07-23 15:26:23] 
[2026-07-23 15:26:24] *[2026-07-23 15:26:24]  checking uniformity of cluster '2' of 29 clusters
[2026-07-23 15:26:24] Asked to drop 0 genes and 3870 cells
[2026-07-23 15:26:24] COTAN dataset analysis: START
[2026-07-23 15:26:24] Asked to drop 5125 genes and 0 cells
[2026-07-23 15:26:24] Genes/cells selection done: dropped [5125] genes and [0] cells
[2026-07-23 15:26:24] Working on [7723] genes and [207] cells
[2026-07-23 15:26:25] Dataset cleaning elapsed time: 0.828676700592041
[2026-07-23 15:26:25] Estimate `dispersion`: START
[2026-07-23 15:26:25] Effective number of cores used: 80
[2026-07-23 15:26:25] Executing 8 genes batches
[2026-07-23 15:26:25] Parallel dispersion Newton-Raphson: used up to 5 iterations
[2026-07-23 15:26:25] Parallel dispersion Newton-Raphson: used up to 5 iterations
[2026-07-23 15:26:25] Parallel dispersion Newton-Raphson: used up to 5 iterations
[2026-07-23 15:26:25] Parallel dispersion Newton-Raphson: used up to 6 iterations
[2026-07-23 15:26:25] Parallel dispersion Newton-Raphson: used up to 6 iterations
[2026-07-23 15:26:26] Parallel dispersion Newton-Raphson: used up to 6 iterations
[2026-07-23 15:26:26] Parallel dispersion Newton-Raphson: used up to 5 iterations
[2026-07-23 15:26:26] Parallel dispersion Newton-Raphson: used up to 6 iterations
[2026-07-23 15:26:29] Total calculations elapsed time: 3.86422920227051
[2026-07-23 15:26:29] Estimate `dispersion`: DONE
[2026-07-23 15:26:29] Estimate `dispersion`: DONE
[2026-07-23 15:26:29] `dispersion` | min: -0.222081947115924 | max: 159.382555002776 | % negative: 71.3064871164055
[2026-07-23 15:26:30] Model parameter estimation elapsed time: 4.65192651748657
[2026-07-23 15:26:30] COTAN genes' COEX estimation: START
[2026-07-23 15:26:30] Effective number of cores used: 80
[2026-07-23 15:26:30] Calculate genes COEX (torch) on device cpu: START
[2026-07-23 15:26:30] Retrieving expected genes contingency table
[2026-07-23 15:26:30] Expected genes contingency table elapsed time: 0.0458247661590576
[2026-07-23 15:26:30] Calculating genes COEX normalization factor
[2026-07-23 15:26:30] Calculating genes COEX normalization factor elapsed time: 0.942912101745605
[2026-07-23 15:26:30] Retrieving observed genes yes/yes contingency table
[2026-07-23 15:26:31] Observed genes contingency table elapsed time: 0.0493018627166748
[2026-07-23 15:26:33] Calculate genes COEX elapsed time: 2.86587524414062
[2026-07-23 15:26:33] Total calculations elapsed time: 3.90391397476196
[2026-07-23 15:26:33] Calculate genes COEX (torch) on device cpu: DONE
[2026-07-23 15:26:34] Only genes' COEX elapsed time: 4.65262007713318
[2026-07-23 15:26:34] Dataset analysis elapsed time: 10.1332232952118
[2026-07-23 15:26:34] COTAN dataset analysis: DONE
[2026-07-23 15:26:35] Checking uniformity for the cluster '05_0002' with 207 cells
[2026-07-23 15:26:35] Calculate GDI dataframe: START
[2026-07-23 15:26:35] Using S
[2026-07-23 15:26:35] Calculating S: START
[2026-07-23 15:26:36] Calculating S: DONE
[2026-07-23 15:26:36] Calculate `GDI`: START
[2026-07-23 15:26:36] Effective number of cores used: 80
[2026-07-23 15:26:36] Effective number of cores used: 80
[2026-07-23 15:26:36] Executing 8 genes batches
[2026-07-23 15:26:38] Total calculations elapsed time: 1.83831524848938
[2026-07-23 15:26:38] Calculate `GDI`: DONE
[2026-07-23 15:26:40] Total calculations elapsed time: 4.6891462802887
[2026-07-23 15:26:40] Calculate GDI dataframe: DONE
[2026-07-23 15:26:40] Clean plots: START
[2026-07-23 15:26:40] Total calculations elapsed time: 0.0241262912750244
[2026-07-23 15:26:40] Clean plots: DONE
[2026-07-23 15:26:40] GDI plot
[2026-07-23 15:26:40] Removed 1 low GDI genes (such as the fully-expressed) in GDI plot
[2026-07-23 15:26:41] Cluster 05_0002, with size 207, is not uniform
[2026-07-23 15:26:41] Cluster 05_0002's shift to uniformity: 0.20173665627691
[2026-07-23 15:26:41] class = SimpleGDIUniformityCheck, check.isCheckAbove = FALSE, check.GDIThreshold = 1.001, check.maxRatioBeyond = 0.01, check.maxRankBeyond = 0, check.fractionBeyond = 0.110319823902629, check.thresholdRank = 0, check.quantileAtRatio = 1.20273665627691, check.quantileAtRank = NaN, isUniform = FALSE, clusterSize = 207
[2026-07-23 15:26:41] cluster 05_0002 has too high GDI: will be reclustered!
[2026-07-23 15:26:41] 
[2026-07-23 15:26:42] *[2026-07-23 15:26:42]  checking uniformity of cluster '3' of 29 clusters
[2026-07-23 15:26:42] Asked to drop 0 genes and 3887 cells
[2026-07-23 15:26:42] COTAN dataset analysis: START
[2026-07-23 15:26:42] Asked to drop 5238 genes and 0 cells
[2026-07-23 15:26:42] Genes/cells selection done: dropped [5238] genes and [0] cells
[2026-07-23 15:26:42] Working on [7610] genes and [190] cells
[2026-07-23 15:26:43] Dataset cleaning elapsed time: 0.854567766189575
[2026-07-23 15:26:43] Estimate `dispersion`: START
[2026-07-23 15:26:43] Effective number of cores used: 80
[2026-07-23 15:26:43] Executing 8 genes batches
[2026-07-23 15:26:43] Parallel dispersion Newton-Raphson: used up to 6 iterations
[2026-07-23 15:26:43] Parallel dispersion Newton-Raphson: used up to 6 iterations
[2026-07-23 15:26:43] Parallel dispersion Newton-Raphson: used up to 6 iterations
[2026-07-23 15:26:43] Parallel dispersion Newton-Raphson: used up to 6 iterations
[2026-07-23 15:26:44] Parallel dispersion Newton-Raphson: used up to 6 iterations
[2026-07-23 15:26:44] Parallel dispersion Newton-Raphson: used up to 7 iterations
[2026-07-23 15:26:44] Parallel dispersion Newton-Raphson: used up to 6 iterations
[2026-07-23 15:26:44] Parallel dispersion Newton-Raphson: used up to 6 iterations
[2026-07-23 15:26:47] Total calculations elapsed time: 3.88028049468994
[2026-07-23 15:26:47] Estimate `dispersion`: DONE
[2026-07-23 15:26:47] Estimate `dispersion`: DONE
[2026-07-23 15:26:47] `dispersion` | min: -0.216371258845169 | max: 223.943051982212 | % negative: 69.4349540078844
[2026-07-23 15:26:48] Model parameter estimation elapsed time: 4.67479681968689
[2026-07-23 15:26:48] COTAN genes' COEX estimation: START
[2026-07-23 15:26:48] Effective number of cores used: 80
[2026-07-23 15:26:48] Calculate genes COEX (torch) on device cpu: START
[2026-07-23 15:26:48] Retrieving expected genes contingency table
[2026-07-23 15:26:48] Expected genes contingency table elapsed time: 0.0422592163085938
[2026-07-23 15:26:48] Calculating genes COEX normalization factor
[2026-07-23 15:26:49] Calculating genes COEX normalization factor elapsed time: 0.903795003890991
[2026-07-23 15:26:49] Retrieving observed genes yes/yes contingency table
[2026-07-23 15:26:49] Observed genes contingency table elapsed time: 0.0377819538116455
[2026-07-23 15:26:51] Calculate genes COEX elapsed time: 2.82729911804199
[2026-07-23 15:26:51] Total calculations elapsed time: 3.81113529205322
[2026-07-23 15:26:51] Calculate genes COEX (torch) on device cpu: DONE
[2026-07-23 15:26:52] Only genes' COEX elapsed time: 4.55357003211975
[2026-07-23 15:26:52] Dataset analysis elapsed time: 10.0829346179962
[2026-07-23 15:26:52] COTAN dataset analysis: DONE
[2026-07-23 15:26:53] Checking uniformity for the cluster '05_0003' with 190 cells
[2026-07-23 15:26:53] Calculate GDI dataframe: START
[2026-07-23 15:26:53] Using S
[2026-07-23 15:26:53] Calculating S: START
[2026-07-23 15:26:54] Calculating S: DONE
[2026-07-23 15:26:54] Calculate `GDI`: START
[2026-07-23 15:26:54] Effective number of cores used: 80
[2026-07-23 15:26:54] Effective number of cores used: 80
[2026-07-23 15:26:54] Executing 8 genes batches
[2026-07-23 15:26:56] Total calculations elapsed time: 1.76073527336121
[2026-07-23 15:26:56] Calculate `GDI`: DONE
[2026-07-23 15:26:57] Total calculations elapsed time: 4.4911904335022
[2026-07-23 15:26:57] Calculate GDI dataframe: DONE
[2026-07-23 15:26:57] Clean plots: START
[2026-07-23 15:26:58] Total calculations elapsed time: 0.0325620174407959
[2026-07-23 15:26:58] Clean plots: DONE
[2026-07-23 15:26:58] GDI plot
[2026-07-23 15:26:58] Removed 3 low GDI genes (such as the fully-expressed) in GDI plot
[2026-07-23 15:26:59] Cluster 05_0003, with size 190, is not uniform
[2026-07-23 15:26:59] Cluster 05_0003's shift to uniformity: 0.248351311150115
[2026-07-23 15:26:59] class = SimpleGDIUniformityCheck, check.isCheckAbove = FALSE, check.GDIThreshold = 1.001, check.maxRatioBeyond = 0.01, check.maxRankBeyond = 0, check.fractionBeyond = 0.142181340341656, check.thresholdRank = 0, check.quantileAtRatio = 1.24935131115011, check.quantileAtRank = NaN, isUniform = FALSE, clusterSize = 190
[2026-07-23 15:26:59] cluster 05_0003 has too high GDI: will be reclustered!
[2026-07-23 15:26:59] 
[2026-07-23 15:27:00] *[2026-07-23 15:27:00]  checking uniformity of cluster '4' of 29 clusters
[2026-07-23 15:27:00] Asked to drop 0 genes and 3889 cells
[2026-07-23 15:27:00] COTAN dataset analysis: START
[2026-07-23 15:27:00] Asked to drop 5609 genes and 0 cells
[2026-07-23 15:27:00] Genes/cells selection done: dropped [5609] genes and [0] cells
[2026-07-23 15:27:00] Working on [7239] genes and [188] cells
[2026-07-23 15:27:01] Dataset cleaning elapsed time: 0.847192287445068
[2026-07-23 15:27:01] Estimate `dispersion`: START
[2026-07-23 15:27:01] Effective number of cores used: 80
[2026-07-23 15:27:01] Executing 8 genes batches
[2026-07-23 15:27:01] Parallel dispersion Newton-Raphson: used up to 5 iterations
[2026-07-23 15:27:01] Parallel dispersion Newton-Raphson: used up to 6 iterations
[2026-07-23 15:27:01] Parallel dispersion Newton-Raphson: used up to 5 iterations
[2026-07-23 15:27:01] Parallel dispersion Newton-Raphson: used up to 7 iterations
[2026-07-23 15:27:02] Parallel dispersion Newton-Raphson: used up to 6 iterations
[2026-07-23 15:27:02] Parallel dispersion Newton-Raphson: used up to 6 iterations
[2026-07-23 15:27:02] Parallel dispersion Newton-Raphson: used up to 5 iterations
[2026-07-23 15:27:02] Parallel dispersion Newton-Raphson: used up to 6 iterations
[2026-07-23 15:27:05] Total calculations elapsed time: 3.80053377151489
[2026-07-23 15:27:05] Estimate `dispersion`: DONE
[2026-07-23 15:27:05] Estimate `dispersion`: DONE
[2026-07-23 15:27:05] `dispersion` | min: -0.203511981724286 | max: 254.479217454777 | % negative: 72.5238292581848
[2026-07-23 15:27:06] Model parameter estimation elapsed time: 4.62758088111877
[2026-07-23 15:27:06] COTAN genes' COEX estimation: START
[2026-07-23 15:27:06] Effective number of cores used: 80
[2026-07-23 15:27:06] Calculate genes COEX (torch) on device cpu: START
[2026-07-23 15:27:06] Retrieving expected genes contingency table
[2026-07-23 15:27:06] Expected genes contingency table elapsed time: 0.0365531444549561
[2026-07-23 15:27:06] Calculating genes COEX normalization factor
[2026-07-23 15:27:06] Calculating genes COEX normalization factor elapsed time: 0.88714337348938
[2026-07-23 15:27:06] Retrieving observed genes yes/yes contingency table
[2026-07-23 15:27:06] Observed genes contingency table elapsed time: 0.0456326007843018
[2026-07-23 15:27:09] Calculate genes COEX elapsed time: 2.60357522964478
[2026-07-23 15:27:09] Total calculations elapsed time: 3.57290434837341
[2026-07-23 15:27:09] Calculate genes COEX (torch) on device cpu: DONE
[2026-07-23 15:27:10] Only genes' COEX elapsed time: 4.32851386070251
[2026-07-23 15:27:10] Dataset analysis elapsed time: 9.80328702926636
[2026-07-23 15:27:10] COTAN dataset analysis: DONE
[2026-07-23 15:27:11] Checking uniformity for the cluster '05_0004' with 188 cells
[2026-07-23 15:27:11] Calculate GDI dataframe: START
[2026-07-23 15:27:11] Using S
[2026-07-23 15:27:11] Calculating S: START
[2026-07-23 15:27:12] Calculating S: DONE
[2026-07-23 15:27:12] Calculate `GDI`: START
[2026-07-23 15:27:12] Effective number of cores used: 80
[2026-07-23 15:27:12] Effective number of cores used: 80
[2026-07-23 15:27:12] Executing 8 genes batches
[2026-07-23 15:27:14] Total calculations elapsed time: 1.78445315361023
[2026-07-23 15:27:14] Calculate `GDI`: DONE
[2026-07-23 15:27:15] Total calculations elapsed time: 4.30816841125488
[2026-07-23 15:27:15] Calculate GDI dataframe: DONE
[2026-07-23 15:27:15] Clean plots: START
[2026-07-23 15:27:15] Total calculations elapsed time: 0.0234081745147705
[2026-07-23 15:27:15] Clean plots: DONE
[2026-07-23 15:27:15] GDI plot
[2026-07-23 15:27:15] Removed 1 low GDI genes (such as the fully-expressed) in GDI plot
[2026-07-23 15:27:17] Cluster 05_0004, with size 188, is not uniform
[2026-07-23 15:27:17] Cluster 05_0004's shift to uniformity: 0.183458110275041
[2026-07-23 15:27:17] class = SimpleGDIUniformityCheck, check.isCheckAbove = FALSE, check.GDIThreshold = 1.001, check.maxRatioBeyond = 0.01, check.maxRankBeyond = 0, check.fractionBeyond = 0.0932449233319519, check.thresholdRank = 0, check.quantileAtRatio = 1.18445811027504, check.quantileAtRank = NaN, isUniform = FALSE, clusterSize = 188
[2026-07-23 15:27:17] cluster 05_0004 has too high GDI: will be reclustered!
[2026-07-23 15:27:17] 
[2026-07-23 15:27:17] *[2026-07-23 15:27:17]  checking uniformity of cluster '5' of 29 clusters
[2026-07-23 15:27:17] Asked to drop 0 genes and 3907 cells
[2026-07-23 15:27:17] COTAN dataset analysis: START
[2026-07-23 15:27:17] Asked to drop 5580 genes and 0 cells
[2026-07-23 15:27:17] Genes/cells selection done: dropped [5580] genes and [0] cells
[2026-07-23 15:27:17] Working on [7268] genes and [170] cells
[2026-07-23 15:27:18] Dataset cleaning elapsed time: 0.810012817382812
[2026-07-23 15:27:18] Estimate `dispersion`: START
[2026-07-23 15:27:18] Effective number of cores used: 80
[2026-07-23 15:27:18] Executing 8 genes batches
[2026-07-23 15:27:18] Parallel dispersion Newton-Raphson: used up to 6 iterations
[2026-07-23 15:27:19] Parallel dispersion Newton-Raphson: used up to 6 iterations
[2026-07-23 15:27:19] Parallel dispersion Newton-Raphson: used up to 6 iterations
[2026-07-23 15:27:19] Parallel dispersion Newton-Raphson: used up to 6 iterations
[2026-07-23 15:27:19] Parallel dispersion Newton-Raphson: used up to 6 iterations
[2026-07-23 15:27:19] Parallel dispersion Newton-Raphson: used up to 6 iterations
[2026-07-23 15:27:19] Parallel dispersion Newton-Raphson: used up to 6 iterations
[2026-07-23 15:27:19] Parallel dispersion Newton-Raphson: used up to 6 iterations
[2026-07-23 15:27:22] Total calculations elapsed time: 3.79746532440186
[2026-07-23 15:27:22] Estimate `dispersion`: DONE
[2026-07-23 15:27:22] Estimate `dispersion`: DONE
[2026-07-23 15:27:22] `dispersion` | min: -0.232413458830814 | max: 173.056205313918 | % negative: 70.3219592735278
[2026-07-23 15:27:23] Model parameter estimation elapsed time: 4.62617588043213
[2026-07-23 15:27:23] COTAN genes' COEX estimation: START
[2026-07-23 15:27:23] Effective number of cores used: 80
[2026-07-23 15:27:23] Calculate genes COEX (torch) on device cpu: START
[2026-07-23 15:27:23] Retrieving expected genes contingency table
[2026-07-23 15:27:23] Expected genes contingency table elapsed time: 0.0418813228607178
[2026-07-23 15:27:23] Calculating genes COEX normalization factor
[2026-07-23 15:27:24] Calculating genes COEX normalization factor elapsed time: 0.90929913520813
[2026-07-23 15:27:24] Retrieving observed genes yes/yes contingency table
[2026-07-23 15:27:24] Observed genes contingency table elapsed time: 0.0331041812896729
[2026-07-23 15:27:26] Calculate genes COEX elapsed time: 2.59622430801392
[2026-07-23 15:27:26] Total calculations elapsed time: 3.58050894737244
[2026-07-23 15:27:26] Calculate genes COEX (torch) on device cpu: DONE
[2026-07-23 15:27:27] Only genes' COEX elapsed time: 4.33566689491272
[2026-07-23 15:27:27] Dataset analysis elapsed time: 9.77185559272766
[2026-07-23 15:27:27] COTAN dataset analysis: DONE
[2026-07-23 15:27:28] Checking uniformity for the cluster '05_0005' with 170 cells
[2026-07-23 15:27:28] Calculate GDI dataframe: START
[2026-07-23 15:27:28] Using S
[2026-07-23 15:27:28] Calculating S: START
[2026-07-23 15:27:29] Calculating S: DONE
[2026-07-23 15:27:29] Calculate `GDI`: START
[2026-07-23 15:27:29] Effective number of cores used: 80
[2026-07-23 15:27:29] Effective number of cores used: 80
[2026-07-23 15:27:29] Executing 8 genes batches
[2026-07-23 15:27:31] Total calculations elapsed time: 1.72569441795349
[2026-07-23 15:27:31] Calculate `GDI`: DONE
[2026-07-23 15:27:32] Total calculations elapsed time: 4.30416750907898
[2026-07-23 15:27:32] Calculate GDI dataframe: DONE
[2026-07-23 15:27:32] Clean plots: START
[2026-07-23 15:27:32] Total calculations elapsed time: 0.023298978805542
[2026-07-23 15:27:32] Clean plots: DONE
[2026-07-23 15:27:32] GDI plot
[2026-07-23 15:27:32] Removed 1 low GDI genes (such as the fully-expressed) in GDI plot
[2026-07-23 15:27:34] Cluster 05_0005, with size 170, is not uniform
[2026-07-23 15:27:34] Cluster 05_0005's shift to uniformity: 0.226573365550773
[2026-07-23 15:27:34] class = SimpleGDIUniformityCheck, check.isCheckAbove = FALSE, check.GDIThreshold = 1.001, check.maxRatioBeyond = 0.01, check.maxRankBeyond = 0, check.fractionBeyond = 0.137727022564667, check.thresholdRank = 0, check.quantileAtRatio = 1.22757336555077, check.quantileAtRank = NaN, isUniform = FALSE, clusterSize = 170
[2026-07-23 15:27:34] cluster 05_0005 has too high GDI: will be reclustered!
[2026-07-23 15:27:34] 
[2026-07-23 15:27:35] *[2026-07-23 15:27:35]  checking uniformity of cluster '6' of 29 clusters
[2026-07-23 15:27:35] Asked to drop 0 genes and 3911 cells
[2026-07-23 15:27:35] COTAN dataset analysis: START
[2026-07-23 15:27:35] Asked to drop 4355 genes and 0 cells
[2026-07-23 15:27:35] Genes/cells selection done: dropped [4355] genes and [0] cells
[2026-07-23 15:27:35] Working on [8493] genes and [166] cells
[2026-07-23 15:27:36] Dataset cleaning elapsed time: 0.801100969314575
[2026-07-23 15:27:36] Estimate `dispersion`: START
[2026-07-23 15:27:36] Effective number of cores used: 80
[2026-07-23 15:27:36] Executing 9 genes batches
[2026-07-23 15:27:36] Parallel dispersion Newton-Raphson: used up to 5 iterations
[2026-07-23 15:27:36] Parallel dispersion Newton-Raphson: used up to 5 iterations
[2026-07-23 15:27:36] Parallel dispersion Newton-Raphson: used up to 5 iterations
[2026-07-23 15:27:36] Parallel dispersion Newton-Raphson: used up to 6 iterations
[2026-07-23 15:27:36] Parallel dispersion Newton-Raphson: used up to 5 iterations
[2026-07-23 15:27:36] Parallel dispersion Newton-Raphson: used up to 6 iterations
[2026-07-23 15:27:36] Parallel dispersion Newton-Raphson: used up to 6 iterations
[2026-07-23 15:27:37] Parallel dispersion Newton-Raphson: used up to 6 iterations
[2026-07-23 15:27:37] Parallel dispersion Newton-Raphson: used up to 6 iterations
[2026-07-23 15:27:40] Total calculations elapsed time: 3.89461231231689
[2026-07-23 15:27:40] Estimate `dispersion`: DONE
[2026-07-23 15:27:40] Estimate `dispersion`: DONE
[2026-07-23 15:27:40] `dispersion` | min: -0.235843088254133 | max: 362.84343513394 | % negative: 82.4090427410809
[2026-07-23 15:27:40] Model parameter estimation elapsed time: 4.71931076049805
[2026-07-23 15:27:40] COTAN genes' COEX estimation: START
[2026-07-23 15:27:40] Effective number of cores used: 80
[2026-07-23 15:27:40] Calculate genes COEX (torch) on device cpu: START
[2026-07-23 15:27:40] Retrieving expected genes contingency table
[2026-07-23 15:27:40] Expected genes contingency table elapsed time: 0.0470876693725586
[2026-07-23 15:27:40] Calculating genes COEX normalization factor
[2026-07-23 15:27:41] Calculating genes COEX normalization factor elapsed time: 0.966212749481201
[2026-07-23 15:27:41] Retrieving observed genes yes/yes contingency table
[2026-07-23 15:27:41] Observed genes contingency table elapsed time: 0.04085373878479
[2026-07-23 15:27:45] Calculate genes COEX elapsed time: 3.41393566131592
[2026-07-23 15:27:45] Total calculations elapsed time: 4.46808981895447
[2026-07-23 15:27:45] Calculate genes COEX (torch) on device cpu: DONE
[2026-07-23 15:27:46] Only genes' COEX elapsed time: 5.2132842540741
[2026-07-23 15:27:46] Dataset analysis elapsed time: 10.7336959838867
[2026-07-23 15:27:46] COTAN dataset analysis: DONE
[2026-07-23 15:27:46] Checking uniformity for the cluster '05_0006' with 166 cells
[2026-07-23 15:27:46] Calculate GDI dataframe: START
[2026-07-23 15:27:46] Using S
[2026-07-23 15:27:46] Calculating S: START
[2026-07-23 15:27:48] Calculating S: DONE
[2026-07-23 15:27:48] Calculate `GDI`: START
[2026-07-23 15:27:48] Effective number of cores used: 80
[2026-07-23 15:27:48] Effective number of cores used: 80
[2026-07-23 15:27:48] Executing 9 genes batches
[2026-07-23 15:27:50] Total calculations elapsed time: 2.06367421150208
[2026-07-23 15:27:50] Calculate `GDI`: DONE
[2026-07-23 15:27:52] Total calculations elapsed time: 5.35245800018311
[2026-07-23 15:27:52] Calculate GDI dataframe: DONE
[2026-07-23 15:27:52] Clean plots: START
[2026-07-23 15:27:52] Total calculations elapsed time: 0.0233385562896729
[2026-07-23 15:27:52] Clean plots: DONE
[2026-07-23 15:27:52] GDI plot
[2026-07-23 15:27:52] Removed 1 low GDI genes (such as the fully-expressed) in GDI plot
[2026-07-23 15:27:53] Cluster 05_0006, with size 166, is not uniform
[2026-07-23 15:27:53] Cluster 05_0006's shift to uniformity: 0.0407729839726905
[2026-07-23 15:27:53] class = SimpleGDIUniformityCheck, check.isCheckAbove = FALSE, check.GDIThreshold = 1.001, check.maxRatioBeyond = 0.01, check.maxRankBeyond = 0, check.fractionBeyond = 0.0163664194042152, check.thresholdRank = 0, check.quantileAtRatio = 1.04177298397269, check.quantileAtRank = NaN, isUniform = FALSE, clusterSize = 166
[2026-07-23 15:27:53] cluster 05_0006 has too high GDI: will be reclustered!
[2026-07-23 15:27:53] 
[2026-07-23 15:27:54] *[2026-07-23 15:27:54]  checking uniformity of cluster '7' of 29 clusters
[2026-07-23 15:27:54] Asked to drop 0 genes and 3914 cells
[2026-07-23 15:27:54] COTAN dataset analysis: START
[2026-07-23 15:27:54] Asked to drop 2641 genes and 0 cells
[2026-07-23 15:27:54] Genes/cells selection done: dropped [2641] genes and [0] cells
[2026-07-23 15:27:54] Working on [10207] genes and [163] cells
[2026-07-23 15:27:55] Dataset cleaning elapsed time: 0.794142723083496
[2026-07-23 15:27:55] Estimate `dispersion`: START
[2026-07-23 15:27:55] Effective number of cores used: 80
[2026-07-23 15:27:55] Executing 10 genes batches
[2026-07-23 15:27:55] Parallel dispersion Newton-Raphson: used up to 6 iterations
[2026-07-23 15:27:55] Parallel dispersion Newton-Raphson: used up to 6 iterations
[2026-07-23 15:27:55] Parallel dispersion Newton-Raphson: used up to 6 iterations
[2026-07-23 15:27:56] Parallel dispersion Newton-Raphson: used up to 6 iterations
[2026-07-23 15:27:56] Parallel dispersion Newton-Raphson: used up to 7 iterations
[2026-07-23 15:27:56] Parallel dispersion Newton-Raphson: used up to 6 iterations
[2026-07-23 15:27:56] Parallel dispersion Newton-Raphson: used up to 6 iterations
[2026-07-23 15:27:56] Parallel dispersion Newton-Raphson: used up to 7 iterations
[2026-07-23 15:27:56] Parallel dispersion Newton-Raphson: used up to 6 iterations
[2026-07-23 15:27:56] Parallel dispersion Newton-Raphson: used up to 7 iterations
[2026-07-23 15:27:59] Total calculations elapsed time: 3.77127528190613
[2026-07-23 15:27:59] Estimate `dispersion`: DONE
[2026-07-23 15:27:59] Estimate `dispersion`: DONE
[2026-07-23 15:27:59] `dispersion` | min: -0.223795360542026 | max: 366.657425676451 | % negative: 77.2802978348192
[2026-07-23 15:28:00] Model parameter estimation elapsed time: 4.5541524887085
[2026-07-23 15:28:00] COTAN genes' COEX estimation: START
[2026-07-23 15:28:00] Effective number of cores used: 80
[2026-07-23 15:28:00] Calculate genes COEX (torch) on device cpu: START
[2026-07-23 15:28:00] Retrieving expected genes contingency table
[2026-07-23 15:28:00] Expected genes contingency table elapsed time: 0.0541837215423584
[2026-07-23 15:28:00] Calculating genes COEX normalization factor
[2026-07-23 15:28:01] Calculating genes COEX normalization factor elapsed time: 1.05032992362976
[2026-07-23 15:28:01] Retrieving observed genes yes/yes contingency table
[2026-07-23 15:28:01] Observed genes contingency table elapsed time: 0.063615083694458
[2026-07-23 15:28:06] Calculate genes COEX elapsed time: 4.85395765304565
[2026-07-23 15:28:06] Total calculations elapsed time: 6.02208638191223
[2026-07-23 15:28:06] Calculate genes COEX (torch) on device cpu: DONE
[2026-07-23 15:28:06] Only genes' COEX elapsed time: 6.82032108306885
[2026-07-23 15:28:06] Dataset analysis elapsed time: 12.1686162948608
[2026-07-23 15:28:06] COTAN dataset analysis: DONE
[2026-07-23 15:28:07] Checking uniformity for the cluster '05_0007' with 163 cells
[2026-07-23 15:28:07] Calculate GDI dataframe: START
[2026-07-23 15:28:07] Using S
[2026-07-23 15:28:07] Calculating S: START
[2026-07-23 15:28:10] Calculating S: DONE
[2026-07-23 15:28:10] Calculate `GDI`: START
[2026-07-23 15:28:10] Effective number of cores used: 80
[2026-07-23 15:28:10] Effective number of cores used: 80
[2026-07-23 15:28:10] Executing 10 genes batches
[2026-07-23 15:28:12] Total calculations elapsed time: 2.13965201377869
[2026-07-23 15:28:12] Calculate `GDI`: DONE
[2026-07-23 15:28:13] Total calculations elapsed time: 6.30042243003845
[2026-07-23 15:28:13] Calculate GDI dataframe: DONE
[2026-07-23 15:28:13] Clean plots: START
[2026-07-23 15:28:14] Total calculations elapsed time: 0.0233824253082275
[2026-07-23 15:28:14] Clean plots: DONE
[2026-07-23 15:28:14] GDI plot
[2026-07-23 15:28:14] Removed 1 low GDI genes (such as the fully-expressed) in GDI plot
[2026-07-23 15:28:15] Cluster 05_0007, with size 163, is not uniform
[2026-07-23 15:28:15] Cluster 05_0007's shift to uniformity: 0.107299319629662
[2026-07-23 15:28:15] class = SimpleGDIUniformityCheck, check.isCheckAbove = FALSE, check.GDIThreshold = 1.001, check.maxRatioBeyond = 0.01, check.maxRankBeyond = 0, check.fractionBeyond = 0.049671793866954, check.thresholdRank = 0, check.quantileAtRatio = 1.10829931962966, check.quantileAtRank = NaN, isUniform = FALSE, clusterSize = 163
[2026-07-23 15:28:15] cluster 05_0007 has too high GDI: will be reclustered!
[2026-07-23 15:28:15] 
[2026-07-23 15:28:16] *[2026-07-23 15:28:16]  checking uniformity of cluster '8' of 29 clusters
[2026-07-23 15:28:16] Asked to drop 0 genes and 3918 cells
[2026-07-23 15:28:16] COTAN dataset analysis: START
[2026-07-23 15:28:16] Asked to drop 4541 genes and 0 cells
[2026-07-23 15:28:16] Genes/cells selection done: dropped [4541] genes and [0] cells
[2026-07-23 15:28:16] Working on [8307] genes and [159] cells
[2026-07-23 15:28:17] Dataset cleaning elapsed time: 0.729974508285522
[2026-07-23 15:28:17] Estimate `dispersion`: START
[2026-07-23 15:28:17] Effective number of cores used: 80
[2026-07-23 15:28:17] Executing 9 genes batches
[2026-07-23 15:28:17] Parallel dispersion Newton-Raphson: used up to 6 iterations
[2026-07-23 15:28:17] Parallel dispersion Newton-Raphson: used up to 6 iterations
[2026-07-23 15:28:17] Parallel dispersion Newton-Raphson: used up to 6 iterations
[2026-07-23 15:28:17] Parallel dispersion Newton-Raphson: used up to 7 iterations
[2026-07-23 15:28:17] Parallel dispersion Newton-Raphson: used up to 6 iterations
[2026-07-23 15:28:18] Parallel dispersion Newton-Raphson: used up to 6 iterations
[2026-07-23 15:28:18] Parallel dispersion Newton-Raphson: used up to 6 iterations
[2026-07-23 15:28:18] Parallel dispersion Newton-Raphson: used up to 7 iterations
[2026-07-23 15:28:18] Parallel dispersion Newton-Raphson: used up to 6 iterations
[2026-07-23 15:28:21] Total calculations elapsed time: 3.92180871963501
[2026-07-23 15:28:21] Estimate `dispersion`: DONE
[2026-07-23 15:28:21] Estimate `dispersion`: DONE
[2026-07-23 15:28:21] `dispersion` | min: -0.14314458049853 | max: 407.953407385894 | % negative: 82.8337546647406
[2026-07-23 15:28:22] Model parameter estimation elapsed time: 4.76702213287354
[2026-07-23 15:28:22] COTAN genes' COEX estimation: START
[2026-07-23 15:28:22] Effective number of cores used: 80
[2026-07-23 15:28:22] Calculate genes COEX (torch) on device cpu: START
[2026-07-23 15:28:22] Retrieving expected genes contingency table
[2026-07-23 15:28:22] Expected genes contingency table elapsed time: 0.0466649532318115
[2026-07-23 15:28:22] Calculating genes COEX normalization factor
[2026-07-23 15:28:23] Calculating genes COEX normalization factor elapsed time: 0.967784881591797
[2026-07-23 15:28:23] Retrieving observed genes yes/yes contingency table
[2026-07-23 15:28:23] Observed genes contingency table elapsed time: 0.0345668792724609
[2026-07-23 15:28:26] Calculate genes COEX elapsed time: 3.34931135177612
[2026-07-23 15:28:26] Total calculations elapsed time: 4.39832806587219
[2026-07-23 15:28:26] Calculate genes COEX (torch) on device cpu: DONE
[2026-07-23 15:28:27] Only genes' COEX elapsed time: 5.1599268913269
[2026-07-23 15:28:27] Dataset analysis elapsed time: 10.656923532486
[2026-07-23 15:28:27] COTAN dataset analysis: DONE
[2026-07-23 15:28:27] Checking uniformity for the cluster '05_0008' with 159 cells
[2026-07-23 15:28:28] Calculate GDI dataframe: START
[2026-07-23 15:28:28] Using S
[2026-07-23 15:28:28] Calculating S: START
[2026-07-23 15:28:29] Calculating S: DONE
[2026-07-23 15:28:29] Calculate `GDI`: START
[2026-07-23 15:28:29] Effective number of cores used: 80
[2026-07-23 15:28:29] Effective number of cores used: 80
[2026-07-23 15:28:29] Executing 9 genes batches
[2026-07-23 15:28:31] Total calculations elapsed time: 2.09530353546143
[2026-07-23 15:28:31] Calculate `GDI`: DONE
[2026-07-23 15:28:33] Total calculations elapsed time: 5.24255132675171
[2026-07-23 15:28:33] Calculate GDI dataframe: DONE
[2026-07-23 15:28:33] Clean plots: START
[2026-07-23 15:28:33] Total calculations elapsed time: 0.023582935333252
[2026-07-23 15:28:33] Clean plots: DONE
[2026-07-23 15:28:33] GDI plot
[2026-07-23 15:28:33] Removed 1 low GDI genes (such as the fully-expressed) in GDI plot
[2026-07-23 15:28:34] Cluster 05_0008, with size 159, is not uniform
[2026-07-23 15:28:34] Cluster 05_0008's shift to uniformity: 0.0341387032401816
[2026-07-23 15:28:34] class = SimpleGDIUniformityCheck, check.isCheckAbove = FALSE, check.GDIThreshold = 1.001, check.maxRatioBeyond = 0.01, check.maxRankBeyond = 0, check.fractionBeyond = 0.0158902130733117, check.thresholdRank = 0, check.quantileAtRatio = 1.03513870324018, check.quantileAtRank = NaN, isUniform = FALSE, clusterSize = 159
[2026-07-23 15:28:34] cluster 05_0008 has too high GDI: will be reclustered!
[2026-07-23 15:28:35] 
[2026-07-23 15:28:35] *[2026-07-23 15:28:35]  checking uniformity of cluster '9' of 29 clusters
[2026-07-23 15:28:35] Asked to drop 0 genes and 3921 cells
[2026-07-23 15:28:35] COTAN dataset analysis: START
[2026-07-23 15:28:35] Asked to drop 4755 genes and 0 cells
[2026-07-23 15:28:35] Genes/cells selection done: dropped [4755] genes and [0] cells
[2026-07-23 15:28:35] Working on [8093] genes and [156] cells
[2026-07-23 15:28:36] Dataset cleaning elapsed time: 0.794550657272339
[2026-07-23 15:28:36] Estimate `dispersion`: START
[2026-07-23 15:28:36] Effective number of cores used: 80
[2026-07-23 15:28:36] Executing 8 genes batches
[2026-07-23 15:28:36] Parallel dispersion Newton-Raphson: used up to 6 iterations
[2026-07-23 15:28:36] Parallel dispersion Newton-Raphson: used up to 6 iterations
[2026-07-23 15:28:37] Parallel dispersion Newton-Raphson: used up to 5 iterations
[2026-07-23 15:28:37] Parallel dispersion Newton-Raphson: used up to 6 iterations
[2026-07-23 15:28:37] Parallel dispersion Newton-Raphson: used up to 6 iterations
[2026-07-23 15:28:37] Parallel dispersion Newton-Raphson: used up to 6 iterations
[2026-07-23 15:28:37] Parallel dispersion Newton-Raphson: used up to 6 iterations
[2026-07-23 15:28:37] Parallel dispersion Newton-Raphson: used up to 6 iterations
[2026-07-23 15:28:40] Total calculations elapsed time: 3.80012917518616
[2026-07-23 15:28:40] Estimate `dispersion`: DONE
[2026-07-23 15:28:40] Estimate `dispersion`: DONE
[2026-07-23 15:28:40] `dispersion` | min: -0.149614045783624 | max: 348.419813614214 | % negative: 83.7266773755097
[2026-07-23 15:28:41] Model parameter estimation elapsed time: 4.58618259429932
[2026-07-23 15:28:41] COTAN genes' COEX estimation: START
[2026-07-23 15:28:41] Effective number of cores used: 80
[2026-07-23 15:28:41] Calculate genes COEX (torch) on device cpu: START
[2026-07-23 15:28:41] Retrieving expected genes contingency table
[2026-07-23 15:28:41] Expected genes contingency table elapsed time: 0.0427477359771729
[2026-07-23 15:28:41] Calculating genes COEX normalization factor
[2026-07-23 15:28:42] Calculating genes COEX normalization factor elapsed time: 0.94200325012207
[2026-07-23 15:28:42] Retrieving observed genes yes/yes contingency table
[2026-07-23 15:28:42] Observed genes contingency table elapsed time: 0.0343434810638428
[2026-07-23 15:28:45] Calculate genes COEX elapsed time: 3.10906147956848
[2026-07-23 15:28:45] Total calculations elapsed time: 4.12815594673157
[2026-07-23 15:28:45] Calculate genes COEX (torch) on device cpu: DONE
[2026-07-23 15:28:46] Only genes' COEX elapsed time: 4.87547564506531
[2026-07-23 15:28:46] Dataset analysis elapsed time: 10.256208896637
[2026-07-23 15:28:46] COTAN dataset analysis: DONE
[2026-07-23 15:28:46] Checking uniformity for the cluster '05_0009' with 156 cells
[2026-07-23 15:28:46] Calculate GDI dataframe: START
[2026-07-23 15:28:46] Using S
[2026-07-23 15:28:46] Calculating S: START
[2026-07-23 15:28:48] Calculating S: DONE
[2026-07-23 15:28:48] Calculate `GDI`: START
[2026-07-23 15:28:48] Effective number of cores used: 80
[2026-07-23 15:28:48] Effective number of cores used: 80
[2026-07-23 15:28:48] Executing 8 genes batches
[2026-07-23 15:28:50] Total calculations elapsed time: 1.84892058372498
[2026-07-23 15:28:50] Calculate `GDI`: DONE
[2026-07-23 15:28:51] Total calculations elapsed time: 4.92010807991028
[2026-07-23 15:28:51] Calculate GDI dataframe: DONE
[2026-07-23 15:28:51] Clean plots: START
[2026-07-23 15:28:51] Total calculations elapsed time: 0.023409366607666
[2026-07-23 15:28:51] Clean plots: DONE
[2026-07-23 15:28:51] GDI plot
[2026-07-23 15:28:51] Removed 1 low GDI genes (such as the fully-expressed) in GDI plot
[2026-07-23 15:28:53] Cluster 05_0009, with size 156, is not uniform
[2026-07-23 15:28:53] Cluster 05_0009's shift to uniformity: 0.00323241081831882
[2026-07-23 15:28:53] class = SimpleGDIUniformityCheck, check.isCheckAbove = FALSE, check.GDIThreshold = 1.001, check.maxRatioBeyond = 0.01, check.maxRankBeyond = 0, check.fractionBeyond = 0.0102557765970592, check.thresholdRank = 0, check.quantileAtRatio = 1.00423241081832, check.quantileAtRank = NaN, isUniform = FALSE, clusterSize = 156
[2026-07-23 15:28:53] cluster 05_0009 has too high GDI: will be reclustered!
[2026-07-23 15:28:53] 
[2026-07-23 15:28:54] *[2026-07-23 15:28:54]  checking uniformity of cluster '10' of 29 clusters
[2026-07-23 15:28:54] Asked to drop 0 genes and 3938 cells
[2026-07-23 15:28:54] COTAN dataset analysis: START
[2026-07-23 15:28:54] Asked to drop 4783 genes and 0 cells
[2026-07-23 15:28:54] Genes/cells selection done: dropped [4783] genes and [0] cells
[2026-07-23 15:28:54] Working on [8065] genes and [139] cells
[2026-07-23 15:28:55] Dataset cleaning elapsed time: 0.811637878417969
[2026-07-23 15:28:55] Estimate `dispersion`: START
[2026-07-23 15:28:55] Effective number of cores used: 80
[2026-07-23 15:28:55] Executing 8 genes batches
[2026-07-23 15:28:55] Parallel dispersion Newton-Raphson: used up to 6 iterations
[2026-07-23 15:28:55] Parallel dispersion Newton-Raphson: used up to 6 iterations
[2026-07-23 15:28:55] Parallel dispersion Newton-Raphson: used up to 7 iterations
[2026-07-23 15:28:55] Parallel dispersion Newton-Raphson: used up to 6 iterations
[2026-07-23 15:28:55] Parallel dispersion Newton-Raphson: used up to 6 iterations
[2026-07-23 15:28:55] Parallel dispersion Newton-Raphson: used up to 6 iterations
[2026-07-23 15:28:55] Parallel dispersion Newton-Raphson: used up to 6 iterations
[2026-07-23 15:28:55] Parallel dispersion Newton-Raphson: used up to 6 iterations
[2026-07-23 15:28:58] Total calculations elapsed time: 3.87792539596558
[2026-07-23 15:28:58] Estimate `dispersion`: DONE
[2026-07-23 15:28:58] Estimate `dispersion`: DONE
[2026-07-23 15:28:58] `dispersion` | min: -0.315776148453572 | max: 305.812685767862 | % negative: 81.5995040297582
[2026-07-23 15:28:59] Model parameter estimation elapsed time: 4.66643881797791
[2026-07-23 15:28:59] COTAN genes' COEX estimation: START
[2026-07-23 15:28:59] Effective number of cores used: 80
[2026-07-23 15:28:59] Calculate genes COEX (torch) on device cpu: START
[2026-07-23 15:28:59] Retrieving expected genes contingency table
[2026-07-23 15:28:59] Expected genes contingency table elapsed time: 0.0427584648132324
[2026-07-23 15:28:59] Calculating genes COEX normalization factor
[2026-07-23 15:29:00] Calculating genes COEX normalization factor elapsed time: 0.946587085723877
[2026-07-23 15:29:00] Retrieving observed genes yes/yes contingency table
[2026-07-23 15:29:00] Observed genes contingency table elapsed time: 0.039473295211792
[2026-07-23 15:29:03] Calculate genes COEX elapsed time: 3.11152362823486
[2026-07-23 15:29:03] Total calculations elapsed time: 4.14034247398376
[2026-07-23 15:29:03] Calculate genes COEX (torch) on device cpu: DONE
[2026-07-23 15:29:04] Only genes' COEX elapsed time: 4.88488388061523
[2026-07-23 15:29:04] Dataset analysis elapsed time: 10.3629605770111
[2026-07-23 15:29:04] COTAN dataset analysis: DONE
[2026-07-23 15:29:05] Checking uniformity for the cluster '05_0010' with 139 cells
[2026-07-23 15:29:05] Calculate GDI dataframe: START
[2026-07-23 15:29:05] Using S
[2026-07-23 15:29:05] Calculating S: START
[2026-07-23 15:29:07] Calculating S: DONE
[2026-07-23 15:29:07] Calculate `GDI`: START
[2026-07-23 15:29:07] Effective number of cores used: 80
[2026-07-23 15:29:07] Effective number of cores used: 80
[2026-07-23 15:29:07] Executing 8 genes batches
[2026-07-23 15:29:08] Total calculations elapsed time: 1.83435201644897
[2026-07-23 15:29:08] Calculate `GDI`: DONE
[2026-07-23 15:29:10] Total calculations elapsed time: 4.78290724754333
[2026-07-23 15:29:10] Calculate GDI dataframe: DONE
[2026-07-23 15:29:10] Clean plots: START
[2026-07-23 15:29:10] Total calculations elapsed time: 0.0234825611114502
[2026-07-23 15:29:10] Clean plots: DONE
[2026-07-23 15:29:10] GDI plot
[2026-07-23 15:29:10] Removed 1 low GDI genes (such as the fully-expressed) in GDI plot
[2026-07-23 15:29:11] Cluster 05_0010, with size 139, is not uniform
[2026-07-23 15:29:11] Cluster 05_0010's shift to uniformity: 0.0531016934902773
[2026-07-23 15:29:11] class = SimpleGDIUniformityCheck, check.isCheckAbove = FALSE, check.GDIThreshold = 1.001, check.maxRatioBeyond = 0.01, check.maxRankBeyond = 0, check.fractionBeyond = 0.0218226906385617, check.thresholdRank = 0, check.quantileAtRatio = 1.05410169349028, check.quantileAtRank = NaN, isUniform = FALSE, clusterSize = 139
[2026-07-23 15:29:11] cluster 05_0010 has too high GDI: will be reclustered!
[2026-07-23 15:29:11] 
[2026-07-23 15:29:12] *[2026-07-23 15:29:12]  checking uniformity of cluster '11' of 29 clusters
[2026-07-23 15:29:12] Asked to drop 0 genes and 3938 cells
[2026-07-23 15:29:12] COTAN dataset analysis: START
[2026-07-23 15:29:12] Asked to drop 3980 genes and 0 cells
[2026-07-23 15:29:12] Genes/cells selection done: dropped [3980] genes and [0] cells
[2026-07-23 15:29:12] Working on [8868] genes and [139] cells
[2026-07-23 15:29:13] Dataset cleaning elapsed time: 0.776276588439941
[2026-07-23 15:29:13] Estimate `dispersion`: START
[2026-07-23 15:29:13] Effective number of cores used: 80
[2026-07-23 15:29:13] Executing 9 genes batches
[2026-07-23 15:29:13] Parallel dispersion Newton-Raphson: used up to 6 iterations
[2026-07-23 15:29:13] Parallel dispersion Newton-Raphson: used up to 5 iterations
[2026-07-23 15:29:13] Parallel dispersion Newton-Raphson: used up to 7 iterations
[2026-07-23 15:29:13] Parallel dispersion Newton-Raphson: used up to 7 iterations
[2026-07-23 15:29:14] Parallel dispersion Newton-Raphson: used up to 6 iterations
[2026-07-23 15:29:14] Parallel dispersion Newton-Raphson: used up to 7 iterations
[2026-07-23 15:29:14] Parallel dispersion Newton-Raphson: used up to 6 iterations
[2026-07-23 15:29:14] Parallel dispersion Newton-Raphson: used up to 6 iterations
[2026-07-23 15:29:14] Parallel dispersion Newton-Raphson: used up to 7 iterations
[2026-07-23 15:29:17] Total calculations elapsed time: 3.95211720466614
[2026-07-23 15:29:17] Estimate `dispersion`: DONE
[2026-07-23 15:29:17] Estimate `dispersion`: DONE
[2026-07-23 15:29:17] `dispersion` | min: -0.224620767446419 | max: 355.244992349794 | % negative: 80.1533603969328
[2026-07-23 15:29:18] Model parameter estimation elapsed time: 4.73662376403809
[2026-07-23 15:29:18] COTAN genes' COEX estimation: START
[2026-07-23 15:29:18] Effective number of cores used: 80
[2026-07-23 15:29:18] Calculate genes COEX (torch) on device cpu: START
[2026-07-23 15:29:18] Retrieving expected genes contingency table
[2026-07-23 15:29:18] Expected genes contingency table elapsed time: 0.0521140098571777
[2026-07-23 15:29:18] Calculating genes COEX normalization factor
[2026-07-23 15:29:19] Calculating genes COEX normalization factor elapsed time: 0.988267660140991
[2026-07-23 15:29:19] Retrieving observed genes yes/yes contingency table
[2026-07-23 15:29:19] Observed genes contingency table elapsed time: 0.0398705005645752
[2026-07-23 15:29:22] Calculate genes COEX elapsed time: 3.7210476398468
[2026-07-23 15:29:22] Total calculations elapsed time: 4.80129981040955
[2026-07-23 15:29:22] Calculate genes COEX (torch) on device cpu: DONE
[2026-07-23 15:29:23] Only genes' COEX elapsed time: 5.60090255737305
[2026-07-23 15:29:23] Dataset analysis elapsed time: 11.1138029098511
[2026-07-23 15:29:23] COTAN dataset analysis: DONE
[2026-07-23 15:29:24] Checking uniformity for the cluster '05_0011' with 139 cells
[2026-07-23 15:29:24] Calculate GDI dataframe: START
[2026-07-23 15:29:24] Using S
[2026-07-23 15:29:24] Calculating S: START
[2026-07-23 15:29:26] Calculating S: DONE
[2026-07-23 15:29:26] Calculate `GDI`: START
[2026-07-23 15:29:26] Effective number of cores used: 80
[2026-07-23 15:29:26] Effective number of cores used: 80
[2026-07-23 15:29:26] Executing 9 genes batches
[2026-07-23 15:29:28] Total calculations elapsed time: 2.21360635757446
[2026-07-23 15:29:28] Calculate `GDI`: DONE
[2026-07-23 15:29:30] Total calculations elapsed time: 5.92493033409119
[2026-07-23 15:29:30] Calculate GDI dataframe: DONE
[2026-07-23 15:29:30] Clean plots: START
[2026-07-23 15:29:30] Total calculations elapsed time: 0.0247106552124023
[2026-07-23 15:29:30] Clean plots: DONE
[2026-07-23 15:29:30] GDI plot
[2026-07-23 15:29:30] Removed 1 low GDI genes (such as the fully-expressed) in GDI plot
[2026-07-23 15:29:32] Cluster 05_0011, with size 139, is not uniform
[2026-07-23 15:29:32] Cluster 05_0011's shift to uniformity: 0.0733385739124481
[2026-07-23 15:29:32] class = SimpleGDIUniformityCheck, check.isCheckAbove = FALSE, check.GDIThreshold = 1.001, check.maxRatioBeyond = 0.01, check.maxRankBeyond = 0, check.fractionBeyond = 0.0306720793865584, check.thresholdRank = 0, check.quantileAtRatio = 1.07433857391245, check.quantileAtRank = NaN, isUniform = FALSE, clusterSize = 139
[2026-07-23 15:29:32] cluster 05_0011 has too high GDI: will be reclustered!
[2026-07-23 15:29:32] 
[2026-07-23 15:29:33] *[2026-07-23 15:29:33]  checking uniformity of cluster '12' of 29 clusters
[2026-07-23 15:29:33] Asked to drop 0 genes and 3949 cells
[2026-07-23 15:29:33] COTAN dataset analysis: START
[2026-07-23 15:29:33] Asked to drop 7225 genes and 0 cells
[2026-07-23 15:29:33] Genes/cells selection done: dropped [7225] genes and [0] cells
[2026-07-23 15:29:33] Working on [5623] genes and [128] cells
[2026-07-23 15:29:33] Dataset cleaning elapsed time: 0.796478986740112
[2026-07-23 15:29:33] Estimate `dispersion`: START
[2026-07-23 15:29:33] Effective number of cores used: 80
[2026-07-23 15:29:33] Executing 6 genes batches
[2026-07-23 15:29:34] Parallel dispersion Newton-Raphson: used up to 7 iterations
[2026-07-23 15:29:34] Parallel dispersion Newton-Raphson: used up to 6 iterations
[2026-07-23 15:29:34] Parallel dispersion Newton-Raphson: used up to 6 iterations
[2026-07-23 15:29:34] Parallel dispersion Newton-Raphson: used up to 6 iterations
[2026-07-23 15:29:34] Parallel dispersion Newton-Raphson: used up to 6 iterations
[2026-07-23 15:29:34] Parallel dispersion Newton-Raphson: used up to 7 iterations
[2026-07-23 15:29:37] Total calculations elapsed time: 3.60751414299011
[2026-07-23 15:29:37] Estimate `dispersion`: DONE
[2026-07-23 15:29:37] Estimate `dispersion`: DONE
[2026-07-23 15:29:37] `dispersion` | min: -0.916315903275646 | max: 363.265660564376 | % negative: 86.5196514316201
[2026-07-23 15:29:38] Model parameter estimation elapsed time: 4.39209055900574
[2026-07-23 15:29:38] COTAN genes' COEX estimation: START
[2026-07-23 15:29:38] Effective number of cores used: 80
[2026-07-23 15:29:38] Calculate genes COEX (torch) on device cpu: START
[2026-07-23 15:29:38] Retrieving expected genes contingency table
[2026-07-23 15:29:38] Expected genes contingency table elapsed time: 0.0292556285858154
[2026-07-23 15:29:38] Calculating genes COEX normalization factor
[2026-07-23 15:29:39] Calculating genes COEX normalization factor elapsed time: 0.844303846359253
[2026-07-23 15:29:39] Retrieving observed genes yes/yes contingency table
[2026-07-23 15:29:39] Observed genes contingency table elapsed time: 0.0263051986694336
[2026-07-23 15:29:41] Calculate genes COEX elapsed time: 1.83155226707458
[2026-07-23 15:29:41] Total calculations elapsed time: 2.73141694068909
[2026-07-23 15:29:41] Calculate genes COEX (torch) on device cpu: DONE
[2026-07-23 15:29:41] Only genes' COEX elapsed time: 3.47248196601868
[2026-07-23 15:29:41] Dataset analysis elapsed time: 8.66105151176453
[2026-07-23 15:29:41] COTAN dataset analysis: DONE
[2026-07-23 15:29:42] Checking uniformity for the cluster '05_0012' with 128 cells
[2026-07-23 15:29:42] Calculate GDI dataframe: START
[2026-07-23 15:29:42] Using S
[2026-07-23 15:29:42] Calculating S: START
[2026-07-23 15:29:43] Calculating S: DONE
[2026-07-23 15:29:43] Calculate `GDI`: START
[2026-07-23 15:29:43] Effective number of cores used: 80
[2026-07-23 15:29:43] Effective number of cores used: 80
[2026-07-23 15:29:43] Executing 6 genes batches
[2026-07-23 15:29:44] Total calculations elapsed time: 1.16922879219055
[2026-07-23 15:29:44] Calculate `GDI`: DONE
[2026-07-23 15:29:45] Total calculations elapsed time: 3.06566500663757
[2026-07-23 15:29:45] Calculate GDI dataframe: DONE
[2026-07-23 15:29:45] Clean plots: START
[2026-07-23 15:29:45] Total calculations elapsed time: 0.0233707427978516
[2026-07-23 15:29:45] Clean plots: DONE
[2026-07-23 15:29:45] GDI plot
[2026-07-23 15:29:45] Removed 1 low GDI genes (such as the fully-expressed) in GDI plot
[2026-07-23 15:29:47] Cluster 05_0012, with size 128, is not uniform
[2026-07-23 15:29:47] Cluster 05_0012's shift to uniformity: 0.00388692840530558
[2026-07-23 15:29:47] class = SimpleGDIUniformityCheck, check.isCheckAbove = FALSE, check.GDIThreshold = 1.001, check.maxRatioBeyond = 0.01, check.maxRankBeyond = 0, check.fractionBeyond = 0.0117375066690379, check.thresholdRank = 0, check.quantileAtRatio = 1.00488692840531, check.quantileAtRank = NaN, isUniform = FALSE, clusterSize = 128
[2026-07-23 15:29:47] cluster 05_0012 has too high GDI: will be reclustered!
[2026-07-23 15:29:47] 
[2026-07-23 15:29:47] *[2026-07-23 15:29:47]  checking uniformity of cluster '13' of 29 clusters
[2026-07-23 15:29:47] Asked to drop 0 genes and 3949 cells
[2026-07-23 15:29:47] COTAN dataset analysis: START
[2026-07-23 15:29:47] Asked to drop 3714 genes and 0 cells
[2026-07-23 15:29:47] Genes/cells selection done: dropped [3714] genes and [0] cells
[2026-07-23 15:29:47] Working on [9134] genes and [128] cells
[2026-07-23 15:29:48] Dataset cleaning elapsed time: 0.770593881607056
[2026-07-23 15:29:48] Estimate `dispersion`: START
[2026-07-23 15:29:48] Effective number of cores used: 80
[2026-07-23 15:29:48] Executing 9 genes batches
[2026-07-23 15:29:48] Parallel dispersion Newton-Raphson: used up to 6 iterations
[2026-07-23 15:29:49] Parallel dispersion Newton-Raphson: used up to 6 iterations
[2026-07-23 15:29:49] Parallel dispersion Newton-Raphson: used up to 5 iterations
[2026-07-23 15:29:49] Parallel dispersion Newton-Raphson: used up to 6 iterations
[2026-07-23 15:29:49] Parallel dispersion Newton-Raphson: used up to 6 iterations
[2026-07-23 15:29:49] Parallel dispersion Newton-Raphson: used up to 6 iterations
[2026-07-23 15:29:49] Parallel dispersion Newton-Raphson: used up to 6 iterations
[2026-07-23 15:29:49] Parallel dispersion Newton-Raphson: used up to 6 iterations
[2026-07-23 15:29:49] Parallel dispersion Newton-Raphson: used up to 6 iterations
[2026-07-23 15:29:52] Total calculations elapsed time: 3.59372925758362
[2026-07-23 15:29:52] Estimate `dispersion`: DONE
[2026-07-23 15:29:52] Estimate `dispersion`: DONE
[2026-07-23 15:29:52] `dispersion` | min: -0.238321647329119 | max: 274.970004742263 | % negative: 77.4797460039413
[2026-07-23 15:29:53] Model parameter estimation elapsed time: 4.57281970977783
[2026-07-23 15:29:53] COTAN genes' COEX estimation: START
[2026-07-23 15:29:53] Effective number of cores used: 80
[2026-07-23 15:29:53] Calculate genes COEX (torch) on device cpu: START
[2026-07-23 15:29:53] Retrieving expected genes contingency table
[2026-07-23 15:29:53] Expected genes contingency table elapsed time: 0.0492410659790039
[2026-07-23 15:29:53] Calculating genes COEX normalization factor
[2026-07-23 15:29:54] Calculating genes COEX normalization factor elapsed time: 1.0158154964447
[2026-07-23 15:29:54] Retrieving observed genes yes/yes contingency table
[2026-07-23 15:29:54] Observed genes contingency table elapsed time: 0.0347058773040771
[2026-07-23 15:29:58] Calculate genes COEX elapsed time: 3.94971680641174
[2026-07-23 15:29:58] Total calculations elapsed time: 5.04947924613953
[2026-07-23 15:29:58] Calculate genes COEX (torch) on device cpu: DONE
[2026-07-23 15:29:59] Only genes' COEX elapsed time: 5.80937123298645
[2026-07-23 15:29:59] Dataset analysis elapsed time: 11.1527848243713
[2026-07-23 15:29:59] COTAN dataset analysis: DONE
[2026-07-23 15:29:59] Checking uniformity for the cluster '05_0013' with 128 cells
[2026-07-23 15:29:59] Calculate GDI dataframe: START
[2026-07-23 15:29:59] Using S
[2026-07-23 15:29:59] Calculating S: START
[2026-07-23 15:30:02] Calculating S: DONE
[2026-07-23 15:30:02] Calculate `GDI`: START
[2026-07-23 15:30:02] Effective number of cores used: 80
[2026-07-23 15:30:02] Effective number of cores used: 80
[2026-07-23 15:30:02] Executing 9 genes batches
[2026-07-23 15:30:04] Total calculations elapsed time: 2.26400661468506
[2026-07-23 15:30:04] Calculate `GDI`: DONE
[2026-07-23 15:30:05] Total calculations elapsed time: 5.97527503967285
[2026-07-23 15:30:05] Calculate GDI dataframe: DONE
[2026-07-23 15:30:05] Clean plots: START
[2026-07-23 15:30:05] Total calculations elapsed time: 0.0248243808746338
[2026-07-23 15:30:05] Clean plots: DONE
[2026-07-23 15:30:05] GDI plot
[2026-07-23 15:30:05] Removed 1 low GDI genes (such as the fully-expressed) in GDI plot
[2026-07-23 15:30:07] Cluster 05_0013, with size 128, is not uniform
[2026-07-23 15:30:07] Cluster 05_0013's shift to uniformity: 0.199598462390196
[2026-07-23 15:30:07] class = SimpleGDIUniformityCheck, check.isCheckAbove = FALSE, check.GDIThreshold = 1.001, check.maxRatioBeyond = 0.01, check.maxRankBeyond = 0, check.fractionBeyond = 0.0754324501861178, check.thresholdRank = 0, check.quantileAtRatio = 1.2005984623902, check.quantileAtRank = NaN, isUniform = FALSE, clusterSize = 128
[2026-07-23 15:30:07] cluster 05_0013 has too high GDI: will be reclustered!
[2026-07-23 15:30:07] 
[2026-07-23 15:30:08] *[2026-07-23 15:30:08]  checking uniformity of cluster '14' of 29 clusters
[2026-07-23 15:30:08] Asked to drop 0 genes and 3956 cells
[2026-07-23 15:30:08] COTAN dataset analysis: START
[2026-07-23 15:30:08] Asked to drop 4944 genes and 0 cells
[2026-07-23 15:30:08] Genes/cells selection done: dropped [4944] genes and [0] cells
[2026-07-23 15:30:08] Working on [7904] genes and [121] cells
[2026-07-23 15:30:09] Dataset cleaning elapsed time: 0.795751810073853
[2026-07-23 15:30:09] Estimate `dispersion`: START
[2026-07-23 15:30:09] Effective number of cores used: 80
[2026-07-23 15:30:09] Executing 8 genes batches
[2026-07-23 15:30:09] Parallel dispersion Newton-Raphson: used up to 6 iterations
[2026-07-23 15:30:09] Parallel dispersion Newton-Raphson: used up to 6 iterations
[2026-07-23 15:30:09] Parallel dispersion Newton-Raphson: used up to 6 iterations
[2026-07-23 15:30:09] Parallel dispersion Newton-Raphson: used up to 6 iterations
[2026-07-23 15:30:09] Parallel dispersion Newton-Raphson: used up to 7 iterations
[2026-07-23 15:30:09] Parallel dispersion Newton-Raphson: used up to 6 iterations
[2026-07-23 15:30:10] Parallel dispersion Newton-Raphson: used up to 7 iterations
[2026-07-23 15:30:10] Parallel dispersion Newton-Raphson: used up to 6 iterations
[2026-07-23 15:30:13] Total calculations elapsed time: 3.84246158599854
[2026-07-23 15:30:13] Estimate `dispersion`: DONE
[2026-07-23 15:30:13] Estimate `dispersion`: DONE
[2026-07-23 15:30:13] `dispersion` | min: -1.68911720780905 | max: 244.527961975757 | % negative: 78.8841093117409
[2026-07-23 15:30:13] Model parameter estimation elapsed time: 4.62843537330627
[2026-07-23 15:30:13] COTAN genes' COEX estimation: START
[2026-07-23 15:30:13] Effective number of cores used: 80
[2026-07-23 15:30:13] Calculate genes COEX (torch) on device cpu: START
[2026-07-23 15:30:13] Retrieving expected genes contingency table
[2026-07-23 15:30:13] Expected genes contingency table elapsed time: 0.0523562431335449
[2026-07-23 15:30:13] Calculating genes COEX normalization factor
[2026-07-23 15:30:14] Calculating genes COEX normalization factor elapsed time: 0.929795265197754
[2026-07-23 15:30:14] Retrieving observed genes yes/yes contingency table
[2026-07-23 15:30:14] Observed genes contingency table elapsed time: 0.0326135158538818
[2026-07-23 15:30:17] Calculate genes COEX elapsed time: 2.93637251853943
[2026-07-23 15:30:17] Total calculations elapsed time: 3.95113754272461
[2026-07-23 15:30:17] Calculate genes COEX (torch) on device cpu: DONE
[2026-07-23 15:30:18] Only genes' COEX elapsed time: 4.69852590560913
[2026-07-23 15:30:18] Dataset analysis elapsed time: 10.1227130889893
[2026-07-23 15:30:18] COTAN dataset analysis: DONE
[2026-07-23 15:30:19] Checking uniformity for the cluster '05_0014' with 121 cells
[2026-07-23 15:30:19] Calculate GDI dataframe: START
[2026-07-23 15:30:19] Using S
[2026-07-23 15:30:19] Calculating S: START
[2026-07-23 15:30:20] Calculating S: DONE
[2026-07-23 15:30:20] Calculate `GDI`: START
[2026-07-23 15:30:20] Effective number of cores used: 80
[2026-07-23 15:30:20] Effective number of cores used: 80
[2026-07-23 15:30:20] Executing 8 genes batches
[2026-07-23 15:30:22] Total calculations elapsed time: 1.89554166793823
[2026-07-23 15:30:22] Calculate `GDI`: DONE
[2026-07-23 15:30:24] Total calculations elapsed time: 4.84746861457825
[2026-07-23 15:30:24] Calculate GDI dataframe: DONE
[2026-07-23 15:30:24] Clean plots: START
[2026-07-23 15:30:24] Total calculations elapsed time: 0.0231831073760986
[2026-07-23 15:30:24] Clean plots: DONE
[2026-07-23 15:30:24] GDI plot
[2026-07-23 15:30:24] Removed 1 low GDI genes (such as the fully-expressed) in GDI plot
[2026-07-23 15:30:25] Cluster 05_0014, with size 121, is not uniform
[2026-07-23 15:30:25] Cluster 05_0014's shift to uniformity: 0.570477439020443
[2026-07-23 15:30:25] class = SimpleGDIUniformityCheck, check.isCheckAbove = FALSE, check.GDIThreshold = 1.001, check.maxRatioBeyond = 0.01, check.maxRankBeyond = 0, check.fractionBeyond = 0.115890688259109, check.thresholdRank = 0, check.quantileAtRatio = 1.57147743902044, check.quantileAtRank = NaN, isUniform = FALSE, clusterSize = 121
[2026-07-23 15:30:25] cluster 05_0014 has too high GDI: will be reclustered!
[2026-07-23 15:30:25] 
[2026-07-23 15:30:26] *[2026-07-23 15:30:26]  checking uniformity of cluster '15' of 29 clusters
[2026-07-23 15:30:26] Asked to drop 0 genes and 3963 cells
[2026-07-23 15:30:26] COTAN dataset analysis: START
[2026-07-23 15:30:26] Asked to drop 7038 genes and 0 cells
[2026-07-23 15:30:26] Genes/cells selection done: dropped [7038] genes and [0] cells
[2026-07-23 15:30:26] Working on [5810] genes and [114] cells
[2026-07-23 15:30:27] Dataset cleaning elapsed time: 0.827906847000122
[2026-07-23 15:30:27] Estimate `dispersion`: START
[2026-07-23 15:30:27] Effective number of cores used: 80
[2026-07-23 15:30:27] Executing 6 genes batches
[2026-07-23 15:30:27] Parallel dispersion Newton-Raphson: used up to 6 iterations
[2026-07-23 15:30:27] Parallel dispersion Newton-Raphson: used up to 6 iterations
[2026-07-23 15:30:27] Parallel dispersion Newton-Raphson: used up to 7 iterations
[2026-07-23 15:30:27] Parallel dispersion Newton-Raphson: used up to 7 iterations
[2026-07-23 15:30:27] Parallel dispersion Newton-Raphson: used up to 6 iterations
[2026-07-23 15:30:28] Parallel dispersion Newton-Raphson: used up to 7 iterations
[2026-07-23 15:30:30] Total calculations elapsed time: 3.23863935470581
[2026-07-23 15:30:30] Estimate `dispersion`: DONE
[2026-07-23 15:30:30] Estimate `dispersion`: DONE
[2026-07-23 15:30:30] `dispersion` | min: -0.72247535708777 | max: 286.231015073253 | % negative: 85.8519793459552
[2026-07-23 15:30:31] Model parameter estimation elapsed time: 4.19492173194885
[2026-07-23 15:30:31] COTAN genes' COEX estimation: START
[2026-07-23 15:30:31] Effective number of cores used: 80
[2026-07-23 15:30:31] Calculate genes COEX (torch) on device cpu: START
[2026-07-23 15:30:31] Retrieving expected genes contingency table
[2026-07-23 15:30:31] Expected genes contingency table elapsed time: 0.0331151485443115
[2026-07-23 15:30:31] Calculating genes COEX normalization factor
[2026-07-23 15:30:32] Calculating genes COEX normalization factor elapsed time: 0.842903614044189
[2026-07-23 15:30:32] Retrieving observed genes yes/yes contingency table
[2026-07-23 15:30:32] Observed genes contingency table elapsed time: 0.0262165069580078
[2026-07-23 15:30:34] Calculate genes COEX elapsed time: 1.88289666175842
[2026-07-23 15:30:34] Total calculations elapsed time: 2.78513193130493
[2026-07-23 15:30:34] Calculate genes COEX (torch) on device cpu: DONE
[2026-07-23 15:30:35] Only genes' COEX elapsed time: 3.52503299713135
[2026-07-23 15:30:35] Dataset analysis elapsed time: 8.54786157608032
[2026-07-23 15:30:35] COTAN dataset analysis: DONE
[2026-07-23 15:30:35] Checking uniformity for the cluster '05_0015' with 114 cells
[2026-07-23 15:30:35] Calculate GDI dataframe: START
[2026-07-23 15:30:35] Using S
[2026-07-23 15:30:35] Calculating S: START
[2026-07-23 15:30:36] Calculating S: DONE
[2026-07-23 15:30:36] Calculate `GDI`: START
[2026-07-23 15:30:36] Effective number of cores used: 80
[2026-07-23 15:30:36] Effective number of cores used: 80
[2026-07-23 15:30:36] Executing 6 genes batches
[2026-07-23 15:30:37] Total calculations elapsed time: 1.23246026039124
[2026-07-23 15:30:37] Calculate `GDI`: DONE
[2026-07-23 15:30:39] Total calculations elapsed time: 3.3074643611908
[2026-07-23 15:30:39] Calculate GDI dataframe: DONE
[2026-07-23 15:30:39] Clean plots: START
[2026-07-23 15:30:39] Total calculations elapsed time: 0.0237598419189453
[2026-07-23 15:30:39] Clean plots: DONE
[2026-07-23 15:30:39] GDI plot
[2026-07-23 15:30:39] Removed 1 low GDI genes (such as the fully-expressed) in GDI plot
[2026-07-23 15:30:40] Cluster 05_0015, with size 114, is not uniform
[2026-07-23 15:30:40] Cluster 05_0015's shift to uniformity: 0.078506607289837
[2026-07-23 15:30:40] class = SimpleGDIUniformityCheck, check.isCheckAbove = FALSE, check.GDIThreshold = 1.001, check.maxRatioBeyond = 0.01, check.maxRankBeyond = 0, check.fractionBeyond = 0.0203098106712565, check.thresholdRank = 0, check.quantileAtRatio = 1.07950660728984, check.quantileAtRank = NaN, isUniform = FALSE, clusterSize = 114
[2026-07-23 15:30:40] cluster 05_0015 has too high GDI: will be reclustered!
[2026-07-23 15:30:40] 
[2026-07-23 15:30:41] *[2026-07-23 15:30:41]  checking uniformity of cluster '16' of 29 clusters
[2026-07-23 15:30:41] Asked to drop 0 genes and 3982 cells
[2026-07-23 15:30:41] COTAN dataset analysis: START
[2026-07-23 15:30:41] Asked to drop 5925 genes and 0 cells
[2026-07-23 15:30:41] Genes/cells selection done: dropped [5925] genes and [0] cells
[2026-07-23 15:30:41] Working on [6923] genes and [95] cells
[2026-07-23 15:30:42] Dataset cleaning elapsed time: 0.79892110824585
[2026-07-23 15:30:42] Estimate `dispersion`: START
[2026-07-23 15:30:42] Effective number of cores used: 80
[2026-07-23 15:30:42] Executing 7 genes batches
[2026-07-23 15:30:42] Parallel dispersion Newton-Raphson: used up to 6 iterations
[2026-07-23 15:30:42] Parallel dispersion Newton-Raphson: used up to 6 iterations
[2026-07-23 15:30:42] Parallel dispersion Newton-Raphson: used up to 7 iterations
[2026-07-23 15:30:42] Parallel dispersion Newton-Raphson: used up to 8 iterations
[2026-07-23 15:30:42] Parallel dispersion Newton-Raphson: used up to 7 iterations
[2026-07-23 15:30:43] Parallel dispersion Newton-Raphson: used up to 6 iterations
[2026-07-23 15:30:43] Parallel dispersion Newton-Raphson: used up to 7 iterations
[2026-07-23 15:30:46] Total calculations elapsed time: 3.66069912910461
[2026-07-23 15:30:46] Estimate `dispersion`: DONE
[2026-07-23 15:30:46] Estimate `dispersion`: DONE
[2026-07-23 15:30:46] `dispersion` | min: -0.375782592617594 | max: 206.000610324463 | % negative: 71.5007944532717
[2026-07-23 15:30:47] Model parameter estimation elapsed time: 4.68998241424561
[2026-07-23 15:30:47] COTAN genes' COEX estimation: START
[2026-07-23 15:30:47] Effective number of cores used: 80
[2026-07-23 15:30:47] Calculate genes COEX (torch) on device cpu: START
[2026-07-23 15:30:47] Retrieving expected genes contingency table
[2026-07-23 15:30:47] Expected genes contingency table elapsed time: 0.0361373424530029
[2026-07-23 15:30:47] Calculating genes COEX normalization factor
[2026-07-23 15:30:47] Calculating genes COEX normalization factor elapsed time: 0.899681329727173
[2026-07-23 15:30:47] Retrieving observed genes yes/yes contingency table
[2026-07-23 15:30:48] Observed genes contingency table elapsed time: 0.0418813228607178
[2026-07-23 15:30:50] Calculate genes COEX elapsed time: 2.41870784759521
[2026-07-23 15:30:50] Total calculations elapsed time: 3.39640784263611
[2026-07-23 15:30:50] Calculate genes COEX (torch) on device cpu: DONE
[2026-07-23 15:30:51] Only genes' COEX elapsed time: 4.13453769683838
[2026-07-23 15:30:51] Dataset analysis elapsed time: 9.62344121932983
[2026-07-23 15:30:51] COTAN dataset analysis: DONE
[2026-07-23 15:30:51] Checking uniformity for the cluster '05_0016' with 95 cells
[2026-07-23 15:30:51] Calculate GDI dataframe: START
[2026-07-23 15:30:51] Using S
[2026-07-23 15:30:51] Calculating S: START
[2026-07-23 15:30:53] Calculating S: DONE
[2026-07-23 15:30:53] Calculate `GDI`: START
[2026-07-23 15:30:53] Effective number of cores used: 80
[2026-07-23 15:30:53] Effective number of cores used: 80
[2026-07-23 15:30:53] Executing 7 genes batches
[2026-07-23 15:30:54] Total calculations elapsed time: 1.57088923454285
[2026-07-23 15:30:54] Calculate `GDI`: DONE
[2026-07-23 15:30:55] Total calculations elapsed time: 3.92556405067444
[2026-07-23 15:30:55] Calculate GDI dataframe: DONE
[2026-07-23 15:30:55] Clean plots: START
[2026-07-23 15:30:55] Total calculations elapsed time: 0.0241420269012451
[2026-07-23 15:30:55] Clean plots: DONE
[2026-07-23 15:30:55] GDI plot
[2026-07-23 15:30:55] Removed 1 low GDI genes (such as the fully-expressed) in GDI plot
[2026-07-23 15:30:57] Cluster 05_0016, with size 95, is not uniform
[2026-07-23 15:30:57] Cluster 05_0016's shift to uniformity: 0.674491731883661
[2026-07-23 15:30:57] class = SimpleGDIUniformityCheck, check.isCheckAbove = FALSE, check.GDIThreshold = 1.001, check.maxRatioBeyond = 0.01, check.maxRankBeyond = 0, check.fractionBeyond = 0.307236747074968, check.thresholdRank = 0, check.quantileAtRatio = 1.67549173188366, check.quantileAtRank = NaN, isUniform = FALSE, clusterSize = 95
[2026-07-23 15:30:57] cluster 05_0016 has too high GDI: will be reclustered!
[2026-07-23 15:30:57] 
[2026-07-23 15:30:58] *[2026-07-23 15:30:58]  checking uniformity of cluster '17' of 29 clusters
[2026-07-23 15:30:58] Asked to drop 0 genes and 3983 cells
[2026-07-23 15:30:58] COTAN dataset analysis: START
[2026-07-23 15:30:58] Asked to drop 3883 genes and 0 cells
[2026-07-23 15:30:58] Genes/cells selection done: dropped [3883] genes and [0] cells
[2026-07-23 15:30:58] Working on [8965] genes and [94] cells
[2026-07-23 15:30:59] Dataset cleaning elapsed time: 0.74319863319397
[2026-07-23 15:30:59] Estimate `dispersion`: START
[2026-07-23 15:30:59] Effective number of cores used: 80
[2026-07-23 15:30:59] Executing 9 genes batches
[2026-07-23 15:30:59] Parallel dispersion Newton-Raphson: used up to 6 iterations
[2026-07-23 15:30:59] Parallel dispersion Newton-Raphson: used up to 7 iterations
[2026-07-23 15:30:59] Parallel dispersion Newton-Raphson: used up to 6 iterations
[2026-07-23 15:30:59] Parallel dispersion Newton-Raphson: used up to 7 iterations
[2026-07-23 15:30:59] Parallel dispersion Newton-Raphson: used up to 6 iterations
[2026-07-23 15:30:59] Parallel dispersion Newton-Raphson: used up to 6 iterations
[2026-07-23 15:30:59] Parallel dispersion Newton-Raphson: used up to 6 iterations
[2026-07-23 15:30:59] Parallel dispersion Newton-Raphson: used up to 5 iterations
[2026-07-23 15:31:00] Parallel dispersion Newton-Raphson: used up to 6 iterations
[2026-07-23 15:31:02] Total calculations elapsed time: 3.79811668395996
[2026-07-23 15:31:02] Estimate `dispersion`: DONE
[2026-07-23 15:31:02] Estimate `dispersion`: DONE
[2026-07-23 15:31:02] `dispersion` | min: -0.466650683410112 | max: 238.030936516755 | % negative: 79.5092024539877
[2026-07-23 15:31:03] Model parameter estimation elapsed time: 4.66175580024719
[2026-07-23 15:31:03] COTAN genes' COEX estimation: START
[2026-07-23 15:31:03] Effective number of cores used: 80
[2026-07-23 15:31:03] Calculate genes COEX (torch) on device cpu: START
[2026-07-23 15:31:03] Retrieving expected genes contingency table
[2026-07-23 15:31:03] Expected genes contingency table elapsed time: 0.0418519973754883
[2026-07-23 15:31:03] Calculating genes COEX normalization factor
[2026-07-23 15:31:04] Calculating genes COEX normalization factor elapsed time: 0.958946943283081
[2026-07-23 15:31:04] Retrieving observed genes yes/yes contingency table
[2026-07-23 15:31:04] Observed genes contingency table elapsed time: 0.0386121273040771
[2026-07-23 15:31:08] Calculate genes COEX elapsed time: 3.8764660358429
[2026-07-23 15:31:08] Total calculations elapsed time: 4.91587710380554
[2026-07-23 15:31:08] Calculate genes COEX (torch) on device cpu: DONE
[2026-07-23 15:31:09] Only genes' COEX elapsed time: 5.67342042922974
[2026-07-23 15:31:09] Dataset analysis elapsed time: 11.0783748626709
[2026-07-23 15:31:09] COTAN dataset analysis: DONE
[2026-07-23 15:31:10] Checking uniformity for the cluster '05_0017' with 94 cells
[2026-07-23 15:31:10] Calculate GDI dataframe: START
[2026-07-23 15:31:10] Using S
[2026-07-23 15:31:10] Calculating S: START
[2026-07-23 15:31:12] Calculating S: DONE
[2026-07-23 15:31:12] Calculate `GDI`: START
[2026-07-23 15:31:12] Effective number of cores used: 80
[2026-07-23 15:31:12] Effective number of cores used: 80
[2026-07-23 15:31:12] Executing 9 genes batches
[2026-07-23 15:31:14] Total calculations elapsed time: 2.25978803634644
[2026-07-23 15:31:14] Calculate `GDI`: DONE
[2026-07-23 15:31:15] Total calculations elapsed time: 5.77204370498657
[2026-07-23 15:31:15] Calculate GDI dataframe: DONE
[2026-07-23 15:31:15] Clean plots: START
[2026-07-23 15:31:15] Total calculations elapsed time: 0.0235259532928467
[2026-07-23 15:31:15] Clean plots: DONE
[2026-07-23 15:31:15] GDI plot
[2026-07-23 15:31:15] Removed 3 low GDI genes (such as the fully-expressed) in GDI plot
[2026-07-23 15:31:17] Cluster 05_0017, with size 94, is not uniform
[2026-07-23 15:31:17] Cluster 05_0017's shift to uniformity: 0.0846722484242053
[2026-07-23 15:31:17] class = SimpleGDIUniformityCheck, check.isCheckAbove = FALSE, check.GDIThreshold = 1.001, check.maxRatioBeyond = 0.01, check.maxRankBeyond = 0, check.fractionBeyond = 0.0448410485220301, check.thresholdRank = 0, check.quantileAtRatio = 1.08567224842421, check.quantileAtRank = NaN, isUniform = FALSE, clusterSize = 94
[2026-07-23 15:31:17] cluster 05_0017 has too high GDI: will be reclustered!
[2026-07-23 15:31:17] 
[2026-07-23 15:31:18] *[2026-07-23 15:31:18]  checking uniformity of cluster '18' of 29 clusters
[2026-07-23 15:31:18] Asked to drop 0 genes and 3984 cells
[2026-07-23 15:31:18] COTAN dataset analysis: START
[2026-07-23 15:31:18] Asked to drop 5165 genes and 0 cells
[2026-07-23 15:31:18] Genes/cells selection done: dropped [5165] genes and [0] cells
[2026-07-23 15:31:18] Working on [7683] genes and [93] cells
[2026-07-23 15:31:19] Dataset cleaning elapsed time: 0.801411151885986
[2026-07-23 15:31:19] Estimate `dispersion`: START
[2026-07-23 15:31:19] Effective number of cores used: 80
[2026-07-23 15:31:19] Executing 8 genes batches
[2026-07-23 15:31:19] Parallel dispersion Newton-Raphson: used up to 6 iterations
[2026-07-23 15:31:19] Parallel dispersion Newton-Raphson: used up to 6 iterations
[2026-07-23 15:31:19] Parallel dispersion Newton-Raphson: used up to 6 iterations
[2026-07-23 15:31:19] Parallel dispersion Newton-Raphson: used up to 6 iterations
[2026-07-23 15:31:19] Parallel dispersion Newton-Raphson: used up to 6 iterations
[2026-07-23 15:31:20] Parallel dispersion Newton-Raphson: used up to 6 iterations
[2026-07-23 15:31:20] Parallel dispersion Newton-Raphson: used up to 6 iterations
[2026-07-23 15:31:20] Parallel dispersion Newton-Raphson: used up to 7 iterations
[2026-07-23 15:31:23] Total calculations elapsed time: 3.79938316345215
[2026-07-23 15:31:23] Estimate `dispersion`: DONE
[2026-07-23 15:31:23] Estimate `dispersion`: DONE
[2026-07-23 15:31:23] `dispersion` | min: -0.251700965820927 | max: 166.133977062273 | % negative: 80.8278016399844
[2026-07-23 15:31:23] Model parameter estimation elapsed time: 4.59208106994629
[2026-07-23 15:31:23] COTAN genes' COEX estimation: START
[2026-07-23 15:31:23] Effective number of cores used: 80
[2026-07-23 15:31:23] Calculate genes COEX (torch) on device cpu: START
[2026-07-23 15:31:23] Retrieving expected genes contingency table
[2026-07-23 15:31:23] Expected genes contingency table elapsed time: 0.0349030494689941
[2026-07-23 15:31:23] Calculating genes COEX normalization factor
[2026-07-23 15:31:24] Calculating genes COEX normalization factor elapsed time: 0.92272424697876
[2026-07-23 15:31:24] Retrieving observed genes yes/yes contingency table
[2026-07-23 15:31:24] Observed genes contingency table elapsed time: 0.033193826675415
[2026-07-23 15:31:27] Calculate genes COEX elapsed time: 2.84944319725037
[2026-07-23 15:31:27] Total calculations elapsed time: 3.84026432037354
[2026-07-23 15:31:27] Calculate genes COEX (torch) on device cpu: DONE
[2026-07-23 15:31:28] Only genes' COEX elapsed time: 4.58256459236145
[2026-07-23 15:31:28] Dataset analysis elapsed time: 9.97605681419373
[2026-07-23 15:31:28] COTAN dataset analysis: DONE
[2026-07-23 15:31:29] Checking uniformity for the cluster '05_0018' with 93 cells
[2026-07-23 15:31:29] Calculate GDI dataframe: START
[2026-07-23 15:31:29] Using S
[2026-07-23 15:31:29] Calculating S: START
[2026-07-23 15:31:30] Calculating S: DONE
[2026-07-23 15:31:30] Calculate `GDI`: START
[2026-07-23 15:31:30] Effective number of cores used: 80
[2026-07-23 15:31:30] Effective number of cores used: 80
[2026-07-23 15:31:30] Executing 8 genes batches
[2026-07-23 15:31:32] Total calculations elapsed time: 1.80181932449341
[2026-07-23 15:31:32] Calculate `GDI`: DONE
[2026-07-23 15:31:33] Total calculations elapsed time: 4.58525609970093
[2026-07-23 15:31:33] Calculate GDI dataframe: DONE
[2026-07-23 15:31:33] Clean plots: START
[2026-07-23 15:31:33] Total calculations elapsed time: 0.0230662822723389
[2026-07-23 15:31:33] Clean plots: DONE
[2026-07-23 15:31:33] GDI plot
[2026-07-23 15:31:33] Removed 1 low GDI genes (such as the fully-expressed) in GDI plot
[2026-07-23 15:31:35] Cluster 05_0018, with size 93, is not uniform
[2026-07-23 15:31:35] Cluster 05_0018's shift to uniformity: 0.0595851779363263
[2026-07-23 15:31:35] class = SimpleGDIUniformityCheck, check.isCheckAbove = FALSE, check.GDIThreshold = 1.001, check.maxRatioBeyond = 0.01, check.maxRankBeyond = 0, check.fractionBeyond = 0.0360536248861122, check.thresholdRank = 0, check.quantileAtRatio = 1.06058517793633, check.quantileAtRank = NaN, isUniform = FALSE, clusterSize = 93
[2026-07-23 15:31:35] cluster 05_0018 has too high GDI: will be reclustered!
[2026-07-23 15:31:35] 
[2026-07-23 15:31:36] *[2026-07-23 15:31:36]  checking uniformity of cluster '19' of 29 clusters
[2026-07-23 15:31:36] Asked to drop 0 genes and 3988 cells
[2026-07-23 15:31:36] COTAN dataset analysis: START
[2026-07-23 15:31:36] Asked to drop 7719 genes and 0 cells
[2026-07-23 15:31:36] Genes/cells selection done: dropped [7719] genes and [0] cells
[2026-07-23 15:31:36] Working on [5129] genes and [89] cells
[2026-07-23 15:31:37] Dataset cleaning elapsed time: 0.726265907287598
[2026-07-23 15:31:37] Estimate `dispersion`: START
[2026-07-23 15:31:37] Effective number of cores used: 80
[2026-07-23 15:31:37] Executing 6 genes batches
[2026-07-23 15:31:37] Parallel dispersion Newton-Raphson: used up to 6 iterations
[2026-07-23 15:31:37] Parallel dispersion Newton-Raphson: used up to 5 iterations
[2026-07-23 15:31:37] Parallel dispersion Newton-Raphson: used up to 6 iterations
[2026-07-23 15:31:37] Parallel dispersion Newton-Raphson: used up to 7 iterations
[2026-07-23 15:31:37] Parallel dispersion Newton-Raphson: used up to 7 iterations
[2026-07-23 15:31:37] Parallel dispersion Newton-Raphson: used up to 7 iterations
[2026-07-23 15:31:40] Total calculations elapsed time: 3.26028442382812
[2026-07-23 15:31:40] Estimate `dispersion`: DONE
[2026-07-23 15:31:40] Estimate `dispersion`: DONE
[2026-07-23 15:31:40] `dispersion` | min: -0.482132849788686 | max: 221.520331730832 | % negative: 83.8954961980893
[2026-07-23 15:31:41] Model parameter estimation elapsed time: 4.05779647827148
[2026-07-23 15:31:41] COTAN genes' COEX estimation: START
[2026-07-23 15:31:41] Effective number of cores used: 80
[2026-07-23 15:31:41] Calculate genes COEX (torch) on device cpu: START
[2026-07-23 15:31:41] Retrieving expected genes contingency table
[2026-07-23 15:31:41] Expected genes contingency table elapsed time: 0.0272088050842285
[2026-07-23 15:31:41] Calculating genes COEX normalization factor
[2026-07-23 15:31:41] Calculating genes COEX normalization factor elapsed time: 0.817405939102173
[2026-07-23 15:31:41] Retrieving observed genes yes/yes contingency table
[2026-07-23 15:31:41] Observed genes contingency table elapsed time: 0.0190887451171875
[2026-07-23 15:31:43] Calculate genes COEX elapsed time: 1.6251699924469
[2026-07-23 15:31:43] Total calculations elapsed time: 2.48887348175049
[2026-07-23 15:31:43] Calculate genes COEX (torch) on device cpu: DONE
[2026-07-23 15:31:44] Only genes' COEX elapsed time: 3.21820998191833
[2026-07-23 15:31:44] Dataset analysis elapsed time: 8.00227236747742
[2026-07-23 15:31:44] COTAN dataset analysis: DONE
[2026-07-23 15:31:45] Checking uniformity for the cluster '05_0019' with 89 cells
[2026-07-23 15:31:45] Calculate GDI dataframe: START
[2026-07-23 15:31:45] Using S
[2026-07-23 15:31:45] Calculating S: START
[2026-07-23 15:31:45] Calculating S: DONE
[2026-07-23 15:31:45] Calculate `GDI`: START
[2026-07-23 15:31:45] Effective number of cores used: 80
[2026-07-23 15:31:45] Effective number of cores used: 80
[2026-07-23 15:31:45] Executing 6 genes batches
[2026-07-23 15:31:46] Total calculations elapsed time: 1.10190320014954
[2026-07-23 15:31:46] Calculate `GDI`: DONE
[2026-07-23 15:31:47] Total calculations elapsed time: 2.82017874717712
[2026-07-23 15:31:47] Calculate GDI dataframe: DONE
[2026-07-23 15:31:47] Clean plots: START
[2026-07-23 15:31:47] Total calculations elapsed time: 0.0228712558746338
[2026-07-23 15:31:47] Clean plots: DONE
[2026-07-23 15:31:47] GDI plot
[2026-07-23 15:31:47] Removed 2 low GDI genes (such as the fully-expressed) in GDI plot
[2026-07-23 15:31:49] Cluster 05_0019, with size 89, is not uniform
[2026-07-23 15:31:49] Cluster 05_0019's shift to uniformity: 0.172278725858449
[2026-07-23 15:31:49] class = SimpleGDIUniformityCheck, check.isCheckAbove = FALSE, check.GDIThreshold = 1.001, check.maxRatioBeyond = 0.01, check.maxRankBeyond = 0, check.fractionBeyond = 0.0395788652758822, check.thresholdRank = 0, check.quantileAtRatio = 1.17327872585845, check.quantileAtRank = NaN, isUniform = FALSE, clusterSize = 89
[2026-07-23 15:31:49] cluster 05_0019 has too high GDI: will be reclustered!
[2026-07-23 15:31:49] 
[2026-07-23 15:31:50] *[2026-07-23 15:31:50]  checking uniformity of cluster '20' of 29 clusters
[2026-07-23 15:31:50] Asked to drop 0 genes and 3993 cells
[2026-07-23 15:31:50] COTAN dataset analysis: START
[2026-07-23 15:31:50] Asked to drop 5412 genes and 0 cells
[2026-07-23 15:31:50] Genes/cells selection done: dropped [5412] genes and [0] cells
[2026-07-23 15:31:50] Working on [7436] genes and [84] cells
[2026-07-23 15:31:50] Dataset cleaning elapsed time: 0.794824838638306
[2026-07-23 15:31:50] Estimate `dispersion`: START
[2026-07-23 15:31:50] Effective number of cores used: 80
[2026-07-23 15:31:50] Executing 8 genes batches
[2026-07-23 15:31:51] Parallel dispersion Newton-Raphson: used up to 5 iterations
[2026-07-23 15:31:51] Parallel dispersion Newton-Raphson: used up to 6 iterations
[2026-07-23 15:31:51] Parallel dispersion Newton-Raphson: used up to 6 iterations
[2026-07-23 15:31:51] Parallel dispersion Newton-Raphson: used up to 6 iterations
[2026-07-23 15:31:51] Parallel dispersion Newton-Raphson: used up to 6 iterations
[2026-07-23 15:31:51] Parallel dispersion Newton-Raphson: used up to 6 iterations
[2026-07-23 15:31:51] Parallel dispersion Newton-Raphson: used up to 6 iterations
[2026-07-23 15:31:51] Parallel dispersion Newton-Raphson: used up to 6 iterations
[2026-07-23 15:31:54] Total calculations elapsed time: 3.6988537311554
[2026-07-23 15:31:54] Estimate `dispersion`: DONE
[2026-07-23 15:31:54] Estimate `dispersion`: DONE
[2026-07-23 15:31:54] `dispersion` | min: -0.22407342576911 | max: 188.307761498308 | % negative: 83.3647122108661
[2026-07-23 15:31:55] Model parameter estimation elapsed time: 4.54656481742859
[2026-07-23 15:31:55] COTAN genes' COEX estimation: START
[2026-07-23 15:31:55] Effective number of cores used: 80
[2026-07-23 15:31:55] Calculate genes COEX (torch) on device cpu: START
[2026-07-23 15:31:55] Retrieving expected genes contingency table
[2026-07-23 15:31:55] Expected genes contingency table elapsed time: 0.042011022567749
[2026-07-23 15:31:55] Calculating genes COEX normalization factor
[2026-07-23 15:31:56] Calculating genes COEX normalization factor elapsed time: 0.903125762939453
[2026-07-23 15:31:56] Retrieving observed genes yes/yes contingency table
[2026-07-23 15:31:56] Observed genes contingency table elapsed time: 0.0279996395111084
[2026-07-23 15:31:59] Calculate genes COEX elapsed time: 2.62855315208435
[2026-07-23 15:31:59] Total calculations elapsed time: 3.60168957710266
[2026-07-23 15:31:59] Calculate genes COEX (torch) on device cpu: DONE
[2026-07-23 15:31:59] Only genes' COEX elapsed time: 4.33080101013184
[2026-07-23 15:31:59] Dataset analysis elapsed time: 9.67219066619873
[2026-07-23 15:31:59] COTAN dataset analysis: DONE
[2026-07-23 15:32:00] Checking uniformity for the cluster '05_0020' with 84 cells
[2026-07-23 15:32:00] Calculate GDI dataframe: START
[2026-07-23 15:32:00] Using S
[2026-07-23 15:32:00] Calculating S: START
[2026-07-23 15:32:01] Calculating S: DONE
[2026-07-23 15:32:01] Calculate `GDI`: START
[2026-07-23 15:32:01] Effective number of cores used: 80
[2026-07-23 15:32:01] Effective number of cores used: 80
[2026-07-23 15:32:01] Executing 8 genes batches
[2026-07-23 15:32:03] Total calculations elapsed time: 1.7301037311554
[2026-07-23 15:32:03] Calculate `GDI`: DONE
[2026-07-23 15:32:04] Total calculations elapsed time: 4.2791063785553
[2026-07-23 15:32:04] Calculate GDI dataframe: DONE
[2026-07-23 15:32:04] Clean plots: START
[2026-07-23 15:32:04] Total calculations elapsed time: 0.0233681201934814
[2026-07-23 15:32:04] Clean plots: DONE
[2026-07-23 15:32:04] GDI plot
[2026-07-23 15:32:04] Removed 1 low GDI genes (such as the fully-expressed) in GDI plot
[2026-07-23 15:32:06] Cluster 05_0020, with size 84, is not uniform
[2026-07-23 15:32:06] Cluster 05_0020's shift to uniformity: 0.0299939929914743
[2026-07-23 15:32:06] class = SimpleGDIUniformityCheck, check.isCheckAbove = FALSE, check.GDIThreshold = 1.001, check.maxRatioBeyond = 0.01, check.maxRankBeyond = 0, check.fractionBeyond = 0.0200376546530393, check.thresholdRank = 0, check.quantileAtRatio = 1.03099399299147, check.quantileAtRank = NaN, isUniform = FALSE, clusterSize = 84
[2026-07-23 15:32:06] cluster 05_0020 has too high GDI: will be reclustered!
[2026-07-23 15:32:06] 
[2026-07-23 15:32:07] *[2026-07-23 15:32:07]  checking uniformity of cluster '21' of 29 clusters
[2026-07-23 15:32:07] Asked to drop 0 genes and 4010 cells
[2026-07-23 15:32:07] COTAN dataset analysis: START
[2026-07-23 15:32:07] Asked to drop 4473 genes and 0 cells
[2026-07-23 15:32:07] Genes/cells selection done: dropped [4473] genes and [0] cells
[2026-07-23 15:32:07] Working on [8375] genes and [67] cells
[2026-07-23 15:32:08] Dataset cleaning elapsed time: 0.737819194793701
[2026-07-23 15:32:08] Estimate `dispersion`: START
[2026-07-23 15:32:08] Effective number of cores used: 80
[2026-07-23 15:32:08] Executing 9 genes batches
[2026-07-23 15:32:08] Parallel dispersion Newton-Raphson: used up to 6 iterations
[2026-07-23 15:32:08] Parallel dispersion Newton-Raphson: used up to 6 iterations
[2026-07-23 15:32:08] Parallel dispersion Newton-Raphson: used up to 5 iterations
[2026-07-23 15:32:08] Parallel dispersion Newton-Raphson: used up to 6 iterations
[2026-07-23 15:32:08] Parallel dispersion Newton-Raphson: used up to 6 iterations
[2026-07-23 15:32:08] Parallel dispersion Newton-Raphson: used up to 6 iterations
[2026-07-23 15:32:08] Parallel dispersion Newton-Raphson: used up to 6 iterations
[2026-07-23 15:32:08] Parallel dispersion Newton-Raphson: used up to 6 iterations
[2026-07-23 15:32:09] Parallel dispersion Newton-Raphson: used up to 7 iterations
[2026-07-23 15:32:11] Total calculations elapsed time: 3.82245564460754
[2026-07-23 15:32:11] Estimate `dispersion`: DONE
[2026-07-23 15:32:11] Estimate `dispersion`: DONE
[2026-07-23 15:32:11] `dispersion` | min: -0.313513974288945 | max: 148.408915696149 | % negative: 76.9074626865672
[2026-07-23 15:32:12] Model parameter estimation elapsed time: 4.65107464790344
[2026-07-23 15:32:12] COTAN genes' COEX estimation: START
[2026-07-23 15:32:12] Effective number of cores used: 80
[2026-07-23 15:32:12] Calculate genes COEX (torch) on device cpu: START
[2026-07-23 15:32:12] Retrieving expected genes contingency table
[2026-07-23 15:32:12] Expected genes contingency table elapsed time: 0.0431318283081055
[2026-07-23 15:32:12] Calculating genes COEX normalization factor
[2026-07-23 15:32:13] Calculating genes COEX normalization factor elapsed time: 0.990875720977783
[2026-07-23 15:32:13] Retrieving observed genes yes/yes contingency table
[2026-07-23 15:32:13] Observed genes contingency table elapsed time: 0.0305547714233398
[2026-07-23 15:32:17] Calculate genes COEX elapsed time: 3.40683102607727
[2026-07-23 15:32:17] Total calculations elapsed time: 4.4713933467865
[2026-07-23 15:32:17] Calculate genes COEX (torch) on device cpu: DONE
[2026-07-23 15:32:17] Only genes' COEX elapsed time: 5.21640110015869
[2026-07-23 15:32:17] Dataset analysis elapsed time: 10.6052949428558
[2026-07-23 15:32:17] COTAN dataset analysis: DONE
[2026-07-23 15:32:18] Checking uniformity for the cluster '05_0021' with 67 cells
[2026-07-23 15:32:18] Calculate GDI dataframe: START
[2026-07-23 15:32:18] Using S
[2026-07-23 15:32:18] Calculating S: START
[2026-07-23 15:32:20] Calculating S: DONE
[2026-07-23 15:32:20] Calculate `GDI`: START
[2026-07-23 15:32:20] Effective number of cores used: 80
[2026-07-23 15:32:20] Effective number of cores used: 80
[2026-07-23 15:32:20] Executing 9 genes batches
[2026-07-23 15:32:22] Total calculations elapsed time: 2.07940196990967
[2026-07-23 15:32:22] Calculate `GDI`: DONE
[2026-07-23 15:32:24] Total calculations elapsed time: 5.30787205696106
[2026-07-23 15:32:24] Calculate GDI dataframe: DONE
[2026-07-23 15:32:24] Clean plots: START
[2026-07-23 15:32:24] Total calculations elapsed time: 0.0265355110168457
[2026-07-23 15:32:24] Clean plots: DONE
[2026-07-23 15:32:24] GDI plot
[2026-07-23 15:32:24] Removed 1 low GDI genes (such as the fully-expressed) in GDI plot
[2026-07-23 15:32:25] Cluster 05_0021, with size 67, is not uniform
[2026-07-23 15:32:25] Cluster 05_0021's shift to uniformity: 0.129907289027542
[2026-07-23 15:32:25] class = SimpleGDIUniformityCheck, check.isCheckAbove = FALSE, check.GDIThreshold = 1.001, check.maxRatioBeyond = 0.01, check.maxRankBeyond = 0, check.fractionBeyond = 0.0815522388059702, check.thresholdRank = 0, check.quantileAtRatio = 1.13090728902754, check.quantileAtRank = NaN, isUniform = FALSE, clusterSize = 67
[2026-07-23 15:32:25] cluster 05_0021 has too high GDI: will be reclustered!
[2026-07-23 15:32:25] 
[2026-07-23 15:32:26] *[2026-07-23 15:32:26]  checking uniformity of cluster '22' of 29 clusters
[2026-07-23 15:32:26] Asked to drop 0 genes and 4011 cells
[2026-07-23 15:32:26] COTAN dataset analysis: START
[2026-07-23 15:32:26] Asked to drop 6165 genes and 0 cells
[2026-07-23 15:32:26] Genes/cells selection done: dropped [6165] genes and [0] cells
[2026-07-23 15:32:26] Working on [6683] genes and [66] cells
[2026-07-23 15:32:27] Dataset cleaning elapsed time: 0.803491353988647
[2026-07-23 15:32:27] Estimate `dispersion`: START
[2026-07-23 15:32:27] Effective number of cores used: 80
[2026-07-23 15:32:27] Executing 7 genes batches
[2026-07-23 15:32:27] Parallel dispersion Newton-Raphson: used up to 6 iterations
[2026-07-23 15:32:27] Parallel dispersion Newton-Raphson: used up to 6 iterations
[2026-07-23 15:32:27] Parallel dispersion Newton-Raphson: used up to 6 iterations
[2026-07-23 15:32:27] Parallel dispersion Newton-Raphson: used up to 6 iterations
[2026-07-23 15:32:27] Parallel dispersion Newton-Raphson: used up to 6 iterations
[2026-07-23 15:32:27] Parallel dispersion Newton-Raphson: used up to 6 iterations
[2026-07-23 15:32:28] Parallel dispersion Newton-Raphson: used up to 6 iterations
[2026-07-23 15:32:30] Total calculations elapsed time: 3.64645910263062
[2026-07-23 15:32:30] Estimate `dispersion`: DONE
[2026-07-23 15:32:30] Estimate `dispersion`: DONE
[2026-07-23 15:32:30] `dispersion` | min: -0.329287296445648 | max: 146.911652734851 | % negative: 84.3184198713153
[2026-07-23 15:32:31] Model parameter estimation elapsed time: 4.43240690231323
[2026-07-23 15:32:31] COTAN genes' COEX estimation: START
[2026-07-23 15:32:31] Effective number of cores used: 80
[2026-07-23 15:32:31] Calculate genes COEX (torch) on device cpu: START
[2026-07-23 15:32:31] Retrieving expected genes contingency table
[2026-07-23 15:32:31] Expected genes contingency table elapsed time: 0.0324943065643311
[2026-07-23 15:32:31] Calculating genes COEX normalization factor
[2026-07-23 15:32:32] Calculating genes COEX normalization factor elapsed time: 0.872616291046143
[2026-07-23 15:32:32] Retrieving observed genes yes/yes contingency table
[2026-07-23 15:32:32] Observed genes contingency table elapsed time: 0.0221068859100342
[2026-07-23 15:32:34] Calculate genes COEX elapsed time: 2.31934642791748
[2026-07-23 15:32:34] Total calculations elapsed time: 3.24656391143799
[2026-07-23 15:32:34] Calculate genes COEX (torch) on device cpu: DONE
[2026-07-23 15:32:35] Only genes' COEX elapsed time: 3.98701214790344
[2026-07-23 15:32:35] Dataset analysis elapsed time: 9.22291040420532
[2026-07-23 15:32:35] COTAN dataset analysis: DONE
[2026-07-23 15:32:36] Checking uniformity for the cluster '05_0022' with 66 cells
[2026-07-23 15:32:36] Calculate GDI dataframe: START
[2026-07-23 15:32:36] Using S
[2026-07-23 15:32:36] Calculating S: START
[2026-07-23 15:32:37] Calculating S: DONE
[2026-07-23 15:32:37] Calculate `GDI`: START
[2026-07-23 15:32:37] Effective number of cores used: 80
[2026-07-23 15:32:37] Effective number of cores used: 80
[2026-07-23 15:32:37] Executing 7 genes batches
[2026-07-23 15:32:39] Total calculations elapsed time: 1.45942878723145
[2026-07-23 15:32:39] Calculate `GDI`: DONE
[2026-07-23 15:32:40] Total calculations elapsed time: 3.73555064201355
[2026-07-23 15:32:40] Calculate GDI dataframe: DONE
[2026-07-23 15:32:40] Clean plots: START
[2026-07-23 15:32:40] Total calculations elapsed time: 0.0231287479400635
[2026-07-23 15:32:40] Clean plots: DONE
[2026-07-23 15:32:40] GDI plot
[2026-07-23 15:32:40] Removed 3 low GDI genes (such as the fully-expressed) in GDI plot
[2026-07-23 15:32:41] Cluster 05_0022, with size 66, is uniform
[2026-07-23 15:32:41] Cluster 05_0022's shift to uniformity: -0.00200155094742749
[2026-07-23 15:32:41] class = SimpleGDIUniformityCheck, check.isCheckAbove = FALSE, check.GDIThreshold = 1.001, check.maxRatioBeyond = 0.01, check.maxRankBeyond = 0, check.fractionBeyond = 0.0092772706868173, check.thresholdRank = 0, check.quantileAtRatio = 0.998998449052572, check.quantileAtRank = NaN, isUniform = TRUE, clusterSize = 66
[2026-07-23 15:32:41] cluster 05_0022 is uniform
[2026-07-23 15:32:41] 
[2026-07-23 15:32:42] *[2026-07-23 15:32:42]  checking uniformity of cluster '23' of 29 clusters
[2026-07-23 15:32:42] Asked to drop 0 genes and 4019 cells
[2026-07-23 15:32:42] COTAN dataset analysis: START
[2026-07-23 15:32:42] Asked to drop 7302 genes and 0 cells
[2026-07-23 15:32:42] Genes/cells selection done: dropped [7302] genes and [0] cells
[2026-07-23 15:32:42] Working on [5546] genes and [58] cells
[2026-07-23 15:32:43] Dataset cleaning elapsed time: 0.747605800628662
[2026-07-23 15:32:43] Estimate `dispersion`: START
[2026-07-23 15:32:43] Effective number of cores used: 80
[2026-07-23 15:32:43] Executing 6 genes batches
[2026-07-23 15:32:43] Parallel dispersion Newton-Raphson: used up to 6 iterations
[2026-07-23 15:32:43] Parallel dispersion Newton-Raphson: used up to 7 iterations
[2026-07-23 15:32:43] Parallel dispersion Newton-Raphson: used up to 6 iterations
[2026-07-23 15:32:43] Parallel dispersion Newton-Raphson: used up to 7 iterations
[2026-07-23 15:32:43] Parallel dispersion Newton-Raphson: used up to 8 iterations
[2026-07-23 15:32:43] Parallel dispersion Newton-Raphson: used up to 7 iterations
[2026-07-23 15:32:46] Total calculations elapsed time: 3.20036268234253
[2026-07-23 15:32:46] Estimate `dispersion`: DONE
[2026-07-23 15:32:46] Estimate `dispersion`: DONE
[2026-07-23 15:32:46] `dispersion` | min: -0.305123981577305 | max: 197.985472671431 | % negative: 80.8510638297872
[2026-07-23 15:32:47] Model parameter estimation elapsed time: 4.05846810340881
[2026-07-23 15:32:47] COTAN genes' COEX estimation: START
[2026-07-23 15:32:47] Effective number of cores used: 80
[2026-07-23 15:32:47] Calculate genes COEX (torch) on device cpu: START
[2026-07-23 15:32:47] Retrieving expected genes contingency table
[2026-07-23 15:32:47] Expected genes contingency table elapsed time: 0.0280294418334961
[2026-07-23 15:32:47] Calculating genes COEX normalization factor
[2026-07-23 15:32:48] Calculating genes COEX normalization factor elapsed time: 0.851995706558228
[2026-07-23 15:32:48] Retrieving observed genes yes/yes contingency table
[2026-07-23 15:32:48] Observed genes contingency table elapsed time: 0.0176923274993896
[2026-07-23 15:32:50] Calculate genes COEX elapsed time: 1.80993366241455
[2026-07-23 15:32:50] Total calculations elapsed time: 2.70765113830566
[2026-07-23 15:32:50] Calculate genes COEX (torch) on device cpu: DONE
[2026-07-23 15:32:50] Only genes' COEX elapsed time: 3.4582736492157
[2026-07-23 15:32:50] Dataset analysis elapsed time: 8.26434755325317
[2026-07-23 15:32:50] COTAN dataset analysis: DONE
[2026-07-23 15:32:51] Checking uniformity for the cluster '05_0023' with 58 cells
[2026-07-23 15:32:51] Calculate GDI dataframe: START
[2026-07-23 15:32:51] Using S
[2026-07-23 15:32:51] Calculating S: START
[2026-07-23 15:32:52] Calculating S: DONE
[2026-07-23 15:32:52] Calculate `GDI`: START
[2026-07-23 15:32:52] Effective number of cores used: 80
[2026-07-23 15:32:52] Effective number of cores used: 80
[2026-07-23 15:32:52] Executing 6 genes batches
[2026-07-23 15:32:53] Total calculations elapsed time: 1.19423985481262
[2026-07-23 15:32:53] Calculate `GDI`: DONE
[2026-07-23 15:32:54] Total calculations elapsed time: 3.15851950645447
[2026-07-23 15:32:54] Calculate GDI dataframe: DONE
[2026-07-23 15:32:54] Clean plots: START
[2026-07-23 15:32:54] Total calculations elapsed time: 0.0243113040924072
[2026-07-23 15:32:54] Clean plots: DONE
[2026-07-23 15:32:54] GDI plot
[2026-07-23 15:32:54] Removed 1 low GDI genes (such as the fully-expressed) in GDI plot
[2026-07-23 15:32:56] Cluster 05_0023, with size 58, is not uniform
[2026-07-23 15:32:56] Cluster 05_0023's shift to uniformity: 0.333632638318758
[2026-07-23 15:32:56] class = SimpleGDIUniformityCheck, check.isCheckAbove = FALSE, check.GDIThreshold = 1.001, check.maxRatioBeyond = 0.01, check.maxRankBeyond = 0, check.fractionBeyond = 0.0845654525784349, check.thresholdRank = 0, check.quantileAtRatio = 1.33463263831876, check.quantileAtRank = NaN, isUniform = FALSE, clusterSize = 58
[2026-07-23 15:32:56] cluster 05_0023 has too high GDI: will be reclustered!
[2026-07-23 15:32:56] 
[2026-07-23 15:32:57] *[2026-07-23 15:32:57]  checking uniformity of cluster '24' of 29 clusters
[2026-07-23 15:32:57] cluster 05_0024 has too few cells: will be reclustered!
[2026-07-23 15:32:57] *[2026-07-23 15:32:57]  checking uniformity of cluster '25' of 29 clusters
[2026-07-23 15:32:57] cluster 05_0025 has too few cells: will be reclustered!
[2026-07-23 15:32:57] *[2026-07-23 15:32:57]  checking uniformity of cluster '26' of 29 clusters
[2026-07-23 15:32:57] cluster 05_0026 has too few cells: will be reclustered!
[2026-07-23 15:32:57] *[2026-07-23 15:32:57]  checking uniformity of cluster '27' of 29 clusters
[2026-07-23 15:32:57] cluster 05_0027 has too few cells: will be reclustered!
[2026-07-23 15:32:57] *[2026-07-23 15:32:57]  checking uniformity of cluster '28' of 29 clusters
[2026-07-23 15:32:57] cluster 05_0028 has too few cells: will be reclustered!
[2026-07-23 15:32:57] 
[2026-07-23 15:32:57] Found 1 uniform and  28 non-uniform clusters
[2026-07-23 15:32:57] Loop calculations elapsed time: 463.199223518372
[2026-07-23 15:32:57] In iteration 6 [2026-07-23 15:32:57] the number of cells to re-cluster is 3363 cells belonging to 28 clusters
[2026-07-23 15:32:57] Asked to drop 0 genes and 714 cells
[2026-07-23 15:32:58] Creating new clusterization: START
[2026-07-23 15:32:58] Elaborating Reduced dimensionality Data Matrix - START
[2026-07-23 15:32:58] Running genes' selection: START
[2026-07-23 15:32:59] Selected 2000 genes using HVG_Seurat selector
[2026-07-23 15:32:59] Running genes' selection: DONE
[2026-07-23 15:33:01] Elaborating PCA - START
[2026-07-23 15:33:01] Elaborating PCA - DONE
[2026-07-23 15:33:02] Total calculations elapsed time: 4.59118151664734
[2026-07-23 15:33:02] Elaborating Reduced dimensionality Data Matrix - DONE
[2026-07-23 15:33:03] Number of clusters is too small. Reclustering at resolution higher than: 0.8
[2026-07-23 15:33:04] Number of clusters is too small. Reclustering at resolution higher than: 1.3
[2026-07-23 15:33:04] Number of clusters is too small. Reclustering at resolution higher than: 1.8
[2026-07-23 15:33:04] Number of clusters is too small. Reclustering at resolution higher than: 2.3
[2026-07-23 15:33:05] Number of clusters is too small. Reclustering at resolution higher than: 2.8
[2026-07-23 15:33:05] Number of clusters is too small. Reclustering at resolution higher than: 3.3
[2026-07-23 15:33:05] Number of clusters is too small. Reclustering at resolution higher than: 3.8
[2026-07-23 15:33:05] Number of clusters is too small. Reclustering at resolution higher than: 4.3
[2026-07-23 15:33:06] Used resolution for Seurat clusterization is: 4.8
[2026-07-23 15:33:06] Total calculations elapsed time: 8.28640389442444
[2026-07-23 15:33:06] Creating new clusterization: DONE
[2026-07-23 15:33:07] Creating PDF UMAP in file:  /data/lorenzo_delitala/data/project_files/ding/cortex_2/plots/Ding_Cortex_2_Transcript/reclustering/pdf_umap_6.pdf
[2026-07-23 15:33:07] UMAP plot: START
[2026-07-23 15:33:07] Calculating UMAP: START
[2026-07-23 15:33:15] Calculating UMAP: DONE
[2026-07-23 15:33:15] Total calculations elapsed time: 8.43126010894775
[2026-07-23 15:33:15] UMAP plot: DONE
[2026-07-23 15:33:15] UMAP plot: START
[2026-07-23 15:33:15] Calculating UMAP: START
[2026-07-23 15:33:24] Calculating UMAP: DONE
[2026-07-23 15:33:24] Total calculations elapsed time: 8.61409521102905
[2026-07-23 15:33:24] UMAP plot: DONE
[2026-07-23 15:33:24] *[2026-07-23 15:33:24]  checking uniformity of cluster '0' of 34 clusters
[2026-07-23 15:33:24] Asked to drop 0 genes and 3904 cells
[2026-07-23 15:33:24] COTAN dataset analysis: START
[2026-07-23 15:33:24] Asked to drop 6109 genes and 0 cells
[2026-07-23 15:33:24] Genes/cells selection done: dropped [6109] genes and [0] cells
[2026-07-23 15:33:24] Working on [6739] genes and [173] cells
[2026-07-23 15:33:25] Dataset cleaning elapsed time: 0.738464117050171
[2026-07-23 15:33:25] Estimate `dispersion`: START
[2026-07-23 15:33:25] Effective number of cores used: 80
[2026-07-23 15:33:25] Executing 7 genes batches
[2026-07-23 15:33:25] Parallel dispersion Newton-Raphson: used up to 5 iterations
[2026-07-23 15:33:25] Parallel dispersion Newton-Raphson: used up to 5 iterations
[2026-07-23 15:33:26] Parallel dispersion Newton-Raphson: used up to 7 iterations
[2026-07-23 15:33:26] Parallel dispersion Newton-Raphson: used up to 7 iterations
[2026-07-23 15:33:26] Parallel dispersion Newton-Raphson: used up to 6 iterations
[2026-07-23 15:33:26] Parallel dispersion Newton-Raphson: used up to 6 iterations
[2026-07-23 15:33:26] Parallel dispersion Newton-Raphson: used up to 6 iterations
[2026-07-23 15:33:29] Total calculations elapsed time: 3.30603218078613
[2026-07-23 15:33:29] Estimate `dispersion`: DONE
[2026-07-23 15:33:29] Estimate `dispersion`: DONE
[2026-07-23 15:33:29] `dispersion` | min: -0.269034177854153 | max: 234.308650289426 | % negative: 72.6368897462531
[2026-07-23 15:33:29] Model parameter estimation elapsed time: 4.15387892723083
[2026-07-23 15:33:29] COTAN genes' COEX estimation: START
[2026-07-23 15:33:29] Effective number of cores used: 80
[2026-07-23 15:33:29] Calculate genes COEX (torch) on device cpu: START
[2026-07-23 15:33:29] Retrieving expected genes contingency table
[2026-07-23 15:33:29] Expected genes contingency table elapsed time: 0.0460288524627686
[2026-07-23 15:33:29] Calculating genes COEX normalization factor
[2026-07-23 15:33:30] Calculating genes COEX normalization factor elapsed time: 0.883541107177734
[2026-07-23 15:33:30] Retrieving observed genes yes/yes contingency table
[2026-07-23 15:33:30] Observed genes contingency table elapsed time: 0.0285844802856445
[2026-07-23 15:33:33] Calculate genes COEX elapsed time: 2.35406684875488
[2026-07-23 15:33:33] Total calculations elapsed time: 3.31222128868103
[2026-07-23 15:33:33] Calculate genes COEX (torch) on device cpu: DONE
[2026-07-23 15:33:33] Only genes' COEX elapsed time: 4.05383133888245
[2026-07-23 15:33:33] Dataset analysis elapsed time: 8.94617438316345
[2026-07-23 15:33:33] COTAN dataset analysis: DONE
[2026-07-23 15:33:34] Checking uniformity for the cluster '06_0000' with 173 cells
[2026-07-23 15:33:34] Calculate GDI dataframe: START
[2026-07-23 15:33:34] Using S
[2026-07-23 15:33:34] Calculating S: START
[2026-07-23 15:33:35] Calculating S: DONE
[2026-07-23 15:33:35] Calculate `GDI`: START
[2026-07-23 15:33:35] Effective number of cores used: 80
[2026-07-23 15:33:35] Effective number of cores used: 80
[2026-07-23 15:33:35] Executing 7 genes batches
[2026-07-23 15:33:37] Total calculations elapsed time: 1.43801164627075
[2026-07-23 15:33:37] Calculate `GDI`: DONE
[2026-07-23 15:33:38] Total calculations elapsed time: 3.75217795372009
[2026-07-23 15:33:38] Calculate GDI dataframe: DONE
[2026-07-23 15:33:38] Clean plots: START
[2026-07-23 15:33:38] Total calculations elapsed time: 0.0304944515228271
[2026-07-23 15:33:38] Clean plots: DONE
[2026-07-23 15:33:38] GDI plot
[2026-07-23 15:33:38] Removed 1 low GDI genes (such as the fully-expressed) in GDI plot
[2026-07-23 15:33:40] Cluster 06_0000, with size 173, is not uniform
[2026-07-23 15:33:40] Cluster 06_0000's shift to uniformity: 0.175828554117567
[2026-07-23 15:33:40] class = SimpleGDIUniformityCheck, check.isCheckAbove = FALSE, check.GDIThreshold = 1.001, check.maxRatioBeyond = 0.01, check.maxRankBeyond = 0, check.fractionBeyond = 0.0869565217391304, check.thresholdRank = 0, check.quantileAtRatio = 1.17682855411757, check.quantileAtRank = NaN, isUniform = FALSE, clusterSize = 173
[2026-07-23 15:33:40] cluster 06_0000 has too high GDI: will be reclustered!
[2026-07-23 15:33:40] 
[2026-07-23 15:33:40] *[2026-07-23 15:33:40]  checking uniformity of cluster '1' of 34 clusters
[2026-07-23 15:33:40] Asked to drop 0 genes and 3924 cells
[2026-07-23 15:33:40] COTAN dataset analysis: START
[2026-07-23 15:33:40] Asked to drop 3492 genes and 0 cells
[2026-07-23 15:33:40] Genes/cells selection done: dropped [3492] genes and [0] cells
[2026-07-23 15:33:40] Working on [9356] genes and [153] cells
[2026-07-23 15:33:41] Dataset cleaning elapsed time: 0.732383489608765
[2026-07-23 15:33:41] Estimate `dispersion`: START
[2026-07-23 15:33:41] Effective number of cores used: 80
[2026-07-23 15:33:41] Executing 10 genes batches
[2026-07-23 15:33:41] Parallel dispersion Newton-Raphson: used up to 5 iterations
[2026-07-23 15:33:41] Parallel dispersion Newton-Raphson: used up to 6 iterations
[2026-07-23 15:33:41] Parallel dispersion Newton-Raphson: used up to 6 iterations
[2026-07-23 15:33:41] Parallel dispersion Newton-Raphson: used up to 6 iterations
[2026-07-23 15:33:42] Parallel dispersion Newton-Raphson: used up to 6 iterations
[2026-07-23 15:33:42] Parallel dispersion Newton-Raphson: used up to 6 iterations
[2026-07-23 15:33:42] Parallel dispersion Newton-Raphson: used up to 6 iterations
[2026-07-23 15:33:42] Parallel dispersion Newton-Raphson: used up to 6 iterations
[2026-07-23 15:33:42] Parallel dispersion Newton-Raphson: used up to 6 iterations
[2026-07-23 15:33:42] Parallel dispersion Newton-Raphson: used up to 7 iterations
[2026-07-23 15:33:45] Total calculations elapsed time: 3.90172362327576
[2026-07-23 15:33:45] Estimate `dispersion`: DONE
[2026-07-23 15:33:45] Estimate `dispersion`: DONE
[2026-07-23 15:33:45] `dispersion` | min: -0.199582735932239 | max: 344.843902720151 | % negative: 79.5639162035058
[2026-07-23 15:33:46] Model parameter estimation elapsed time: 4.63608002662659
[2026-07-23 15:33:46] COTAN genes' COEX estimation: START
[2026-07-23 15:33:46] Effective number of cores used: 80
[2026-07-23 15:33:46] Calculate genes COEX (torch) on device cpu: START
[2026-07-23 15:33:46] Retrieving expected genes contingency table
[2026-07-23 15:33:46] Expected genes contingency table elapsed time: 0.0466752052307129
[2026-07-23 15:33:46] Calculating genes COEX normalization factor
[2026-07-23 15:33:47] Calculating genes COEX normalization factor elapsed time: 0.999930143356323
[2026-07-23 15:33:47] Retrieving observed genes yes/yes contingency table
[2026-07-23 15:33:47] Observed genes contingency table elapsed time: 0.0539398193359375
[2026-07-23 15:33:51] Calculate genes COEX elapsed time: 4.26453685760498
[2026-07-23 15:33:51] Total calculations elapsed time: 5.36508202552795
[2026-07-23 15:33:51] Calculate genes COEX (torch) on device cpu: DONE
[2026-07-23 15:33:52] Only genes' COEX elapsed time: 6.15574645996094
[2026-07-23 15:33:52] Dataset analysis elapsed time: 11.5242099761963
[2026-07-23 15:33:52] COTAN dataset analysis: DONE
[2026-07-23 15:33:53] Checking uniformity for the cluster '06_0001' with 153 cells
[2026-07-23 15:33:53] Calculate GDI dataframe: START
[2026-07-23 15:33:53] Using S
[2026-07-23 15:33:53] Calculating S: START
[2026-07-23 15:33:55] Calculating S: DONE
[2026-07-23 15:33:55] Calculate `GDI`: START
[2026-07-23 15:33:55] Effective number of cores used: 80
[2026-07-23 15:33:55] Effective number of cores used: 80
[2026-07-23 15:33:55] Executing 10 genes batches
[2026-07-23 15:33:57] Total calculations elapsed time: 2.52058339118958
[2026-07-23 15:33:57] Calculate `GDI`: DONE
[2026-07-23 15:33:59] Total calculations elapsed time: 6.34518671035767
[2026-07-23 15:33:59] Calculate GDI dataframe: DONE
[2026-07-23 15:33:59] Clean plots: START
[2026-07-23 15:33:59] Total calculations elapsed time: 0.024763822555542
[2026-07-23 15:33:59] Clean plots: DONE
[2026-07-23 15:33:59] GDI plot
[2026-07-23 15:33:59] Removed 1 low GDI genes (such as the fully-expressed) in GDI plot
[2026-07-23 15:34:01] Cluster 06_0001, with size 153, is not uniform
[2026-07-23 15:34:01] Cluster 06_0001's shift to uniformity: 0.0870662352471063
[2026-07-23 15:34:01] class = SimpleGDIUniformityCheck, check.isCheckAbove = FALSE, check.GDIThreshold = 1.001, check.maxRatioBeyond = 0.01, check.maxRankBeyond = 0, check.fractionBeyond = 0.0375160324925182, check.thresholdRank = 0, check.quantileAtRatio = 1.08806623524711, check.quantileAtRank = NaN, isUniform = FALSE, clusterSize = 153
[2026-07-23 15:34:01] cluster 06_0001 has too high GDI: will be reclustered!
[2026-07-23 15:34:01] 
[2026-07-23 15:34:01] *[2026-07-23 15:34:01]  checking uniformity of cluster '2' of 34 clusters
[2026-07-23 15:34:01] Asked to drop 0 genes and 3929 cells
[2026-07-23 15:34:01] COTAN dataset analysis: START
[2026-07-23 15:34:01] Asked to drop 2376 genes and 0 cells
[2026-07-23 15:34:01] Genes/cells selection done: dropped [2376] genes and [0] cells
[2026-07-23 15:34:01] Working on [10472] genes and [148] cells
[2026-07-23 15:34:02] Dataset cleaning elapsed time: 0.805278539657593
[2026-07-23 15:34:02] Estimate `dispersion`: START
[2026-07-23 15:34:02] Effective number of cores used: 80
[2026-07-23 15:34:02] Executing 11 genes batches
[2026-07-23 15:34:02] Parallel dispersion Newton-Raphson: used up to 6 iterations
[2026-07-23 15:34:03] Parallel dispersion Newton-Raphson: used up to 6 iterations
[2026-07-23 15:34:03] Parallel dispersion Newton-Raphson: used up to 6 iterations
[2026-07-23 15:34:03] Parallel dispersion Newton-Raphson: used up to 6 iterations
[2026-07-23 15:34:03] Parallel dispersion Newton-Raphson: used up to 6 iterations
[2026-07-23 15:34:03] Parallel dispersion Newton-Raphson: used up to 6 iterations
[2026-07-23 15:34:03] Parallel dispersion Newton-Raphson: used up to 6 iterations
[2026-07-23 15:34:03] Parallel dispersion Newton-Raphson: used up to 6 iterations
[2026-07-23 15:34:03] Parallel dispersion Newton-Raphson: used up to 6 iterations
[2026-07-23 15:34:03] Parallel dispersion Newton-Raphson: used up to 6 iterations
[2026-07-23 15:34:03] Parallel dispersion Newton-Raphson: used up to 7 iterations
[2026-07-23 15:34:06] Total calculations elapsed time: 3.86159300804138
[2026-07-23 15:34:06] Estimate `dispersion`: DONE
[2026-07-23 15:34:06] Estimate `dispersion`: DONE
[2026-07-23 15:34:06] `dispersion` | min: -0.401469892219892 | max: 381.444990424485 | % negative: 74.6848739495798
[2026-07-23 15:34:07] Model parameter estimation elapsed time: 4.65273141860962
[2026-07-23 15:34:07] COTAN genes' COEX estimation: START
[2026-07-23 15:34:07] Effective number of cores used: 80
[2026-07-23 15:34:07] Calculate genes COEX (torch) on device cpu: START
[2026-07-23 15:34:07] Retrieving expected genes contingency table
[2026-07-23 15:34:07] Expected genes contingency table elapsed time: 0.0667068958282471
[2026-07-23 15:34:07] Calculating genes COEX normalization factor
[2026-07-23 15:34:08] Calculating genes COEX normalization factor elapsed time: 1.07771515846252
[2026-07-23 15:34:08] Retrieving observed genes yes/yes contingency table
[2026-07-23 15:34:08] Observed genes contingency table elapsed time: 0.0574765205383301
[2026-07-23 15:34:13] Calculate genes COEX elapsed time: 5.19694447517395
[2026-07-23 15:34:13] Total calculations elapsed time: 6.39884305000305
[2026-07-23 15:34:13] Calculate genes COEX (torch) on device cpu: DONE
[2026-07-23 15:34:14] Only genes' COEX elapsed time: 7.19782519340515
[2026-07-23 15:34:14] Dataset analysis elapsed time: 12.6558351516724
[2026-07-23 15:34:14] COTAN dataset analysis: DONE
[2026-07-23 15:34:15] Checking uniformity for the cluster '06_0002' with 148 cells
[2026-07-23 15:34:15] Calculate GDI dataframe: START
[2026-07-23 15:34:15] Using S
[2026-07-23 15:34:15] Calculating S: START
[2026-07-23 15:34:18] Calculating S: DONE
[2026-07-23 15:34:18] Calculate `GDI`: START
[2026-07-23 15:34:18] Effective number of cores used: 80
[2026-07-23 15:34:18] Effective number of cores used: 80
[2026-07-23 15:34:18] Executing 11 genes batches
[2026-07-23 15:34:20] Total calculations elapsed time: 2.45276498794556
[2026-07-23 15:34:20] Calculate `GDI`: DONE
[2026-07-23 15:34:22] Total calculations elapsed time: 6.84592437744141
[2026-07-23 15:34:22] Calculate GDI dataframe: DONE
[2026-07-23 15:34:22] Clean plots: START
[2026-07-23 15:34:22] Total calculations elapsed time: 0.023543119430542
[2026-07-23 15:34:22] Clean plots: DONE
[2026-07-23 15:34:22] GDI plot
[2026-07-23 15:34:22] Removed 1 low GDI genes (such as the fully-expressed) in GDI plot
[2026-07-23 15:34:23] Cluster 06_0002, with size 148, is not uniform
[2026-07-23 15:34:23] Cluster 06_0002's shift to uniformity: 0.141989821510392
[2026-07-23 15:34:23] class = SimpleGDIUniformityCheck, check.isCheckAbove = FALSE, check.GDIThreshold = 1.001, check.maxRatioBeyond = 0.01, check.maxRankBeyond = 0, check.fractionBeyond = 0.0810733384262796, check.thresholdRank = 0, check.quantileAtRatio = 1.14298982151039, check.quantileAtRank = NaN, isUniform = FALSE, clusterSize = 148
[2026-07-23 15:34:23] cluster 06_0002 has too high GDI: will be reclustered!
[2026-07-23 15:34:23] 
[2026-07-23 15:34:24] *[2026-07-23 15:34:24]  checking uniformity of cluster '3' of 34 clusters
[2026-07-23 15:34:24] Asked to drop 0 genes and 3934 cells
[2026-07-23 15:34:24] COTAN dataset analysis: START
[2026-07-23 15:34:24] Asked to drop 4111 genes and 0 cells
[2026-07-23 15:34:24] Genes/cells selection done: dropped [4111] genes and [0] cells
[2026-07-23 15:34:24] Working on [8737] genes and [143] cells
