[2026-07-23 16:21:19] ⇡   ✔ Done.
[2026-07-23 16:21:19] ┃   ❖ Setting up conflict resolution (zeallot)...
[2026-07-23 16:21:19] ┃   ❖ Setting up parallel processing...
[2026-07-23 16:21:19] ┃    » Logging level set to: 3
[2026-07-23 16:21:19] ┃    » Logging path set to: /data/lorenzo_delitala/data/project_files/ding/cortex_2/logs/cluster_3.log
[2026-07-23 16:21:19] ┗━━
[2026-07-23 16:21:19] ❖ Loading Cotan object with coex, p-value and gdi...
[2026-07-23 16:21:32] ┏━━ PERFORM UNIFORM CLUSTERING
[2026-07-23 16:21:32] ┃   ❖ Starting Step 1/2: Splitting clusters...
[2026-07-23 16:21:32] ⇣   ▶ cellsUniformClustering()
[2026-07-23 16:21:32]       ◦ GDIThreshold: NaN ◦ cores: 80 ◦ optimizeForSpeed: TRUE ◦ deviceStr: cpu ◦ saveObj: TRUE ◦ outDir: /data/lorenzo_delitala/data/project_files/ding/cortex_2/plots ◦ checker: NULL ◦ initialResolution: 0.8 ◦ maxIterations: 25 ◦ useDEA: TRUE ◦ distance: NULL ◦ useCoexEigen: FALSE ◦ dataMethod:  ◦ genesSel: HVG_Seurat ◦ numGenes: 2000 ◦ numReducedComp: 25 ◦ hclustMethod: ward.D2 ◦ initialClusters: NULL ◦ minimumUTClusterSize: 50 ◦ initialIteration: 1
[2026-07-23 16:21:32] Creating cells' uniform clustering: START
[2026-07-23 16:21:32] In iteration 1 [2026-07-23 16:21:32] the number of cells to re-cluster is 4077 cells belonging to 0 clusters
[2026-07-23 16:21:32] Asked to drop no genes or cells
[2026-07-23 16:21:32] Creating new clusterization: START
[2026-07-23 16:21:32] Elaborating Reduced dimensionality Data Matrix - START
[2026-07-23 16:21:32] Running genes' selection: START
[2026-07-23 16:21:34] Selected 2000 genes using HVG_Seurat selector
[2026-07-23 16:21:34] Running genes' selection: DONE
[2026-07-23 16:21:36] Elaborating PCA - START
[2026-07-23 16:21:36] Elaborating PCA - DONE
[2026-07-23 16:21:37] Total calculations elapsed time: 4.65212488174438
[2026-07-23 16:21:37] Elaborating Reduced dimensionality Data Matrix - DONE
[2026-07-23 16:21:39] Used resolution for Seurat clusterization is: 0.8
[2026-07-23 16:21:39] Total calculations elapsed time: 6.23060846328735
[2026-07-23 16:21:39] Creating new clusterization: DONE
[2026-07-23 16:21:39] Creating PDF UMAP in file:  /data/lorenzo_delitala/data/project_files/ding/cortex_2/plots/Ding_Cortex_2_Transcript/reclustering/pdf_umap_1.pdf
[2026-07-23 16:21:39] UMAP plot: START
[2026-07-23 16:21:39] Calculating UMAP: START
[2026-07-23 16:21:49] Calculating UMAP: DONE
[2026-07-23 16:21:49] Total calculations elapsed time: 9.23158931732178
[2026-07-23 16:21:49] UMAP plot: DONE
[2026-07-23 16:21:49] UMAP plot: START
[2026-07-23 16:21:49] Calculating UMAP: START
[2026-07-23 16:21:58] Calculating UMAP: DONE
[2026-07-23 16:21:58] Total calculations elapsed time: 9.27349495887756
[2026-07-23 16:21:58] UMAP plot: DONE
[2026-07-23 16:21:58] *[2026-07-23 16:21:58]  checking uniformity of cluster '0' of 14 clusters
[2026-07-23 16:21:58] Asked to drop 0 genes and 3374 cells
[2026-07-23 16:21:58] COTAN dataset analysis: START
[2026-07-23 16:21:58] Asked to drop 2188 genes and 0 cells
[2026-07-23 16:21:58] Genes/cells selection done: dropped [2188] genes and [0] cells
[2026-07-23 16:21:58] Working on [10659] genes and [703] cells
[2026-07-23 16:21:59] Dataset cleaning elapsed time: 0.697040557861328
[2026-07-23 16:21:59] Estimate `dispersion`: START
[2026-07-23 16:21:59] Effective number of cores used: 80
[2026-07-23 16:22:01] Executing 11 genes batches
[2026-07-23 16:22:02] Parallel dispersion Newton-Raphson: used up to 5 iterations
[2026-07-23 16:22:02] Parallel dispersion Newton-Raphson: used up to 5 iterations
[2026-07-23 16:22:02] Parallel dispersion Newton-Raphson: used up to 5 iterations
[2026-07-23 16:22:02] Parallel dispersion Newton-Raphson: used up to 6 iterations
[2026-07-23 16:22:02] Parallel dispersion Newton-Raphson: used up to 6 iterations
[2026-07-23 16:22:02] Parallel dispersion Newton-Raphson: used up to 6 iterations
[2026-07-23 16:22:02] Parallel dispersion Newton-Raphson: used up to 6 iterations
[2026-07-23 16:22:02] Parallel dispersion Newton-Raphson: used up to 6 iterations
[2026-07-23 16:22:02] Parallel dispersion Newton-Raphson: used up to 6 iterations
[2026-07-23 16:22:02] Parallel dispersion Newton-Raphson: used up to 5 iterations
[2026-07-23 16:22:02] Parallel dispersion Newton-Raphson: used up to 7 iterations
[2026-07-23 16:22:05] Total calculations elapsed time: 5.63403511047363
[2026-07-23 16:22:05] Estimate `dispersion`: DONE
[2026-07-23 16:22:05] Estimate `dispersion`: DONE
[2026-07-23 16:22:05] `dispersion` | min: -0.178482747113628 | max: 524.559721672014 | % negative: 59.1518904212403
[2026-07-23 16:22:06] Model parameter estimation elapsed time: 6.45353865623474
[2026-07-23 16:22:06] COTAN genes' COEX estimation: START
[2026-07-23 16:22:06] Effective number of cores used: 80
[2026-07-23 16:22:06] Calculate genes COEX (torch) on device cpu: START
[2026-07-23 16:22:06] Retrieving expected genes contingency table
[2026-07-23 16:22:06] Expected genes contingency table elapsed time: 0.16788649559021
[2026-07-23 16:22:06] Calculating genes COEX normalization factor
[2026-07-23 16:22:07] Calculating genes COEX normalization factor elapsed time: 1.16526246070862
[2026-07-23 16:22:07] Retrieving observed genes yes/yes contingency table
[2026-07-23 16:22:07] Observed genes contingency table elapsed time: 0.181879997253418
[2026-07-23 16:22:14] Calculate genes COEX elapsed time: 6.77662897109985
[2026-07-23 16:22:14] Total calculations elapsed time: 8.2916579246521
[2026-07-23 16:22:14] Calculate genes COEX (torch) on device cpu: DONE
[2026-07-23 16:22:15] Only genes' COEX elapsed time: 9.06029915809631
[2026-07-23 16:22:15] Dataset analysis elapsed time: 16.2108783721924
[2026-07-23 16:22:15] COTAN dataset analysis: DONE
[2026-07-23 16:22:15] Checking uniformity for the cluster '01_0000' with 703 cells
[2026-07-23 16:22:15] Calculate GDI dataframe: START
[2026-07-23 16:22:15] Using S
[2026-07-23 16:22:15] Calculating S: START
[2026-07-23 16:22:19] Calculating S: DONE
[2026-07-23 16:22:19] Calculate `GDI`: START
[2026-07-23 16:22:19] Effective number of cores used: 80
[2026-07-23 16:22:19] Effective number of cores used: 80
[2026-07-23 16:22:19] Executing 11 genes batches
[2026-07-23 16:22:21] Total calculations elapsed time: 2.34657192230225
[2026-07-23 16:22:21] Calculate `GDI`: DONE
[2026-07-23 16:22:22] Total calculations elapsed time: 6.61638307571411
[2026-07-23 16:22:22] Calculate GDI dataframe: DONE
[2026-07-23 16:22:22] Clean plots: START
[2026-07-23 16:22:22] Total calculations elapsed time: 0.0254056453704834
[2026-07-23 16:22:22] Clean plots: DONE
[2026-07-23 16:22:22] GDI plot
[2026-07-23 16:22:22] Removed 0 low GDI genes (such as the fully-expressed) in GDI plot
[2026-07-23 16:22:24] Cluster 01_0000, with size 703, is uniform
[2026-07-23 16:22:24] Cluster 01_0000's shift to uniformity: -0.0102519674438557
[2026-07-23 16:22:24] class = SimpleGDIUniformityCheck, check.isCheckAbove = FALSE, check.GDIThreshold = 1.4, check.maxRatioBeyond = 0.01, check.maxRankBeyond = 0, check.fractionBeyond = 0.0089126559714795, check.thresholdRank = 0, check.quantileAtRatio = 1.38974803255614, check.quantileAtRank = NaN, isUniform = TRUE, clusterSize = 703
[2026-07-23 16:22:24] cluster 01_0000 is uniform
[2026-07-23 16:22:24] 
[2026-07-23 16:22:25] *[2026-07-23 16:22:25]  checking uniformity of cluster '1' of 14 clusters
[2026-07-23 16:22:25] Asked to drop 0 genes and 3505 cells
[2026-07-23 16:22:25] COTAN dataset analysis: START
[2026-07-23 16:22:25] Asked to drop 1987 genes and 0 cells
[2026-07-23 16:22:25] Genes/cells selection done: dropped [1987] genes and [0] cells
[2026-07-23 16:22:25] Working on [10860] genes and [572] cells
[2026-07-23 16:22:26] Dataset cleaning elapsed time: 0.765033721923828
[2026-07-23 16:22:26] Estimate `dispersion`: START
[2026-07-23 16:22:26] Effective number of cores used: 80
[2026-07-23 16:22:26] Executing 11 genes batches
[2026-07-23 16:22:26] Parallel dispersion Newton-Raphson: used up to 7 iterations
[2026-07-23 16:22:26] Parallel dispersion Newton-Raphson: used up to 6 iterations
[2026-07-23 16:22:26] Parallel dispersion Newton-Raphson: used up to 6 iterations
[2026-07-23 16:22:26] Parallel dispersion Newton-Raphson: used up to 6 iterations
[2026-07-23 16:22:26] Parallel dispersion Newton-Raphson: used up to 6 iterations
[2026-07-23 16:22:26] Parallel dispersion Newton-Raphson: used up to 6 iterations
[2026-07-23 16:22:26] Parallel dispersion Newton-Raphson: used up to 5 iterations
[2026-07-23 16:22:26] Parallel dispersion Newton-Raphson: used up to 5 iterations
[2026-07-23 16:22:27] Parallel dispersion Newton-Raphson: used up to 6 iterations
[2026-07-23 16:22:27] Parallel dispersion Newton-Raphson: used up to 6 iterations
[2026-07-23 16:22:27] Parallel dispersion Newton-Raphson: used up to 7 iterations
[2026-07-23 16:22:30] Total calculations elapsed time: 4.05370187759399
[2026-07-23 16:22:30] Estimate `dispersion`: DONE
[2026-07-23 16:22:30] Estimate `dispersion`: DONE
[2026-07-23 16:22:30] `dispersion` | min: -0.240029935506711 | max: 321.225037879889 | % negative: 57.4677716390424
[2026-07-23 16:22:30] Model parameter estimation elapsed time: 4.7851779460907
[2026-07-23 16:22:30] COTAN genes' COEX estimation: START
[2026-07-23 16:22:30] Effective number of cores used: 80
[2026-07-23 16:22:30] Calculate genes COEX (torch) on device cpu: START
[2026-07-23 16:22:30] Retrieving expected genes contingency table
[2026-07-23 16:22:30] Expected genes contingency table elapsed time: 0.124104499816895
[2026-07-23 16:22:30] Calculating genes COEX normalization factor
[2026-07-23 16:22:32] Calculating genes COEX normalization factor elapsed time: 1.09403157234192
[2026-07-23 16:22:32] Retrieving observed genes yes/yes contingency table
[2026-07-23 16:22:32] Observed genes contingency table elapsed time: 0.121534585952759
[2026-07-23 16:22:37] Calculate genes COEX elapsed time: 5.4107027053833
[2026-07-23 16:22:37] Total calculations elapsed time: 6.75037336349487
[2026-07-23 16:22:37] Calculate genes COEX (torch) on device cpu: DONE
[2026-07-23 16:22:38] Only genes' COEX elapsed time: 7.57851147651672
[2026-07-23 16:22:38] Dataset analysis elapsed time: 13.1287231445312
[2026-07-23 16:22:38] COTAN dataset analysis: DONE
[2026-07-23 16:22:39] Checking uniformity for the cluster '01_0001' with 572 cells
[2026-07-23 16:22:39] Calculate GDI dataframe: START
[2026-07-23 16:22:39] Using S
[2026-07-23 16:22:39] Calculating S: START
[2026-07-23 16:22:42] Calculating S: DONE
[2026-07-23 16:22:42] Calculate `GDI`: START
[2026-07-23 16:22:42] Effective number of cores used: 80
[2026-07-23 16:22:42] Effective number of cores used: 80
[2026-07-23 16:22:42] Executing 11 genes batches
[2026-07-23 16:22:44] Total calculations elapsed time: 2.40112161636353
[2026-07-23 16:22:44] Calculate `GDI`: DONE
[2026-07-23 16:22:46] Total calculations elapsed time: 6.99565696716309
[2026-07-23 16:22:46] Calculate GDI dataframe: DONE
[2026-07-23 16:22:46] Clean plots: START
[2026-07-23 16:22:46] Total calculations elapsed time: 0.0231597423553467
[2026-07-23 16:22:46] Clean plots: DONE
[2026-07-23 16:22:46] GDI plot
[2026-07-23 16:22:46] Removed 0 low GDI genes (such as the fully-expressed) in GDI plot
[2026-07-23 16:22:48] Cluster 01_0001, with size 572, is uniform
[2026-07-23 16:22:48] Cluster 01_0001's shift to uniformity: -0.0451005310176331
[2026-07-23 16:22:48] class = SimpleGDIUniformityCheck, check.isCheckAbove = FALSE, check.GDIThreshold = 1.4, check.maxRatioBeyond = 0.01, check.maxRankBeyond = 0, check.fractionBeyond = 0.00267034990791897, check.thresholdRank = 0, check.quantileAtRatio = 1.35489946898237, check.quantileAtRank = NaN, isUniform = TRUE, clusterSize = 572
[2026-07-23 16:22:48] cluster 01_0001 is uniform
[2026-07-23 16:22:48] 
[2026-07-23 16:22:49] *[2026-07-23 16:22:49]  checking uniformity of cluster '2' of 14 clusters
[2026-07-23 16:22:49] Asked to drop 0 genes and 3544 cells
[2026-07-23 16:22:49] COTAN dataset analysis: START
[2026-07-23 16:22:49] Asked to drop 2478 genes and 0 cells
[2026-07-23 16:22:49] Genes/cells selection done: dropped [2478] genes and [0] cells
[2026-07-23 16:22:49] Working on [10369] genes and [533] cells
[2026-07-23 16:22:49] Dataset cleaning elapsed time: 0.813039064407349
[2026-07-23 16:22:49] Estimate `dispersion`: START
[2026-07-23 16:22:49] Effective number of cores used: 80
[2026-07-23 16:22:49] Executing 11 genes batches
[2026-07-23 16:22:50] Parallel dispersion Newton-Raphson: used up to 5 iterations
[2026-07-23 16:22:50] Parallel dispersion Newton-Raphson: used up to 6 iterations
[2026-07-23 16:22:50] Parallel dispersion Newton-Raphson: used up to 6 iterations
[2026-07-23 16:22:50] Parallel dispersion Newton-Raphson: used up to 6 iterations
[2026-07-23 16:22:50] Parallel dispersion Newton-Raphson: used up to 6 iterations
[2026-07-23 16:22:50] Parallel dispersion Newton-Raphson: used up to 6 iterations
[2026-07-23 16:22:50] Parallel dispersion Newton-Raphson: used up to 5 iterations
[2026-07-23 16:22:50] Parallel dispersion Newton-Raphson: used up to 6 iterations
[2026-07-23 16:22:50] Parallel dispersion Newton-Raphson: used up to 6 iterations
[2026-07-23 16:22:50] Parallel dispersion Newton-Raphson: used up to 6 iterations
[2026-07-23 16:22:51] Parallel dispersion Newton-Raphson: used up to 7 iterations
[2026-07-23 16:22:53] Total calculations elapsed time: 4.09856557846069
[2026-07-23 16:22:53] Estimate `dispersion`: DONE
[2026-07-23 16:22:53] Estimate `dispersion`: DONE
[2026-07-23 16:22:53] `dispersion` | min: -0.212155804707828 | max: 421.609986301443 | % negative: 58.8484906934131
[2026-07-23 16:22:54] Model parameter estimation elapsed time: 4.91728448867798
[2026-07-23 16:22:54] COTAN genes' COEX estimation: START
[2026-07-23 16:22:54] Effective number of cores used: 80
[2026-07-23 16:22:54] Calculate genes COEX (torch) on device cpu: START
[2026-07-23 16:22:54] Retrieving expected genes contingency table
[2026-07-23 16:22:54] Expected genes contingency table elapsed time: 0.115153551101685
[2026-07-23 16:22:54] Calculating genes COEX normalization factor
[2026-07-23 16:22:56] Calculating genes COEX normalization factor elapsed time: 1.16365003585815
[2026-07-23 16:22:56] Retrieving observed genes yes/yes contingency table
[2026-07-23 16:22:56] Observed genes contingency table elapsed time: 0.128899812698364
[2026-07-23 16:23:01] Calculate genes COEX elapsed time: 5.00536394119263
[2026-07-23 16:23:01] Total calculations elapsed time: 6.41306734085083
[2026-07-23 16:23:01] Calculate genes COEX (torch) on device cpu: DONE
[2026-07-23 16:23:02] Only genes' COEX elapsed time: 7.20842480659485
[2026-07-23 16:23:02] Dataset analysis elapsed time: 12.9387483596802
[2026-07-23 16:23:02] COTAN dataset analysis: DONE
[2026-07-23 16:23:02] Checking uniformity for the cluster '01_0002' with 533 cells
[2026-07-23 16:23:02] Calculate GDI dataframe: START
[2026-07-23 16:23:02] Using S
[2026-07-23 16:23:02] Calculating S: START
[2026-07-23 16:23:05] Calculating S: DONE
[2026-07-23 16:23:05] Calculate `GDI`: START
[2026-07-23 16:23:05] Effective number of cores used: 80
[2026-07-23 16:23:05] Effective number of cores used: 80
[2026-07-23 16:23:05] Executing 11 genes batches
[2026-07-23 16:23:08] Total calculations elapsed time: 2.46020936965942
[2026-07-23 16:23:08] Calculate `GDI`: DONE
[2026-07-23 16:23:09] Total calculations elapsed time: 6.73041296005249
[2026-07-23 16:23:09] Calculate GDI dataframe: DONE
[2026-07-23 16:23:09] Clean plots: START
[2026-07-23 16:23:09] Total calculations elapsed time: 0.0234794616699219
[2026-07-23 16:23:09] Clean plots: DONE
[2026-07-23 16:23:09] GDI plot
[2026-07-23 16:23:09] Removed 0 low GDI genes (such as the fully-expressed) in GDI plot
[2026-07-23 16:23:11] Cluster 01_0002, with size 533, is not uniform
[2026-07-23 16:23:11] Cluster 01_0002's shift to uniformity: 0.178639304757024
[2026-07-23 16:23:11] class = SimpleGDIUniformityCheck, check.isCheckAbove = FALSE, check.GDIThreshold = 1.4, check.maxRatioBeyond = 0.01, check.maxRankBeyond = 0, check.fractionBeyond = 0.0460989487896615, check.thresholdRank = 0, check.quantileAtRatio = 1.57863930475702, check.quantileAtRank = NaN, isUniform = FALSE, clusterSize = 533
[2026-07-23 16:23:11] cluster 01_0002 has too high GDI: will be reclustered!
[2026-07-23 16:23:11] 
[2026-07-23 16:23:12] *[2026-07-23 16:23:12]  checking uniformity of cluster '3' of 14 clusters
[2026-07-23 16:23:12] Asked to drop 0 genes and 3556 cells
[2026-07-23 16:23:12] COTAN dataset analysis: START
[2026-07-23 16:23:12] Asked to drop 3786 genes and 0 cells
[2026-07-23 16:23:12] Genes/cells selection done: dropped [3786] genes and [0] cells
[2026-07-23 16:23:12] Working on [9061] genes and [521] cells
[2026-07-23 16:23:12] Dataset cleaning elapsed time: 0.82038426399231
[2026-07-23 16:23:12] Estimate `dispersion`: START
[2026-07-23 16:23:12] Effective number of cores used: 80
[2026-07-23 16:23:12] Executing 9 genes batches
[2026-07-23 16:23:13] Parallel dispersion Newton-Raphson: used up to 6 iterations
[2026-07-23 16:23:13] Parallel dispersion Newton-Raphson: used up to 6 iterations
[2026-07-23 16:23:13] Parallel dispersion Newton-Raphson: used up to 6 iterations
[2026-07-23 16:23:13] Parallel dispersion Newton-Raphson: used up to 6 iterations
[2026-07-23 16:23:13] Parallel dispersion Newton-Raphson: used up to 6 iterations
[2026-07-23 16:23:13] Parallel dispersion Newton-Raphson: used up to 6 iterations
[2026-07-23 16:23:13] Parallel dispersion Newton-Raphson: used up to 6 iterations
[2026-07-23 16:23:13] Parallel dispersion Newton-Raphson: used up to 6 iterations
[2026-07-23 16:23:13] Parallel dispersion Newton-Raphson: used up to 6 iterations
[2026-07-23 16:23:16] Total calculations elapsed time: 3.95553541183472
[2026-07-23 16:23:16] Estimate `dispersion`: DONE
[2026-07-23 16:23:16] Estimate `dispersion`: DONE
[2026-07-23 16:23:16] `dispersion` | min: -0.166606164531946 | max: 276.63349858858 | % negative: 61.2404811830924
[2026-07-23 16:23:17] Model parameter estimation elapsed time: 4.81922221183777
[2026-07-23 16:23:17] COTAN genes' COEX estimation: START
[2026-07-23 16:23:17] Effective number of cores used: 80
[2026-07-23 16:23:17] Calculate genes COEX (torch) on device cpu: START
[2026-07-23 16:23:17] Retrieving expected genes contingency table
[2026-07-23 16:23:17] Expected genes contingency table elapsed time: 0.0785555839538574
[2026-07-23 16:23:17] Calculating genes COEX normalization factor
[2026-07-23 16:23:18] Calculating genes COEX normalization factor elapsed time: 1.01709032058716
[2026-07-23 16:23:18] Retrieving observed genes yes/yes contingency table
[2026-07-23 16:23:18] Observed genes contingency table elapsed time: 0.0751378536224365
[2026-07-23 16:23:22] Calculate genes COEX elapsed time: 4.00099754333496
[2026-07-23 16:23:22] Total calculations elapsed time: 5.17178130149841
[2026-07-23 16:23:22] Calculate genes COEX (torch) on device cpu: DONE
[2026-07-23 16:23:23] Only genes' COEX elapsed time: 5.91098427772522
[2026-07-23 16:23:23] Dataset analysis elapsed time: 11.5505907535553
[2026-07-23 16:23:23] COTAN dataset analysis: DONE
[2026-07-23 16:23:24] Checking uniformity for the cluster '01_0003' with 521 cells
[2026-07-23 16:23:24] Calculate GDI dataframe: START
[2026-07-23 16:23:24] Using S
[2026-07-23 16:23:24] Calculating S: START
[2026-07-23 16:23:26] Calculating S: DONE
[2026-07-23 16:23:26] Calculate `GDI`: START
[2026-07-23 16:23:26] Effective number of cores used: 80
[2026-07-23 16:23:26] Effective number of cores used: 80
[2026-07-23 16:23:26] Executing 9 genes batches
[2026-07-23 16:23:28] Total calculations elapsed time: 2.32585835456848
[2026-07-23 16:23:28] Calculate `GDI`: DONE
[2026-07-23 16:23:30] Total calculations elapsed time: 5.71274709701538
[2026-07-23 16:23:30] Calculate GDI dataframe: DONE
[2026-07-23 16:23:30] Clean plots: START
[2026-07-23 16:23:30] Total calculations elapsed time: 0.023223876953125
[2026-07-23 16:23:30] Clean plots: DONE
[2026-07-23 16:23:30] GDI plot
[2026-07-23 16:23:30] Removed 0 low GDI genes (such as the fully-expressed) in GDI plot
[2026-07-23 16:23:32] Cluster 01_0003, with size 521, is not uniform
[2026-07-23 16:23:32] Cluster 01_0003's shift to uniformity: 0.00477333858163842
[2026-07-23 16:23:32] class = SimpleGDIUniformityCheck, check.isCheckAbove = FALSE, check.GDIThreshold = 1.4, check.maxRatioBeyond = 0.01, check.maxRankBeyond = 0, check.fractionBeyond = 0.010263767796049, check.thresholdRank = 0, check.quantileAtRatio = 1.40477333858164, check.quantileAtRank = NaN, isUniform = FALSE, clusterSize = 521
[2026-07-23 16:23:32] cluster 01_0003 has too high GDI: will be reclustered!
[2026-07-23 16:23:32] 
[2026-07-23 16:23:32] *[2026-07-23 16:23:32]  checking uniformity of cluster '4' of 14 clusters
[2026-07-23 16:23:32] Asked to drop 0 genes and 3668 cells
[2026-07-23 16:23:32] COTAN dataset analysis: START
[2026-07-23 16:23:32] Asked to drop 5991 genes and 0 cells
[2026-07-23 16:23:32] Genes/cells selection done: dropped [5991] genes and [0] cells
[2026-07-23 16:23:32] Working on [6856] genes and [409] cells
[2026-07-23 16:23:33] Dataset cleaning elapsed time: 0.742494583129883
[2026-07-23 16:23:33] Estimate `dispersion`: START
[2026-07-23 16:23:33] Effective number of cores used: 80
[2026-07-23 16:23:33] Executing 7 genes batches
[2026-07-23 16:23:33] Parallel dispersion Newton-Raphson: used up to 7 iterations
[2026-07-23 16:23:33] Parallel dispersion Newton-Raphson: used up to 6 iterations
[2026-07-23 16:23:34] Parallel dispersion Newton-Raphson: used up to 7 iterations
[2026-07-23 16:23:34] Parallel dispersion Newton-Raphson: used up to 7 iterations
[2026-07-23 16:23:34] Parallel dispersion Newton-Raphson: used up to 7 iterations
[2026-07-23 16:23:34] Parallel dispersion Newton-Raphson: used up to 7 iterations
[2026-07-23 16:23:34] Parallel dispersion Newton-Raphson: used up to 7 iterations
[2026-07-23 16:23:37] Total calculations elapsed time: 3.68896079063416
[2026-07-23 16:23:37] Estimate `dispersion`: DONE
[2026-07-23 16:23:37] Estimate `dispersion`: DONE
[2026-07-23 16:23:37] `dispersion` | min: -0.291915124944458 | max: 344.190402323736 | % negative: 73.0017502917153
[2026-07-23 16:23:37] Model parameter estimation elapsed time: 4.43424916267395
[2026-07-23 16:23:37] COTAN genes' COEX estimation: START
[2026-07-23 16:23:37] Effective number of cores used: 80
[2026-07-23 16:23:37] Calculate genes COEX (torch) on device cpu: START
[2026-07-23 16:23:37] Retrieving expected genes contingency table
[2026-07-23 16:23:38] Expected genes contingency table elapsed time: 0.0793976783752441
[2026-07-23 16:23:38] Calculating genes COEX normalization factor
[2026-07-23 16:23:39] Calculating genes COEX normalization factor elapsed time: 1.05220127105713
[2026-07-23 16:23:39] Retrieving observed genes yes/yes contingency table
[2026-07-23 16:23:39] Observed genes contingency table elapsed time: 0.0466804504394531
[2026-07-23 16:23:41] Calculate genes COEX elapsed time: 2.37397384643555
[2026-07-23 16:23:41] Total calculations elapsed time: 3.55225324630737
[2026-07-23 16:23:41] Calculate genes COEX (torch) on device cpu: DONE
[2026-07-23 16:23:42] Only genes' COEX elapsed time: 4.37273216247559
[2026-07-23 16:23:42] Dataset analysis elapsed time: 9.54947590827942
[2026-07-23 16:23:42] COTAN dataset analysis: DONE
[2026-07-23 16:23:43] Checking uniformity for the cluster '01_0004' with 409 cells
[2026-07-23 16:23:43] Calculate GDI dataframe: START
[2026-07-23 16:23:43] Using S
[2026-07-23 16:23:43] Calculating S: START
[2026-07-23 16:23:44] Calculating S: DONE
[2026-07-23 16:23:44] Calculate `GDI`: START
[2026-07-23 16:23:44] Effective number of cores used: 80
[2026-07-23 16:23:44] Effective number of cores used: 80
[2026-07-23 16:23:44] Executing 7 genes batches
[2026-07-23 16:23:45] Total calculations elapsed time: 1.43989157676697
[2026-07-23 16:23:45] Calculate `GDI`: DONE
[2026-07-23 16:23:46] Total calculations elapsed time: 3.86722993850708
[2026-07-23 16:23:46] Calculate GDI dataframe: DONE
[2026-07-23 16:23:47] Clean plots: START
[2026-07-23 16:23:47] Total calculations elapsed time: 0.023226261138916
[2026-07-23 16:23:47] Clean plots: DONE
[2026-07-23 16:23:47] GDI plot
[2026-07-23 16:23:47] Removed 0 low GDI genes (such as the fully-expressed) in GDI plot
[2026-07-23 16:23:48] Cluster 01_0004, with size 409, is not uniform
[2026-07-23 16:23:48] Cluster 01_0004's shift to uniformity: 0.17794250997188
[2026-07-23 16:23:48] class = SimpleGDIUniformityCheck, check.isCheckAbove = FALSE, check.GDIThreshold = 1.4, check.maxRatioBeyond = 0.01, check.maxRankBeyond = 0, check.fractionBeyond = 0.0245040840140023, check.thresholdRank = 0, check.quantileAtRatio = 1.57794250997188, check.quantileAtRank = NaN, isUniform = FALSE, clusterSize = 409
[2026-07-23 16:23:48] cluster 01_0004 has too high GDI: will be reclustered!
[2026-07-23 16:23:48] 
[2026-07-23 16:23:49] *[2026-07-23 16:23:49]  checking uniformity of cluster '5' of 14 clusters
[2026-07-23 16:23:49] Asked to drop 0 genes and 3775 cells
[2026-07-23 16:23:49] COTAN dataset analysis: START
[2026-07-23 16:23:49] Asked to drop 6599 genes and 0 cells
[2026-07-23 16:23:49] Genes/cells selection done: dropped [6599] genes and [0] cells
[2026-07-23 16:23:49] Working on [6248] genes and [302] cells
[2026-07-23 16:23:50] Dataset cleaning elapsed time: 0.790936470031738
[2026-07-23 16:23:50] Estimate `dispersion`: START
[2026-07-23 16:23:50] Effective number of cores used: 80
[2026-07-23 16:23:50] Executing 7 genes batches
[2026-07-23 16:23:50] Parallel dispersion Newton-Raphson: used up to 6 iterations
[2026-07-23 16:23:50] Parallel dispersion Newton-Raphson: used up to 6 iterations
[2026-07-23 16:23:50] Parallel dispersion Newton-Raphson: used up to 6 iterations
[2026-07-23 16:23:50] Parallel dispersion Newton-Raphson: used up to 7 iterations
[2026-07-23 16:23:50] Parallel dispersion Newton-Raphson: used up to 7 iterations
[2026-07-23 16:23:50] Parallel dispersion Newton-Raphson: used up to 7 iterations
[2026-07-23 16:23:50] Parallel dispersion Newton-Raphson: used up to 7 iterations
[2026-07-23 16:23:53] Total calculations elapsed time: 3.52559494972229
[2026-07-23 16:23:53] Estimate `dispersion`: DONE
[2026-07-23 16:23:53] Estimate `dispersion`: DONE
[2026-07-23 16:23:53] `dispersion` | min: -0.460258277766315 | max: 241.939324954856 | % negative: 72.3431498079385
[2026-07-23 16:23:54] Model parameter estimation elapsed time: 4.35869336128235
[2026-07-23 16:23:54] COTAN genes' COEX estimation: START
[2026-07-23 16:23:54] Effective number of cores used: 80
[2026-07-23 16:23:54] Calculate genes COEX (torch) on device cpu: START
[2026-07-23 16:23:54] Retrieving expected genes contingency table
[2026-07-23 16:23:54] Expected genes contingency table elapsed time: 0.0407445430755615
[2026-07-23 16:23:54] Calculating genes COEX normalization factor
[2026-07-23 16:23:55] Calculating genes COEX normalization factor elapsed time: 0.925856351852417
[2026-07-23 16:23:55] Retrieving observed genes yes/yes contingency table
[2026-07-23 16:23:55] Observed genes contingency table elapsed time: 0.0543599128723145
[2026-07-23 16:23:57] Calculate genes COEX elapsed time: 2.0948646068573
[2026-07-23 16:23:57] Total calculations elapsed time: 3.11582541465759
[2026-07-23 16:23:57] Calculate genes COEX (torch) on device cpu: DONE
[2026-07-23 16:23:58] Only genes' COEX elapsed time: 3.90368223190308
[2026-07-23 16:23:58] Dataset analysis elapsed time: 9.05331206321716
[2026-07-23 16:23:58] COTAN dataset analysis: DONE
[2026-07-23 16:23:59] Checking uniformity for the cluster '01_0005' with 302 cells
[2026-07-23 16:23:59] Calculate GDI dataframe: START
[2026-07-23 16:23:59] Using S
[2026-07-23 16:23:59] Calculating S: START
[2026-07-23 16:24:00] Calculating S: DONE
[2026-07-23 16:24:00] Calculate `GDI`: START
[2026-07-23 16:24:00] Effective number of cores used: 80
[2026-07-23 16:24:00] Effective number of cores used: 80
[2026-07-23 16:24:00] Executing 7 genes batches
[2026-07-23 16:24:01] Total calculations elapsed time: 1.26129841804504
[2026-07-23 16:24:01] Calculate `GDI`: DONE
[2026-07-23 16:24:02] Total calculations elapsed time: 3.44451761245728
[2026-07-23 16:24:02] Calculate GDI dataframe: DONE
[2026-07-23 16:24:02] Clean plots: START
[2026-07-23 16:24:02] Total calculations elapsed time: 0.0239109992980957
[2026-07-23 16:24:02] Clean plots: DONE
[2026-07-23 16:24:02] GDI plot
[2026-07-23 16:24:02] Removed 0 low GDI genes (such as the fully-expressed) in GDI plot
[2026-07-23 16:24:04] Cluster 01_0005, with size 302, is not uniform
[2026-07-23 16:24:04] Cluster 01_0005's shift to uniformity: 0.38037387635092
[2026-07-23 16:24:04] class = SimpleGDIUniformityCheck, check.isCheckAbove = FALSE, check.GDIThreshold = 1.4, check.maxRatioBeyond = 0.01, check.maxRankBeyond = 0, check.fractionBeyond = 0.0443341869398207, check.thresholdRank = 0, check.quantileAtRatio = 1.78037387635092, check.quantileAtRank = NaN, isUniform = FALSE, clusterSize = 302
[2026-07-23 16:24:04] cluster 01_0005 has too high GDI: will be reclustered!
[2026-07-23 16:24:04] 
[2026-07-23 16:24:05] *[2026-07-23 16:24:05]  checking uniformity of cluster '6' of 14 clusters
[2026-07-23 16:24:05] Asked to drop 0 genes and 3854 cells
[2026-07-23 16:24:05] COTAN dataset analysis: START
[2026-07-23 16:24:05] Asked to drop 5721 genes and 0 cells
[2026-07-23 16:24:05] Genes/cells selection done: dropped [5721] genes and [0] cells
[2026-07-23 16:24:05] Working on [7126] genes and [223] cells
[2026-07-23 16:24:05] Dataset cleaning elapsed time: 0.826603412628174
[2026-07-23 16:24:05] Estimate `dispersion`: START
[2026-07-23 16:24:05] Effective number of cores used: 80
[2026-07-23 16:24:05] Executing 7 genes batches
[2026-07-23 16:24:06] Parallel dispersion Newton-Raphson: used up to 6 iterations
[2026-07-23 16:24:06] Parallel dispersion Newton-Raphson: used up to 5 iterations
[2026-07-23 16:24:06] Parallel dispersion Newton-Raphson: used up to 6 iterations
[2026-07-23 16:24:06] Parallel dispersion Newton-Raphson: used up to 6 iterations
[2026-07-23 16:24:06] Parallel dispersion Newton-Raphson: used up to 6 iterations
[2026-07-23 16:24:06] Parallel dispersion Newton-Raphson: used up to 6 iterations
[2026-07-23 16:24:06] Parallel dispersion Newton-Raphson: used up to 6 iterations
[2026-07-23 16:24:09] Total calculations elapsed time: 3.51990246772766
[2026-07-23 16:24:09] Estimate `dispersion`: DONE
[2026-07-23 16:24:09] Estimate `dispersion`: DONE
[2026-07-23 16:24:09] `dispersion` | min: -0.256677249580223 | max: 201.682716202268 | % negative: 71.372438955936
[2026-07-23 16:24:10] Model parameter estimation elapsed time: 4.46660780906677
[2026-07-23 16:24:10] COTAN genes' COEX estimation: START
[2026-07-23 16:24:10] Effective number of cores used: 80
[2026-07-23 16:24:10] Calculate genes COEX (torch) on device cpu: START
[2026-07-23 16:24:10] Retrieving expected genes contingency table
[2026-07-23 16:24:10] Expected genes contingency table elapsed time: 0.0361213684082031
[2026-07-23 16:24:10] Calculating genes COEX normalization factor
[2026-07-23 16:24:11] Calculating genes COEX normalization factor elapsed time: 0.919578552246094
[2026-07-23 16:24:11] Retrieving observed genes yes/yes contingency table
[2026-07-23 16:24:11] Observed genes contingency table elapsed time: 0.0290970802307129
[2026-07-23 16:24:13] Calculate genes COEX elapsed time: 2.57190442085266
[2026-07-23 16:24:13] Total calculations elapsed time: 3.55670142173767
[2026-07-23 16:24:13] Calculate genes COEX (torch) on device cpu: DONE
[2026-07-23 16:24:14] Only genes' COEX elapsed time: 4.34688806533813
[2026-07-23 16:24:14] Dataset analysis elapsed time: 9.64009928703308
[2026-07-23 16:24:14] COTAN dataset analysis: DONE
[2026-07-23 16:24:15] Checking uniformity for the cluster '01_0006' with 223 cells
[2026-07-23 16:24:15] Calculate GDI dataframe: START
[2026-07-23 16:24:15] Using S
[2026-07-23 16:24:15] Calculating S: START
[2026-07-23 16:24:16] Calculating S: DONE
[2026-07-23 16:24:16] Calculate `GDI`: START
[2026-07-23 16:24:16] Effective number of cores used: 80
[2026-07-23 16:24:16] Effective number of cores used: 80
[2026-07-23 16:24:16] Executing 7 genes batches
[2026-07-23 16:24:18] Total calculations elapsed time: 1.4505455493927
[2026-07-23 16:24:18] Calculate `GDI`: DONE
[2026-07-23 16:24:19] Total calculations elapsed time: 4.02714776992798
[2026-07-23 16:24:19] Calculate GDI dataframe: DONE
[2026-07-23 16:24:19] Clean plots: START
[2026-07-23 16:24:19] Total calculations elapsed time: 0.0232093334197998
[2026-07-23 16:24:19] Clean plots: DONE
[2026-07-23 16:24:19] GDI plot
[2026-07-23 16:24:19] Removed 0 low GDI genes (such as the fully-expressed) in GDI plot
[2026-07-23 16:24:21] Cluster 01_0006, with size 223, is uniform
[2026-07-23 16:24:21] Cluster 01_0006's shift to uniformity: -0.164708272099726
[2026-07-23 16:24:21] class = SimpleGDIUniformityCheck, check.isCheckAbove = FALSE, check.GDIThreshold = 1.4, check.maxRatioBeyond = 0.01, check.maxRankBeyond = 0, check.fractionBeyond = 0, check.thresholdRank = 0, check.quantileAtRatio = 1.23529172790027, check.quantileAtRank = NaN, isUniform = TRUE, clusterSize = 223
[2026-07-23 16:24:21] cluster 01_0006 is uniform
[2026-07-23 16:24:21] 
[2026-07-23 16:24:21] *[2026-07-23 16:24:21]  checking uniformity of cluster '7' of 14 clusters
[2026-07-23 16:24:21] Asked to drop 0 genes and 3856 cells
[2026-07-23 16:24:21] COTAN dataset analysis: START
[2026-07-23 16:24:21] Asked to drop 9099 genes and 0 cells
[2026-07-23 16:24:21] Genes/cells selection done: dropped [9099] genes and [0] cells
[2026-07-23 16:24:21] Working on [3748] genes and [221] cells
[2026-07-23 16:24:22] Dataset cleaning elapsed time: 0.847731828689575
[2026-07-23 16:24:22] Estimate `dispersion`: START
[2026-07-23 16:24:22] Effective number of cores used: 80
[2026-07-23 16:24:22] Executing 4 genes batches
[2026-07-23 16:24:22] Parallel dispersion Newton-Raphson: used up to 6 iterations
[2026-07-23 16:24:23] Parallel dispersion Newton-Raphson: used up to 6 iterations
[2026-07-23 16:24:23] Parallel dispersion Newton-Raphson: used up to 11 iterations
[2026-07-23 16:24:23] Parallel dispersion Newton-Raphson: used up to 6 iterations
[2026-07-23 16:24:25] Total calculations elapsed time: 2.92227911949158
[2026-07-23 16:24:25] Estimate `dispersion`: DONE
[2026-07-23 16:24:25] Estimate `dispersion`: DONE
[2026-07-23 16:24:25] `dispersion` | min: -0.181591219662903 | max: 701.838495602914 | % negative: 80.5496264674493
[2026-07-23 16:24:26] Model parameter estimation elapsed time: 3.70662927627563
[2026-07-23 16:24:26] COTAN genes' COEX estimation: START
[2026-07-23 16:24:26] Effective number of cores used: 80
[2026-07-23 16:24:26] Calculate genes COEX (torch) on device cpu: START
[2026-07-23 16:24:26] Retrieving expected genes contingency table
[2026-07-23 16:24:26] Expected genes contingency table elapsed time: 0.0275907516479492
[2026-07-23 16:24:26] Calculating genes COEX normalization factor
[2026-07-23 16:24:27] Calculating genes COEX normalization factor elapsed time: 0.90368914604187
[2026-07-23 16:24:27] Retrieving observed genes yes/yes contingency table
[2026-07-23 16:24:27] Observed genes contingency table elapsed time: 0.0176186561584473
[2026-07-23 16:24:28] Calculate genes COEX elapsed time: 1.22051978111267
[2026-07-23 16:24:28] Total calculations elapsed time: 2.16941833496094
[2026-07-23 16:24:28] Calculate genes COEX (torch) on device cpu: DONE
[2026-07-23 16:24:29] Only genes' COEX elapsed time: 2.90175080299377
[2026-07-23 16:24:29] Dataset analysis elapsed time: 7.45611190795898
[2026-07-23 16:24:29] COTAN dataset analysis: DONE
[2026-07-23 16:24:30] Checking uniformity for the cluster '01_0007' with 221 cells
[2026-07-23 16:24:30] Calculate GDI dataframe: START
[2026-07-23 16:24:30] Using S
[2026-07-23 16:24:30] Calculating S: START
[2026-07-23 16:24:30] Calculating S: DONE
[2026-07-23 16:24:30] Calculate `GDI`: START
[2026-07-23 16:24:30] Effective number of cores used: 80
[2026-07-23 16:24:30] Effective number of cores used: 80
[2026-07-23 16:24:30] Executing 4 genes batches
[2026-07-23 16:24:31] Total calculations elapsed time: 0.670711755752563
[2026-07-23 16:24:31] Calculate `GDI`: DONE
[2026-07-23 16:24:32] Total calculations elapsed time: 2.07280349731445
[2026-07-23 16:24:32] Calculate GDI dataframe: DONE
[2026-07-23 16:24:32] Clean plots: START
[2026-07-23 16:24:32] Total calculations elapsed time: 0.0227813720703125
[2026-07-23 16:24:32] Clean plots: DONE
[2026-07-23 16:24:32] GDI plot
[2026-07-23 16:24:32] Removed 0 low GDI genes (such as the fully-expressed) in GDI plot
[2026-07-23 16:24:33] Cluster 01_0007, with size 221, is uniform
[2026-07-23 16:24:33] Cluster 01_0007's shift to uniformity: -0.235335535721201
[2026-07-23 16:24:33] class = SimpleGDIUniformityCheck, check.isCheckAbove = FALSE, check.GDIThreshold = 1.4, check.maxRatioBeyond = 0.01, check.maxRankBeyond = 0, check.fractionBeyond = 0, check.thresholdRank = 0, check.quantileAtRatio = 1.1646644642788, check.quantileAtRank = NaN, isUniform = TRUE, clusterSize = 221
[2026-07-23 16:24:33] cluster 01_0007 is uniform
[2026-07-23 16:24:33] 
[2026-07-23 16:24:34] *[2026-07-23 16:24:34]  checking uniformity of cluster '8' of 14 clusters
[2026-07-23 16:24:34] Asked to drop 0 genes and 3880 cells
[2026-07-23 16:24:34] COTAN dataset analysis: START
[2026-07-23 16:24:34] Asked to drop 4083 genes and 0 cells
[2026-07-23 16:24:34] Genes/cells selection done: dropped [4083] genes and [0] cells
[2026-07-23 16:24:34] Working on [8764] genes and [197] cells
[2026-07-23 16:24:35] Dataset cleaning elapsed time: 0.746461629867554
[2026-07-23 16:24:35] Estimate `dispersion`: START
[2026-07-23 16:24:35] Effective number of cores used: 80
[2026-07-23 16:24:35] Executing 9 genes batches
[2026-07-23 16:24:35] Parallel dispersion Newton-Raphson: used up to 6 iterations
[2026-07-23 16:24:35] Parallel dispersion Newton-Raphson: used up to 6 iterations
[2026-07-23 16:24:35] Parallel dispersion Newton-Raphson: used up to 6 iterations
[2026-07-23 16:24:35] Parallel dispersion Newton-Raphson: used up to 6 iterations
[2026-07-23 16:24:35] Parallel dispersion Newton-Raphson: used up to 6 iterations
[2026-07-23 16:24:35] Parallel dispersion Newton-Raphson: used up to 6 iterations
[2026-07-23 16:24:36] Parallel dispersion Newton-Raphson: used up to 6 iterations
[2026-07-23 16:24:36] Parallel dispersion Newton-Raphson: used up to 5 iterations
[2026-07-23 16:24:36] Parallel dispersion Newton-Raphson: used up to 6 iterations
[2026-07-23 16:24:38] Total calculations elapsed time: 3.33334636688232
[2026-07-23 16:24:38] Estimate `dispersion`: DONE
[2026-07-23 16:24:38] Estimate `dispersion`: DONE
[2026-07-23 16:24:38] `dispersion` | min: -0.212261109017027 | max: 193.686977831465 | % negative: 66.8073938840712
[2026-07-23 16:24:39] Model parameter estimation elapsed time: 4.17495179176331
[2026-07-23 16:24:39] COTAN genes' COEX estimation: START
[2026-07-23 16:24:39] Effective number of cores used: 80
[2026-07-23 16:24:39] Calculate genes COEX (torch) on device cpu: START
[2026-07-23 16:24:39] Retrieving expected genes contingency table
[2026-07-23 16:24:39] Expected genes contingency table elapsed time: 0.0466263294219971
[2026-07-23 16:24:39] Calculating genes COEX normalization factor
[2026-07-23 16:24:40] Calculating genes COEX normalization factor elapsed time: 0.992409467697144
[2026-07-23 16:24:40] Retrieving observed genes yes/yes contingency table
[2026-07-23 16:24:40] Observed genes contingency table elapsed time: 0.0423216819763184
[2026-07-23 16:24:44] Calculate genes COEX elapsed time: 3.53422784805298
[2026-07-23 16:24:44] Total calculations elapsed time: 4.61558532714844
[2026-07-23 16:24:44] Calculate genes COEX (torch) on device cpu: DONE
[2026-07-23 16:24:44] Only genes' COEX elapsed time: 5.42015838623047
[2026-07-23 16:24:44] Dataset analysis elapsed time: 10.3415718078613
[2026-07-23 16:24:44] COTAN dataset analysis: DONE
[2026-07-23 16:24:45] Checking uniformity for the cluster '01_0008' with 197 cells
[2026-07-23 16:24:45] Calculate GDI dataframe: START
[2026-07-23 16:24:45] Using S
[2026-07-23 16:24:45] Calculating S: START
[2026-07-23 16:24:47] Calculating S: DONE
[2026-07-23 16:24:47] Calculate `GDI`: START
[2026-07-23 16:24:47] Effective number of cores used: 80
[2026-07-23 16:24:47] Effective number of cores used: 80
[2026-07-23 16:24:47] Executing 9 genes batches
[2026-07-23 16:24:49] Total calculations elapsed time: 1.95313715934753
[2026-07-23 16:24:49] Calculate `GDI`: DONE
[2026-07-23 16:24:51] Total calculations elapsed time: 5.32919454574585
[2026-07-23 16:24:51] Calculate GDI dataframe: DONE
[2026-07-23 16:24:51] Clean plots: START
[2026-07-23 16:24:51] Total calculations elapsed time: 0.0227601528167725
[2026-07-23 16:24:51] Clean plots: DONE
[2026-07-23 16:24:51] GDI plot
[2026-07-23 16:24:51] Removed 0 low GDI genes (such as the fully-expressed) in GDI plot
[2026-07-23 16:24:52] Cluster 01_0008, with size 197, is not uniform
[2026-07-23 16:24:52] Cluster 01_0008's shift to uniformity: 0.0470451853621592
[2026-07-23 16:24:52] class = SimpleGDIUniformityCheck, check.isCheckAbove = FALSE, check.GDIThreshold = 1.4, check.maxRatioBeyond = 0.01, check.maxRankBeyond = 0, check.fractionBeyond = 0.0172295755362848, check.thresholdRank = 0, check.quantileAtRatio = 1.44704518536216, check.quantileAtRank = NaN, isUniform = FALSE, clusterSize = 197
[2026-07-23 16:24:52] cluster 01_0008 has too high GDI: will be reclustered!
[2026-07-23 16:24:52] 
[2026-07-23 16:24:53] *[2026-07-23 16:24:53]  checking uniformity of cluster '9' of 14 clusters
[2026-07-23 16:24:53] Asked to drop 0 genes and 3886 cells
[2026-07-23 16:24:53] COTAN dataset analysis: START
[2026-07-23 16:24:53] Asked to drop 10449 genes and 0 cells
[2026-07-23 16:24:53] Genes/cells selection done: dropped [10449] genes and [0] cells
[2026-07-23 16:24:53] Working on [2398] genes and [191] cells
[2026-07-23 16:24:54] Dataset cleaning elapsed time: 0.788705348968506
[2026-07-23 16:24:54] Estimate `dispersion`: START
[2026-07-23 16:24:54] Effective number of cores used: 80
[2026-07-23 16:24:54] Executing 3 genes batches
[2026-07-23 16:24:54] Parallel dispersion Newton-Raphson: used up to 6 iterations
[2026-07-23 16:24:54] Parallel dispersion Newton-Raphson: used up to 7 iterations
[2026-07-23 16:24:54] Parallel dispersion Newton-Raphson: used up to 7 iterations
[2026-07-23 16:24:57] Total calculations elapsed time: 2.81165504455566
[2026-07-23 16:24:57] Estimate `dispersion`: DONE
[2026-07-23 16:24:57] Estimate `dispersion`: DONE
[2026-07-23 16:24:57] `dispersion` | min: -0.157582920206398 | max: 164.03885071803 | % negative: 80.9424520433695
[2026-07-23 16:24:57] Model parameter estimation elapsed time: 3.6461009979248
[2026-07-23 16:24:57] COTAN genes' COEX estimation: START
[2026-07-23 16:24:57] Effective number of cores used: 80
[2026-07-23 16:24:57] Calculate genes COEX (torch) on device cpu: START
[2026-07-23 16:24:57] Retrieving expected genes contingency table
[2026-07-23 16:24:57] Expected genes contingency table elapsed time: 0.0201385021209717
[2026-07-23 16:24:57] Calculating genes COEX normalization factor
[2026-07-23 16:24:58] Calculating genes COEX normalization factor elapsed time: 0.756858825683594
[2026-07-23 16:24:58] Retrieving observed genes yes/yes contingency table
[2026-07-23 16:24:58] Observed genes contingency table elapsed time: 0.0101456642150879
[2026-07-23 16:24:59] Calculate genes COEX elapsed time: 0.876229763031006
[2026-07-23 16:24:59] Total calculations elapsed time: 1.66337275505066
[2026-07-23 16:24:59] Calculate genes COEX (torch) on device cpu: DONE
[2026-07-23 16:25:00] Only genes' COEX elapsed time: 2.390469789505
[2026-07-23 16:25:00] Dataset analysis elapsed time: 6.82527613639832
[2026-07-23 16:25:00] COTAN dataset analysis: DONE
[2026-07-23 16:25:01] Checking uniformity for the cluster '01_0009' with 191 cells
[2026-07-23 16:25:01] Calculate GDI dataframe: START
[2026-07-23 16:25:01] Using S
[2026-07-23 16:25:01] Calculating S: START
[2026-07-23 16:25:01] Calculating S: DONE
[2026-07-23 16:25:01] Calculate `GDI`: START
[2026-07-23 16:25:01] Effective number of cores used: 80
[2026-07-23 16:25:01] Effective number of cores used: 80
[2026-07-23 16:25:01] Executing 3 genes batches
[2026-07-23 16:25:01] Total calculations elapsed time: 0.474961519241333
[2026-07-23 16:25:01] Calculate `GDI`: DONE
[2026-07-23 16:25:02] Total calculations elapsed time: 1.5039050579071
[2026-07-23 16:25:02] Calculate GDI dataframe: DONE
[2026-07-23 16:25:02] Clean plots: START
[2026-07-23 16:25:02] Total calculations elapsed time: 0.0223500728607178
[2026-07-23 16:25:02] Clean plots: DONE
[2026-07-23 16:25:02] GDI plot
[2026-07-23 16:25:02] Removed 0 low GDI genes (such as the fully-expressed) in GDI plot
[2026-07-23 16:25:03] Cluster 01_0009, with size 191, is not uniform
[2026-07-23 16:25:03] Cluster 01_0009's shift to uniformity: 0.0512024884641014
[2026-07-23 16:25:03] class = SimpleGDIUniformityCheck, check.isCheckAbove = FALSE, check.GDIThreshold = 1.4, check.maxRatioBeyond = 0.01, check.maxRankBeyond = 0, check.fractionBeyond = 0.0179316096747289, check.thresholdRank = 0, check.quantileAtRatio = 1.4512024884641, check.quantileAtRank = NaN, isUniform = FALSE, clusterSize = 191
[2026-07-23 16:25:03] cluster 01_0009 has too high GDI: will be reclustered!
[2026-07-23 16:25:03] 
[2026-07-23 16:25:04] *[2026-07-23 16:25:04]  checking uniformity of cluster '10' of 14 clusters
[2026-07-23 16:25:04] Asked to drop 0 genes and 3979 cells
[2026-07-23 16:25:04] COTAN dataset analysis: START
[2026-07-23 16:25:04] Asked to drop 5823 genes and 0 cells
[2026-07-23 16:25:04] Genes/cells selection done: dropped [5823] genes and [0] cells
[2026-07-23 16:25:04] Working on [7024] genes and [98] cells
[2026-07-23 16:25:05] Dataset cleaning elapsed time: 0.787562608718872
[2026-07-23 16:25:05] Estimate `dispersion`: START
[2026-07-23 16:25:05] Effective number of cores used: 80
[2026-07-23 16:25:05] Executing 7 genes batches
[2026-07-23 16:25:05] Parallel dispersion Newton-Raphson: used up to 6 iterations
[2026-07-23 16:25:05] Parallel dispersion Newton-Raphson: used up to 6 iterations
[2026-07-23 16:25:05] Parallel dispersion Newton-Raphson: used up to 7 iterations
[2026-07-23 16:25:05] Parallel dispersion Newton-Raphson: used up to 8 iterations
[2026-07-23 16:25:06] Parallel dispersion Newton-Raphson: used up to 7 iterations
[2026-07-23 16:25:06] Parallel dispersion Newton-Raphson: used up to 6 iterations
[2026-07-23 16:25:06] Parallel dispersion Newton-Raphson: used up to 7 iterations
[2026-07-23 16:25:09] Total calculations elapsed time: 3.50488376617432
[2026-07-23 16:25:09] Estimate `dispersion`: DONE
[2026-07-23 16:25:09] Estimate `dispersion`: DONE
[2026-07-23 16:25:09] `dispersion` | min: -0.534780855640733 | max: 200.048313299061 | % negative: 72.4373576309795
[2026-07-23 16:25:09] Model parameter estimation elapsed time: 4.28378009796143
[2026-07-23 16:25:09] COTAN genes' COEX estimation: START
[2026-07-23 16:25:09] Effective number of cores used: 80
[2026-07-23 16:25:09] Calculate genes COEX (torch) on device cpu: START
[2026-07-23 16:25:09] Retrieving expected genes contingency table
[2026-07-23 16:25:09] Expected genes contingency table elapsed time: 0.0316417217254639
[2026-07-23 16:25:09] Calculating genes COEX normalization factor
[2026-07-23 16:25:10] Calculating genes COEX normalization factor elapsed time: 0.874722719192505
[2026-07-23 16:25:10] Retrieving observed genes yes/yes contingency table
[2026-07-23 16:25:10] Observed genes contingency table elapsed time: 0.0246400833129883
[2026-07-23 16:25:13] Calculate genes COEX elapsed time: 2.39998483657837
[2026-07-23 16:25:13] Total calculations elapsed time: 3.33098936080933
[2026-07-23 16:25:13] Calculate genes COEX (torch) on device cpu: DONE
[2026-07-23 16:25:13] Only genes' COEX elapsed time: 4.06675362586975
[2026-07-23 16:25:13] Dataset analysis elapsed time: 9.13809633255005
[2026-07-23 16:25:13] COTAN dataset analysis: DONE
[2026-07-23 16:25:14] Checking uniformity for the cluster '01_0010' with 98 cells
[2026-07-23 16:25:14] Calculate GDI dataframe: START
[2026-07-23 16:25:14] Using S
[2026-07-23 16:25:14] Calculating S: START
[2026-07-23 16:25:15] Calculating S: DONE
[2026-07-23 16:25:15] Calculate `GDI`: START
[2026-07-23 16:25:15] Effective number of cores used: 80
[2026-07-23 16:25:15] Effective number of cores used: 80
[2026-07-23 16:25:15] Executing 7 genes batches
[2026-07-23 16:25:17] Total calculations elapsed time: 1.5093822479248
[2026-07-23 16:25:17] Calculate `GDI`: DONE
[2026-07-23 16:25:18] Total calculations elapsed time: 3.93140840530396
[2026-07-23 16:25:18] Calculate GDI dataframe: DONE
[2026-07-23 16:25:18] Clean plots: START
[2026-07-23 16:25:18] Total calculations elapsed time: 0.0239992141723633
[2026-07-23 16:25:18] Clean plots: DONE
[2026-07-23 16:25:18] GDI plot
[2026-07-23 16:25:18] Removed 0 low GDI genes (such as the fully-expressed) in GDI plot
[2026-07-23 16:25:20] Cluster 01_0010, with size 98, is not uniform
[2026-07-23 16:25:20] Cluster 01_0010's shift to uniformity: 0.170306554922297
[2026-07-23 16:25:20] class = SimpleGDIUniformityCheck, check.isCheckAbove = FALSE, check.GDIThreshold = 1.4, check.maxRatioBeyond = 0.01, check.maxRankBeyond = 0, check.fractionBeyond = 0.0375854214123007, check.thresholdRank = 0, check.quantileAtRatio = 1.5703065549223, check.quantileAtRank = NaN, isUniform = FALSE, clusterSize = 98
[2026-07-23 16:25:20] cluster 01_0010 has too high GDI: will be reclustered!
[2026-07-23 16:25:20] 
[2026-07-23 16:25:21] *[2026-07-23 16:25:21]  checking uniformity of cluster '11' of 14 clusters
[2026-07-23 16:25:21] cluster 01_0011 has too few cells: will be reclustered!
[2026-07-23 16:25:21] *[2026-07-23 16:25:21]  checking uniformity of cluster '12' of 14 clusters
[2026-07-23 16:25:21] cluster 01_0012 has too few cells: will be reclustered!
[2026-07-23 16:25:21] *[2026-07-23 16:25:21]  checking uniformity of cluster '13' of 14 clusters
[2026-07-23 16:25:21] cluster 01_0013 has too few cells: will be reclustered!
[2026-07-23 16:25:21] 
[2026-07-23 16:25:21] Found 4 uniform and  10 non-uniform clusters
[2026-07-23 16:25:21] Loop calculations elapsed time: 228.881600379944
[2026-07-23 16:25:21] In iteration 2 [2026-07-23 16:25:21] the number of cells to re-cluster is 2358 cells belonging to 10 clusters
[2026-07-23 16:25:21] Asked to drop 0 genes and 1719 cells
[2026-07-23 16:25:21] Creating new clusterization: START
[2026-07-23 16:25:21] Elaborating Reduced dimensionality Data Matrix - START
[2026-07-23 16:25:21] Running genes' selection: START
[2026-07-23 16:25:23] Selected 2000 genes using HVG_Seurat selector
[2026-07-23 16:25:23] Running genes' selection: DONE
[2026-07-23 16:25:24] Elaborating PCA - START
[2026-07-23 16:25:25] Elaborating PCA - DONE
[2026-07-23 16:25:26] Total calculations elapsed time: 4.1857283115387
[2026-07-23 16:25:26] Elaborating Reduced dimensionality Data Matrix - DONE
[2026-07-23 16:25:27] Number of clusters is too small. Reclustering at resolution higher than: 0.8
[2026-07-23 16:25:27] Used resolution for Seurat clusterization is: 1.3
[2026-07-23 16:25:27] Total calculations elapsed time: 5.33727216720581
[2026-07-23 16:25:27] Creating new clusterization: DONE
[2026-07-23 16:25:27] Creating PDF UMAP in file:  /data/lorenzo_delitala/data/project_files/ding/cortex_2/plots/Ding_Cortex_2_Transcript/reclustering/pdf_umap_2.pdf
[2026-07-23 16:25:27] UMAP plot: START
[2026-07-23 16:25:27] Calculating UMAP: START
[2026-07-23 16:25:34] Calculating UMAP: DONE
[2026-07-23 16:25:34] Total calculations elapsed time: 6.96292662620544
[2026-07-23 16:25:34] UMAP plot: DONE
[2026-07-23 16:25:35] UMAP plot: START
[2026-07-23 16:25:35] Calculating UMAP: START
[2026-07-23 16:25:41] Calculating UMAP: DONE
[2026-07-23 16:25:41] Total calculations elapsed time: 6.82930946350098
[2026-07-23 16:25:41] UMAP plot: DONE
[2026-07-23 16:25:42] *[2026-07-23 16:25:42]  checking uniformity of cluster '0' of 13 clusters
[2026-07-23 16:25:42] Asked to drop 0 genes and 3748 cells
[2026-07-23 16:25:42] COTAN dataset analysis: START
[2026-07-23 16:25:42] Asked to drop 5095 genes and 0 cells
[2026-07-23 16:25:42] Genes/cells selection done: dropped [5095] genes and [0] cells
[2026-07-23 16:25:42] Working on [7752] genes and [329] cells
[2026-07-23 16:25:42] Dataset cleaning elapsed time: 0.796314239501953
[2026-07-23 16:25:42] Estimate `dispersion`: START
[2026-07-23 16:25:42] Effective number of cores used: 80
[2026-07-23 16:25:42] Executing 8 genes batches
[2026-07-23 16:25:43] Parallel dispersion Newton-Raphson: used up to 6 iterations
[2026-07-23 16:25:43] Parallel dispersion Newton-Raphson: used up to 6 iterations
[2026-07-23 16:25:43] Parallel dispersion Newton-Raphson: used up to 6 iterations
[2026-07-23 16:25:43] Parallel dispersion Newton-Raphson: used up to 6 iterations
[2026-07-23 16:25:43] Parallel dispersion Newton-Raphson: used up to 6 iterations
[2026-07-23 16:25:43] Parallel dispersion Newton-Raphson: used up to 6 iterations
[2026-07-23 16:25:43] Parallel dispersion Newton-Raphson: used up to 6 iterations
[2026-07-23 16:25:43] Parallel dispersion Newton-Raphson: used up to 6 iterations
[2026-07-23 16:25:46] Total calculations elapsed time: 3.67110371589661
[2026-07-23 16:25:46] Estimate `dispersion`: DONE
[2026-07-23 16:25:46] Estimate `dispersion`: DONE
[2026-07-23 16:25:46] `dispersion` | min: -0.116679574456757 | max: 298.595687050049 | % negative: 73.5036119711042
[2026-07-23 16:25:47] Model parameter estimation elapsed time: 4.49190354347229
[2026-07-23 16:25:47] COTAN genes' COEX estimation: START
[2026-07-23 16:25:47] Effective number of cores used: 80
[2026-07-23 16:25:47] Calculate genes COEX (torch) on device cpu: START
[2026-07-23 16:25:47] Retrieving expected genes contingency table
[2026-07-23 16:25:47] Expected genes contingency table elapsed time: 0.0489876270294189
[2026-07-23 16:25:47] Calculating genes COEX normalization factor
[2026-07-23 16:25:48] Calculating genes COEX normalization factor elapsed time: 0.973520994186401
[2026-07-23 16:25:48] Retrieving observed genes yes/yes contingency table
[2026-07-23 16:25:48] Observed genes contingency table elapsed time: 0.0541436672210693
[2026-07-23 16:25:51] Calculate genes COEX elapsed time: 2.77132439613342
[2026-07-23 16:25:51] Total calculations elapsed time: 3.84797668457031
[2026-07-23 16:25:51] Calculate genes COEX (torch) on device cpu: DONE
[2026-07-23 16:25:52] Only genes' COEX elapsed time: 4.61821007728577
[2026-07-23 16:25:52] Dataset analysis elapsed time: 9.90642786026001
[2026-07-23 16:25:52] COTAN dataset analysis: DONE
[2026-07-23 16:25:52] Checking uniformity for the cluster '02_0000' with 329 cells
[2026-07-23 16:25:52] Calculate GDI dataframe: START
[2026-07-23 16:25:52] Using S
[2026-07-23 16:25:52] Calculating S: START
[2026-07-23 16:25:54] Calculating S: DONE
[2026-07-23 16:25:54] Calculate `GDI`: START
[2026-07-23 16:25:54] Effective number of cores used: 80
[2026-07-23 16:25:54] Effective number of cores used: 80
[2026-07-23 16:25:54] Executing 8 genes batches
[2026-07-23 16:25:56] Total calculations elapsed time: 1.63711762428284
[2026-07-23 16:25:56] Calculate `GDI`: DONE
[2026-07-23 16:25:57] Total calculations elapsed time: 4.88465285301208
[2026-07-23 16:25:57] Calculate GDI dataframe: DONE
[2026-07-23 16:25:57] Clean plots: START
[2026-07-23 16:25:57] Total calculations elapsed time: 0.0262331962585449
[2026-07-23 16:25:57] Clean plots: DONE
[2026-07-23 16:25:57] GDI plot
[2026-07-23 16:25:57] Removed 0 low GDI genes (such as the fully-expressed) in GDI plot
[2026-07-23 16:25:59] Cluster 02_0000, with size 329, is uniform
[2026-07-23 16:25:59] Cluster 02_0000's shift to uniformity: -0.192884114507373
[2026-07-23 16:25:59] class = SimpleGDIUniformityCheck, check.isCheckAbove = FALSE, check.GDIThreshold = 1.4, check.maxRatioBeyond = 0.01, check.maxRankBeyond = 0, check.fractionBeyond = 0, check.thresholdRank = 0, check.quantileAtRatio = 1.20711588549263, check.quantileAtRank = NaN, isUniform = TRUE, clusterSize = 329
[2026-07-23 16:25:59] cluster 02_0000 is uniform
[2026-07-23 16:25:59] 
[2026-07-23 16:26:00] *[2026-07-23 16:26:00]  checking uniformity of cluster '1' of 13 clusters
[2026-07-23 16:26:00] Asked to drop 0 genes and 3797 cells
[2026-07-23 16:26:00] COTAN dataset analysis: START
[2026-07-23 16:26:00] Asked to drop 4255 genes and 0 cells
[2026-07-23 16:26:00] Genes/cells selection done: dropped [4255] genes and [0] cells
[2026-07-23 16:26:00] Working on [8592] genes and [280] cells
[2026-07-23 16:26:01] Dataset cleaning elapsed time: 0.792320013046265
[2026-07-23 16:26:01] Estimate `dispersion`: START
[2026-07-23 16:26:01] Effective number of cores used: 80
[2026-07-23 16:26:01] Executing 9 genes batches
[2026-07-23 16:26:01] Parallel dispersion Newton-Raphson: used up to 5 iterations
[2026-07-23 16:26:01] Parallel dispersion Newton-Raphson: used up to 5 iterations
[2026-07-23 16:26:01] Parallel dispersion Newton-Raphson: used up to 5 iterations
[2026-07-23 16:26:01] Parallel dispersion Newton-Raphson: used up to 6 iterations
[2026-07-23 16:26:02] Parallel dispersion Newton-Raphson: used up to 6 iterations
[2026-07-23 16:26:02] Parallel dispersion Newton-Raphson: used up to 6 iterations
[2026-07-23 16:26:02] Parallel dispersion Newton-Raphson: used up to 6 iterations
[2026-07-23 16:26:02] Parallel dispersion Newton-Raphson: used up to 6 iterations
[2026-07-23 16:26:02] Parallel dispersion Newton-Raphson: used up to 6 iterations
[2026-07-23 16:26:05] Total calculations elapsed time: 3.88358807563782
[2026-07-23 16:26:05] Estimate `dispersion`: DONE
[2026-07-23 16:26:05] Estimate `dispersion`: DONE
[2026-07-23 16:26:05] `dispersion` | min: -0.251149802928279 | max: 255.990591768912 | % negative: 70.7285847299814
[2026-07-23 16:26:06] Model parameter estimation elapsed time: 4.76082634925842
[2026-07-23 16:26:06] COTAN genes' COEX estimation: START
[2026-07-23 16:26:06] Effective number of cores used: 80
[2026-07-23 16:26:06] Calculate genes COEX (torch) on device cpu: START
[2026-07-23 16:26:06] Retrieving expected genes contingency table
[2026-07-23 16:26:06] Expected genes contingency table elapsed time: 0.0502951145172119
[2026-07-23 16:26:06] Calculating genes COEX normalization factor
[2026-07-23 16:26:07] Calculating genes COEX normalization factor elapsed time: 0.948098421096802
[2026-07-23 16:26:07] Retrieving observed genes yes/yes contingency table
[2026-07-23 16:26:07] Observed genes contingency table elapsed time: 0.0483853816986084
[2026-07-23 16:26:10] Calculate genes COEX elapsed time: 3.40895104408264
[2026-07-23 16:26:10] Total calculations elapsed time: 4.45572996139526
[2026-07-23 16:26:10] Calculate genes COEX (torch) on device cpu: DONE
[2026-07-23 16:26:11] Only genes' COEX elapsed time: 5.2095320224762
[2026-07-23 16:26:11] Dataset analysis elapsed time: 10.7626783847809
[2026-07-23 16:26:11] COTAN dataset analysis: DONE
[2026-07-23 16:26:12] Checking uniformity for the cluster '02_0001' with 280 cells
[2026-07-23 16:26:12] Calculate GDI dataframe: START
[2026-07-23 16:26:12] Using S
[2026-07-23 16:26:12] Calculating S: START
[2026-07-23 16:26:14] Calculating S: DONE
[2026-07-23 16:26:14] Calculate `GDI`: START
[2026-07-23 16:26:14] Effective number of cores used: 80
[2026-07-23 16:26:14] Effective number of cores used: 80
[2026-07-23 16:26:14] Executing 9 genes batches
[2026-07-23 16:26:16] Total calculations elapsed time: 2.02490019798279
[2026-07-23 16:26:16] Calculate `GDI`: DONE
[2026-07-23 16:26:17] Total calculations elapsed time: 5.36876201629639
[2026-07-23 16:26:17] Calculate GDI dataframe: DONE
[2026-07-23 16:26:17] Clean plots: START
[2026-07-23 16:26:17] Total calculations elapsed time: 0.0226643085479736
[2026-07-23 16:26:17] Clean plots: DONE
[2026-07-23 16:26:17] GDI plot
[2026-07-23 16:26:17] Removed 0 low GDI genes (such as the fully-expressed) in GDI plot
[2026-07-23 16:26:19] Cluster 02_0001, with size 280, is uniform
[2026-07-23 16:26:19] Cluster 02_0001's shift to uniformity: -0.167852469187595
[2026-07-23 16:26:19] class = SimpleGDIUniformityCheck, check.isCheckAbove = FALSE, check.GDIThreshold = 1.4, check.maxRatioBeyond = 0.01, check.maxRankBeyond = 0, check.fractionBeyond = 0, check.thresholdRank = 0, check.quantileAtRatio = 1.23214753081241, check.quantileAtRank = NaN, isUniform = TRUE, clusterSize = 280
[2026-07-23 16:26:19] cluster 02_0001 is uniform
[2026-07-23 16:26:19] 
[2026-07-23 16:26:19] *[2026-07-23 16:26:19]  checking uniformity of cluster '2' of 13 clusters
[2026-07-23 16:26:19] Asked to drop 0 genes and 3808 cells
[2026-07-23 16:26:19] COTAN dataset analysis: START
[2026-07-23 16:26:19] Asked to drop 3693 genes and 0 cells
[2026-07-23 16:26:19] Genes/cells selection done: dropped [3693] genes and [0] cells
[2026-07-23 16:26:19] Working on [9154] genes and [269] cells
[2026-07-23 16:26:20] Dataset cleaning elapsed time: 0.85152006149292
[2026-07-23 16:26:20] Estimate `dispersion`: START
[2026-07-23 16:26:20] Effective number of cores used: 80
[2026-07-23 16:26:20] Executing 9 genes batches
[2026-07-23 16:26:21] Parallel dispersion Newton-Raphson: used up to 6 iterations
[2026-07-23 16:26:21] Parallel dispersion Newton-Raphson: used up to 7 iterations
[2026-07-23 16:26:21] Parallel dispersion Newton-Raphson: used up to 6 iterations
[2026-07-23 16:26:21] Parallel dispersion Newton-Raphson: used up to 6 iterations
[2026-07-23 16:26:21] Parallel dispersion Newton-Raphson: used up to 6 iterations
[2026-07-23 16:26:21] Parallel dispersion Newton-Raphson: used up to 6 iterations
[2026-07-23 16:26:21] Parallel dispersion Newton-Raphson: used up to 7 iterations
[2026-07-23 16:26:21] Parallel dispersion Newton-Raphson: used up to 7 iterations
[2026-07-23 16:26:21] Parallel dispersion Newton-Raphson: used up to 7 iterations
[2026-07-23 16:26:24] Total calculations elapsed time: 3.74921774864197
[2026-07-23 16:26:24] Estimate `dispersion`: DONE
[2026-07-23 16:26:24] Estimate `dispersion`: DONE
[2026-07-23 16:26:24] `dispersion` | min: -0.231279505195295 | max: 322.438162800852 | % negative: 66.2333406161241
[2026-07-23 16:26:25] Model parameter estimation elapsed time: 4.59046792984009
[2026-07-23 16:26:25] COTAN genes' COEX estimation: START
[2026-07-23 16:26:25] Effective number of cores used: 80
[2026-07-23 16:26:25] Calculate genes COEX (torch) on device cpu: START
[2026-07-23 16:26:25] Retrieving expected genes contingency table
[2026-07-23 16:26:25] Expected genes contingency table elapsed time: 0.0553648471832275
[2026-07-23 16:26:25] Calculating genes COEX normalization factor
[2026-07-23 16:26:26] Calculating genes COEX normalization factor elapsed time: 1.01709318161011
[2026-07-23 16:26:26] Retrieving observed genes yes/yes contingency table
[2026-07-23 16:26:26] Observed genes contingency table elapsed time: 0.052605152130127
[2026-07-23 16:26:30] Calculate genes COEX elapsed time: 3.84050703048706
[2026-07-23 16:26:30] Total calculations elapsed time: 4.96557021141052
[2026-07-23 16:26:30] Calculate genes COEX (torch) on device cpu: DONE
[2026-07-23 16:26:31] Only genes' COEX elapsed time: 5.7063262462616
[2026-07-23 16:26:31] Dataset analysis elapsed time: 11.1483142375946
[2026-07-23 16:26:31] COTAN dataset analysis: DONE
[2026-07-23 16:26:31] Checking uniformity for the cluster '02_0002' with 269 cells
[2026-07-23 16:26:31] Calculate GDI dataframe: START
[2026-07-23 16:26:31] Using S
[2026-07-23 16:26:31] Calculating S: START
[2026-07-23 16:26:34] Calculating S: DONE
[2026-07-23 16:26:34] Calculate `GDI`: START
[2026-07-23 16:26:34] Effective number of cores used: 80
[2026-07-23 16:26:34] Effective number of cores used: 80
[2026-07-23 16:26:34] Executing 9 genes batches
[2026-07-23 16:26:36] Total calculations elapsed time: 2.29774856567383
[2026-07-23 16:26:36] Calculate `GDI`: DONE
[2026-07-23 16:26:37] Total calculations elapsed time: 5.89297008514404
[2026-07-23 16:26:37] Calculate GDI dataframe: DONE
[2026-07-23 16:26:37] Clean plots: START
[2026-07-23 16:26:37] Total calculations elapsed time: 0.0232288837432861
[2026-07-23 16:26:37] Clean plots: DONE
[2026-07-23 16:26:37] GDI plot
[2026-07-23 16:26:37] Removed 0 low GDI genes (such as the fully-expressed) in GDI plot
[2026-07-23 16:26:39] Cluster 02_0002, with size 269, is uniform
[2026-07-23 16:26:39] Cluster 02_0002's shift to uniformity: -0.0991742721131539
[2026-07-23 16:26:39] class = SimpleGDIUniformityCheck, check.isCheckAbove = FALSE, check.GDIThreshold = 1.4, check.maxRatioBeyond = 0.01, check.maxRankBeyond = 0, check.fractionBeyond = 0.00229407909110771, check.thresholdRank = 0, check.quantileAtRatio = 1.30082572788685, check.quantileAtRank = NaN, isUniform = TRUE, clusterSize = 269
[2026-07-23 16:26:39] cluster 02_0002 is uniform
[2026-07-23 16:26:39] 
[2026-07-23 16:26:40] *[2026-07-23 16:26:40]  checking uniformity of cluster '3' of 13 clusters
[2026-07-23 16:26:40] Asked to drop 0 genes and 3846 cells
[2026-07-23 16:26:40] COTAN dataset analysis: START
[2026-07-23 16:26:40] Asked to drop 2137 genes and 0 cells
[2026-07-23 16:26:40] Genes/cells selection done: dropped [2137] genes and [0] cells
[2026-07-23 16:26:40] Working on [10710] genes and [231] cells
[2026-07-23 16:26:41] Dataset cleaning elapsed time: 0.755655527114868
[2026-07-23 16:26:41] Estimate `dispersion`: START
[2026-07-23 16:26:41] Effective number of cores used: 80
[2026-07-23 16:26:41] Executing 11 genes batches
[2026-07-23 16:26:41] Parallel dispersion Newton-Raphson: used up to 5 iterations
[2026-07-23 16:26:41] Parallel dispersion Newton-Raphson: used up to 5 iterations
[2026-07-23 16:26:41] Parallel dispersion Newton-Raphson: used up to 7 iterations
[2026-07-23 16:26:41] Parallel dispersion Newton-Raphson: used up to 7 iterations
[2026-07-23 16:26:41] Parallel dispersion Newton-Raphson: used up to 6 iterations
[2026-07-23 16:26:41] Parallel dispersion Newton-Raphson: used up to 6 iterations
[2026-07-23 16:26:41] Parallel dispersion Newton-Raphson: used up to 6 iterations
[2026-07-23 16:26:42] Parallel dispersion Newton-Raphson: used up to 5 iterations
[2026-07-23 16:26:42] Parallel dispersion Newton-Raphson: used up to 6 iterations
[2026-07-23 16:26:42] Parallel dispersion Newton-Raphson: used up to 6 iterations
[2026-07-23 16:26:42] Parallel dispersion Newton-Raphson: used up to 7 iterations
[2026-07-23 16:26:45] Total calculations elapsed time: 3.920490026474
[2026-07-23 16:26:45] Estimate `dispersion`: DONE
[2026-07-23 16:26:45] Estimate `dispersion`: DONE
[2026-07-23 16:26:45] `dispersion` | min: -0.264338043360708 | max: 229.797975517542 | % negative: 62.0448179271709
[2026-07-23 16:26:46] Model parameter estimation elapsed time: 4.7681679725647
[2026-07-23 16:26:46] COTAN genes' COEX estimation: START
[2026-07-23 16:26:46] Effective number of cores used: 80
[2026-07-23 16:26:46] Calculate genes COEX (torch) on device cpu: START
[2026-07-23 16:26:46] Retrieving expected genes contingency table
[2026-07-23 16:26:46] Expected genes contingency table elapsed time: 0.0657455921173096
[2026-07-23 16:26:46] Calculating genes COEX normalization factor
[2026-07-23 16:26:47] Calculating genes COEX normalization factor elapsed time: 1.11203694343567
[2026-07-23 16:26:47] Retrieving observed genes yes/yes contingency table
[2026-07-23 16:26:47] Observed genes contingency table elapsed time: 0.0710067749023438
[2026-07-23 16:26:52] Calculate genes COEX elapsed time: 5.34106278419495
[2026-07-23 16:26:52] Total calculations elapsed time: 6.58985209465027
[2026-07-23 16:26:52] Calculate genes COEX (torch) on device cpu: DONE
[2026-07-23 16:26:53] Only genes' COEX elapsed time: 7.41298532485962
[2026-07-23 16:26:53] Dataset analysis elapsed time: 12.9368088245392
[2026-07-23 16:26:53] COTAN dataset analysis: DONE
[2026-07-23 16:26:54] Checking uniformity for the cluster '02_0003' with 231 cells
[2026-07-23 16:26:54] Calculate GDI dataframe: START
[2026-07-23 16:26:54] Using S
[2026-07-23 16:26:54] Calculating S: START
[2026-07-23 16:26:57] Calculating S: DONE
[2026-07-23 16:26:57] Calculate `GDI`: START
[2026-07-23 16:26:57] Effective number of cores used: 80
[2026-07-23 16:26:57] Effective number of cores used: 80
[2026-07-23 16:26:57] Executing 11 genes batches
[2026-07-23 16:26:59] Total calculations elapsed time: 2.52867865562439
[2026-07-23 16:26:59] Calculate `GDI`: DONE
[2026-07-23 16:27:01] Total calculations elapsed time: 6.96648383140564
[2026-07-23 16:27:01] Calculate GDI dataframe: DONE
[2026-07-23 16:27:01] Clean plots: START
[2026-07-23 16:27:01] Total calculations elapsed time: 0.0249433517456055
[2026-07-23 16:27:01] Clean plots: DONE
[2026-07-23 16:27:01] GDI plot
[2026-07-23 16:27:01] Removed 0 low GDI genes (such as the fully-expressed) in GDI plot
[2026-07-23 16:27:03] Cluster 02_0003, with size 231, is not uniform
[2026-07-23 16:27:03] Cluster 02_0003's shift to uniformity: 0.0775142565044533
[2026-07-23 16:27:03] class = SimpleGDIUniformityCheck, check.isCheckAbove = FALSE, check.GDIThreshold = 1.4, check.maxRatioBeyond = 0.01, check.maxRankBeyond = 0, check.fractionBeyond = 0.0254901960784314, check.thresholdRank = 0, check.quantileAtRatio = 1.47751425650445, check.quantileAtRank = NaN, isUniform = FALSE, clusterSize = 231
[2026-07-23 16:27:03] cluster 02_0003 has too high GDI: will be reclustered!
[2026-07-23 16:27:03] 
[2026-07-23 16:27:03] *[2026-07-23 16:27:03]  checking uniformity of cluster '4' of 13 clusters
[2026-07-23 16:27:03] Asked to drop 0 genes and 3874 cells
[2026-07-23 16:27:03] COTAN dataset analysis: START
[2026-07-23 16:27:03] Asked to drop 8164 genes and 0 cells
[2026-07-23 16:27:03] Genes/cells selection done: dropped [8164] genes and [0] cells
[2026-07-23 16:27:03] Working on [4683] genes and [203] cells
[2026-07-23 16:27:04] Dataset cleaning elapsed time: 0.791164398193359
[2026-07-23 16:27:04] Estimate `dispersion`: START
[2026-07-23 16:27:04] Effective number of cores used: 80
[2026-07-23 16:27:04] Executing 5 genes batches
[2026-07-23 16:27:04] Parallel dispersion Newton-Raphson: used up to 7 iterations
[2026-07-23 16:27:04] Parallel dispersion Newton-Raphson: used up to 6 iterations
[2026-07-23 16:27:04] Parallel dispersion Newton-Raphson: used up to 7 iterations
[2026-07-23 16:27:05] Parallel dispersion Newton-Raphson: used up to 6 iterations
[2026-07-23 16:27:05] Parallel dispersion Newton-Raphson: used up to 7 iterations
[2026-07-23 16:27:07] Total calculations elapsed time: 3.24694776535034
[2026-07-23 16:27:07] Estimate `dispersion`: DONE
[2026-07-23 16:27:07] Estimate `dispersion`: DONE
[2026-07-23 16:27:07] `dispersion` | min: -1.08899413089072 | max: 220.611728171704 | % negative: 74.6957078795644
[2026-07-23 16:27:08] Model parameter estimation elapsed time: 4.09080052375793
[2026-07-23 16:27:08] COTAN genes' COEX estimation: START
[2026-07-23 16:27:08] Effective number of cores used: 80
[2026-07-23 16:27:08] Calculate genes COEX (torch) on device cpu: START
[2026-07-23 16:27:08] Retrieving expected genes contingency table
[2026-07-23 16:27:08] Expected genes contingency table elapsed time: 0.0312454700469971
[2026-07-23 16:27:08] Calculating genes COEX normalization factor
[2026-07-23 16:27:09] Calculating genes COEX normalization factor elapsed time: 0.817575216293335
[2026-07-23 16:27:09] Retrieving observed genes yes/yes contingency table
[2026-07-23 16:27:09] Observed genes contingency table elapsed time: 0.0234413146972656
[2026-07-23 16:27:11] Calculate genes COEX elapsed time: 1.48043870925903
[2026-07-23 16:27:11] Total calculations elapsed time: 2.35270071029663
[2026-07-23 16:27:11] Calculate genes COEX (torch) on device cpu: DONE
[2026-07-23 16:27:11] Only genes' COEX elapsed time: 3.09173178672791
[2026-07-23 16:27:11] Dataset analysis elapsed time: 7.9736967086792
[2026-07-23 16:27:11] COTAN dataset analysis: DONE
[2026-07-23 16:27:12] Checking uniformity for the cluster '02_0004' with 203 cells
[2026-07-23 16:27:12] Calculate GDI dataframe: START
[2026-07-23 16:27:12] Using S
[2026-07-23 16:27:12] Calculating S: START
[2026-07-23 16:27:13] Calculating S: DONE
[2026-07-23 16:27:13] Calculate `GDI`: START
[2026-07-23 16:27:13] Effective number of cores used: 80
[2026-07-23 16:27:13] Effective number of cores used: 80
[2026-07-23 16:27:13] Executing 5 genes batches
[2026-07-23 16:27:13] Total calculations elapsed time: 0.904567718505859
[2026-07-23 16:27:13] Calculate `GDI`: DONE
[2026-07-23 16:27:15] Total calculations elapsed time: 2.53462743759155
[2026-07-23 16:27:15] Calculate GDI dataframe: DONE
[2026-07-23 16:27:15] Clean plots: START
[2026-07-23 16:27:15] Total calculations elapsed time: 0.0242702960968018
[2026-07-23 16:27:15] Clean plots: DONE
[2026-07-23 16:27:15] GDI plot
[2026-07-23 16:27:15] Removed 0 low GDI genes (such as the fully-expressed) in GDI plot
[2026-07-23 16:27:16] Cluster 02_0004, with size 203, is not uniform
[2026-07-23 16:27:16] Cluster 02_0004's shift to uniformity: 0.0249006572281867
[2026-07-23 16:27:16] class = SimpleGDIUniformityCheck, check.isCheckAbove = FALSE, check.GDIThreshold = 1.4, check.maxRatioBeyond = 0.01, check.maxRankBeyond = 0, check.fractionBeyond = 0.0128122998078155, check.thresholdRank = 0, check.quantileAtRatio = 1.42490065722819, check.quantileAtRank = NaN, isUniform = FALSE, clusterSize = 203
[2026-07-23 16:27:16] cluster 02_0004 has too high GDI: will be reclustered!
[2026-07-23 16:27:16] 
[2026-07-23 16:27:17] *[2026-07-23 16:27:17]  checking uniformity of cluster '5' of 13 clusters
[2026-07-23 16:27:17] Asked to drop 0 genes and 3878 cells
[2026-07-23 16:27:17] COTAN dataset analysis: START
[2026-07-23 16:27:17] Asked to drop 9120 genes and 0 cells
[2026-07-23 16:27:17] Genes/cells selection done: dropped [9120] genes and [0] cells
[2026-07-23 16:27:17] Working on [3727] genes and [199] cells
[2026-07-23 16:27:18] Dataset cleaning elapsed time: 0.78998851776123
[2026-07-23 16:27:18] Estimate `dispersion`: START
[2026-07-23 16:27:18] Effective number of cores used: 80
[2026-07-23 16:27:18] Executing 4 genes batches
[2026-07-23 16:27:18] Parallel dispersion Newton-Raphson: used up to 6 iterations
[2026-07-23 16:27:18] Parallel dispersion Newton-Raphson: used up to 6 iterations
[2026-07-23 16:27:18] Parallel dispersion Newton-Raphson: used up to 7 iterations
[2026-07-23 16:27:18] Parallel dispersion Newton-Raphson: used up to 7 iterations
[2026-07-23 16:27:21] Total calculations elapsed time: 2.89799857139587
[2026-07-23 16:27:21] Estimate `dispersion`: DONE
[2026-07-23 16:27:21] Estimate `dispersion`: DONE
[2026-07-23 16:27:21] `dispersion` | min: -0.217947216562397 | max: 150.109924939119 | % negative: 80.0107324926214
[2026-07-23 16:27:22] Model parameter estimation elapsed time: 3.73967862129211
[2026-07-23 16:27:22] COTAN genes' COEX estimation: START
[2026-07-23 16:27:22] Effective number of cores used: 80
[2026-07-23 16:27:22] Calculate genes COEX (torch) on device cpu: START
[2026-07-23 16:27:22] Retrieving expected genes contingency table
[2026-07-23 16:27:22] Expected genes contingency table elapsed time: 0.0259599685668945
[2026-07-23 16:27:22] Calculating genes COEX normalization factor
[2026-07-23 16:27:22] Calculating genes COEX normalization factor elapsed time: 0.780100584030151
[2026-07-23 16:27:22] Retrieving observed genes yes/yes contingency table
[2026-07-23 16:27:22] Observed genes contingency table elapsed time: 0.0135648250579834
[2026-07-23 16:27:24] Calculate genes COEX elapsed time: 1.15870690345764
[2026-07-23 16:27:24] Total calculations elapsed time: 1.97833228111267
[2026-07-23 16:27:24] Calculate genes COEX (torch) on device cpu: DONE
[2026-07-23 16:27:24] Only genes' COEX elapsed time: 2.71269488334656
[2026-07-23 16:27:24] Dataset analysis elapsed time: 7.2423620223999
[2026-07-23 16:27:24] COTAN dataset analysis: DONE
[2026-07-23 16:27:25] Checking uniformity for the cluster '02_0005' with 199 cells
[2026-07-23 16:27:25] Calculate GDI dataframe: START
[2026-07-23 16:27:25] Using S
[2026-07-23 16:27:25] Calculating S: START
[2026-07-23 16:27:25] Calculating S: DONE
[2026-07-23 16:27:25] Calculate `GDI`: START
[2026-07-23 16:27:25] Effective number of cores used: 80
[2026-07-23 16:27:25] Effective number of cores used: 80
[2026-07-23 16:27:25] Executing 4 genes batches
[2026-07-23 16:27:26] Total calculations elapsed time: 0.698011159896851
[2026-07-23 16:27:26] Calculate `GDI`: DONE
[2026-07-23 16:27:27] Total calculations elapsed time: 1.94623208045959
[2026-07-23 16:27:27] Calculate GDI dataframe: DONE
[2026-07-23 16:27:27] Clean plots: START
[2026-07-23 16:27:27] Total calculations elapsed time: 0.0228400230407715
[2026-07-23 16:27:27] Clean plots: DONE
[2026-07-23 16:27:27] GDI plot
[2026-07-23 16:27:27] Removed 0 low GDI genes (such as the fully-expressed) in GDI plot
[2026-07-23 16:27:29] Cluster 02_0005, with size 199, is uniform
[2026-07-23 16:27:29] Cluster 02_0005's shift to uniformity: -0.165114280222748
[2026-07-23 16:27:29] class = SimpleGDIUniformityCheck, check.isCheckAbove = FALSE, check.GDIThreshold = 1.4, check.maxRatioBeyond = 0.01, check.maxRankBeyond = 0, check.fractionBeyond = 0.00134156157767642, check.thresholdRank = 0, check.quantileAtRatio = 1.23488571977725, check.quantileAtRank = NaN, isUniform = TRUE, clusterSize = 199
[2026-07-23 16:27:29] cluster 02_0005 is uniform
[2026-07-23 16:27:29] 
[2026-07-23 16:27:29] *[2026-07-23 16:27:29]  checking uniformity of cluster '6' of 13 clusters
[2026-07-23 16:27:29] Asked to drop 0 genes and 3883 cells
[2026-07-23 16:27:29] COTAN dataset analysis: START
[2026-07-23 16:27:29] Asked to drop 4776 genes and 0 cells
[2026-07-23 16:27:29] Genes/cells selection done: dropped [4776] genes and [0] cells
[2026-07-23 16:27:29] Working on [8071] genes and [194] cells
[2026-07-23 16:27:30] Dataset cleaning elapsed time: 0.746721029281616
[2026-07-23 16:27:30] Estimate `dispersion`: START
[2026-07-23 16:27:30] Effective number of cores used: 80
[2026-07-23 16:27:30] Executing 8 genes batches
[2026-07-23 16:27:30] Parallel dispersion Newton-Raphson: used up to 5 iterations
[2026-07-23 16:27:30] Parallel dispersion Newton-Raphson: used up to 6 iterations
[2026-07-23 16:27:30] Parallel dispersion Newton-Raphson: used up to 6 iterations
[2026-07-23 16:27:30] Parallel dispersion Newton-Raphson: used up to 6 iterations
[2026-07-23 16:27:31] Parallel dispersion Newton-Raphson: used up to 6 iterations
[2026-07-23 16:27:31] Parallel dispersion Newton-Raphson: used up to 6 iterations
[2026-07-23 16:27:31] Parallel dispersion Newton-Raphson: used up to 6 iterations
[2026-07-23 16:27:31] Parallel dispersion Newton-Raphson: used up to 6 iterations
[2026-07-23 16:27:33] Total calculations elapsed time: 3.27398991584778
[2026-07-23 16:27:33] Estimate `dispersion`: DONE
[2026-07-23 16:27:33] Estimate `dispersion`: DONE
[2026-07-23 16:27:33] `dispersion` | min: -0.202316089177799 | max: 174.846609820494 | % negative: 68.6655928633379
[2026-07-23 16:27:34] Model parameter estimation elapsed time: 4.11038184165955
[2026-07-23 16:27:34] COTAN genes' COEX estimation: START
[2026-07-23 16:27:34] Effective number of cores used: 80
[2026-07-23 16:27:34] Calculate genes COEX (torch) on device cpu: START
[2026-07-23 16:27:34] Retrieving expected genes contingency table
[2026-07-23 16:27:34] Expected genes contingency table elapsed time: 0.043954610824585
[2026-07-23 16:27:34] Calculating genes COEX normalization factor
[2026-07-23 16:27:35] Calculating genes COEX normalization factor elapsed time: 0.934652090072632
[2026-07-23 16:27:35] Retrieving observed genes yes/yes contingency table
[2026-07-23 16:27:35] Observed genes contingency table elapsed time: 0.0508778095245361
[2026-07-23 16:27:38] Calculate genes COEX elapsed time: 3.06379175186157
[2026-07-23 16:27:38] Total calculations elapsed time: 4.09327626228333
[2026-07-23 16:27:38] Calculate genes COEX (torch) on device cpu: DONE
[2026-07-23 16:27:39] Only genes' COEX elapsed time: 4.87241530418396
[2026-07-23 16:27:39] Dataset analysis elapsed time: 9.72951817512512
[2026-07-23 16:27:39] COTAN dataset analysis: DONE
[2026-07-23 16:27:40] Checking uniformity for the cluster '02_0006' with 194 cells
[2026-07-23 16:27:40] Calculate GDI dataframe: START
[2026-07-23 16:27:40] Using S
[2026-07-23 16:27:40] Calculating S: START
[2026-07-23 16:27:41] Calculating S: DONE
[2026-07-23 16:27:41] Calculate `GDI`: START
[2026-07-23 16:27:41] Effective number of cores used: 80
[2026-07-23 16:27:41] Effective number of cores used: 80
[2026-07-23 16:27:41] Executing 8 genes batches
[2026-07-23 16:27:43] Total calculations elapsed time: 1.87859058380127
[2026-07-23 16:27:43] Calculate `GDI`: DONE
[2026-07-23 16:27:45] Total calculations elapsed time: 4.82865929603577
[2026-07-23 16:27:45] Calculate GDI dataframe: DONE
[2026-07-23 16:27:45] Clean plots: START
[2026-07-23 16:27:45] Total calculations elapsed time: 0.0231173038482666
[2026-07-23 16:27:45] Clean plots: DONE
[2026-07-23 16:27:45] GDI plot
[2026-07-23 16:27:45] Removed 0 low GDI genes (such as the fully-expressed) in GDI plot
[2026-07-23 16:27:46] Cluster 02_0006, with size 194, is uniform
[2026-07-23 16:27:46] Cluster 02_0006's shift to uniformity: -0.145448916232936
[2026-07-23 16:27:46] class = SimpleGDIUniformityCheck, check.isCheckAbove = FALSE, check.GDIThreshold = 1.4, check.maxRatioBeyond = 0.01, check.maxRankBeyond = 0, check.fractionBeyond = 0, check.thresholdRank = 0, check.quantileAtRatio = 1.25455108376706, check.quantileAtRank = NaN, isUniform = TRUE, clusterSize = 194
[2026-07-23 16:27:46] cluster 02_0006 is uniform
[2026-07-23 16:27:46] 
[2026-07-23 16:27:47] *[2026-07-23 16:27:47]  checking uniformity of cluster '7' of 13 clusters
[2026-07-23 16:27:47] Asked to drop 0 genes and 3885 cells
[2026-07-23 16:27:47] COTAN dataset analysis: START
[2026-07-23 16:27:47] Asked to drop 10489 genes and 0 cells
[2026-07-23 16:27:47] Genes/cells selection done: dropped [10489] genes and [0] cells
[2026-07-23 16:27:47] Working on [2358] genes and [192] cells
[2026-07-23 16:27:48] Dataset cleaning elapsed time: 0.736701726913452
[2026-07-23 16:27:48] Estimate `dispersion`: START
[2026-07-23 16:27:48] Effective number of cores used: 80
[2026-07-23 16:27:48] Executing 3 genes batches
[2026-07-23 16:27:48] Parallel dispersion Newton-Raphson: used up to 6 iterations
[2026-07-23 16:27:48] Parallel dispersion Newton-Raphson: used up to 7 iterations
[2026-07-23 16:27:48] Parallel dispersion Newton-Raphson: used up to 6 iterations
[2026-07-23 16:27:51] Total calculations elapsed time: 2.74851536750793
[2026-07-23 16:27:51] Estimate `dispersion`: DONE
[2026-07-23 16:27:51] Estimate `dispersion`: DONE
[2026-07-23 16:27:51] `dispersion` | min: -0.146236491171509 | max: 224.767965901353 | % negative: 80.6191687871077
[2026-07-23 16:27:51] Model parameter estimation elapsed time: 3.53744220733643
[2026-07-23 16:27:51] COTAN genes' COEX estimation: START
[2026-07-23 16:27:51] Effective number of cores used: 80
[2026-07-23 16:27:51] Calculate genes COEX (torch) on device cpu: START
[2026-07-23 16:27:51] Retrieving expected genes contingency table
[2026-07-23 16:27:51] Expected genes contingency table elapsed time: 0.0189006328582764
[2026-07-23 16:27:51] Calculating genes COEX normalization factor
[2026-07-23 16:27:52] Calculating genes COEX normalization factor elapsed time: 0.759489774703979
[2026-07-23 16:27:52] Retrieving observed genes yes/yes contingency table
[2026-07-23 16:27:52] Observed genes contingency table elapsed time: 0.00766754150390625
[2026-07-23 16:27:53] Calculate genes COEX elapsed time: 0.927260160446167
[2026-07-23 16:27:53] Total calculations elapsed time: 1.71331810951233
[2026-07-23 16:27:53] Calculate genes COEX (torch) on device cpu: DONE
[2026-07-23 16:27:54] Only genes' COEX elapsed time: 2.46092510223389
[2026-07-23 16:27:54] Dataset analysis elapsed time: 6.73506903648376
[2026-07-23 16:27:54] COTAN dataset analysis: DONE
[2026-07-23 16:27:55] Checking uniformity for the cluster '02_0007' with 192 cells
[2026-07-23 16:27:55] Calculate GDI dataframe: START
[2026-07-23 16:27:55] Using S
[2026-07-23 16:27:55] Calculating S: START
[2026-07-23 16:27:55] Calculating S: DONE
[2026-07-23 16:27:55] Calculate `GDI`: START
[2026-07-23 16:27:55] Effective number of cores used: 80
[2026-07-23 16:27:55] Effective number of cores used: 80
[2026-07-23 16:27:55] Executing 3 genes batches
[2026-07-23 16:27:55] Total calculations elapsed time: 0.428364753723145
[2026-07-23 16:27:55] Calculate `GDI`: DONE
[2026-07-23 16:27:56] Total calculations elapsed time: 1.47053003311157
[2026-07-23 16:27:56] Calculate GDI dataframe: DONE
[2026-07-23 16:27:56] Clean plots: START
[2026-07-23 16:27:56] Total calculations elapsed time: 0.0301840305328369
[2026-07-23 16:27:56] Clean plots: DONE
[2026-07-23 16:27:56] GDI plot
[2026-07-23 16:27:56] Removed 0 low GDI genes (such as the fully-expressed) in GDI plot
[2026-07-23 16:27:58] Cluster 02_0007, with size 192, is uniform
[2026-07-23 16:27:58] Cluster 02_0007's shift to uniformity: -0.108613915923923
[2026-07-23 16:27:58] class = SimpleGDIUniformityCheck, check.isCheckAbove = FALSE, check.GDIThreshold = 1.4, check.maxRatioBeyond = 0.01, check.maxRankBeyond = 0, check.fractionBeyond = 0.00466497031382528, check.thresholdRank = 0, check.quantileAtRatio = 1.29138608407608, check.quantileAtRank = NaN, isUniform = TRUE, clusterSize = 192
[2026-07-23 16:27:58] cluster 02_0007 is uniform
[2026-07-23 16:27:58] 
[2026-07-23 16:27:59] *[2026-07-23 16:27:59]  checking uniformity of cluster '8' of 13 clusters
[2026-07-23 16:27:59] Asked to drop 0 genes and 3888 cells
[2026-07-23 16:27:59] COTAN dataset analysis: START
[2026-07-23 16:27:59] Asked to drop 8777 genes and 0 cells
[2026-07-23 16:27:59] Genes/cells selection done: dropped [8777] genes and [0] cells
[2026-07-23 16:27:59] Working on [4070] genes and [189] cells
[2026-07-23 16:27:59] Dataset cleaning elapsed time: 0.749621629714966
[2026-07-23 16:27:59] Estimate `dispersion`: START
[2026-07-23 16:27:59] Effective number of cores used: 80
[2026-07-23 16:27:59] Executing 4 genes batches
[2026-07-23 16:27:59] Parallel dispersion Newton-Raphson: used up to 6 iterations
[2026-07-23 16:28:00] Parallel dispersion Newton-Raphson: used up to 6 iterations
[2026-07-23 16:28:00] Parallel dispersion Newton-Raphson: used up to 7 iterations
[2026-07-23 16:28:00] Parallel dispersion Newton-Raphson: used up to 7 iterations
[2026-07-23 16:28:03] Total calculations elapsed time: 3.4275107383728
[2026-07-23 16:28:03] Estimate `dispersion`: DONE
[2026-07-23 16:28:03] Estimate `dispersion`: DONE
[2026-07-23 16:28:03] `dispersion` | min: -0.438607570519233 | max: 225.757649891016 | % negative: 76.4373464373464
[2026-07-23 16:28:03] Model parameter estimation elapsed time: 4.20528817176819
[2026-07-23 16:28:03] COTAN genes' COEX estimation: START
[2026-07-23 16:28:03] Effective number of cores used: 80
[2026-07-23 16:28:03] Calculate genes COEX (torch) on device cpu: START
[2026-07-23 16:28:03] Retrieving expected genes contingency table
[2026-07-23 16:28:03] Expected genes contingency table elapsed time: 0.0276064872741699
[2026-07-23 16:28:03] Calculating genes COEX normalization factor
[2026-07-23 16:28:04] Calculating genes COEX normalization factor elapsed time: 0.788054227828979
[2026-07-23 16:28:04] Retrieving observed genes yes/yes contingency table
[2026-07-23 16:28:04] Observed genes contingency table elapsed time: 0.0172293186187744
[2026-07-23 16:28:06] Calculate genes COEX elapsed time: 1.27443504333496
[2026-07-23 16:28:06] Total calculations elapsed time: 2.10732507705688
[2026-07-23 16:28:06] Calculate genes COEX (torch) on device cpu: DONE
[2026-07-23 16:28:06] Only genes' COEX elapsed time: 2.8381724357605
[2026-07-23 16:28:06] Dataset analysis elapsed time: 7.79308223724365
[2026-07-23 16:28:06] COTAN dataset analysis: DONE
[2026-07-23 16:28:07] Checking uniformity for the cluster '02_0008' with 189 cells
[2026-07-23 16:28:07] Calculate GDI dataframe: START
[2026-07-23 16:28:07] Using S
[2026-07-23 16:28:07] Calculating S: START
[2026-07-23 16:28:07] Calculating S: DONE
[2026-07-23 16:28:07] Calculate `GDI`: START
[2026-07-23 16:28:07] Effective number of cores used: 80
[2026-07-23 16:28:07] Effective number of cores used: 80
[2026-07-23 16:28:07] Executing 4 genes batches
[2026-07-23 16:28:08] Total calculations elapsed time: 0.713768720626831
[2026-07-23 16:28:08] Calculate `GDI`: DONE
[2026-07-23 16:28:09] Total calculations elapsed time: 2.13774013519287
[2026-07-23 16:28:09] Calculate GDI dataframe: DONE
[2026-07-23 16:28:09] Clean plots: START
[2026-07-23 16:28:09] Total calculations elapsed time: 0.0227603912353516
[2026-07-23 16:28:09] Clean plots: DONE
[2026-07-23 16:28:09] GDI plot
[2026-07-23 16:28:09] Removed 0 low GDI genes (such as the fully-expressed) in GDI plot
[2026-07-23 16:28:11] Cluster 02_0008, with size 189, is not uniform
[2026-07-23 16:28:11] Cluster 02_0008's shift to uniformity: 0.203898271975722
[2026-07-23 16:28:11] class = SimpleGDIUniformityCheck, check.isCheckAbove = FALSE, check.GDIThreshold = 1.4, check.maxRatioBeyond = 0.01, check.maxRankBeyond = 0, check.fractionBeyond = 0.0292383292383292, check.thresholdRank = 0, check.quantileAtRatio = 1.60389827197572, check.quantileAtRank = NaN, isUniform = FALSE, clusterSize = 189
[2026-07-23 16:28:11] cluster 02_0008 has too high GDI: will be reclustered!
[2026-07-23 16:28:11] 
[2026-07-23 16:28:12] *[2026-07-23 16:28:12]  checking uniformity of cluster '9' of 13 clusters
[2026-07-23 16:28:12] Asked to drop 0 genes and 3975 cells
[2026-07-23 16:28:12] COTAN dataset analysis: START
[2026-07-23 16:28:12] Asked to drop 7508 genes and 0 cells
[2026-07-23 16:28:12] Genes/cells selection done: dropped [7508] genes and [0] cells
[2026-07-23 16:28:12] Working on [5339] genes and [102] cells
[2026-07-23 16:28:12] Dataset cleaning elapsed time: 0.807734966278076
[2026-07-23 16:28:12] Estimate `dispersion`: START
[2026-07-23 16:28:12] Effective number of cores used: 80
[2026-07-23 16:28:12] Executing 6 genes batches
[2026-07-23 16:28:12] Parallel dispersion Newton-Raphson: used up to 6 iterations
[2026-07-23 16:28:13] Parallel dispersion Newton-Raphson: used up to 5 iterations
[2026-07-23 16:28:13] Parallel dispersion Newton-Raphson: used up to 5 iterations
[2026-07-23 16:28:13] Parallel dispersion Newton-Raphson: used up to 6 iterations
[2026-07-23 16:28:13] Parallel dispersion Newton-Raphson: used up to 7 iterations
[2026-07-23 16:28:13] Parallel dispersion Newton-Raphson: used up to 6 iterations
[2026-07-23 16:28:16] Total calculations elapsed time: 3.44627594947815
[2026-07-23 16:28:16] Estimate `dispersion`: DONE
[2026-07-23 16:28:16] Estimate `dispersion`: DONE
[2026-07-23 16:28:16] `dispersion` | min: -0.236569004946933 | max: 183.400634890609 | % negative: 84.6038584004495
[2026-07-23 16:28:17] Model parameter estimation elapsed time: 4.47581362724304
[2026-07-23 16:28:17] COTAN genes' COEX estimation: START
[2026-07-23 16:28:17] Effective number of cores used: 80
[2026-07-23 16:28:17] Calculate genes COEX (torch) on device cpu: START
[2026-07-23 16:28:17] Retrieving expected genes contingency table
[2026-07-23 16:28:17] Expected genes contingency table elapsed time: 0.0318984985351562
[2026-07-23 16:28:17] Calculating genes COEX normalization factor
[2026-07-23 16:28:18] Calculating genes COEX normalization factor elapsed time: 0.823839902877808
[2026-07-23 16:28:18] Retrieving observed genes yes/yes contingency table
[2026-07-23 16:28:18] Observed genes contingency table elapsed time: 0.0202651023864746
[2026-07-23 16:28:19] Calculate genes COEX elapsed time: 1.6726496219635
[2026-07-23 16:28:19] Total calculations elapsed time: 2.54865312576294
[2026-07-23 16:28:19] Calculate genes COEX (torch) on device cpu: DONE
[2026-07-23 16:28:20] Only genes' COEX elapsed time: 3.27630519866943
[2026-07-23 16:28:20] Dataset analysis elapsed time: 8.55985379219055
[2026-07-23 16:28:20] COTAN dataset analysis: DONE
[2026-07-23 16:28:21] Checking uniformity for the cluster '02_0009' with 102 cells
[2026-07-23 16:28:21] Calculate GDI dataframe: START
[2026-07-23 16:28:21] Using S
[2026-07-23 16:28:21] Calculating S: START
[2026-07-23 16:28:21] Calculating S: DONE
[2026-07-23 16:28:21] Calculate `GDI`: START
[2026-07-23 16:28:21] Effective number of cores used: 80
[2026-07-23 16:28:21] Effective number of cores used: 80
[2026-07-23 16:28:21] Executing 6 genes batches
[2026-07-23 16:28:22] Total calculations elapsed time: 1.02137398719788
[2026-07-23 16:28:22] Calculate `GDI`: DONE
[2026-07-23 16:28:24] Total calculations elapsed time: 2.82774353027344
[2026-07-23 16:28:24] Calculate GDI dataframe: DONE
[2026-07-23 16:28:24] Clean plots: START
[2026-07-23 16:28:24] Total calculations elapsed time: 0.0232424736022949
[2026-07-23 16:28:24] Clean plots: DONE
[2026-07-23 16:28:24] GDI plot
[2026-07-23 16:28:24] Removed 1 low GDI genes (such as the fully-expressed) in GDI plot
[2026-07-23 16:28:25] Cluster 02_0009, with size 102, is uniform
[2026-07-23 16:28:25] Cluster 02_0009's shift to uniformity: -0.358953000707485
[2026-07-23 16:28:25] class = SimpleGDIUniformityCheck, check.isCheckAbove = FALSE, check.GDIThreshold = 1.4, check.maxRatioBeyond = 0.01, check.maxRankBeyond = 0, check.fractionBeyond = 0, check.thresholdRank = 0, check.quantileAtRatio = 1.04104699929251, check.quantileAtRank = NaN, isUniform = TRUE, clusterSize = 102
[2026-07-23 16:28:25] cluster 02_0009 is uniform
[2026-07-23 16:28:25] 
[2026-07-23 16:28:26] *[2026-07-23 16:28:26]  checking uniformity of cluster '10' of 13 clusters
[2026-07-23 16:28:26] Asked to drop 0 genes and 3984 cells
[2026-07-23 16:28:26] COTAN dataset analysis: START
[2026-07-23 16:28:26] Asked to drop 5961 genes and 0 cells
[2026-07-23 16:28:26] Genes/cells selection done: dropped [5961] genes and [0] cells
[2026-07-23 16:28:26] Working on [6886] genes and [93] cells
[2026-07-23 16:28:27] Dataset cleaning elapsed time: 0.793520212173462
[2026-07-23 16:28:27] Estimate `dispersion`: START
[2026-07-23 16:28:27] Effective number of cores used: 80
[2026-07-23 16:28:27] Executing 7 genes batches
[2026-07-23 16:28:27] Parallel dispersion Newton-Raphson: used up to 6 iterations
[2026-07-23 16:28:27] Parallel dispersion Newton-Raphson: used up to 6 iterations
[2026-07-23 16:28:27] Parallel dispersion Newton-Raphson: used up to 7 iterations
[2026-07-23 16:28:27] Parallel dispersion Newton-Raphson: used up to 8 iterations
[2026-07-23 16:28:27] Parallel dispersion Newton-Raphson: used up to 7 iterations
[2026-07-23 16:28:27] Parallel dispersion Newton-Raphson: used up to 6 iterations
[2026-07-23 16:28:27] Parallel dispersion Newton-Raphson: used up to 7 iterations
[2026-07-23 16:28:30] Total calculations elapsed time: 3.18681859970093
[2026-07-23 16:28:30] Estimate `dispersion`: DONE
[2026-07-23 16:28:30] Estimate `dispersion`: DONE
[2026-07-23 16:28:30] `dispersion` | min: -0.573924985998451 | max: 192.618336942456 | % negative: 72.2916061574209
[2026-07-23 16:28:31] Model parameter estimation elapsed time: 4.0071337223053
[2026-07-23 16:28:31] COTAN genes' COEX estimation: START
[2026-07-23 16:28:31] Effective number of cores used: 80
[2026-07-23 16:28:31] Calculate genes COEX (torch) on device cpu: START
[2026-07-23 16:28:31] Retrieving expected genes contingency table
[2026-07-23 16:28:31] Expected genes contingency table elapsed time: 0.0324149131774902
[2026-07-23 16:28:31] Calculating genes COEX normalization factor
[2026-07-23 16:28:32] Calculating genes COEX normalization factor elapsed time: 0.876471757888794
[2026-07-23 16:28:32] Retrieving observed genes yes/yes contingency table
[2026-07-23 16:28:32] Observed genes contingency table elapsed time: 0.0281589031219482
[2026-07-23 16:28:34] Calculate genes COEX elapsed time: 2.41387581825256
[2026-07-23 16:28:34] Total calculations elapsed time: 3.3509213924408
[2026-07-23 16:28:34] Calculate genes COEX (torch) on device cpu: DONE
[2026-07-23 16:28:35] Only genes' COEX elapsed time: 4.08998894691467
[2026-07-23 16:28:35] Dataset analysis elapsed time: 8.89064288139343
[2026-07-23 16:28:35] COTAN dataset analysis: DONE
[2026-07-23 16:28:36] Checking uniformity for the cluster '02_0010' with 93 cells
[2026-07-23 16:28:36] Calculate GDI dataframe: START
[2026-07-23 16:28:36] Using S
[2026-07-23 16:28:36] Calculating S: START
[2026-07-23 16:28:37] Calculating S: DONE
[2026-07-23 16:28:37] Calculate `GDI`: START
[2026-07-23 16:28:37] Effective number of cores used: 80
[2026-07-23 16:28:37] Effective number of cores used: 80
[2026-07-23 16:28:37] Executing 7 genes batches
[2026-07-23 16:28:38] Total calculations elapsed time: 1.44130277633667
[2026-07-23 16:28:38] Calculate `GDI`: DONE
[2026-07-23 16:28:39] Total calculations elapsed time: 3.84355330467224
[2026-07-23 16:28:39] Calculate GDI dataframe: DONE
[2026-07-23 16:28:39] Clean plots: START
[2026-07-23 16:28:39] Total calculations elapsed time: 0.0229806900024414
[2026-07-23 16:28:39] Clean plots: DONE
[2026-07-23 16:28:39] GDI plot
[2026-07-23 16:28:39] Removed 0 low GDI genes (such as the fully-expressed) in GDI plot
[2026-07-23 16:28:41] Cluster 02_0010, with size 93, is not uniform
[2026-07-23 16:28:41] Cluster 02_0010's shift to uniformity: 0.162247441187548
[2026-07-23 16:28:41] class = SimpleGDIUniformityCheck, check.isCheckAbove = FALSE, check.GDIThreshold = 1.4, check.maxRatioBeyond = 0.01, check.maxRankBeyond = 0, check.fractionBeyond = 0.0371768806273599, check.thresholdRank = 0, check.quantileAtRatio = 1.56224744118755, check.quantileAtRank = NaN, isUniform = FALSE, clusterSize = 93
[2026-07-23 16:28:41] cluster 02_0010 has too high GDI: will be reclustered!
[2026-07-23 16:28:41] 
[2026-07-23 16:28:42] *[2026-07-23 16:28:42]  checking uniformity of cluster '11' of 13 clusters
[2026-07-23 16:28:42] Asked to drop 0 genes and 4025 cells
[2026-07-23 16:28:42] COTAN dataset analysis: START
[2026-07-23 16:28:42] Asked to drop 7716 genes and 0 cells
[2026-07-23 16:28:42] Genes/cells selection done: dropped [7716] genes and [0] cells
[2026-07-23 16:28:42] Working on [5131] genes and [52] cells
[2026-07-23 16:28:43] Dataset cleaning elapsed time: 0.736103534698486
[2026-07-23 16:28:43] Estimate `dispersion`: START
[2026-07-23 16:28:43] Effective number of cores used: 80
[2026-07-23 16:28:43] Executing 6 genes batches
[2026-07-23 16:28:43] Parallel dispersion Newton-Raphson: used up to 6 iterations
[2026-07-23 16:28:43] Parallel dispersion Newton-Raphson: used up to 7 iterations
[2026-07-23 16:28:43] Parallel dispersion Newton-Raphson: used up to 6 iterations
[2026-07-23 16:28:43] Parallel dispersion Newton-Raphson: used up to 7 iterations
[2026-07-23 16:28:43] Parallel dispersion Newton-Raphson: used up to 8 iterations
[2026-07-23 16:28:43] Parallel dispersion Newton-Raphson: used up to 7 iterations
[2026-07-23 16:28:46] Total calculations elapsed time: 3.42408537864685
[2026-07-23 16:28:46] Estimate `dispersion`: DONE
[2026-07-23 16:28:46] Estimate `dispersion`: DONE
[2026-07-23 16:28:46] `dispersion` | min: -0.463740153886028 | max: 169.612473264691 | % negative: 82.2646657571623
[2026-07-23 16:28:47] Model parameter estimation elapsed time: 4.20338201522827
[2026-07-23 16:28:47] COTAN genes' COEX estimation: START
[2026-07-23 16:28:47] Effective number of cores used: 80
[2026-07-23 16:28:47] Calculate genes COEX (torch) on device cpu: START
[2026-07-23 16:28:47] Retrieving expected genes contingency table
[2026-07-23 16:28:47] Expected genes contingency table elapsed time: 0.029649019241333
[2026-07-23 16:28:47] Calculating genes COEX normalization factor
[2026-07-23 16:28:48] Calculating genes COEX normalization factor elapsed time: 0.840250253677368
[2026-07-23 16:28:48] Retrieving observed genes yes/yes contingency table
[2026-07-23 16:28:48] Observed genes contingency table elapsed time: 0.0171480178833008
[2026-07-23 16:28:49] Calculate genes COEX elapsed time: 1.61280012130737
[2026-07-23 16:28:49] Total calculations elapsed time: 2.49984741210938
[2026-07-23 16:28:49] Calculate genes COEX (torch) on device cpu: DONE
[2026-07-23 16:28:50] Only genes' COEX elapsed time: 3.23344874382019
[2026-07-23 16:28:50] Dataset analysis elapsed time: 8.17293429374695
[2026-07-23 16:28:50] COTAN dataset analysis: DONE
[2026-07-23 16:28:51] Checking uniformity for the cluster '02_0011' with 52 cells
[2026-07-23 16:28:51] Calculate GDI dataframe: START
[2026-07-23 16:28:51] Using S
[2026-07-23 16:28:51] Calculating S: START
[2026-07-23 16:28:51] Calculating S: DONE
[2026-07-23 16:28:51] Calculate `GDI`: START
[2026-07-23 16:28:51] Effective number of cores used: 80
[2026-07-23 16:28:51] Effective number of cores used: 80
[2026-07-23 16:28:51] Executing 6 genes batches
[2026-07-23 16:28:52] Total calculations elapsed time: 1.04120874404907
[2026-07-23 16:28:52] Calculate `GDI`: DONE
[2026-07-23 16:28:54] Total calculations elapsed time: 2.77731823921204
[2026-07-23 16:28:54] Calculate GDI dataframe: DONE
[2026-07-23 16:28:54] Clean plots: START
[2026-07-23 16:28:54] Total calculations elapsed time: 0.0235068798065186
[2026-07-23 16:28:54] Clean plots: DONE
[2026-07-23 16:28:54] GDI plot
[2026-07-23 16:28:54] Removed 0 low GDI genes (such as the fully-expressed) in GDI plot
[2026-07-23 16:28:55] Cluster 02_0011, with size 52, is uniform
[2026-07-23 16:28:55] Cluster 02_0011's shift to uniformity: -0.0820861861174635
[2026-07-23 16:28:55] class = SimpleGDIUniformityCheck, check.isCheckAbove = FALSE, check.GDIThreshold = 1.4, check.maxRatioBeyond = 0.01, check.maxRankBeyond = 0, check.fractionBeyond = 0.00311830052621321, check.thresholdRank = 0, check.quantileAtRatio = 1.31791381388254, check.quantileAtRank = NaN, isUniform = TRUE, clusterSize = 52
[2026-07-23 16:28:55] cluster 02_0011 is uniform
[2026-07-23 16:28:55] 
[2026-07-23 16:28:56] *[2026-07-23 16:28:56]  checking uniformity of cluster '12' of 13 clusters
[2026-07-23 16:28:56] cluster 02_0012 has too few cells: will be reclustered!
[2026-07-23 16:28:56] 
[2026-07-23 16:28:56] Found 8 uniform and  5 non-uniform clusters
[2026-07-23 16:28:57] Loop calculations elapsed time: 215.307063102722
[2026-07-23 16:28:57] In iteration 3 [2026-07-23 16:28:57] the number of cells to re-cluster is 741 cells belonging to 5 clusters
[2026-07-23 16:28:57] Asked to drop 0 genes and 3336 cells
[2026-07-23 16:28:57] Creating new clusterization: START
[2026-07-23 16:28:57] Elaborating Reduced dimensionality Data Matrix - START
[2026-07-23 16:28:57] Running genes' selection: START
[2026-07-23 16:28:58] Selected 2000 genes using HVG_Seurat selector
[2026-07-23 16:28:58] Running genes' selection: DONE
[2026-07-23 16:28:59] Elaborating PCA - START
[2026-07-23 16:28:59] Elaborating PCA - DONE
[2026-07-23 16:29:00] Total calculations elapsed time: 3.12263226509094
[2026-07-23 16:29:00] Elaborating Reduced dimensionality Data Matrix - DONE
[2026-07-23 16:29:00] Number of clusters is too small. Reclustering at resolution higher than: 0.8
[2026-07-23 16:29:00] Used resolution for Seurat clusterization is: 1.3
[2026-07-23 16:29:00] Total calculations elapsed time: 3.71962738037109
[2026-07-23 16:29:00] Creating new clusterization: DONE
[2026-07-23 16:29:01] Creating PDF UMAP in file:  /data/lorenzo_delitala/data/project_files/ding/cortex_2/plots/Ding_Cortex_2_Transcript/reclustering/pdf_umap_3.pdf
[2026-07-23 16:29:01] UMAP plot: START
[2026-07-23 16:29:01] Calculating UMAP: START
[2026-07-23 16:29:05] Calculating UMAP: DONE
[2026-07-23 16:29:05] Total calculations elapsed time: 4.19398427009583
[2026-07-23 16:29:05] UMAP plot: DONE
[2026-07-23 16:29:05] UMAP plot: START
[2026-07-23 16:29:05] Calculating UMAP: START
[2026-07-23 16:29:10] Calculating UMAP: DONE
[2026-07-23 16:29:10] Total calculations elapsed time: 4.31977844238281
[2026-07-23 16:29:10] UMAP plot: DONE
[2026-07-23 16:29:10] *[2026-07-23 16:29:10]  checking uniformity of cluster '0' of 7 clusters
[2026-07-23 16:29:10] Asked to drop 0 genes and 3832 cells
[2026-07-23 16:29:10] COTAN dataset analysis: START
[2026-07-23 16:29:10] Asked to drop 1963 genes and 0 cells
[2026-07-23 16:29:10] Genes/cells selection done: dropped [1963] genes and [0] cells
[2026-07-23 16:29:10] Working on [10884] genes and [245] cells
[2026-07-23 16:29:11] Dataset cleaning elapsed time: 0.758929491043091
[2026-07-23 16:29:11] Estimate `dispersion`: START
[2026-07-23 16:29:11] Effective number of cores used: 80
[2026-07-23 16:29:11] Executing 11 genes batches
[2026-07-23 16:29:11] Parallel dispersion Newton-Raphson: used up to 5 iterations
[2026-07-23 16:29:11] Parallel dispersion Newton-Raphson: used up to 5 iterations
[2026-07-23 16:29:11] Parallel dispersion Newton-Raphson: used up to 7 iterations
[2026-07-23 16:29:11] Parallel dispersion Newton-Raphson: used up to 7 iterations
[2026-07-23 16:29:11] Parallel dispersion Newton-Raphson: used up to 6 iterations
[2026-07-23 16:29:11] Parallel dispersion Newton-Raphson: used up to 6 iterations
[2026-07-23 16:29:11] Parallel dispersion Newton-Raphson: used up to 6 iterations
[2026-07-23 16:29:11] Parallel dispersion Newton-Raphson: used up to 6 iterations
[2026-07-23 16:29:12] Parallel dispersion Newton-Raphson: used up to 6 iterations
[2026-07-23 16:29:12] Parallel dispersion Newton-Raphson: used up to 6 iterations
[2026-07-23 16:29:12] Parallel dispersion Newton-Raphson: used up to 7 iterations
[2026-07-23 16:29:15] Total calculations elapsed time: 4.01755285263062
[2026-07-23 16:29:15] Estimate `dispersion`: DONE
[2026-07-23 16:29:15] Estimate `dispersion`: DONE
[2026-07-23 16:29:15] `dispersion` | min: -0.256004218511337 | max: 244.977224623363 | % negative: 61.4020580668872
[2026-07-23 16:29:15] Model parameter estimation elapsed time: 4.76890158653259
[2026-07-23 16:29:15] COTAN genes' COEX estimation: START
[2026-07-23 16:29:15] Effective number of cores used: 80
[2026-07-23 16:29:15] Calculate genes COEX (torch) on device cpu: START
[2026-07-23 16:29:15] Retrieving expected genes contingency table
[2026-07-23 16:29:16] Expected genes contingency table elapsed time: 0.070256233215332
[2026-07-23 16:29:16] Calculating genes COEX normalization factor
[2026-07-23 16:29:17] Calculating genes COEX normalization factor elapsed time: 1.10494685173035
[2026-07-23 16:29:17] Retrieving observed genes yes/yes contingency table
[2026-07-23 16:29:17] Observed genes contingency table elapsed time: 0.0652215480804443
[2026-07-23 16:29:22] Calculate genes COEX elapsed time: 5.33150768280029
[2026-07-23 16:29:22] Total calculations elapsed time: 6.57193231582642
[2026-07-23 16:29:22] Calculate genes COEX (torch) on device cpu: DONE
[2026-07-23 16:29:23] Only genes' COEX elapsed time: 7.30842876434326
[2026-07-23 16:29:23] Dataset analysis elapsed time: 12.8362598419189
[2026-07-23 16:29:23] COTAN dataset analysis: DONE
[2026-07-23 16:29:24] Checking uniformity for the cluster '03_0000' with 245 cells
[2026-07-23 16:29:24] Calculate GDI dataframe: START
[2026-07-23 16:29:24] Using S
[2026-07-23 16:29:24] Calculating S: START
[2026-07-23 16:29:27] Calculating S: DONE
[2026-07-23 16:29:27] Calculate `GDI`: START
[2026-07-23 16:29:27] Effective number of cores used: 80
[2026-07-23 16:29:27] Effective number of cores used: 80
[2026-07-23 16:29:27] Executing 11 genes batches
[2026-07-23 16:29:29] Total calculations elapsed time: 2.57025194168091
[2026-07-23 16:29:29] Calculate `GDI`: DONE
[2026-07-23 16:29:31] Total calculations elapsed time: 7.08769512176514
[2026-07-23 16:29:31] Calculate GDI dataframe: DONE
[2026-07-23 16:29:31] Clean plots: START
[2026-07-23 16:29:31] Total calculations elapsed time: 0.0233237743377686
[2026-07-23 16:29:31] Clean plots: DONE
[2026-07-23 16:29:31] GDI plot
[2026-07-23 16:29:31] Removed 2 low GDI genes (such as the fully-expressed) in GDI plot
[2026-07-23 16:29:32] Cluster 03_0000, with size 245, is not uniform
[2026-07-23 16:29:32] Cluster 03_0000's shift to uniformity: 0.0738448256208992
[2026-07-23 16:29:32] class = SimpleGDIUniformityCheck, check.isCheckAbove = FALSE, check.GDIThreshold = 1.4, check.maxRatioBeyond = 0.01, check.maxRankBeyond = 0, check.fractionBeyond = 0.0251745681734656, check.thresholdRank = 0, check.quantileAtRatio = 1.4738448256209, check.quantileAtRank = NaN, isUniform = FALSE, clusterSize = 245
[2026-07-23 16:29:32] cluster 03_0000 has too high GDI: will be reclustered!
[2026-07-23 16:29:32] 
[2026-07-23 16:29:33] *[2026-07-23 16:29:33]  checking uniformity of cluster '1' of 7 clusters
[2026-07-23 16:29:33] Asked to drop 0 genes and 3900 cells
[2026-07-23 16:29:33] COTAN dataset analysis: START
[2026-07-23 16:29:33] Asked to drop 9877 genes and 0 cells
[2026-07-23 16:29:33] Genes/cells selection done: dropped [9877] genes and [0] cells
[2026-07-23 16:29:33] Working on [2970] genes and [177] cells
[2026-07-23 16:29:34] Dataset cleaning elapsed time: 0.825383901596069
[2026-07-23 16:29:34] Estimate `dispersion`: START
[2026-07-23 16:29:34] Effective number of cores used: 80
[2026-07-23 16:29:34] Executing 3 genes batches
[2026-07-23 16:29:34] Parallel dispersion Newton-Raphson: used up to 6 iterations
[2026-07-23 16:29:34] Parallel dispersion Newton-Raphson: used up to 6 iterations
[2026-07-23 16:29:34] Parallel dispersion Newton-Raphson: used up to 7 iterations
[2026-07-23 16:29:37] Total calculations elapsed time: 3.04937553405762
[2026-07-23 16:29:37] Estimate `dispersion`: DONE
[2026-07-23 16:29:37] Estimate `dispersion`: DONE
[2026-07-23 16:29:37] `dispersion` | min: -0.283579921504151 | max: 134.309671350728 | % negative: 79.9326599326599
[2026-07-23 16:29:38] Model parameter estimation elapsed time: 3.88984847068787
[2026-07-23 16:29:38] COTAN genes' COEX estimation: START
[2026-07-23 16:29:38] Effective number of cores used: 80
[2026-07-23 16:29:38] Calculate genes COEX (torch) on device cpu: START
[2026-07-23 16:29:38] Retrieving expected genes contingency table
[2026-07-23 16:29:38] Expected genes contingency table elapsed time: 0.0213556289672852
[2026-07-23 16:29:38] Calculating genes COEX normalization factor
[2026-07-23 16:29:39] Calculating genes COEX normalization factor elapsed time: 0.760428667068481
[2026-07-23 16:29:39] Retrieving observed genes yes/yes contingency table
[2026-07-23 16:29:39] Observed genes contingency table elapsed time: 0.00777888298034668
[2026-07-23 16:29:40] Calculate genes COEX elapsed time: 1.00140237808228
[2026-07-23 16:29:40] Total calculations elapsed time: 1.79096555709839
[2026-07-23 16:29:40] Calculate genes COEX (torch) on device cpu: DONE
[2026-07-23 16:29:40] Only genes' COEX elapsed time: 2.52272462844849
[2026-07-23 16:29:40] Dataset analysis elapsed time: 7.23795700073242
[2026-07-23 16:29:40] COTAN dataset analysis: DONE
[2026-07-23 16:29:41] Checking uniformity for the cluster '03_0001' with 177 cells
[2026-07-23 16:29:41] Calculate GDI dataframe: START
[2026-07-23 16:29:41] Using S
[2026-07-23 16:29:41] Calculating S: START
[2026-07-23 16:29:41] Calculating S: DONE
[2026-07-23 16:29:41] Calculate `GDI`: START
[2026-07-23 16:29:41] Effective number of cores used: 80
[2026-07-23 16:29:41] Effective number of cores used: 80
[2026-07-23 16:29:41] Executing 3 genes batches
[2026-07-23 16:29:42] Total calculations elapsed time: 0.587399244308472
[2026-07-23 16:29:42] Calculate `GDI`: DONE
[2026-07-23 16:29:43] Total calculations elapsed time: 1.71520209312439
[2026-07-23 16:29:43] Calculate GDI dataframe: DONE
[2026-07-23 16:29:43] Clean plots: START
[2026-07-23 16:29:43] Total calculations elapsed time: 0.0247070789337158
[2026-07-23 16:29:43] Clean plots: DONE
[2026-07-23 16:29:43] GDI plot
[2026-07-23 16:29:43] Removed 0 low GDI genes (such as the fully-expressed) in GDI plot
[2026-07-23 16:29:44] Cluster 03_0001, with size 177, is uniform
[2026-07-23 16:29:44] Cluster 03_0001's shift to uniformity: -0.206660183000275
[2026-07-23 16:29:44] class = SimpleGDIUniformityCheck, check.isCheckAbove = FALSE, check.GDIThreshold = 1.4, check.maxRatioBeyond = 0.01, check.maxRankBeyond = 0, check.fractionBeyond = 0, check.thresholdRank = 0, check.quantileAtRatio = 1.19333981699973, check.quantileAtRank = NaN, isUniform = TRUE, clusterSize = 177
[2026-07-23 16:29:44] cluster 03_0001 is uniform
[2026-07-23 16:29:44] 
[2026-07-23 16:29:45] *[2026-07-23 16:29:45]  checking uniformity of cluster '2' of 7 clusters
[2026-07-23 16:29:45] Asked to drop 0 genes and 3922 cells
[2026-07-23 16:29:45] COTAN dataset analysis: START
[2026-07-23 16:29:45] Asked to drop 6809 genes and 0 cells
[2026-07-23 16:29:45] Genes/cells selection done: dropped [6809] genes and [0] cells
[2026-07-23 16:29:45] Working on [6038] genes and [155] cells
[2026-07-23 16:29:46] Dataset cleaning elapsed time: 0.736901760101318
[2026-07-23 16:29:46] Estimate `dispersion`: START
[2026-07-23 16:29:46] Effective number of cores used: 80
[2026-07-23 16:29:46] Executing 6 genes batches
[2026-07-23 16:29:46] Parallel dispersion Newton-Raphson: used up to 7 iterations
[2026-07-23 16:29:46] Parallel dispersion Newton-Raphson: used up to 6 iterations
[2026-07-23 16:29:46] Parallel dispersion Newton-Raphson: used up to 6 iterations
[2026-07-23 16:29:46] Parallel dispersion Newton-Raphson: used up to 6 iterations
[2026-07-23 16:29:47] Parallel dispersion Newton-Raphson: used up to 6 iterations
[2026-07-23 16:29:47] Parallel dispersion Newton-Raphson: used up to 7 iterations
[2026-07-23 16:29:49] Total calculations elapsed time: 3.46407055854797
[2026-07-23 16:29:49] Estimate `dispersion`: DONE
[2026-07-23 16:29:49] Estimate `dispersion`: DONE
[2026-07-23 16:29:49] `dispersion` | min: -1.26901674101818 | max: 354.075888198678 | % negative: 86.2702881748923
[2026-07-23 16:29:50] Model parameter estimation elapsed time: 4.24376392364502
[2026-07-23 16:29:50] COTAN genes' COEX estimation: START
[2026-07-23 16:29:50] Effective number of cores used: 80
[2026-07-23 16:29:50] Calculate genes COEX (torch) on device cpu: START
[2026-07-23 16:29:50] Retrieving expected genes contingency table
[2026-07-23 16:29:50] Expected genes contingency table elapsed time: 0.0308957099914551
[2026-07-23 16:29:50] Calculating genes COEX normalization factor
[2026-07-23 16:29:51] Calculating genes COEX normalization factor elapsed time: 0.852781057357788
[2026-07-23 16:29:51] Retrieving observed genes yes/yes contingency table
[2026-07-23 16:29:51] Observed genes contingency table elapsed time: 0.0233914852142334
[2026-07-23 16:29:53] Calculate genes COEX elapsed time: 1.97235822677612
[2026-07-23 16:29:53] Total calculations elapsed time: 2.8794264793396
[2026-07-23 16:29:53] Calculate genes COEX (torch) on device cpu: DONE
[2026-07-23 16:29:54] Only genes' COEX elapsed time: 3.6137683391571
[2026-07-23 16:29:54] Dataset analysis elapsed time: 8.59443402290344
[2026-07-23 16:29:54] COTAN dataset analysis: DONE
[2026-07-23 16:29:55] Checking uniformity for the cluster '03_0002' with 155 cells
[2026-07-23 16:29:55] Calculate GDI dataframe: START
[2026-07-23 16:29:55] Using S
[2026-07-23 16:29:55] Calculating S: START
[2026-07-23 16:29:56] Calculating S: DONE
[2026-07-23 16:29:56] Calculate `GDI`: START
[2026-07-23 16:29:56] Effective number of cores used: 80
[2026-07-23 16:29:56] Effective number of cores used: 80
[2026-07-23 16:29:56] Executing 6 genes batches
[2026-07-23 16:29:57] Total calculations elapsed time: 1.18031430244446
[2026-07-23 16:29:57] Calculate `GDI`: DONE
[2026-07-23 16:29:58] Total calculations elapsed time: 3.20534992218018
[2026-07-23 16:29:58] Calculate GDI dataframe: DONE
[2026-07-23 16:29:58] Clean plots: START
[2026-07-23 16:29:58] Total calculations elapsed time: 0.023090124130249
[2026-07-23 16:29:58] Clean plots: DONE
[2026-07-23 16:29:58] GDI plot
[2026-07-23 16:29:58] Removed 0 low GDI genes (such as the fully-expressed) in GDI plot
[2026-07-23 16:30:00] Cluster 03_0002, with size 155, is uniform
[2026-07-23 16:30:00] Cluster 03_0002's shift to uniformity: -0.397388553820587
[2026-07-23 16:30:00] class = SimpleGDIUniformityCheck, check.isCheckAbove = FALSE, check.GDIThreshold = 1.4, check.maxRatioBeyond = 0.01, check.maxRankBeyond = 0, check.fractionBeyond = 0, check.thresholdRank = 0, check.quantileAtRatio = 1.00261144617941, check.quantileAtRank = NaN, isUniform = TRUE, clusterSize = 155
[2026-07-23 16:30:00] cluster 03_0002 is uniform
[2026-07-23 16:30:00] 
[2026-07-23 16:30:00] *[2026-07-23 16:30:00]  checking uniformity of cluster '3' of 7 clusters
[2026-07-23 16:30:00] Asked to drop 0 genes and 4006 cells
[2026-07-23 16:30:00] COTAN dataset analysis: START
[2026-07-23 16:30:00] Asked to drop 7761 genes and 0 cells
[2026-07-23 16:30:00] Genes/cells selection done: dropped [7761] genes and [0] cells
[2026-07-23 16:30:00] Working on [5086] genes and [71] cells
[2026-07-23 16:30:01] Dataset cleaning elapsed time: 0.736789226531982
[2026-07-23 16:30:01] Estimate `dispersion`: START
[2026-07-23 16:30:01] Effective number of cores used: 80
[2026-07-23 16:30:01] Executing 5 genes batches
[2026-07-23 16:30:01] Parallel dispersion Newton-Raphson: used up to 6 iterations
[2026-07-23 16:30:01] Parallel dispersion Newton-Raphson: used up to 6 iterations
[2026-07-23 16:30:01] Parallel dispersion Newton-Raphson: used up to 7 iterations
[2026-07-23 16:30:01] Parallel dispersion Newton-Raphson: used up to 7 iterations
[2026-07-23 16:30:01] Parallel dispersion Newton-Raphson: used up to 6 iterations
[2026-07-23 16:30:04] Total calculations elapsed time: 3.13904070854187
[2026-07-23 16:30:04] Estimate `dispersion`: DONE
[2026-07-23 16:30:04] Estimate `dispersion`: DONE
[2026-07-23 16:30:04] `dispersion` | min: -0.479693263932691 | max: 167.485155714911 | % negative: 80.1219032638616
[2026-07-23 16:30:05] Model parameter estimation elapsed time: 3.8691885471344
[2026-07-23 16:30:05] COTAN genes' COEX estimation: START
[2026-07-23 16:30:05] Effective number of cores used: 80
[2026-07-23 16:30:05] Calculate genes COEX (torch) on device cpu: START
[2026-07-23 16:30:05] Retrieving expected genes contingency table
[2026-07-23 16:30:05] Expected genes contingency table elapsed time: 0.0831208229064941
[2026-07-23 16:30:05] Calculating genes COEX normalization factor
[2026-07-23 16:30:06] Calculating genes COEX normalization factor elapsed time: 0.821899890899658
[2026-07-23 16:30:06] Retrieving observed genes yes/yes contingency table
[2026-07-23 16:30:06] Observed genes contingency table elapsed time: 0.0170278549194336
[2026-07-23 16:30:07] Calculate genes COEX elapsed time: 1.57544040679932
[2026-07-23 16:30:07] Total calculations elapsed time: 2.4974889755249
[2026-07-23 16:30:07] Calculate genes COEX (torch) on device cpu: DONE
[2026-07-23 16:30:08] Only genes' COEX elapsed time: 3.22355151176453
[2026-07-23 16:30:08] Dataset analysis elapsed time: 7.82952928543091
[2026-07-23 16:30:08] COTAN dataset analysis: DONE
[2026-07-23 16:30:09] Checking uniformity for the cluster '03_0003' with 71 cells
[2026-07-23 16:30:09] Calculate GDI dataframe: START
[2026-07-23 16:30:09] Using S
[2026-07-23 16:30:09] Calculating S: START
[2026-07-23 16:30:09] Calculating S: DONE
[2026-07-23 16:30:09] Calculate `GDI`: START
[2026-07-23 16:30:09] Effective number of cores used: 80
[2026-07-23 16:30:09] Effective number of cores used: 80
[2026-07-23 16:30:09] Executing 5 genes batches
[2026-07-23 16:30:10] Total calculations elapsed time: 0.951950550079346
[2026-07-23 16:30:10] Calculate `GDI`: DONE
[2026-07-23 16:30:11] Total calculations elapsed time: 2.6348876953125
[2026-07-23 16:30:11] Calculate GDI dataframe: DONE
[2026-07-23 16:30:11] Clean plots: START
[2026-07-23 16:30:11] Total calculations elapsed time: 0.0232682228088379
[2026-07-23 16:30:11] Clean plots: DONE
[2026-07-23 16:30:11] GDI plot
[2026-07-23 16:30:11] Removed 0 low GDI genes (such as the fully-expressed) in GDI plot
[2026-07-23 16:30:13] Cluster 03_0003, with size 71, is uniform
[2026-07-23 16:30:13] Cluster 03_0003's shift to uniformity: -0.211875866262021
[2026-07-23 16:30:13] class = SimpleGDIUniformityCheck, check.isCheckAbove = FALSE, check.GDIThreshold = 1.4, check.maxRatioBeyond = 0.01, check.maxRankBeyond = 0, check.fractionBeyond = 0.000196618167518679, check.thresholdRank = 0, check.quantileAtRatio = 1.18812413373798, check.quantileAtRank = NaN, isUniform = TRUE, clusterSize = 71
[2026-07-23 16:30:13] cluster 03_0003 is uniform
[2026-07-23 16:30:13] 
[2026-07-23 16:30:14] *[2026-07-23 16:30:14]  checking uniformity of cluster '4' of 7 clusters
[2026-07-23 16:30:14] cluster 03_0004 has too few cells: will be reclustered!
[2026-07-23 16:30:14] *[2026-07-23 16:30:14]  checking uniformity of cluster '5' of 7 clusters
[2026-07-23 16:30:14] cluster 03_0005 has too few cells: will be reclustered!
[2026-07-23 16:30:14] *[2026-07-23 16:30:14]  checking uniformity of cluster '6' of 7 clusters
[2026-07-23 16:30:14] cluster 03_0006 has too few cells: will be reclustered!
[2026-07-23 16:30:14] 
[2026-07-23 16:30:14] Found 3 uniform and  4 non-uniform clusters
[2026-07-23 16:30:15] Loop calculations elapsed time: 77.9179394245148
[2026-07-23 16:30:15] In iteration 4 [2026-07-23 16:30:15] the number of cells to re-cluster is 338 cells belonging to 4 clusters
[2026-07-23 16:30:15] Asked to drop 0 genes and 3739 cells
[2026-07-23 16:30:15] Creating new clusterization: START
[2026-07-23 16:30:15] Elaborating Reduced dimensionality Data Matrix - START
[2026-07-23 16:30:15] Running genes' selection: START
[2026-07-23 16:30:16] Selected 2000 genes using HVG_Seurat selector
[2026-07-23 16:30:16] Running genes' selection: DONE
[2026-07-23 16:30:17] Elaborating PCA - START
[2026-07-23 16:30:17] Elaborating PCA - DONE
[2026-07-23 16:30:18] Total calculations elapsed time: 3.03355884552002
[2026-07-23 16:30:18] Elaborating Reduced dimensionality Data Matrix - DONE
[2026-07-23 16:30:18] Used resolution for Seurat clusterization is: 0.8
[2026-07-23 16:30:18] Total calculations elapsed time: 3.52120971679688
[2026-07-23 16:30:18] Creating new clusterization: DONE
[2026-07-23 16:30:19] Creating PDF UMAP in file:  /data/lorenzo_delitala/data/project_files/ding/cortex_2/plots/Ding_Cortex_2_Transcript/reclustering/pdf_umap_4.pdf
[2026-07-23 16:30:19] UMAP plot: START
[2026-07-23 16:30:19] Calculating UMAP: START
[2026-07-23 16:30:22] Calculating UMAP: DONE
[2026-07-23 16:30:22] Total calculations elapsed time: 3.60266017913818
[2026-07-23 16:30:22] UMAP plot: DONE
[2026-07-23 16:30:23] UMAP plot: START
[2026-07-23 16:30:23] Calculating UMAP: START
[2026-07-23 16:30:26] Calculating UMAP: DONE
[2026-07-23 16:30:26] Total calculations elapsed time: 3.49087309837341
[2026-07-23 16:30:26] UMAP plot: DONE
[2026-07-23 16:30:26] *[2026-07-23 16:30:26]  checking uniformity of cluster '0' of 5 clusters
[2026-07-23 16:30:26] Asked to drop 0 genes and 3917 cells
[2026-07-23 16:30:26] COTAN dataset analysis: START
[2026-07-23 16:30:26] Asked to drop 2111 genes and 0 cells
[2026-07-23 16:30:26] Genes/cells selection done: dropped [2111] genes and [0] cells
[2026-07-23 16:30:26] Working on [10736] genes and [160] cells
[2026-07-23 16:30:27] Dataset cleaning elapsed time: 0.739789009094238
[2026-07-23 16:30:27] Estimate `dispersion`: START
[2026-07-23 16:30:27] Effective number of cores used: 80
[2026-07-23 16:30:27] Executing 11 genes batches
[2026-07-23 16:30:27] Parallel dispersion Newton-Raphson: used up to 6 iterations
[2026-07-23 16:30:27] Parallel dispersion Newton-Raphson: used up to 7 iterations
[2026-07-23 16:30:27] Parallel dispersion Newton-Raphson: used up to 6 iterations
[2026-07-23 16:30:27] Parallel dispersion Newton-Raphson: used up to 7 iterations
[2026-07-23 16:30:27] Parallel dispersion Newton-Raphson: used up to 6 iterations
[2026-07-23 16:30:28] Parallel dispersion Newton-Raphson: used up to 6 iterations
[2026-07-23 16:30:28] Parallel dispersion Newton-Raphson: used up to 6 iterations
[2026-07-23 16:30:28] Parallel dispersion Newton-Raphson: used up to 6 iterations
[2026-07-23 16:30:28] Parallel dispersion Newton-Raphson: used up to 7 iterations
[2026-07-23 16:30:28] Parallel dispersion Newton-Raphson: used up to 6 iterations
[2026-07-23 16:30:28] Parallel dispersion Newton-Raphson: used up to 7 iterations
[2026-07-23 16:30:30] Total calculations elapsed time: 3.52401280403137
[2026-07-23 16:30:30] Estimate `dispersion`: DONE
[2026-07-23 16:30:30] Estimate `dispersion`: DONE
[2026-07-23 16:30:30] `dispersion` | min: -0.23723751784921 | max: 414.921531714883 | % negative: 73.8170640834575
[2026-07-23 16:30:31] Model parameter estimation elapsed time: 4.34522104263306
[2026-07-23 16:30:31] COTAN genes' COEX estimation: START
[2026-07-23 16:30:31] Effective number of cores used: 80
[2026-07-23 16:30:31] Calculate genes COEX (torch) on device cpu: START
[2026-07-23 16:30:31] Retrieving expected genes contingency table
[2026-07-23 16:30:31] Expected genes contingency table elapsed time: 0.0625514984130859
[2026-07-23 16:30:31] Calculating genes COEX normalization factor
[2026-07-23 16:30:32] Calculating genes COEX normalization factor elapsed time: 1.11684942245483
[2026-07-23 16:30:32] Retrieving observed genes yes/yes contingency table
[2026-07-23 16:30:33] Observed genes contingency table elapsed time: 0.0604689121246338
[2026-07-23 16:30:38] Calculate genes COEX elapsed time: 5.07241678237915
[2026-07-23 16:30:38] Total calculations elapsed time: 6.3122866153717
[2026-07-23 16:30:38] Calculate genes COEX (torch) on device cpu: DONE
[2026-07-23 16:30:38] Only genes' COEX elapsed time: 7.15956473350525
[2026-07-23 16:30:38] Dataset analysis elapsed time: 12.2445747852325
[2026-07-23 16:30:38] COTAN dataset analysis: DONE
[2026-07-23 16:30:39] Checking uniformity for the cluster '04_0000' with 160 cells
[2026-07-23 16:30:39] Calculate GDI dataframe: START
[2026-07-23 16:30:39] Using S
[2026-07-23 16:30:39] Calculating S: START
[2026-07-23 16:30:42] Calculating S: DONE
[2026-07-23 16:30:42] Calculate `GDI`: START
[2026-07-23 16:30:42] Effective number of cores used: 80
[2026-07-23 16:30:42] Effective number of cores used: 80
[2026-07-23 16:30:42] Executing 11 genes batches
[2026-07-23 16:30:45] Total calculations elapsed time: 2.11044526100159
[2026-07-23 16:30:45] Calculate `GDI`: DONE
[2026-07-23 16:30:46] Total calculations elapsed time: 6.58780431747437
[2026-07-23 16:30:46] Calculate GDI dataframe: DONE
[2026-07-23 16:30:46] Clean plots: START
[2026-07-23 16:30:46] Total calculations elapsed time: 0.0236706733703613
[2026-07-23 16:30:46] Clean plots: DONE
[2026-07-23 16:30:46] GDI plot
[2026-07-23 16:30:46] Removed 2 low GDI genes (such as the fully-expressed) in GDI plot
[2026-07-23 16:30:48] Cluster 04_0000, with size 160, is uniform
[2026-07-23 16:30:48] Cluster 04_0000's shift to uniformity: -0.235556532352623
[2026-07-23 16:30:48] class = SimpleGDIUniformityCheck, check.isCheckAbove = FALSE, check.GDIThreshold = 1.4, check.maxRatioBeyond = 0.01, check.maxRankBeyond = 0, check.fractionBeyond = 0, check.thresholdRank = 0, check.quantileAtRatio = 1.16444346764738, check.quantileAtRank = NaN, isUniform = TRUE, clusterSize = 160
[2026-07-23 16:30:48] cluster 04_0000 is uniform
[2026-07-23 16:30:48] 
[2026-07-23 16:30:48] *[2026-07-23 16:30:48]  checking uniformity of cluster '1' of 5 clusters
[2026-07-23 16:30:48] Asked to drop 0 genes and 4024 cells
[2026-07-23 16:30:48] COTAN dataset analysis: START
[2026-07-23 16:30:48] Asked to drop 2977 genes and 0 cells
[2026-07-23 16:30:48] Genes/cells selection done: dropped [2977] genes and [0] cells
[2026-07-23 16:30:48] Working on [9870] genes and [53] cells
[2026-07-23 16:30:49] Dataset cleaning elapsed time: 0.823185682296753
[2026-07-23 16:30:49] Estimate `dispersion`: START
[2026-07-23 16:30:49] Effective number of cores used: 80
[2026-07-23 16:30:49] Executing 10 genes batches
[2026-07-23 16:30:49] Parallel dispersion Newton-Raphson: used up to 6 iterations
[2026-07-23 16:30:49] Parallel dispersion Newton-Raphson: used up to 6 iterations
[2026-07-23 16:30:49] Parallel dispersion Newton-Raphson: used up to 6 iterations
[2026-07-23 16:30:50] Parallel dispersion Newton-Raphson: used up to 6 iterations
[2026-07-23 16:30:50] Parallel dispersion Newton-Raphson: used up to 6 iterations
[2026-07-23 16:30:50] Parallel dispersion Newton-Raphson: used up to 6 iterations
[2026-07-23 16:30:50] Parallel dispersion Newton-Raphson: used up to 7 iterations
[2026-07-23 16:30:50] Parallel dispersion Newton-Raphson: used up to 6 iterations
[2026-07-23 16:30:50] Parallel dispersion Newton-Raphson: used up to 6 iterations
[2026-07-23 16:30:50] Parallel dispersion Newton-Raphson: used up to 7 iterations
[2026-07-23 16:30:53] Total calculations elapsed time: 3.53983807563782
[2026-07-23 16:30:53] Estimate `dispersion`: DONE
[2026-07-23 16:30:53] Estimate `dispersion`: DONE
[2026-07-23 16:30:53] `dispersion` | min: -0.477739869057869 | max: 134.347947435428 | % negative: 72.016210739615
[2026-07-23 16:30:54] Model parameter estimation elapsed time: 4.51791620254517
[2026-07-23 16:30:54] COTAN genes' COEX estimation: START
[2026-07-23 16:30:54] Effective number of cores used: 80
[2026-07-23 16:30:54] Calculate genes COEX (torch) on device cpu: START
[2026-07-23 16:30:54] Retrieving expected genes contingency table
[2026-07-23 16:30:54] Expected genes contingency table elapsed time: 0.045245885848999
[2026-07-23 16:30:54] Calculating genes COEX normalization factor
[2026-07-23 16:30:55] Calculating genes COEX normalization factor elapsed time: 1.02549910545349
[2026-07-23 16:30:55] Retrieving observed genes yes/yes contingency table
[2026-07-23 16:30:55] Observed genes contingency table elapsed time: 0.0485448837280273
[2026-07-23 16:30:59] Calculate genes COEX elapsed time: 4.51716089248657
[2026-07-23 16:30:59] Total calculations elapsed time: 5.63645076751709
[2026-07-23 16:30:59] Calculate genes COEX (torch) on device cpu: DONE
[2026-07-23 16:31:00] Only genes' COEX elapsed time: 6.49065804481506
[2026-07-23 16:31:00] Dataset analysis elapsed time: 11.831759929657
[2026-07-23 16:31:00] COTAN dataset analysis: DONE
[2026-07-23 16:31:01] Checking uniformity for the cluster '04_0001' with 53 cells
[2026-07-23 16:31:01] Calculate GDI dataframe: START
[2026-07-23 16:31:01] Using S
[2026-07-23 16:31:01] Calculating S: START
[2026-07-23 16:31:04] Calculating S: DONE
[2026-07-23 16:31:04] Calculate `GDI`: START
[2026-07-23 16:31:04] Effective number of cores used: 80
[2026-07-23 16:31:04] Effective number of cores used: 80
[2026-07-23 16:31:04] Executing 10 genes batches
[2026-07-23 16:31:06] Total calculations elapsed time: 2.07331991195679
[2026-07-23 16:31:06] Calculate `GDI`: DONE
[2026-07-23 16:31:07] Total calculations elapsed time: 5.82640314102173
[2026-07-23 16:31:07] Calculate GDI dataframe: DONE
[2026-07-23 16:31:07] Clean plots: START
[2026-07-23 16:31:07] Total calculations elapsed time: 0.0227012634277344
[2026-07-23 16:31:07] Clean plots: DONE
[2026-07-23 16:31:07] GDI plot
[2026-07-23 16:31:07] Removed 7 low GDI genes (such as the fully-expressed) in GDI plot
[2026-07-23 16:31:09] Cluster 04_0001, with size 53, is uniform
[2026-07-23 16:31:09] Cluster 04_0001's shift to uniformity: -0.141575056288285
[2026-07-23 16:31:09] class = SimpleGDIUniformityCheck, check.isCheckAbove = FALSE, check.GDIThreshold = 1.4, check.maxRatioBeyond = 0.01, check.maxRankBeyond = 0, check.fractionBeyond = 0, check.thresholdRank = 0, check.quantileAtRatio = 1.25842494371171, check.quantileAtRank = NaN, isUniform = TRUE, clusterSize = 53
[2026-07-23 16:31:09] cluster 04_0001 is uniform
[2026-07-23 16:31:09] 
[2026-07-23 16:31:09] *[2026-07-23 16:31:09]  checking uniformity of cluster '2' of 5 clusters
[2026-07-23 16:31:09] Asked to drop 0 genes and 4024 cells
[2026-07-23 16:31:09] COTAN dataset analysis: START
[2026-07-23 16:31:09] Asked to drop 6301 genes and 0 cells
[2026-07-23 16:31:09] Genes/cells selection done: dropped [6301] genes and [0] cells
[2026-07-23 16:31:09] Working on [6546] genes and [53] cells
[2026-07-23 16:31:10] Dataset cleaning elapsed time: 0.732662439346313
[2026-07-23 16:31:10] Estimate `dispersion`: START
[2026-07-23 16:31:10] Effective number of cores used: 80
[2026-07-23 16:31:10] Executing 7 genes batches
[2026-07-23 16:31:10] Parallel dispersion Newton-Raphson: used up to 7 iterations
[2026-07-23 16:31:10] Parallel dispersion Newton-Raphson: used up to 7 iterations
[2026-07-23 16:31:10] Parallel dispersion Newton-Raphson: used up to 7 iterations
[2026-07-23 16:31:11] Parallel dispersion Newton-Raphson: used up to 8 iterations
[2026-07-23 16:31:11] Parallel dispersion Newton-Raphson: used up to 6 iterations
[2026-07-23 16:31:11] Parallel dispersion Newton-Raphson: used up to 6 iterations
[2026-07-23 16:31:11] Parallel dispersion Newton-Raphson: used up to 6 iterations
[2026-07-23 16:31:14] Total calculations elapsed time: 3.55944800376892
[2026-07-23 16:31:14] Estimate `dispersion`: DONE
[2026-07-23 16:31:14] Estimate `dispersion`: DONE
[2026-07-23 16:31:14] `dispersion` | min: -0.692904396749033 | max: 204.841877713724 | % negative: 78.933699969447
[2026-07-23 16:31:14] Model parameter estimation elapsed time: 4.38129329681396
[2026-07-23 16:31:14] COTAN genes' COEX estimation: START
[2026-07-23 16:31:14] Effective number of cores used: 80
[2026-07-23 16:31:14] Calculate genes COEX (torch) on device cpu: START
[2026-07-23 16:31:14] Retrieving expected genes contingency table
[2026-07-23 16:31:15] Expected genes contingency table elapsed time: 0.0298786163330078
[2026-07-23 16:31:15] Calculating genes COEX normalization factor
[2026-07-23 16:31:15] Calculating genes COEX normalization factor elapsed time: 0.868485450744629
[2026-07-23 16:31:15] Retrieving observed genes yes/yes contingency table
[2026-07-23 16:31:15] Observed genes contingency table elapsed time: 0.0209321975708008
[2026-07-23 16:31:18] Calculate genes COEX elapsed time: 2.23276519775391
[2026-07-23 16:31:18] Total calculations elapsed time: 3.15206146240234
[2026-07-23 16:31:18] Calculate genes COEX (torch) on device cpu: DONE
[2026-07-23 16:31:18] Only genes' COEX elapsed time: 3.89319276809692
[2026-07-23 16:31:18] Dataset analysis elapsed time: 9.0071485042572
[2026-07-23 16:31:18] COTAN dataset analysis: DONE
[2026-07-23 16:31:19] Checking uniformity for the cluster '04_0002' with 53 cells
[2026-07-23 16:31:19] Calculate GDI dataframe: START
[2026-07-23 16:31:19] Using S
[2026-07-23 16:31:19] Calculating S: START
[2026-07-23 16:31:20] Calculating S: DONE
[2026-07-23 16:31:20] Calculate `GDI`: START
[2026-07-23 16:31:20] Effective number of cores used: 80
[2026-07-23 16:31:20] Effective number of cores used: 80
[2026-07-23 16:31:20] Executing 7 genes batches
[2026-07-23 16:31:22] Total calculations elapsed time: 1.43989491462708
[2026-07-23 16:31:22] Calculate `GDI`: DONE
[2026-07-23 16:31:23] Total calculations elapsed time: 3.61724495887756
[2026-07-23 16:31:23] Calculate GDI dataframe: DONE
[2026-07-23 16:31:23] Clean plots: START
[2026-07-23 16:31:23] Total calculations elapsed time: 0.022395133972168
[2026-07-23 16:31:23] Clean plots: DONE
[2026-07-23 16:31:23] GDI plot
[2026-07-23 16:31:23] Removed 0 low GDI genes (such as the fully-expressed) in GDI plot
[2026-07-23 16:31:24] Cluster 04_0002, with size 53, is uniform
[2026-07-23 16:31:24] Cluster 04_0002's shift to uniformity: -0.103689453707238
[2026-07-23 16:31:24] class = SimpleGDIUniformityCheck, check.isCheckAbove = FALSE, check.GDIThreshold = 1.4, check.maxRatioBeyond = 0.01, check.maxRankBeyond = 0, check.fractionBeyond = 0.00366636113657195, check.thresholdRank = 0, check.quantileAtRatio = 1.29631054629276, check.quantileAtRank = NaN, isUniform = TRUE, clusterSize = 53
[2026-07-23 16:31:24] cluster 04_0002 is uniform
[2026-07-23 16:31:24] 
[2026-07-23 16:31:25] *[2026-07-23 16:31:25]  checking uniformity of cluster '3' of 5 clusters
[2026-07-23 16:31:25] Asked to drop 0 genes and 4026 cells
[2026-07-23 16:31:25] COTAN dataset analysis: START
[2026-07-23 16:31:25] Asked to drop 6029 genes and 0 cells
[2026-07-23 16:31:25] Genes/cells selection done: dropped [6029] genes and [0] cells
[2026-07-23 16:31:25] Working on [6818] genes and [51] cells
[2026-07-23 16:31:26] Dataset cleaning elapsed time: 0.726819276809692
[2026-07-23 16:31:26] Estimate `dispersion`: START
[2026-07-23 16:31:26] Effective number of cores used: 80
[2026-07-23 16:31:26] Executing 7 genes batches
[2026-07-23 16:31:26] Parallel dispersion Newton-Raphson: used up to 6 iterations
[2026-07-23 16:31:26] Parallel dispersion Newton-Raphson: used up to 6 iterations
[2026-07-23 16:31:26] Parallel dispersion Newton-Raphson: used up to 6 iterations
[2026-07-23 16:31:26] Parallel dispersion Newton-Raphson: used up to 6 iterations
[2026-07-23 16:31:26] Parallel dispersion Newton-Raphson: used up to 6 iterations
[2026-07-23 16:31:26] Parallel dispersion Newton-Raphson: used up to 7 iterations
[2026-07-23 16:31:27] Parallel dispersion Newton-Raphson: used up to 6 iterations
[2026-07-23 16:31:29] Total calculations elapsed time: 3.51215195655823
[2026-07-23 16:31:29] Estimate `dispersion`: DONE
[2026-07-23 16:31:29] Estimate `dispersion`: DONE
[2026-07-23 16:31:29] `dispersion` | min: -0.599855064565336 | max: 119.162734878295 | % negative: 80.0381343502493
[2026-07-23 16:31:30] Model parameter estimation elapsed time: 4.29261994361877
[2026-07-23 16:31:30] COTAN genes' COEX estimation: START
[2026-07-23 16:31:30] Effective number of cores used: 80
[2026-07-23 16:31:30] Calculate genes COEX (torch) on device cpu: START
[2026-07-23 16:31:30] Retrieving expected genes contingency table
[2026-07-23 16:31:30] Expected genes contingency table elapsed time: 0.0317337512969971
[2026-07-23 16:31:30] Calculating genes COEX normalization factor
[2026-07-23 16:31:31] Calculating genes COEX normalization factor elapsed time: 0.871921539306641
[2026-07-23 16:31:31] Retrieving observed genes yes/yes contingency table
[2026-07-23 16:31:31] Observed genes contingency table elapsed time: 0.0182516574859619
[2026-07-23 16:31:33] Calculate genes COEX elapsed time: 2.33274149894714
[2026-07-23 16:31:33] Total calculations elapsed time: 3.25464844703674
[2026-07-23 16:31:33] Calculate genes COEX (torch) on device cpu: DONE
[2026-07-23 16:31:34] Only genes' COEX elapsed time: 3.9939296245575
[2026-07-23 16:31:34] Dataset analysis elapsed time: 9.01336884498596
[2026-07-23 16:31:34] COTAN dataset analysis: DONE
[2026-07-23 16:31:35] Checking uniformity for the cluster '04_0003' with 51 cells
[2026-07-23 16:31:35] Calculate GDI dataframe: START
[2026-07-23 16:31:35] Using S
[2026-07-23 16:31:35] Calculating S: START
[2026-07-23 16:31:36] Calculating S: DONE
[2026-07-23 16:31:36] Calculate `GDI`: START
[2026-07-23 16:31:36] Effective number of cores used: 80
[2026-07-23 16:31:36] Effective number of cores used: 80
[2026-07-23 16:31:36] Executing 7 genes batches
[2026-07-23 16:31:38] Total calculations elapsed time: 1.50545859336853
[2026-07-23 16:31:38] Calculate `GDI`: DONE
[2026-07-23 16:31:39] Total calculations elapsed time: 3.92164444923401
[2026-07-23 16:31:39] Calculate GDI dataframe: DONE
[2026-07-23 16:31:39] Clean plots: START
[2026-07-23 16:31:39] Total calculations elapsed time: 0.0229892730712891
[2026-07-23 16:31:39] Clean plots: DONE
[2026-07-23 16:31:39] GDI plot
[2026-07-23 16:31:39] Removed 1 low GDI genes (such as the fully-expressed) in GDI plot
[2026-07-23 16:31:40] Cluster 04_0003, with size 51, is uniform
[2026-07-23 16:31:40] Cluster 04_0003's shift to uniformity: -0.12202145632267
[2026-07-23 16:31:40] class = SimpleGDIUniformityCheck, check.isCheckAbove = FALSE, check.GDIThreshold = 1.4, check.maxRatioBeyond = 0.01, check.maxRankBeyond = 0, check.fractionBeyond = 0.00176004693458492, check.thresholdRank = 0, check.quantileAtRatio = 1.27797854367733, check.quantileAtRank = NaN, isUniform = TRUE, clusterSize = 51
[2026-07-23 16:31:40] cluster 04_0003 is uniform
[2026-07-23 16:31:40] 
[2026-07-23 16:31:41] *[2026-07-23 16:31:41]  checking uniformity of cluster '4' of 5 clusters
[2026-07-23 16:31:41] cluster 04_0004 has too few cells: will be reclustered!
[2026-07-23 16:31:41] 
[2026-07-23 16:31:41] Found 4 uniform and  1 non-uniform clusters
[2026-07-23 16:31:41] Stopping: too few cells left to cluster
[2026-07-23 16:31:41] Unclustered cell left: 21
[2026-07-23 16:31:41] The final raw clusterization contains [ 20 ] different clusters: 01_0000, 01_0001, 01_0006, 01_0007, 02_0000, 02_0001, 02_0002, 02_0005, 02_0006, 02_0007, 02_0009, 02_0011, 03_0001, 03_0002, 03_0003, 04_0000, 04_0001, 04_0002, 04_0003
[2026-07-23 16:31:41] Differential Expression Analysis - START
[2026-07-23 16:31:43] *[2026-07-23 16:31:43]  DEA on cluster '-1' with 21 cells
[2026-07-23 16:31:43] *[2026-07-23 16:31:43]  DEA on cluster '01' with 703 cells
[2026-07-23 16:31:43] *[2026-07-23 16:31:43]  DEA on cluster '02' with 572 cells
[2026-07-23 16:31:43] *[2026-07-23 16:31:43]  DEA on cluster '03' with 223 cells
[2026-07-23 16:31:43] *[2026-07-23 16:31:43]  DEA on cluster '04' with 221 cells
[2026-07-23 16:31:44] *[2026-07-23 16:31:44]  DEA on cluster '05' with 329 cells
[2026-07-23 16:31:44] *[2026-07-23 16:31:44]  DEA on cluster '06' with 280 cells
[2026-07-23 16:31:44] *[2026-07-23 16:31:44]  DEA on cluster '07' with 269 cells
[2026-07-23 16:31:44] *[2026-07-23 16:31:44]  DEA on cluster '08' with 199 cells
[2026-07-23 16:31:44] *[2026-07-23 16:31:44]  DEA on cluster '09' with 194 cells
[2026-07-23 16:31:44] *[2026-07-23 16:31:44]  DEA on cluster '10' with 192 cells
[2026-07-23 16:31:44] *[2026-07-23 16:31:44]  DEA on cluster '11' with 102 cells
[2026-07-23 16:31:44] *[2026-07-23 16:31:44]  DEA on cluster '12' with 52 cells
[2026-07-23 16:31:44] *[2026-07-23 16:31:44]  DEA on cluster '13' with 177 cells
[2026-07-23 16:31:44] *[2026-07-23 16:31:44]  DEA on cluster '14' with 155 cells
[2026-07-23 16:31:44] *[2026-07-23 16:31:44]  DEA on cluster '15' with 71 cells
[2026-07-23 16:31:44] *[2026-07-23 16:31:44]  DEA on cluster '16' with 160 cells
[2026-07-23 16:31:44] *[2026-07-23 16:31:44]  DEA on cluster '17' with 53 cells
[2026-07-23 16:31:44] *[2026-07-23 16:31:44]  DEA on cluster '18' with 53 cells
[2026-07-23 16:31:44] *[2026-07-23 16:31:44]  DEA on cluster '19' with 51 cells
[2026-07-23 16:31:44] 
[2026-07-23 16:31:44] Total calculations elapsed time: 2.68121719360352
[2026-07-23 16:31:44] Differential Expression Analysis - DONE
[2026-07-23 16:31:45] Applied reordering to clusterization is:
[2026-07-23 16:31:45] 01  ->  01, 02  ->  05, 03  ->  07, 04  ->  17, 05  ->  08, 06  ->  03, 07  ->  09, 08  ->  14, 09  ->  02, 10  ->  16, 11  ->  11, 12  ->  18, 13  ->  12, 14  ->  15, 15  ->  19, 16  ->  04, 17  ->  06, 18  ->  13, 19  ->  10, -1  ->  -1
[2026-07-23 16:31:45] Total calculations elapsed time: 612.994663953781
[2026-07-23 16:31:45] Creating cells' uniform clustering: DONE
[2026-07-23 16:31:45] ⇡   ✔ Done.
[2026-07-23 16:31:45] ┃   ❖ Adding 'split' clusterization to the COTAN object...
[2026-07-23 16:31:45] ┃   ❖ Starting Step 2/2: Merging clusters...
[2026-07-23 16:31:45] ⇣   ▶ mergeUniformCellsClusters()
[2026-07-23 16:31:45]       ◦ GDIThreshold: NaN ◦ cores: 80 ◦ optimizeForSpeed: TRUE ◦ deviceStr: cpu ◦ saveObj: TRUE ◦ outDir: /data/lorenzo_delitala/data/project_files/ding/cortex_2/plots ◦ clusters: 14,07,08,05,02,03,16,04,08,05,14,17,15,09,17,12,01,05,09,12,01,04,16,14,03,13,09,03,03,13,04,14,08,01,08,06,07,01,09,07,01,04,08,17,05,15,14,05,09,04,14,15,01,01,15,04,12,05,07,04,01,15,05,09,07,05,07,03,05,08,01,02,15,09,16,12,05,01,02,05,12,01,01,01,01,01,09,08,01,09,17,14,01,17,05,05,09,08,01,01,08,01,07,01,05,08,01,01,01,12,16,08,01,14,05,01,13,01,04,03,17,05,16,01,05,16,15,05,01,03,14,08,04,04,05,08,07,05,01,04,12,01,17,05,10,05,01,08,01,09,05,01,12,14,05,14,07,01,02,08,15,03,09,08,07,19,02,07,17,05,02,08,08,02,02,01,01,05,01,01,14,07,01,03,05,03,02,09,03,01,05,07,18,09,05,15,05,14,05,02,16,10,05,17,09,05,01,01,17,08,03,02,11,05,17,04,12,08,08,12,18,01,09,14,08,03,08,03,14,09,05,14,12,01,01,09,01,04,01,-1,02,05,01,16,05,01,05,01,01,14,09,01,03,01,17,12,05,18,07,04,05,14,14,17,17,16,03,17,16,02,01,14,01,07,03,12,05,05,02,07,05,09,17,01,16,03,17,05,01,05,16,12,03,07,04,03,15,16,03,03,07,02,01,09,11,02,04,03,01,02,14,01,05,13,09,07,09,07,01,03,09,01,11,13,03,08,05,01,08,03,01,07,03,06,18,11,01,08,04,15,05,08,08,-1,06,05,16,03,17,15,04,01,16,14,17,12,15,08,15,10,09,17,01,08,01,01,07,12,05,08,05,05,14,08,18,09,18,05,12,05,03,01,12,01,11,12,04,01,12,01,07,08,14,16,05,08,19,08,14,08,09,14,17,05,14,02,17,14,12,05,08,05,12,03,05,09,04,09,13,04,05,07,08,05,15,15,05,01,05,06,19,01,01,05,16,01,05,05,09,02,05,05,14,05,01,08,16,02,09,03,01,09,05,07,02,12,03,17,03,04,11,16,02,04,01,14,05,08,01,17,08,01,05,03,11,14,05,14,01,01,18,12,16,04,01,08,05,07,12,05,07,09,08,17,01,17,03,09,08,02,02,03,07,12,01,01,16,09,05,19,09,04,09,18,08,01,04,06,16,14,08,03,05,16,01,07,05,14,11,03,05,03,04,03,14,10,12,05,09,05,05,01,02,07,16,10,12,05,01,09,07,08,08,04,09,05,05,05,01,12,01,16,11,01,01,05,02,14,01,01,17,02,01,11,04,03,05,01,01,13,01,07,09,01,03,16,18,05,07,01,11,16,03,08,01,16,02,01,17,05,03,03,03,16,01,07,14,09,07,01,17,08,08,11,03,01,01,02,08,16,12,05,15,14,01,10,09,15,07,11,02,03,02,01,07,12,11,09,01,05,08,05,09,04,12,12,04,19,07,01,01,13,14,01,08,01,05,16,14,19,15,08,15,01,02,13,19,09,03,04,15,19,17,08,03,05,03,01,19,01,01,05,03,16,19,08,05,05,01,01,05,01,05,01,08,07,17,08,12,19,01,09,15,09,03,16,02,02,05,07,05,07,01,14,11,08,01,12,14,01,12,12,03,14,09,07,14,14,09,17,12,01,17,12,01,16,16,12,11,05,16,18,17,02,08,09,14,01,08,15,01,05,01,17,01,08,15,05,01,15,05,01,05,05,03,14,08,01,05,11,05,01,05,12,17,12,07,01,17,05,04,16,02,09,18,04,19,09,15,06,14,18,19,01,03,03,02,16,01,05,14,01,07,03,08,01,03,17,07,12,12,01,16,05,04,01,08,11,16,05,02,01,07,14,08,02,03,03,15,03,05,04,12,01,05,02,08,01,01,19,08,01,11,08,-1,05,06,01,08,17,03,12,17,08,18,12,02,04,17,19,14,03,08,05,03,14,09,14,11,03,01,01,17,06,05,08,01,17,16,08,07,19,17,01,03,05,17,11,12,17,01,09,05,16,01,03,15,09,03,03,01,05,01,17,01,16,11,08,19,01,01,14,07,17,19,01,19,01,04,15,05,03,05,01,09,01,12,17,07,12,10,09,12,09,15,01,08,07,09,02,04,17,05,01,16,12,02,06,07,03,09,04,12,05,17,02,12,16,01,05,01,01,02,05,05,07,01,17,01,02,02,16,16,17,01,-1,07,11,03,06,03,07,05,17,08,01,17,15,17,10,17,11,08,01,09,04,01,02,08,10,06,01,08,01,01,05,04,01,05,04,03,01,14,14,02,05,09,04,05,01,14,03,01,01,03,05,05,12,08,09,14,17,14,01,09,03,09,05,04,07,06,04,15,01,08,15,01,05,05,07,05,05,05,06,01,01,07,05,04,14,09,12,01,15,07,08,09,07,08,05,10,01,05,16,11,05,08,03,15,05,03,11,08,05,05,12,15,15,01,01,18,18,12,01,05,05,15,01,07,05,04,14,05,04,05,05,01,05,01,05,08,05,17,01,05,01,01,05,02,05,05,08,09,09,03,01,08,18,08,09,12,01,05,15,10,17,08,05,01,12,19,09,01,19,14,03,12,01,05,05,09,09,16,05,05,09,09,01,01,07,07,12,02,04,03,05,17,03,14,03,15,05,05,07,14,01,15,06,02,13,14,15,03,04,01,05,04,11,16,04,06,03,11,17,01,18,02,05,16,11,16,05,05,08,08,12,04,05,12,14,07,16,14,12,09,14,03,03,05,17,04,05,01,01,01,08,05,15,13,14,04,09,09,07,05,01,17,04,17,02,16,07,07,17,01,04,05,08,01,14,03,14,04,09,01,14,05,01,-1,05,11,12,01,01,09,01,16,01,16,03,05,05,04,05,09,09,02,-1,01,13,03,05,01,01,07,18,06,02,01,05,19,08,04,17,05,14,02,01,01,01,19,05,09,08,17,05,02,05,03,01,08,02,03,05,15,05,03,11,08,14,03,02,09,01,01,08,01,05,11,03,05,11,05,14,01,09,09,17,01,02,03,01,15,19,03,08,14,01,08,05,12,01,17,01,07,17,02,01,14,05,05,04,18,02,08,14,17,05,16,16,05,08,-1,05,01,16,15,03,05,09,16,07,07,01,07,01,07,05,09,09,08,16,15,08,01,05,16,16,05,03,04,05,01,03,09,01,09,01,09,03,04,01,17,12,05,12,15,15,01,17,03,01,16,05,05,17,03,01,09,04,01,17,08,05,17,08,02,08,08,07,08,02,07,14,07,05,09,13,16,09,17,15,06,07,16,06,03,01,09,07,01,12,13,07,07,07,05,05,01,01,07,14,04,09,05,04,02,17,09,03,17,09,03,04,02,14,03,09,01,16,14,12,05,02,08,08,-1,12,10,01,01,17,05,01,07,03,19,07,05,02,10,12,01,02,05,14,13,07,01,17,13,09,01,07,08,01,18,05,01,16,05,08,15,05,07,07,05,01,14,03,08,16,01,11,03,03,02,01,15,12,05,17,05,01,19,05,17,05,08,04,03,09,09,12,01,17,12,17,12,12,14,11,01,01,13,05,01,04,17,01,01,01,12,05,05,01,19,17,10,07,07,17,01,17,14,18,01,02,05,05,05,01,01,01,15,01,05,04,05,09,17,01,11,09,16,03,12,04,09,12,05,12,04,05,13,01,10,08,17,08,19,01,03,08,16,14,07,18,01,01,01,07,05,07,05,04,05,05,02,18,07,05,09,01,16,12,17,05,01,13,10,05,16,19,11,06,01,01,08,11,08,10,09,01,01,01,15,12,18,01,11,04,12,15,17,03,02,03,14,17,12,05,16,01,01,08,08,06,11,01,02,05,12,15,08,01,08,07,05,12,14,05,15,02,02,07,15,05,01,01,05,16,17,08,01,06,02,16,07,15,17,13,05,17,07,03,01,08,03,01,08,05,07,01,09,09,14,08,01,12,14,14,12,01,14,07,01,17,05,12,12,03,02,19,01,17,08,05,01,11,03,06,08,11,09,14,08,09,15,01,07,05,14,05,01,05,14,08,01,01,05,15,05,01,05,12,09,06,08,08,05,02,05,08,01,01,01,11,03,16,05,05,05,15,14,04,01,07,19,01,05,05,05,09,08,01,17,13,15,03,-1,03,01,02,17,08,01,09,07,09,05,09,01,01,07,05,08,08,01,01,11,05,16,05,03,11,14,04,03,02,04,05,08,02,01,05,05,01,03,05,14,01,05,15,03,19,17,01,16,15,04,12,01,04,15,08,05,08,04,18,16,01,07,16,17,07,16,05,04,01,04,11,16,04,03,10,02,01,01,15,07,03,17,09,05,03,05,03,16,12,02,15,10,05,08,01,01,05,05,01,05,09,14,02,02,19,05,05,01,02,17,10,08,02,05,05,09,12,18,01,01,12,09,15,05,03,02,09,08,12,08,05,13,13,09,12,03,18,01,-1,09,04,03,11,12,07,17,17,01,16,12,15,17,10,16,04,11,03,01,05,01,18,14,05,03,02,11,17,08,06,07,05,05,07,05,09,04,17,01,05,03,04,07,03,14,01,01,01,02,05,19,01,04,04,01,01,01,12,05,01,05,01,01,17,16,08,19,05,19,02,14,15,02,01,15,06,16,12,03,08,08,05,05,10,02,14,16,01,04,08,03,08,07,08,09,03,07,15,04,08,11,03,01,01,14,01,07,01,03,14,17,01,03,08,06,17,05,12,08,16,09,16,08,16,10,16,05,05,08,08,01,02,08,09,01,17,07,15,02,01,12,02,09,05,04,03,18,02,08,08,10,01,05,01,03,15,12,05,17,-1,08,17,01,05,15,02,05,04,01,05,15,17,05,19,19,17,01,01,07,01,05,02,01,01,01,10,04,01,04,02,04,01,01,01,04,05,11,09,05,08,14,09,07,08,18,05,16,09,08,08,09,14,03,01,05,09,10,13,14,05,13,01,04,13,05,12,17,18,02,08,03,19,05,08,01,14,14,05,08,-1,12,-1,01,06,01,13,17,01,01,01,05,17,04,19,16,04,04,12,02,09,05,03,08,05,08,03,03,11,17,09,07,16,05,16,08,07,16,16,05,04,11,14,05,19,11,01,01,15,01,06,07,02,09,04,07,15,16,-1,15,07,01,19,15,01,16,01,17,05,02,14,07,14,09,05,08,08,16,07,01,03,15,14,08,12,16,03,12,14,02,05,03,05,17,01,08,09,01,01,11,17,02,08,08,04,03,09,16,17,12,01,04,07,05,08,01,03,01,16,09,08,04,18,17,17,03,15,17,10,05,11,17,11,14,05,14,05,12,05,17,06,02,13,14,03,03,11,05,02,09,07,08,09,03,13,09,17,03,01,01,07,07,11,05,10,10,16,01,17,01,01,15,03,05,05,08,17,08,15,12,17,01,13,12,03,05,17,03,01,02,05,01,09,05,05,06,12,15,14,05,07,03,03,15,02,16,08,11,07,12,09,02,01,06,05,01,07,07,15,06,05,01,05,04,01,17,02,19,07,09,01,01,09,08,01,14,13,05,14,07,03,18,02,08,01,07,07,03,15,12,12,08,01,08,03,01,09,05,03,12,03,19,05,01,15,05,01,09,08,05,09,16,15,15,01,08,15,17,07,04,01,08,01,08,01,14,01,02,01,08,17,16,05,03,08,09,15,01,17,02,05,03,01,01,07,16,04,01,09,08,02,05,05,01,17,08,01,04,17,05,05,10,06,07,01,16,02,11,01,09,11,01,14,17,01,18,02,19,09,05,14,15,08,08,15,01,16,11,02,15,08,05,16,15,16,05,07,02,01,01,05,05,01,08,15,05,07,01,12,01,08,07,16,19,05,08,04,03,16,01,01,03,14,15,03,05,15,02,01,14,17,16,05,08,17,03,07,03,02,-1,04,-1,01,03,03,09,08,01,01,12,01,01,17,01,15,03,04,04,16,07,01,03,-1,16,08,07,09,19,01,09,01,01,01,10,02,07,07,01,12,05,05,01,05,01,17,01,12,05,09,17,07,08,11,15,02,05,11,14,14,01,12,01,03,02,05,01,07,19,01,14,09,09,09,03,05,03,04,03,17,19,05,16,12,16,09,18,01,05,14,09,01,05,09,01,09,01,06,09,17,09,05,01,16,03,08,19,17,17,09,05,07,01,01,08,01,01,15,05,05,05,02,14,08,14,05,08,08,11,10,05,05,17,08,17,14,11,15,01,06,05,08,05,08,09,14,11,02,13,08,08,16,07,13,05,01,03,07,05,14,04,08,04,16,11,12,13,13,01,08,07,09,01,01,01,03,13,01,09,14,05,01,07,05,15,08,14,07,19,01,13,12,08,05,09,03,12,16,05,05,04,17,12,18,15,05,09,02,17,01,01,01,01,08,05,03,05,12,01,01,16,15,18,02,17,06,01,04,16,04,09,05,03,16,02,08,15,14,03,06,02,08,17,01,08,07,10,05,05,16,05,16,01,08,16,09,11,05,05,01,08,09,03,16,03,12,01,05,17,09,12,02,01,07,13,16,07,01,03,02,05,16,09,14,12,06,05,05,09,09,08,02,17,09,08,05,17,03,05,05,08,04,06,05,14,01,01,10,03,03,01,03,08,01,16,08,19,12,04,09,03,05,01,07,11,16,01,18,08,05,03,15,08,01,09,08,05,12,02,18,11,01,05,13,04,12,07,05,09,17,09,16,17,16,08,16,07,01,01,05,14,01,05,08,17,04,12,05,09,15,01,09,14,11,03,07,09,04,18,08,01,09,14,17,02,05,03,05,15,01,01,14,03,07,05,03,01,01,19,01,15,02,02,01,17,05,01,05,02,05,01,14,05,07,17,03,09,14,14,13,12,16,11,07,01,05,09,01,01,17,12,08,12,-1,08,09,06,09,02,07,09,17,08,02,01,13,01,09,05,01,10,01,17,01,17,01,17,04,07,13,01,08,03,08,01,01,01,03,13,07,17,15,03,11,05,07,10,11,15,12,17,01,18,09,05,09,01,03,14,08,07,14,08,05,05,15,02,03,05,01,01,11,02,12,04,15,15,09,01,09,02,14,18,01,09,01,16,04,08,15,05,02,17,17,01,11,02,01,05,12,05,01,07,01,03,16,17,01,05,07,12,03,01,02,08,11,08,06,03,11,05,17,05,19,01,09,05,14,04,08,05,09,03,12,18,16,05,04,01,02,05,03,07,12,15,15,05,04,02,08,07,08,17,13,15,08,01,19,11,04,17,02,02,03,15,01,04,01,01,07,14,09,12,07,03,13,01,01,03,06,09,08,07,01,09,09,01,08,03,19,19,09,11,02,02,01,16,07,01,01,01,01,05,14,01,01,01,15,09,02,07,17,12,03,03,17,03,03,01,08,09,19,05,05,05,16,07,01,03,05,01,03,02,02,01,16,01,01,01,13,11,05,04,01,18,01,14,16,07,04,01,01,08,12,05,01,16,15,03,07,17,08,16,14,01,01,01,05,08,07,01,17,07,05,16,05,17,11,01,08,02,05,03,08,05,07,09,11,02,09,05,16,05,05,08,01,02,12,05,05,02,03,09,01,15,11,14,01,14,02,01,15,05,07,06,05,13,13,05,05,15,07,03,09,02,03,06,08,03,06,19,07,09,08,07,14,09,17,11,11,04,01,01,09,09,12,01,14,14,16,17,16,02,08,02,05,17,03,01,07,01,01,11,05,08,12,03,09,08,08,01,14,12,05,16,03,08,01,17,14,01,12,09,05,16,02,02,14,03,18,12,05,04,03,12,07,16,17,05,09,08,08,03,09,05,14,06,04,01,09,03,09,14,09,01,02,01,01,15,01,09,08,03,01,09,08,08,08,05,09,17,09,17,05,01,05,15,02,16,05,17,05,01,05,08,14,15,01,01,10,01,05,05,01,05,05,12,12,09,01,05,05,16,07,14,05,17,02,01,03,16,03,08,03,08,15,16,08,01,15,10,16,09,17,05,19,10,03,05,03,16,01,08,01,15,08,17,01,04,14,04,09,01,07,01,01,04,05,03,09,09,04,17,09,07,19,14,05,03,07,12,01,07,01,05,16,18,02,18,14,14,04,17,01,01,06,03,05,05,04,-1,16,02,12,17,01,05,03,05,04,14,05,14,05,08,05,03,04,08,19,02,07,17,11,13,15,08,09,16,17,17,04,14,03,01,16,16,02,16,02,02,05,04,03,05,03,02,05,08,08,09,08,08,11,01,05,01,05,19,05,12,08,05,01,08,11,03,05,15,14,03,15,03,08,01,05,12,01,05,09,16,08,05,11,08,01,09,05,07,16,01,03,17,17,13,12,12,04,08,01,09,01,13,01,02,05,07,01,09,01,01,16,19,09,15,10,01,17,05,09,09,01,09,05,02,14,05,08,19,16,15,04,01,09,14,01,01,07,01,05,15,16,08,02,01,08,01,01,01,05,01,01,05,08,05,16,08,01,16,07,05,01,14,05,01,17,01,09,01,01,05,08,10,08,14,16,01,10,14,01,14,09,09,08,15,05,12,01,05,01,02,01,09,05,05,18,01,07,14,09,05,11,01,19,09,05,08,02,12,07,17,03,05,07,09,05,05,01,09,05,15,15,01,17,08,14,01,01,01,15,01,12,09,05,-1,10,03,08,06,01,01,01,03,06,02,07,04,10,10,10,01,05,05,19,02,01,01,11,19,03,17,09,15,05,05,01,09,08,03,08,04,02,11,03,19,14,08,15,14,01,03,08,08,08,14,05,17,05,01,02,14,14,05,08,16,01,09,03,05,01,05,01,01,09,16,12,01,08,-1,06,07,11,07,11,05,15,05,19,01,12,14,10,07,08,01,06,16,08,07,02,14,02,11,01,04,05,15,09,07,07,18,01,17,14,02,08,08,15,15,01,14,05,05,16,01,17,02,14,12,06,08,17,09,01,09,03,07,16,05,03,16,12,18,01,04,15,08,01,08,07,06,11,15,03,13,17,01,16,08,01,03,04,11,14,17,04,05,07,07,05,17,15,08,05,10,14,16,04,17,16,05,05,01,14,12,05,18,01,05,07,16,03,05,05,08,11,05,01,12,16,03,16,05,16,10,18,04,05,03,16,15,05,01,16,01,05,07,14,03,07,15,10,09,07,17,05,16,03,12,07,03,07,17,05,02,09,19,12,05,09,08,05,12,07,01,02,07,14,09,05,17,05,03,02,09,13,01,10,08,01,05,01,05,08,09,01,08,03,04 ◦ checkers: NULL ◦ batchSize: 0 ◦ useDEA: TRUE ◦ distance: NULL ◦ hclustMethod: ward.D2 ◦ allCheckResults:  ◦ initialIteration: 1
[2026-07-23 16:31:45] Merging cells' uniform clustering: START
[2026-07-23 16:31:45] The merge algorithm will use 3 passes
[2026-07-23 16:31:45] Start merging nearest clusters - the main threshold is: 1.37
[2026-07-23 16:31:45] Start merging nearest clusters: iteration 1
[2026-07-23 16:31:45] Differential Expression Analysis - START
[2026-07-23 16:31:48] *[2026-07-23 16:31:48]  DEA on cluster '-1' with 21 cells
[2026-07-23 16:31:48] *[2026-07-23 16:31:48]  DEA on cluster '01' with 703 cells
[2026-07-23 16:31:48] *[2026-07-23 16:31:48]  DEA on cluster '02' with 194 cells
[2026-07-23 16:31:48] *[2026-07-23 16:31:48]  DEA on cluster '03' with 280 cells
[2026-07-23 16:31:48] *[2026-07-23 16:31:48]  DEA on cluster '04' with 160 cells
[2026-07-23 16:31:48] *[2026-07-23 16:31:48]  DEA on cluster '05' with 572 cells
[2026-07-23 16:31:48] *[2026-07-23 16:31:48]  DEA on cluster '06' with 53 cells
[2026-07-23 16:31:48] *[2026-07-23 16:31:48]  DEA on cluster '07' with 223 cells
[2026-07-23 16:31:48] *[2026-07-23 16:31:48]  DEA on cluster '08' with 329 cells
[2026-07-23 16:31:48] *[2026-07-23 16:31:48]  DEA on cluster '09' with 269 cells
[2026-07-23 16:31:48] *[2026-07-23 16:31:48]  DEA on cluster '10' with 51 cells
[2026-07-23 16:31:48] *[2026-07-23 16:31:48]  DEA on cluster '11' with 102 cells
[2026-07-23 16:31:48] *[2026-07-23 16:31:48]  DEA on cluster '12' with 177 cells
[2026-07-23 16:31:48] *[2026-07-23 16:31:48]  DEA on cluster '13' with 53 cells
[2026-07-23 16:31:48] *[2026-07-23 16:31:48]  DEA on cluster '14' with 199 cells
[2026-07-23 16:31:48] *[2026-07-23 16:31:48]  DEA on cluster '15' with 155 cells
[2026-07-23 16:31:48] *[2026-07-23 16:31:48]  DEA on cluster '16' with 192 cells
[2026-07-23 16:31:48] *[2026-07-23 16:31:48]  DEA on cluster '17' with 221 cells
[2026-07-23 16:31:48] *[2026-07-23 16:31:48]  DEA on cluster '18' with 52 cells
[2026-07-23 16:31:48] *[2026-07-23 16:31:48]  DEA on cluster '19' with 71 cells
[2026-07-23 16:31:48] 
[2026-07-23 16:31:48] Total calculations elapsed time: 2.74555230140686
[2026-07-23 16:31:48] Differential Expression Analysis - DONE
[2026-07-23 16:31:50] Updating check results for the 0 already tested pairs to align to new checker
[2026-07-23 16:31:50] 9 new clusters pairs to be tested for merging:
c("11", "12") c("14", "15") c("-1", "19") c("13", "15") c("13", "14") c("10", "11") c("10", "12") c("03", "04") c("08", "09")
[2026-07-23 16:31:50] *[2026-07-23 16:31:50] 11_12-merge
[2026-07-23 16:31:50] Asked to drop 0 genes and 3798 cells
[2026-07-23 16:31:50] COTAN dataset analysis: START
[2026-07-23 16:31:50] Asked to drop 8210 genes and 0 cells
[2026-07-23 16:31:50] Genes/cells selection done: dropped [8210] genes and [0] cells
[2026-07-23 16:31:50] Working on [4637] genes and [279] cells
[2026-07-23 16:31:51] Dataset cleaning elapsed time: 0.741553783416748
[2026-07-23 16:31:51] Estimate `dispersion`: START
[2026-07-23 16:31:51] Effective number of cores used: 80
[2026-07-23 16:31:51] Executing 5 genes batches
[2026-07-23 16:31:51] Parallel dispersion Newton-Raphson: used up to 6 iterations
[2026-07-23 16:31:51] Parallel dispersion Newton-Raphson: used up to 5 iterations
[2026-07-23 16:31:52] Parallel dispersion Newton-Raphson: used up to 6 iterations
[2026-07-23 16:31:52] Parallel dispersion Newton-Raphson: used up to 6 iterations
[2026-07-23 16:31:52] Parallel dispersion Newton-Raphson: used up to 7 iterations
[2026-07-23 16:31:55] Total calculations elapsed time: 3.58869981765747
[2026-07-23 16:31:55] Estimate `dispersion`: DONE
[2026-07-23 16:31:55] Estimate `dispersion`: DONE
[2026-07-23 16:31:55] `dispersion` | min: -0.218268750793949 | max: 246.225878427968 | % negative: 76.7522104809144
[2026-07-23 16:31:55] Model parameter estimation elapsed time: 4.373699426651
[2026-07-23 16:31:55] COTAN genes' COEX estimation: START
[2026-07-23 16:31:55] Effective number of cores used: 80
[2026-07-23 16:31:55] Calculate genes COEX (torch) on device cpu: START
[2026-07-23 16:31:55] Retrieving expected genes contingency table
[2026-07-23 16:31:55] Expected genes contingency table elapsed time: 0.0255303382873535
[2026-07-23 16:31:55] Calculating genes COEX normalization factor
[2026-07-23 16:31:56] Calculating genes COEX normalization factor elapsed time: 0.797488451004028
[2026-07-23 16:31:56] Retrieving observed genes yes/yes contingency table
[2026-07-23 16:31:56] Observed genes contingency table elapsed time: 0.0170559883117676
[2026-07-23 16:31:58] Calculate genes COEX elapsed time: 1.4238874912262
[2026-07-23 16:31:58] Total calculations elapsed time: 2.26396226882935
[2026-07-23 16:31:58] Calculate genes COEX (torch) on device cpu: DONE
[2026-07-23 16:31:58] Only genes' COEX elapsed time: 2.99286556243896
[2026-07-23 16:31:58] Dataset analysis elapsed time: 8.10811877250671
[2026-07-23 16:31:58] COTAN dataset analysis: DONE
[2026-07-23 16:31:59] Checking uniformity for the cluster '11_12-merge' with 279 cells
[2026-07-23 16:31:59] Calculate GDI dataframe: START
[2026-07-23 16:31:59] Using S
[2026-07-23 16:31:59] Calculating S: START
[2026-07-23 16:32:00] Calculating S: DONE
[2026-07-23 16:32:00] Calculate `GDI`: START
[2026-07-23 16:32:00] Effective number of cores used: 80
[2026-07-23 16:32:00] Effective number of cores used: 80
[2026-07-23 16:32:00] Executing 5 genes batches
[2026-07-23 16:32:01] Total calculations elapsed time: 1.00083303451538
[2026-07-23 16:32:01] Calculate `GDI`: DONE
[2026-07-23 16:32:02] Total calculations elapsed time: 2.61236906051636
[2026-07-23 16:32:02] Calculate GDI dataframe: DONE
[2026-07-23 16:32:02] Clean plots: START
[2026-07-23 16:32:02] Total calculations elapsed time: 0.0230047702789307
[2026-07-23 16:32:02] Clean plots: DONE
[2026-07-23 16:32:02] GDI plot
[2026-07-23 16:32:02] Removed 0 low GDI genes (such as the fully-expressed) in GDI plot
[2026-07-23 16:32:03] Cluster 11_12-merge, with size 279, is uniform
[2026-07-23 16:32:03] Cluster 11_12-merge's shift to uniformity: -0.104682833942969
[2026-07-23 16:32:03] class = SimpleGDIUniformityCheck, check.isCheckAbove = FALSE, check.GDIThreshold = 1.37, check.maxRatioBeyond = 0.01, check.maxRankBeyond = 0, check.fractionBeyond = 0.0019409100711667, check.thresholdRank = 0, check.quantileAtRatio = 1.26531716605703, check.quantileAtRank = NaN, isUniform = TRUE, clusterSize = 279
[2026-07-23 16:32:04] Clusters 11 and 12 can be merged
[2026-07-23 16:32:04] *[2026-07-23 16:32:04] 14_15-merge
[2026-07-23 16:32:04] Asked to drop 0 genes and 3723 cells
[2026-07-23 16:32:04] COTAN dataset analysis: START
[2026-07-23 16:32:04] Asked to drop 7367 genes and 0 cells
[2026-07-23 16:32:04] Genes/cells selection done: dropped [7367] genes and [0] cells
[2026-07-23 16:32:04] Working on [5480] genes and [354] cells
[2026-07-23 16:32:05] Dataset cleaning elapsed time: 0.740789175033569
[2026-07-23 16:32:05] Estimate `dispersion`: START
[2026-07-23 16:32:05] Effective number of cores used: 80
[2026-07-23 16:32:05] Executing 6 genes batches
[2026-07-23 16:32:05] Parallel dispersion Newton-Raphson: used up to 6 iterations
[2026-07-23 16:32:05] Parallel dispersion Newton-Raphson: used up to 6 iterations
[2026-07-23 16:32:05] Parallel dispersion Newton-Raphson: used up to 7 iterations
[2026-07-23 16:32:05] Parallel dispersion Newton-Raphson: used up to 6 iterations
[2026-07-23 16:32:05] Parallel dispersion Newton-Raphson: used up to 6 iterations
[2026-07-23 16:32:06] Parallel dispersion Newton-Raphson: used up to 6 iterations
[2026-07-23 16:32:08] Total calculations elapsed time: 3.20993256568909
[2026-07-23 16:32:08] Estimate `dispersion`: DONE
[2026-07-23 16:32:08] Estimate `dispersion`: DONE
[2026-07-23 16:32:08] `dispersion` | min: -0.257233760474041 | max: 397.334867066071 | % negative: 77.7189781021898
[2026-07-23 16:32:09] Model parameter estimation elapsed time: 3.94375896453857
[2026-07-23 16:32:09] COTAN genes' COEX estimation: START
[2026-07-23 16:32:09] Effective number of cores used: 80
[2026-07-23 16:32:09] Calculate genes COEX (torch) on device cpu: START
[2026-07-23 16:32:09] Retrieving expected genes contingency table
[2026-07-23 16:32:09] Expected genes contingency table elapsed time: 0.03769850730896
[2026-07-23 16:32:09] Calculating genes COEX normalization factor
[2026-07-23 16:32:10] Calculating genes COEX normalization factor elapsed time: 0.840274333953857
[2026-07-23 16:32:10] Retrieving observed genes yes/yes contingency table
[2026-07-23 16:32:10] Observed genes contingency table elapsed time: 0.0405118465423584
[2026-07-23 16:32:11] Calculate genes COEX elapsed time: 1.6869580745697
[2026-07-23 16:32:11] Total calculations elapsed time: 2.60544276237488
[2026-07-23 16:32:11] Calculate genes COEX (torch) on device cpu: DONE
[2026-07-23 16:32:12] Only genes' COEX elapsed time: 3.33911204338074
[2026-07-23 16:32:12] Dataset analysis elapsed time: 8.02366018295288
[2026-07-23 16:32:12] COTAN dataset analysis: DONE
[2026-07-23 16:32:13] Checking uniformity for the cluster '14_15-merge' with 354 cells
[2026-07-23 16:32:13] Calculate GDI dataframe: START
[2026-07-23 16:32:13] Using S
[2026-07-23 16:32:13] Calculating S: START
[2026-07-23 16:32:13] Calculating S: DONE
[2026-07-23 16:32:13] Calculate `GDI`: START
[2026-07-23 16:32:13] Effective number of cores used: 80
[2026-07-23 16:32:13] Effective number of cores used: 80
[2026-07-23 16:32:13] Executing 6 genes batches
[2026-07-23 16:32:15] Total calculations elapsed time: 1.25113701820374
[2026-07-23 16:32:15] Calculate `GDI`: DONE
[2026-07-23 16:32:16] Total calculations elapsed time: 2.92257308959961
[2026-07-23 16:32:16] Calculate GDI dataframe: DONE
[2026-07-23 16:32:16] Clean plots: START
[2026-07-23 16:32:16] Total calculations elapsed time: 0.0228989124298096
[2026-07-23 16:32:16] Clean plots: DONE
[2026-07-23 16:32:16] GDI plot
[2026-07-23 16:32:16] Removed 0 low GDI genes (such as the fully-expressed) in GDI plot
[2026-07-23 16:32:17] Cluster 14_15-merge, with size 354, is uniform
[2026-07-23 16:32:17] Cluster 14_15-merge's shift to uniformity: -0.163361349636128
[2026-07-23 16:32:17] class = SimpleGDIUniformityCheck, check.isCheckAbove = FALSE, check.GDIThreshold = 1.37, check.maxRatioBeyond = 0.01, check.maxRankBeyond = 0, check.fractionBeyond = 0.00072992700729927, check.thresholdRank = 0, check.quantileAtRatio = 1.20663865036387, check.quantileAtRank = NaN, isUniform = TRUE, clusterSize = 354
[2026-07-23 16:32:18] Clusters 14 and 15 can be merged
[2026-07-23 16:32:18] *[2026-07-23 16:32:18] -1_19-merge
[2026-07-23 16:32:18] Asked to drop 0 genes and 3985 cells
[2026-07-23 16:32:18] COTAN dataset analysis: START
[2026-07-23 16:32:18] Asked to drop 6154 genes and 0 cells
[2026-07-23 16:32:18] Genes/cells selection done: dropped [6154] genes and [0] cells
[2026-07-23 16:32:18] Working on [6693] genes and [92] cells
[2026-07-23 16:32:19] Dataset cleaning elapsed time: 0.738656997680664
[2026-07-23 16:32:19] Estimate `dispersion`: START
[2026-07-23 16:32:19] Effective number of cores used: 80
[2026-07-23 16:32:19] Executing 7 genes batches
[2026-07-23 16:32:19] Parallel dispersion Newton-Raphson: used up to 6 iterations
[2026-07-23 16:32:19] Parallel dispersion Newton-Raphson: used up to 6 iterations
[2026-07-23 16:32:19] Parallel dispersion Newton-Raphson: used up to 6 iterations
[2026-07-23 16:32:19] Parallel dispersion Newton-Raphson: used up to 8 iterations
[2026-07-23 16:32:19] Parallel dispersion Newton-Raphson: used up to 6 iterations
[2026-07-23 16:32:19] Parallel dispersion Newton-Raphson: used up to 7 iterations
[2026-07-23 16:32:20] Parallel dispersion Newton-Raphson: used up to 7 iterations
[2026-07-23 16:32:22] Total calculations elapsed time: 3.72879695892334
[2026-07-23 16:32:22] Estimate `dispersion`: DONE
[2026-07-23 16:32:22] Estimate `dispersion`: DONE
[2026-07-23 16:32:22] `dispersion` | min: -0.583391862150419 | max: 191.610306508152 | % negative: 72.5683549977588
[2026-07-23 16:32:23] Model parameter estimation elapsed time: 4.7200493812561
[2026-07-23 16:32:23] COTAN genes' COEX estimation: START
[2026-07-23 16:32:23] Effective number of cores used: 80
[2026-07-23 16:32:23] Calculate genes COEX (torch) on device cpu: START
[2026-07-23 16:32:23] Retrieving expected genes contingency table
[2026-07-23 16:32:23] Expected genes contingency table elapsed time: 0.0413930416107178
[2026-07-23 16:32:23] Calculating genes COEX normalization factor
[2026-07-23 16:32:24] Calculating genes COEX normalization factor elapsed time: 0.875419855117798
[2026-07-23 16:32:24] Retrieving observed genes yes/yes contingency table
[2026-07-23 16:32:24] Observed genes contingency table elapsed time: 0.02101731300354
[2026-07-23 16:32:27] Calculate genes COEX elapsed time: 2.27838778495789
[2026-07-23 16:32:27] Total calculations elapsed time: 3.21621799468994
[2026-07-23 16:32:27] Calculate genes COEX (torch) on device cpu: DONE
[2026-07-23 16:32:27] Only genes' COEX elapsed time: 3.95198798179626
[2026-07-23 16:32:27] Dataset analysis elapsed time: 9.41069436073303
[2026-07-23 16:32:27] COTAN dataset analysis: DONE
[2026-07-23 16:32:28] Checking uniformity for the cluster '-1_19-merge' with 92 cells
[2026-07-23 16:32:28] Calculate GDI dataframe: START
[2026-07-23 16:32:28] Using S
[2026-07-23 16:32:28] Calculating S: START
[2026-07-23 16:32:29] Calculating S: DONE
[2026-07-23 16:32:29] Calculate `GDI`: START
[2026-07-23 16:32:29] Effective number of cores used: 80
[2026-07-23 16:32:29] Effective number of cores used: 80
[2026-07-23 16:32:29] Executing 7 genes batches
[2026-07-23 16:32:31] Total calculations elapsed time: 1.60774707794189
[2026-07-23 16:32:31] Calculate `GDI`: DONE
[2026-07-23 16:32:32] Total calculations elapsed time: 3.71813201904297
[2026-07-23 16:32:32] Calculate GDI dataframe: DONE
[2026-07-23 16:32:32] Clean plots: START
[2026-07-23 16:32:32] Total calculations elapsed time: 0.0237164497375488
[2026-07-23 16:32:32] Clean plots: DONE
[2026-07-23 16:32:32] GDI plot
[2026-07-23 16:32:32] Removed 0 low GDI genes (such as the fully-expressed) in GDI plot
[2026-07-23 16:32:33] Cluster -1_19-merge, with size 92, is not uniform
[2026-07-23 16:32:33] Cluster -1_19-merge's shift to uniformity: 0.221303595116871
[2026-07-23 16:32:33] class = SimpleGDIUniformityCheck, check.isCheckAbove = FALSE, check.GDIThreshold = 1.37, check.maxRatioBeyond = 0.01, check.maxRankBeyond = 0, check.fractionBeyond = 0.0488570147915733, check.thresholdRank = 0, check.quantileAtRatio = 1.59130359511687, check.quantileAtRank = NaN, isUniform = FALSE, clusterSize = 92
[2026-07-23 16:32:34] Clusters -1 and 19 cannot be merged
[2026-07-23 16:32:34] *[2026-07-23 16:32:34] 13_15-merge
[2026-07-23 16:32:34] Asked to drop 0 genes and 3869 cells
[2026-07-23 16:32:34] COTAN dataset analysis: START
[2026-07-23 16:32:34] Asked to drop 7333 genes and 0 cells
[2026-07-23 16:32:34] Genes/cells selection done: dropped [7333] genes and [0] cells
[2026-07-23 16:32:34] Working on [5514] genes and [208] cells
[2026-07-23 16:32:35] Dataset cleaning elapsed time: 0.744383573532104
[2026-07-23 16:32:35] Estimate `dispersion`: START
[2026-07-23 16:32:35] Effective number of cores used: 80
[2026-07-23 16:32:35] Executing 6 genes batches
[2026-07-23 16:32:35] Parallel dispersion Newton-Raphson: used up to 7 iterations
[2026-07-23 16:32:35] Parallel dispersion Newton-Raphson: used up to 6 iterations
[2026-07-23 16:32:35] Parallel dispersion Newton-Raphson: used up to 6 iterations
[2026-07-23 16:32:35] Parallel dispersion Newton-Raphson: used up to 7 iterations
[2026-07-23 16:32:35] Parallel dispersion Newton-Raphson: used up to 7 iterations
[2026-07-23 16:32:36] Parallel dispersion Newton-Raphson: used up to 7 iterations
[2026-07-23 16:32:38] Total calculations elapsed time: 3.61763119697571
[2026-07-23 16:32:38] Estimate `dispersion`: DONE
[2026-07-23 16:32:38] Estimate `dispersion`: DONE
[2026-07-23 16:32:38] `dispersion` | min: -1.18616243686155 | max: 234.00325435493 | % negative: 71.291258614436
[2026-07-23 16:32:40] Model parameter estimation elapsed time: 4.7641453742981
[2026-07-23 16:32:40] COTAN genes' COEX estimation: START
[2026-07-23 16:32:40] Effective number of cores used: 80
[2026-07-23 16:32:40] Calculate genes COEX (torch) on device cpu: START
[2026-07-23 16:32:40] Retrieving expected genes contingency table
[2026-07-23 16:32:40] Expected genes contingency table elapsed time: 0.0335066318511963
[2026-07-23 16:32:40] Calculating genes COEX normalization factor
[2026-07-23 16:32:41] Calculating genes COEX normalization factor elapsed time: 1.07851362228394
[2026-07-23 16:32:41] Retrieving observed genes yes/yes contingency table
[2026-07-23 16:32:41] Observed genes contingency table elapsed time: 0.0254583358764648
[2026-07-23 16:32:42] Calculate genes COEX elapsed time: 1.74956870079041
[2026-07-23 16:32:42] Total calculations elapsed time: 2.887047290802
[2026-07-23 16:32:42] Calculate genes COEX (torch) on device cpu: DONE
[2026-07-23 16:32:43] Only genes' COEX elapsed time: 3.62476921081543
[2026-07-23 16:32:43] Dataset analysis elapsed time: 9.13329815864563
[2026-07-23 16:32:43] COTAN dataset analysis: DONE
[2026-07-23 16:32:44] Checking uniformity for the cluster '13_15-merge' with 208 cells
[2026-07-23 16:32:44] Calculate GDI dataframe: START
[2026-07-23 16:32:44] Using S
[2026-07-23 16:32:44] Calculating S: START
[2026-07-23 16:32:45] Calculating S: DONE
[2026-07-23 16:32:45] Calculate `GDI`: START
[2026-07-23 16:32:45] Effective number of cores used: 80
[2026-07-23 16:32:45] Effective number of cores used: 80
[2026-07-23 16:32:45] Executing 6 genes batches
[2026-07-23 16:32:46] Total calculations elapsed time: 1.21554374694824
[2026-07-23 16:32:46] Calculate `GDI`: DONE
[2026-07-23 16:32:47] Total calculations elapsed time: 2.82609558105469
[2026-07-23 16:32:47] Calculate GDI dataframe: DONE
[2026-07-23 16:32:47] Clean plots: START
[2026-07-23 16:32:47] Total calculations elapsed time: 0.0229816436767578
[2026-07-23 16:32:47] Clean plots: DONE
[2026-07-23 16:32:47] GDI plot
[2026-07-23 16:32:47] Removed 0 low GDI genes (such as the fully-expressed) in GDI plot
[2026-07-23 16:32:48] Cluster 13_15-merge, with size 208, is not uniform
[2026-07-23 16:32:48] Cluster 13_15-merge's shift to uniformity: 0.248604533448631
[2026-07-23 16:32:48] class = SimpleGDIUniformityCheck, check.isCheckAbove = FALSE, check.GDIThreshold = 1.37, check.maxRatioBeyond = 0.01, check.maxRankBeyond = 0, check.fractionBeyond = 0.0453391367428364, check.thresholdRank = 0, check.quantileAtRatio = 1.61860453344863, check.quantileAtRank = NaN, isUniform = FALSE, clusterSize = 208
[2026-07-23 16:32:49] Clusters 13 and 15 cannot be merged
[2026-07-23 16:32:49] *[2026-07-23 16:32:49] 13_14-merge
[2026-07-23 16:32:49] Asked to drop 0 genes and 3825 cells
[2026-07-23 16:32:49] COTAN dataset analysis: START
[2026-07-23 16:32:49] Asked to drop 7105 genes and 0 cells
[2026-07-23 16:32:49] Genes/cells selection done: dropped [7105] genes and [0] cells
[2026-07-23 16:32:49] Working on [5742] genes and [252] cells
[2026-07-23 16:32:50] Dataset cleaning elapsed time: 0.741477012634277
[2026-07-23 16:32:50] Estimate `dispersion`: START
[2026-07-23 16:32:50] Effective number of cores used: 80
[2026-07-23 16:32:50] Executing 6 genes batches
[2026-07-23 16:32:50] Parallel dispersion Newton-Raphson: used up to 7 iterations
[2026-07-23 16:32:50] Parallel dispersion Newton-Raphson: used up to 6 iterations
[2026-07-23 16:32:50] Parallel dispersion Newton-Raphson: used up to 7 iterations
[2026-07-23 16:32:50] Parallel dispersion Newton-Raphson: used up to 7 iterations
[2026-07-23 16:32:50] Parallel dispersion Newton-Raphson: used up to 7 iterations
[2026-07-23 16:32:51] Parallel dispersion Newton-Raphson: used up to 7 iterations
[2026-07-23 16:32:53] Total calculations elapsed time: 3.23342704772949
[2026-07-23 16:32:53] Estimate `dispersion`: DONE
[2026-07-23 16:32:53] Estimate `dispersion`: DONE
[2026-07-23 16:32:53] `dispersion` | min: -0.430243824553012 | max: 290.653583454968 | % negative: 71.8739115290839
[2026-07-23 16:32:54] Model parameter estimation elapsed time: 3.96835899353027
[2026-07-23 16:32:54] COTAN genes' COEX estimation: START
[2026-07-23 16:32:54] Effective number of cores used: 80
[2026-07-23 16:32:54] Calculate genes COEX (torch) on device cpu: START
[2026-07-23 16:32:54] Retrieving expected genes contingency table
[2026-07-23 16:32:54] Expected genes contingency table elapsed time: 0.766827821731567
[2026-07-23 16:32:54] Calculating genes COEX normalization factor
[2026-07-23 16:32:55] Calculating genes COEX normalization factor elapsed time: 0.854573488235474
[2026-07-23 16:32:55] Retrieving observed genes yes/yes contingency table
[2026-07-23 16:32:55] Observed genes contingency table elapsed time: 0.042290210723877
[2026-07-23 16:32:57] Calculate genes COEX elapsed time: 1.8390064239502
[2026-07-23 16:32:57] Total calculations elapsed time: 3.50269794464111
[2026-07-23 16:32:57] Calculate genes COEX (torch) on device cpu: DONE
[2026-07-23 16:32:58] Only genes' COEX elapsed time: 4.23917651176453
[2026-07-23 16:32:58] Dataset analysis elapsed time: 8.94901251792908
[2026-07-23 16:32:58] COTAN dataset analysis: DONE
[2026-07-23 16:32:59] Checking uniformity for the cluster '13_14-merge' with 252 cells
[2026-07-23 16:32:59] Calculate GDI dataframe: START
[2026-07-23 16:32:59] Using S
[2026-07-23 16:32:59] Calculating S: START
[2026-07-23 16:32:59] Calculating S: DONE
[2026-07-23 16:32:59] Calculate `GDI`: START
[2026-07-23 16:32:59] Effective number of cores used: 80
[2026-07-23 16:32:59] Effective number of cores used: 80
[2026-07-23 16:32:59] Executing 6 genes batches
[2026-07-23 16:33:01] Total calculations elapsed time: 1.34199023246765
[2026-07-23 16:33:01] Calculate `GDI`: DONE
[2026-07-23 16:33:02] Total calculations elapsed time: 3.07087969779968
[2026-07-23 16:33:02] Calculate GDI dataframe: DONE
[2026-07-23 16:33:02] Clean plots: START
[2026-07-23 16:33:02] Total calculations elapsed time: 0.023235559463501
[2026-07-23 16:33:02] Clean plots: DONE
[2026-07-23 16:33:02] GDI plot
[2026-07-23 16:33:02] Removed 0 low GDI genes (such as the fully-expressed) in GDI plot
[2026-07-23 16:33:03] Cluster 13_14-merge, with size 252, is not uniform
[2026-07-23 16:33:03] Cluster 13_14-merge's shift to uniformity: 0.30729882306706
[2026-07-23 16:33:03] class = SimpleGDIUniformityCheck, check.isCheckAbove = FALSE, check.GDIThreshold = 1.37, check.maxRatioBeyond = 0.01, check.maxRankBeyond = 0, check.fractionBeyond = 0.0498084291187739, check.thresholdRank = 0, check.quantileAtRatio = 1.67729882306706, check.quantileAtRank = NaN, isUniform = FALSE, clusterSize = 252
[2026-07-23 16:33:04] Clusters 13 and 14 cannot be merged
[2026-07-23 16:33:04] *[2026-07-23 16:33:04] 10_11-merge
[2026-07-23 16:33:04] Asked to drop 0 genes and 3924 cells
[2026-07-23 16:33:04] COTAN dataset analysis: START
[2026-07-23 16:33:04] Asked to drop 4541 genes and 0 cells
[2026-07-23 16:33:04] Genes/cells selection done: dropped [4541] genes and [0] cells
[2026-07-23 16:33:04] Working on [8306] genes and [153] cells
[2026-07-23 16:33:05] Dataset cleaning elapsed time: 0.739599704742432
[2026-07-23 16:33:05] Estimate `dispersion`: START
[2026-07-23 16:33:05] Effective number of cores used: 80
[2026-07-23 16:33:05] Executing 9 genes batches
[2026-07-23 16:33:05] Parallel dispersion Newton-Raphson: used up to 6 iterations
[2026-07-23 16:33:05] Parallel dispersion Newton-Raphson: used up to 5 iterations
[2026-07-23 16:33:05] Parallel dispersion Newton-Raphson: used up to 7 iterations
[2026-07-23 16:33:05] Parallel dispersion Newton-Raphson: used up to 6 iterations
[2026-07-23 16:33:05] Parallel dispersion Newton-Raphson: used up to 7 iterations
[2026-07-23 16:33:05] Parallel dispersion Newton-Raphson: used up to 6 iterations
[2026-07-23 16:33:06] Parallel dispersion Newton-Raphson: used up to 7 iterations
[2026-07-23 16:33:06] Parallel dispersion Newton-Raphson: used up to 7 iterations
[2026-07-23 16:33:06] Parallel dispersion Newton-Raphson: used up to 6 iterations
[2026-07-23 16:33:09] Total calculations elapsed time: 4.06395936012268
[2026-07-23 16:33:09] Estimate `dispersion`: DONE
[2026-07-23 16:33:09] Estimate `dispersion`: DONE
[2026-07-23 16:33:09] `dispersion` | min: -0.473016242268793 | max: 366.085131539864 | % negative: 78.7141825186612
[2026-07-23 16:33:10] Model parameter estimation elapsed time: 5.05351710319519
[2026-07-23 16:33:10] COTAN genes' COEX estimation: START
[2026-07-23 16:33:10] Effective number of cores used: 80
[2026-07-23 16:33:10] Calculate genes COEX (torch) on device cpu: START
[2026-07-23 16:33:10] Retrieving expected genes contingency table
[2026-07-23 16:33:10] Expected genes contingency table elapsed time: 0.0423741340637207
[2026-07-23 16:33:10] Calculating genes COEX normalization factor
[2026-07-23 16:33:11] Calculating genes COEX normalization factor elapsed time: 0.951293468475342
[2026-07-23 16:33:11] Retrieving observed genes yes/yes contingency table
[2026-07-23 16:33:11] Observed genes contingency table elapsed time: 0.034412145614624
[2026-07-23 16:33:14] Calculate genes COEX elapsed time: 3.26208305358887
[2026-07-23 16:33:14] Total calculations elapsed time: 4.29016280174255
[2026-07-23 16:33:14] Calculate genes COEX (torch) on device cpu: DONE
[2026-07-23 16:33:15] Only genes' COEX elapsed time: 5.03172278404236
[2026-07-23 16:33:15] Dataset analysis elapsed time: 10.82483959198
[2026-07-23 16:33:15] COTAN dataset analysis: DONE
[2026-07-23 16:33:16] Checking uniformity for the cluster '10_11-merge' with 153 cells
[2026-07-23 16:33:16] Calculate GDI dataframe: START
[2026-07-23 16:33:16] Using S
[2026-07-23 16:33:16] Calculating S: START
[2026-07-23 16:33:17] Calculating S: DONE
[2026-07-23 16:33:17] Calculate `GDI`: START
[2026-07-23 16:33:17] Effective number of cores used: 80
[2026-07-23 16:33:17] Effective number of cores used: 80
[2026-07-23 16:33:17] Executing 9 genes batches
[2026-07-23 16:33:20] Total calculations elapsed time: 2.29712152481079
[2026-07-23 16:33:20] Calculate `GDI`: DONE
[2026-07-23 16:33:21] Total calculations elapsed time: 5.20936751365662
[2026-07-23 16:33:21] Calculate GDI dataframe: DONE
[2026-07-23 16:33:21] Clean plots: START
[2026-07-23 16:33:21] Total calculations elapsed time: 0.0229451656341553
[2026-07-23 16:33:21] Clean plots: DONE
[2026-07-23 16:33:21] GDI plot
[2026-07-23 16:33:21] Removed 1 low GDI genes (such as the fully-expressed) in GDI plot
[2026-07-23 16:33:22] Cluster 10_11-merge, with size 153, is not uniform
[2026-07-23 16:33:22] Cluster 10_11-merge's shift to uniformity: 0.0797272562468692
[2026-07-23 16:33:22] class = SimpleGDIUniformityCheck, check.isCheckAbove = FALSE, check.GDIThreshold = 1.37, check.maxRatioBeyond = 0.01, check.maxRankBeyond = 0, check.fractionBeyond = 0.016373705754876, check.thresholdRank = 0, check.quantileAtRatio = 1.44972725624687, check.quantileAtRank = NaN, isUniform = FALSE, clusterSize = 153
[2026-07-23 16:33:23] Clusters 10 and 11 cannot be merged
[2026-07-23 16:33:23] *[2026-07-23 16:33:23] 10_12-merge
[2026-07-23 16:33:23] Asked to drop 0 genes and 3849 cells
[2026-07-23 16:33:23] COTAN dataset analysis: START
[2026-07-23 16:33:23] Asked to drop 7355 genes and 0 cells
[2026-07-23 16:33:23] Genes/cells selection done: dropped [7355] genes and [0] cells
[2026-07-23 16:33:23] Working on [5492] genes and [228] cells
[2026-07-23 16:33:24] Dataset cleaning elapsed time: 0.738915920257568
[2026-07-23 16:33:24] Estimate `dispersion`: START
[2026-07-23 16:33:24] Effective number of cores used: 80
[2026-07-23 16:33:24] Executing 6 genes batches
[2026-07-23 16:33:24] Parallel dispersion Newton-Raphson: used up to 6 iterations
[2026-07-23 16:33:24] Parallel dispersion Newton-Raphson: used up to 6 iterations
[2026-07-23 16:33:24] Parallel dispersion Newton-Raphson: used up to 6 iterations
[2026-07-23 16:33:24] Parallel dispersion Newton-Raphson: used up to 7 iterations
[2026-07-23 16:33:24] Parallel dispersion Newton-Raphson: used up to 6 iterations
[2026-07-23 16:33:25] Parallel dispersion Newton-Raphson: used up to 7 iterations
[2026-07-23 16:33:27] Total calculations elapsed time: 3.65837574005127
[2026-07-23 16:33:27] Estimate `dispersion`: DONE
[2026-07-23 16:33:27] Estimate `dispersion`: DONE
[2026-07-23 16:33:27] `dispersion` | min: -0.474611940233117 | max: 148.575486053456 | % negative: 73.4158776402039
[2026-07-23 16:33:29] Model parameter estimation elapsed time: 4.79227900505066
[2026-07-23 16:33:29] COTAN genes' COEX estimation: START
[2026-07-23 16:33:29] Effective number of cores used: 80
[2026-07-23 16:33:29] Calculate genes COEX (torch) on device cpu: START
[2026-07-23 16:33:29] Retrieving expected genes contingency table
[2026-07-23 16:33:29] Expected genes contingency table elapsed time: 0.0296099185943604
[2026-07-23 16:33:29] Calculating genes COEX normalization factor
[2026-07-23 16:33:30] Calculating genes COEX normalization factor elapsed time: 1.08289361000061
[2026-07-23 16:33:30] Retrieving observed genes yes/yes contingency table
[2026-07-23 16:33:30] Observed genes contingency table elapsed time: 0.0249955654144287
[2026-07-23 16:33:31] Calculate genes COEX elapsed time: 1.68977689743042
[2026-07-23 16:33:31] Total calculations elapsed time: 2.82727599143982
[2026-07-23 16:33:31] Calculate genes COEX (torch) on device cpu: DONE
[2026-07-23 16:33:32] Only genes' COEX elapsed time: 3.56504726409912
[2026-07-23 16:33:32] Dataset analysis elapsed time: 9.09624218940735
[2026-07-23 16:33:32] COTAN dataset analysis: DONE
[2026-07-23 16:33:33] Checking uniformity for the cluster '10_12-merge' with 228 cells
[2026-07-23 16:33:33] Calculate GDI dataframe: START
[2026-07-23 16:33:33] Using S
[2026-07-23 16:33:33] Calculating S: START
[2026-07-23 16:33:34] Calculating S: DONE
[2026-07-23 16:33:34] Calculate `GDI`: START
[2026-07-23 16:33:34] Effective number of cores used: 80
[2026-07-23 16:33:34] Effective number of cores used: 80
[2026-07-23 16:33:34] Executing 6 genes batches
[2026-07-23 16:33:35] Total calculations elapsed time: 1.26189970970154
[2026-07-23 16:33:35] Calculate `GDI`: DONE
[2026-07-23 16:33:36] Total calculations elapsed time: 2.92391538619995
[2026-07-23 16:33:36] Calculate GDI dataframe: DONE
[2026-07-23 16:33:36] Clean plots: START
[2026-07-23 16:33:36] Total calculations elapsed time: 0.0229179859161377
[2026-07-23 16:33:36] Clean plots: DONE
[2026-07-23 16:33:36] GDI plot
[2026-07-23 16:33:36] Removed 0 low GDI genes (such as the fully-expressed) in GDI plot
[2026-07-23 16:33:37] Cluster 10_12-merge, with size 228, is not uniform
[2026-07-23 16:33:37] Cluster 10_12-merge's shift to uniformity: 0.452942381723132
[2026-07-23 16:33:37] class = SimpleGDIUniformityCheck, check.isCheckAbove = FALSE, check.GDIThreshold = 1.37, check.maxRatioBeyond = 0.01, check.maxRankBeyond = 0, check.fractionBeyond = 0.0650036416605972, check.thresholdRank = 0, check.quantileAtRatio = 1.82294238172313, check.quantileAtRank = NaN, isUniform = FALSE, clusterSize = 228
[2026-07-23 16:33:38] Clusters 10 and 12 cannot be merged
[2026-07-23 16:33:38] *[2026-07-23 16:33:38] 03_04-merge
[2026-07-23 16:33:38] Asked to drop 0 genes and 3637 cells
[2026-07-23 16:33:38] COTAN dataset analysis: START
[2026-07-23 16:33:38] Asked to drop 2024 genes and 0 cells
[2026-07-23 16:33:38] Genes/cells selection done: dropped [2024] genes and [0] cells
[2026-07-23 16:33:38] Working on [10823] genes and [440] cells
[2026-07-23 16:33:39] Dataset cleaning elapsed time: 0.754979610443115
[2026-07-23 16:33:39] Estimate `dispersion`: START
[2026-07-23 16:33:39] Effective number of cores used: 80
[2026-07-23 16:33:39] Executing 11 genes batches
[2026-07-23 16:33:39] Parallel dispersion Newton-Raphson: used up to 6 iterations
[2026-07-23 16:33:39] Parallel dispersion Newton-Raphson: used up to 5 iterations
[2026-07-23 16:33:39] Parallel dispersion Newton-Raphson: used up to 6 iterations
[2026-07-23 16:33:39] Parallel dispersion Newton-Raphson: used up to 6 iterations
[2026-07-23 16:33:40] Parallel dispersion Newton-Raphson: used up to 6 iterations
[2026-07-23 16:33:40] Parallel dispersion Newton-Raphson: used up to 5 iterations
[2026-07-23 16:33:40] Parallel dispersion Newton-Raphson: used up to 6 iterations
[2026-07-23 16:33:40] Parallel dispersion Newton-Raphson: used up to 6 iterations
[2026-07-23 16:33:40] Parallel dispersion Newton-Raphson: used up to 6 iterations
[2026-07-23 16:33:40] Parallel dispersion Newton-Raphson: used up to 6 iterations
[2026-07-23 16:33:40] Parallel dispersion Newton-Raphson: used up to 7 iterations
[2026-07-23 16:33:43] Total calculations elapsed time: 3.83792638778687
[2026-07-23 16:33:43] Estimate `dispersion`: DONE
[2026-07-23 16:33:43] Estimate `dispersion`: DONE
[2026-07-23 16:33:43] `dispersion` | min: -0.202935439704543 | max: 398.719531078729 | % negative: 64.815670331701
[2026-07-23 16:33:43] Model parameter estimation elapsed time: 4.57256007194519
[2026-07-23 16:33:43] COTAN genes' COEX estimation: START
[2026-07-23 16:33:43] Effective number of cores used: 80
[2026-07-23 16:33:43] Calculate genes COEX (torch) on device cpu: START
[2026-07-23 16:33:43] Retrieving expected genes contingency table
[2026-07-23 16:33:43] Expected genes contingency table elapsed time: 0.0850632190704346
[2026-07-23 16:33:43] Calculating genes COEX normalization factor
[2026-07-23 16:33:45] Calculating genes COEX normalization factor elapsed time: 1.07677412033081
[2026-07-23 16:33:45] Retrieving observed genes yes/yes contingency table
[2026-07-23 16:33:45] Observed genes contingency table elapsed time: 0.104404449462891
[2026-07-23 16:33:50] Calculate genes COEX elapsed time: 5.33043384552002
[2026-07-23 16:33:50] Total calculations elapsed time: 6.59667563438416
[2026-07-23 16:33:50] Calculate genes COEX (torch) on device cpu: DONE
[2026-07-23 16:33:51] Only genes' COEX elapsed time: 7.33803701400757
[2026-07-23 16:33:51] Dataset analysis elapsed time: 12.6655766963959
[2026-07-23 16:33:51] COTAN dataset analysis: DONE
[2026-07-23 16:33:51] Checking uniformity for the cluster '03_04-merge' with 440 cells
[2026-07-23 16:33:51] Calculate GDI dataframe: START
[2026-07-23 16:33:51] Using S
[2026-07-23 16:33:51] Calculating S: START
[2026-07-23 16:33:55] Calculating S: DONE
[2026-07-23 16:33:55] Calculate `GDI`: START
[2026-07-23 16:33:55] Effective number of cores used: 80
[2026-07-23 16:33:55] Effective number of cores used: 80
[2026-07-23 16:33:55] Executing 11 genes batches
[2026-07-23 16:33:58] Total calculations elapsed time: 2.8422257900238
[2026-07-23 16:33:58] Calculate `GDI`: DONE
[2026-07-23 16:33:59] Total calculations elapsed time: 7.22116494178772
[2026-07-23 16:33:59] Calculate GDI dataframe: DONE
[2026-07-23 16:33:59] Clean plots: START
[2026-07-23 16:33:59] Total calculations elapsed time: 0.0237500667572021
[2026-07-23 16:33:59] Clean plots: DONE
[2026-07-23 16:33:59] GDI plot
[2026-07-23 16:33:59] Removed 0 low GDI genes (such as the fully-expressed) in GDI plot
[2026-07-23 16:34:00] Cluster 03_04-merge, with size 440, is uniform
[2026-07-23 16:34:00] Cluster 03_04-merge's shift to uniformity: -0.0744210454383172
[2026-07-23 16:34:00] class = SimpleGDIUniformityCheck, check.isCheckAbove = FALSE, check.GDIThreshold = 1.37, check.maxRatioBeyond = 0.01, check.maxRankBeyond = 0, check.fractionBeyond = 0.0017555206504666, check.thresholdRank = 0, check.quantileAtRatio = 1.29557895456168, check.quantileAtRank = NaN, isUniform = TRUE, clusterSize = 440
[2026-07-23 16:34:01] Clusters 03 and 04 can be merged
[2026-07-23 16:34:01] *[2026-07-23 16:34:01] 08_09-merge
[2026-07-23 16:34:01] Asked to drop 0 genes and 3479 cells
[2026-07-23 16:34:01] COTAN dataset analysis: START
[2026-07-23 16:34:01] Asked to drop 3345 genes and 0 cells
[2026-07-23 16:34:01] Genes/cells selection done: dropped [3345] genes and [0] cells
[2026-07-23 16:34:01] Working on [9502] genes and [598] cells
[2026-07-23 16:34:02] Dataset cleaning elapsed time: 0.752079486846924
[2026-07-23 16:34:02] Estimate `dispersion`: START
[2026-07-23 16:34:02] Effective number of cores used: 80
[2026-07-23 16:34:02] Executing 10 genes batches
[2026-07-23 16:34:02] Parallel dispersion Newton-Raphson: used up to 6 iterations
[2026-07-23 16:34:02] Parallel dispersion Newton-Raphson: used up to 6 iterations
[2026-07-23 16:34:02] Parallel dispersion Newton-Raphson: used up to 6 iterations
[2026-07-23 16:34:03] Parallel dispersion Newton-Raphson: used up to 6 iterations
[2026-07-23 16:34:03] Parallel dispersion Newton-Raphson: used up to 6 iterations
[2026-07-23 16:34:03] Parallel dispersion Newton-Raphson: used up to 6 iterations
[2026-07-23 16:34:03] Parallel dispersion Newton-Raphson: used up to 6 iterations
[2026-07-23 16:34:03] Parallel dispersion Newton-Raphson: used up to 7 iterations
[2026-07-23 16:34:03] Parallel dispersion Newton-Raphson: used up to 5 iterations
[2026-07-23 16:34:03] Parallel dispersion Newton-Raphson: used up to 6 iterations
[2026-07-23 16:34:06] Total calculations elapsed time: 4.36225867271423
[2026-07-23 16:34:06] Estimate `dispersion`: DONE
[2026-07-23 16:34:06] Estimate `dispersion`: DONE
[2026-07-23 16:34:06] `dispersion` | min: -0.17374851500279 | max: 480.38397229384 | % negative: 60.8819195958745
[2026-07-23 16:34:07] Model parameter estimation elapsed time: 5.15195345878601
[2026-07-23 16:34:07] COTAN genes' COEX estimation: START
[2026-07-23 16:34:07] Effective number of cores used: 80
[2026-07-23 16:34:07] Calculate genes COEX (torch) on device cpu: START
[2026-07-23 16:34:07] Retrieving expected genes contingency table
[2026-07-23 16:34:07] Expected genes contingency table elapsed time: 0.113719940185547
[2026-07-23 16:34:07] Calculating genes COEX normalization factor
[2026-07-23 16:34:08] Calculating genes COEX normalization factor elapsed time: 1.00809407234192
[2026-07-23 16:34:08] Retrieving observed genes yes/yes contingency table
[2026-07-23 16:34:08] Observed genes contingency table elapsed time: 0.108498811721802
[2026-07-23 16:34:12] Calculate genes COEX elapsed time: 4.18423128128052
[2026-07-23 16:34:12] Total calculations elapsed time: 5.41454410552979
[2026-07-23 16:34:12] Calculate genes COEX (torch) on device cpu: DONE
[2026-07-23 16:34:13] Only genes' COEX elapsed time: 6.15364766120911
[2026-07-23 16:34:13] Dataset analysis elapsed time: 12.057680606842
[2026-07-23 16:34:13] COTAN dataset analysis: DONE
[2026-07-23 16:34:14] Checking uniformity for the cluster '08_09-merge' with 598 cells
[2026-07-23 16:34:14] Calculate GDI dataframe: START
[2026-07-23 16:34:14] Using S
[2026-07-23 16:34:14] Calculating S: START
[2026-07-23 16:34:16] Calculating S: DONE
[2026-07-23 16:34:16] Calculate `GDI`: START
[2026-07-23 16:34:16] Effective number of cores used: 80
[2026-07-23 16:34:16] Effective number of cores used: 80
[2026-07-23 16:34:16] Executing 10 genes batches
[2026-07-23 16:34:19] Total calculations elapsed time: 2.38741040229797
[2026-07-23 16:34:19] Calculate `GDI`: DONE
[2026-07-23 16:34:20] Total calculations elapsed time: 6.17216491699219
[2026-07-23 16:34:20] Calculate GDI dataframe: DONE
[2026-07-23 16:34:20] Clean plots: START
[2026-07-23 16:34:20] Total calculations elapsed time: 0.0264012813568115
[2026-07-23 16:34:20] Clean plots: DONE
[2026-07-23 16:34:20] GDI plot
[2026-07-23 16:34:20] Removed 0 low GDI genes (such as the fully-expressed) in GDI plot
[2026-07-23 16:34:22] Cluster 08_09-merge, with size 598, is not uniform
[2026-07-23 16:34:22] Cluster 08_09-merge's shift to uniformity: 0.0429382034516619
[2026-07-23 16:34:22] class = SimpleGDIUniformityCheck, check.isCheckAbove = FALSE, check.GDIThreshold = 1.37, check.maxRatioBeyond = 0.01, check.maxRankBeyond = 0, check.fractionBeyond = 0.0170490423068828, check.thresholdRank = 0, check.quantileAtRatio = 1.41293820345166, check.quantileAtRank = NaN, isUniform = FALSE, clusterSize = 598
[2026-07-23 16:34:23] Clusters 08 and 09 cannot be merged
[2026-07-23 16:34:23] Finished the first batch - no merges were executed
[2026-07-23 16:34:23] Loop calculations elapsed time: 157.131943464279
[2026-07-23 16:34:23] Start merging nearest clusters: iteration 2
[2026-07-23 16:34:23] Differential Expression Analysis - START
[2026-07-23 16:34:25] *[2026-07-23 16:34:25]  DEA on cluster '-1' with 21 cells
[2026-07-23 16:34:25] *[2026-07-23 16:34:25]  DEA on cluster '01' with 703 cells
[2026-07-23 16:34:25] *[2026-07-23 16:34:25]  DEA on cluster '02' with 194 cells
[2026-07-23 16:34:25] *[2026-07-23 16:34:25]  DEA on cluster '03' with 280 cells
[2026-07-23 16:34:25] *[2026-07-23 16:34:25]  DEA on cluster '04' with 160 cells
[2026-07-23 16:34:25] *[2026-07-23 16:34:25]  DEA on cluster '05' with 572 cells
[2026-07-23 16:34:25] *[2026-07-23 16:34:25]  DEA on cluster '06' with 53 cells
[2026-07-23 16:34:25] *[2026-07-23 16:34:25]  DEA on cluster '07' with 223 cells
[2026-07-23 16:34:25] *[2026-07-23 16:34:25]  DEA on cluster '08' with 329 cells
[2026-07-23 16:34:25] *[2026-07-23 16:34:25]  DEA on cluster '09' with 269 cells
[2026-07-23 16:34:25] *[2026-07-23 16:34:25]  DEA on cluster '10' with 51 cells
[2026-07-23 16:34:25] *[2026-07-23 16:34:25]  DEA on cluster '11' with 102 cells
[2026-07-23 16:34:25] *[2026-07-23 16:34:25]  DEA on cluster '12' with 177 cells
[2026-07-23 16:34:25] *[2026-07-23 16:34:25]  DEA on cluster '13' with 53 cells
[2026-07-23 16:34:25] *[2026-07-23 16:34:25]  DEA on cluster '14' with 199 cells
[2026-07-23 16:34:25] *[2026-07-23 16:34:25]  DEA on cluster '15' with 155 cells
[2026-07-23 16:34:25] *[2026-07-23 16:34:25]  DEA on cluster '16' with 192 cells
[2026-07-23 16:34:25] *[2026-07-23 16:34:25]  DEA on cluster '17' with 221 cells
[2026-07-23 16:34:25] *[2026-07-23 16:34:25]  DEA on cluster '18' with 52 cells
[2026-07-23 16:34:25] *[2026-07-23 16:34:25]  DEA on cluster '19' with 71 cells
[2026-07-23 16:34:25] 
[2026-07-23 16:34:25] Total calculations elapsed time: 2.91454648971558
[2026-07-23 16:34:25] Differential Expression Analysis - DONE
[2026-07-23 16:34:28] Updating check results for the 9 already tested pairs to align to new checker
[2026-07-23 16:34:28] 9 new clusters pairs to be tested for merging:
c("14", "17") c("05", "06") c("15", "17") c("04", "05") c("04", "06") c("01", "02") c("13", "18") c("01", "05") c("-1", "18")
[2026-07-23 16:34:28] *[2026-07-23 16:34:28] 14_17-merge
[2026-07-23 16:34:28] Asked to drop 0 genes and 3657 cells
[2026-07-23 16:34:28] COTAN dataset analysis: START
[2026-07-23 16:34:28] Asked to drop 6983 genes and 0 cells
[2026-07-23 16:34:28] Genes/cells selection done: dropped [6983] genes and [0] cells
[2026-07-23 16:34:28] Working on [5864] genes and [420] cells
[2026-07-23 16:34:28] Dataset cleaning elapsed time: 0.743870258331299
[2026-07-23 16:34:28] Estimate `dispersion`: START
[2026-07-23 16:34:28] Effective number of cores used: 80
[2026-07-23 16:34:28] Executing 6 genes batches
[2026-07-23 16:34:29] Parallel dispersion Newton-Raphson: used up to 5 iterations
[2026-07-23 16:34:29] Parallel dispersion Newton-Raphson: used up to 6 iterations
[2026-07-23 16:34:29] Parallel dispersion Newton-Raphson: used up to 10 iterations
[2026-07-23 16:34:29] Parallel dispersion Newton-Raphson: used up to 6 iterations
[2026-07-23 16:34:29] Parallel dispersion Newton-Raphson: used up to 7 iterations
[2026-07-23 16:34:29] Parallel dispersion Newton-Raphson: used up to 6 iterations
[2026-07-23 16:34:32] Total calculations elapsed time: 3.74581503868103
[2026-07-23 16:34:32] Estimate `dispersion`: DONE
[2026-07-23 16:34:32] Estimate `dispersion`: DONE
[2026-07-23 16:34:32] `dispersion` | min: -0.124816062251616 | max: 582.121482659095 | % negative: 78.2571623465211
[2026-07-23 16:34:33] Model parameter estimation elapsed time: 4.50909376144409
[2026-07-23 16:34:33] COTAN genes' COEX estimation: START
[2026-07-23 16:34:33] Effective number of cores used: 80
[2026-07-23 16:34:33] Calculate genes COEX (torch) on device cpu: START
[2026-07-23 16:34:33] Retrieving expected genes contingency table
[2026-07-23 16:34:33] Expected genes contingency table elapsed time: 0.0532927513122559
[2026-07-23 16:34:33] Calculating genes COEX normalization factor
[2026-07-23 16:34:34] Calculating genes COEX normalization factor elapsed time: 0.854834318161011
[2026-07-23 16:34:34] Retrieving observed genes yes/yes contingency table
[2026-07-23 16:34:34] Observed genes contingency table elapsed time: 0.0483541488647461
[2026-07-23 16:34:36] Calculate genes COEX elapsed time: 1.85544848442078
[2026-07-23 16:34:36] Total calculations elapsed time: 2.81192970275879
[2026-07-23 16:34:36] Calculate genes COEX (torch) on device cpu: DONE
[2026-07-23 16:34:36] Only genes' COEX elapsed time: 3.54944515228271
[2026-07-23 16:34:36] Dataset analysis elapsed time: 8.80240917205811
[2026-07-23 16:34:36] COTAN dataset analysis: DONE
[2026-07-23 16:34:37] Checking uniformity for the cluster '14_17-merge' with 420 cells
[2026-07-23 16:34:37] Calculate GDI dataframe: START
[2026-07-23 16:34:37] Using S
[2026-07-23 16:34:37] Calculating S: START
[2026-07-23 16:34:38] Calculating S: DONE
[2026-07-23 16:34:38] Calculate `GDI`: START
[2026-07-23 16:34:38] Effective number of cores used: 80
[2026-07-23 16:34:38] Effective number of cores used: 80
[2026-07-23 16:34:38] Executing 6 genes batches
[2026-07-23 16:34:39] Total calculations elapsed time: 1.36373376846313
[2026-07-23 16:34:39] Calculate `GDI`: DONE
[2026-07-23 16:34:40] Total calculations elapsed time: 3.32188534736633
[2026-07-23 16:34:40] Calculate GDI dataframe: DONE
[2026-07-23 16:34:40] Clean plots: START
[2026-07-23 16:34:40] Total calculations elapsed time: 0.0230538845062256
[2026-07-23 16:34:40] Clean plots: DONE
[2026-07-23 16:34:40] GDI plot
[2026-07-23 16:34:40] Removed 0 low GDI genes (such as the fully-expressed) in GDI plot
[2026-07-23 16:34:42] Cluster 14_17-merge, with size 420, is uniform
[2026-07-23 16:34:42] Cluster 14_17-merge's shift to uniformity: -0.134878120072092
[2026-07-23 16:34:42] class = SimpleGDIUniformityCheck, check.isCheckAbove = FALSE, check.GDIThreshold = 1.37, check.maxRatioBeyond = 0.01, check.maxRankBeyond = 0, check.fractionBeyond = 0.00238744884038199, check.thresholdRank = 0, check.quantileAtRatio = 1.23512187992791, check.quantileAtRank = NaN, isUniform = TRUE, clusterSize = 420
[2026-07-23 16:34:43] Clusters 14 and 17 can be merged
[2026-07-23 16:34:43] *[2026-07-23 16:34:43] 05_06-merge
[2026-07-23 16:34:43] Asked to drop 0 genes and 3452 cells
[2026-07-23 16:34:43] COTAN dataset analysis: START
[2026-07-23 16:34:43] Asked to drop 1373 genes and 0 cells
[2026-07-23 16:34:43] Genes/cells selection done: dropped [1373] genes and [0] cells
[2026-07-23 16:34:43] Working on [11474] genes and [625] cells
[2026-07-23 16:34:44] Dataset cleaning elapsed time: 0.822567939758301
[2026-07-23 16:34:44] Estimate `dispersion`: START
[2026-07-23 16:34:44] Effective number of cores used: 80
[2026-07-23 16:34:44] Executing 12 genes batches
[2026-07-23 16:34:44] Parallel dispersion Newton-Raphson: used up to 7 iterations
[2026-07-23 16:34:44] Parallel dispersion Newton-Raphson: used up to 7 iterations
[2026-07-23 16:34:44] Parallel dispersion Newton-Raphson: used up to 6 iterations
[2026-07-23 16:34:45] Parallel dispersion Newton-Raphson: used up to 6 iterations
[2026-07-23 16:34:45] Parallel dispersion Newton-Raphson: used up to 6 iterations
[2026-07-23 16:34:45] Parallel dispersion Newton-Raphson: used up to 6 iterations
[2026-07-23 16:34:45] Parallel dispersion Newton-Raphson: used up to 6 iterations
[2026-07-23 16:34:45] Parallel dispersion Newton-Raphson: used up to 6 iterations
[2026-07-23 16:34:45] Parallel dispersion Newton-Raphson: used up to 6 iterations
[2026-07-23 16:34:45] Parallel dispersion Newton-Raphson: used up to 6 iterations
[2026-07-23 16:34:45] Parallel dispersion Newton-Raphson: used up to 6 iterations
[2026-07-23 16:34:45] Parallel dispersion Newton-Raphson: used up to 7 iterations
[2026-07-23 16:34:48] Total calculations elapsed time: 4.56565046310425
[2026-07-23 16:34:48] Estimate `dispersion`: DONE
[2026-07-23 16:34:48] Estimate `dispersion`: DONE
[2026-07-23 16:34:48] `dispersion` | min: -0.238733094153437 | max: 458.299931935037 | % negative: 54.1572250305037
[2026-07-23 16:34:49] Model parameter estimation elapsed time: 5.35721445083618
[2026-07-23 16:34:49] COTAN genes' COEX estimation: START
[2026-07-23 16:34:49] Effective number of cores used: 80
[2026-07-23 16:34:49] Calculate genes COEX (torch) on device cpu: START
[2026-07-23 16:34:49] Retrieving expected genes contingency table
[2026-07-23 16:34:49] Expected genes contingency table elapsed time: 0.121742486953735
[2026-07-23 16:34:49] Calculating genes COEX normalization factor
[2026-07-23 16:34:50] Calculating genes COEX normalization factor elapsed time: 1.14272904396057
[2026-07-23 16:34:50] Retrieving observed genes yes/yes contingency table
[2026-07-23 16:34:50] Observed genes contingency table elapsed time: 0.116170167922974
[2026-07-23 16:34:57] Calculate genes COEX elapsed time: 6.101318359375
[2026-07-23 16:34:57] Total calculations elapsed time: 7.48196005821228
[2026-07-23 16:34:57] Calculate genes COEX (torch) on device cpu: DONE
[2026-07-23 16:34:57] Only genes' COEX elapsed time: 8.27300143241882
[2026-07-23 16:34:57] Dataset analysis elapsed time: 14.4527838230133
[2026-07-23 16:34:57] COTAN dataset analysis: DONE
[2026-07-23 16:34:58] Checking uniformity for the cluster '05_06-merge' with 625 cells
[2026-07-23 16:34:58] Calculate GDI dataframe: START
[2026-07-23 16:34:58] Using S
[2026-07-23 16:34:58] Calculating S: START
[2026-07-23 16:35:02] Calculating S: DONE
[2026-07-23 16:35:02] Calculate `GDI`: START
[2026-07-23 16:35:02] Effective number of cores used: 80
[2026-07-23 16:35:02] Effective number of cores used: 80
[2026-07-23 16:35:02] Executing 12 genes batches
[2026-07-23 16:35:05] Total calculations elapsed time: 2.97948002815247
[2026-07-23 16:35:05] Calculate `GDI`: DONE
[2026-07-23 16:35:06] Total calculations elapsed time: 8.0188672542572
[2026-07-23 16:35:06] Calculate GDI dataframe: DONE
[2026-07-23 16:35:06] Clean plots: START
[2026-07-23 16:35:06] Total calculations elapsed time: 0.0237791538238525
[2026-07-23 16:35:06] Clean plots: DONE
[2026-07-23 16:35:06] GDI plot
[2026-07-23 16:35:06] Removed 0 low GDI genes (such as the fully-expressed) in GDI plot
[2026-07-23 16:35:08] Cluster 05_06-merge, with size 625, is not uniform
[2026-07-23 16:35:08] Cluster 05_06-merge's shift to uniformity: 0.222903038586457
[2026-07-23 16:35:08] class = SimpleGDIUniformityCheck, check.isCheckAbove = FALSE, check.GDIThreshold = 1.37, check.maxRatioBeyond = 0.01, check.maxRankBeyond = 0, check.fractionBeyond = 0.0680669339375981, check.thresholdRank = 0, check.quantileAtRatio = 1.59290303858646, check.quantileAtRank = NaN, isUniform = FALSE, clusterSize = 625
[2026-07-23 16:35:09] Clusters 05 and 06 cannot be merged
[2026-07-23 16:35:09] *[2026-07-23 16:35:09] 15_17-merge
[2026-07-23 16:35:09] Asked to drop 0 genes and 3701 cells
[2026-07-23 16:35:09] COTAN dataset analysis: START
[2026-07-23 16:35:09] Asked to drop 7180 genes and 0 cells
[2026-07-23 16:35:09] Genes/cells selection done: dropped [7180] genes and [0] cells
[2026-07-23 16:35:09] Working on [5667] genes and [376] cells
[2026-07-23 16:35:10] Dataset cleaning elapsed time: 0.794394016265869
[2026-07-23 16:35:10] Estimate `dispersion`: START
[2026-07-23 16:35:10] Effective number of cores used: 80
[2026-07-23 16:35:10] Executing 6 genes batches
[2026-07-23 16:35:10] Parallel dispersion Newton-Raphson: used up to 6 iterations
[2026-07-23 16:35:10] Parallel dispersion Newton-Raphson: used up to 6 iterations
[2026-07-23 16:35:10] Parallel dispersion Newton-Raphson: used up to 11 iterations
[2026-07-23 16:35:10] Parallel dispersion Newton-Raphson: used up to 6 iterations
[2026-07-23 16:35:10] Parallel dispersion Newton-Raphson: used up to 7 iterations
[2026-07-23 16:35:11] Parallel dispersion Newton-Raphson: used up to 6 iterations
[2026-07-23 16:35:13] Total calculations elapsed time: 3.75063133239746
[2026-07-23 16:35:13] Estimate `dispersion`: DONE
[2026-07-23 16:35:13] Estimate `dispersion`: DONE
[2026-07-23 16:35:13] `dispersion` | min: -0.0955300032248379 | max: 1197.66960654023 | % negative: 77.8365978471855
[2026-07-23 16:35:14] Model parameter estimation elapsed time: 4.56843996047974
[2026-07-23 16:35:14] COTAN genes' COEX estimation: START
[2026-07-23 16:35:14] Effective number of cores used: 80
[2026-07-23 16:35:14] Calculate genes COEX (torch) on device cpu: START
[2026-07-23 16:35:14] Retrieving expected genes contingency table
[2026-07-23 16:35:14] Expected genes contingency table elapsed time: 0.0457980632781982
[2026-07-23 16:35:14] Calculating genes COEX normalization factor
[2026-07-23 16:35:15] Calculating genes COEX normalization factor elapsed time: 0.857353925704956
[2026-07-23 16:35:15] Retrieving observed genes yes/yes contingency table
[2026-07-23 16:35:15] Observed genes contingency table elapsed time: 0.0458807945251465
[2026-07-23 16:35:17] Calculate genes COEX elapsed time: 1.81655812263489
[2026-07-23 16:35:17] Total calculations elapsed time: 2.76559090614319
[2026-07-23 16:35:17] Calculate genes COEX (torch) on device cpu: DONE
[2026-07-23 16:35:18] Only genes' COEX elapsed time: 3.51222014427185
[2026-07-23 16:35:18] Dataset analysis elapsed time: 8.87505412101746
[2026-07-23 16:35:18] COTAN dataset analysis: DONE
[2026-07-23 16:35:18] Checking uniformity for the cluster '15_17-merge' with 376 cells
[2026-07-23 16:35:18] Calculate GDI dataframe: START
[2026-07-23 16:35:18] Using S
[2026-07-23 16:35:18] Calculating S: START
[2026-07-23 16:35:19] Calculating S: DONE
[2026-07-23 16:35:19] Calculate `GDI`: START
[2026-07-23 16:35:19] Effective number of cores used: 80
[2026-07-23 16:35:19] Effective number of cores used: 80
[2026-07-23 16:35:19] Executing 6 genes batches
[2026-07-23 16:35:21] Total calculations elapsed time: 1.32140445709229
[2026-07-23 16:35:21] Calculate `GDI`: DONE
[2026-07-23 16:35:22] Total calculations elapsed time: 3.21056270599365
[2026-07-23 16:35:22] Calculate GDI dataframe: DONE
[2026-07-23 16:35:22] Clean plots: START
[2026-07-23 16:35:22] Total calculations elapsed time: 0.0224571228027344
[2026-07-23 16:35:22] Clean plots: DONE
[2026-07-23 16:35:22] GDI plot
[2026-07-23 16:35:22] Removed 0 low GDI genes (such as the fully-expressed) in GDI plot
[2026-07-23 16:35:23] Cluster 15_17-merge, with size 376, is uniform
[2026-07-23 16:35:23] Cluster 15_17-merge's shift to uniformity: -0.0749465420573274
[2026-07-23 16:35:23] class = SimpleGDIUniformityCheck, check.isCheckAbove = FALSE, check.GDIThreshold = 1.37, check.maxRatioBeyond = 0.01, check.maxRankBeyond = 0, check.fractionBeyond = 0.00635256749602965, check.thresholdRank = 0, check.quantileAtRatio = 1.29505345794267, check.quantileAtRank = NaN, isUniform = TRUE, clusterSize = 376
[2026-07-23 16:35:24] Clusters 15 and 17 can be merged
[2026-07-23 16:35:24] *[2026-07-23 16:35:24] 04_05-merge
[2026-07-23 16:35:24] Asked to drop 0 genes and 3345 cells
[2026-07-23 16:35:24] COTAN dataset analysis: START
[2026-07-23 16:35:24] Asked to drop 1238 genes and 0 cells
[2026-07-23 16:35:24] Genes/cells selection done: dropped [1238] genes and [0] cells
[2026-07-23 16:35:24] Working on [11609] genes and [732] cells
[2026-07-23 16:35:25] Dataset cleaning elapsed time: 0.778890132904053
[2026-07-23 16:35:25] Estimate `dispersion`: START
[2026-07-23 16:35:25] Effective number of cores used: 80
[2026-07-23 16:35:25] Executing 12 genes batches
[2026-07-23 16:35:25] Parallel dispersion Newton-Raphson: used up to 7 iterations
[2026-07-23 16:35:25] Parallel dispersion Newton-Raphson: used up to 6 iterations
[2026-07-23 16:35:25] Parallel dispersion Newton-Raphson: used up to 6 iterations
[2026-07-23 16:35:26] Parallel dispersion Newton-Raphson: used up to 6 iterations
[2026-07-23 16:35:26] Parallel dispersion Newton-Raphson: used up to 6 iterations
[2026-07-23 16:35:26] Parallel dispersion Newton-Raphson: used up to 6 iterations
[2026-07-23 16:35:26] Parallel dispersion Newton-Raphson: used up to 6 iterations
[2026-07-23 16:35:26] Parallel dispersion Newton-Raphson: used up to 5 iterations
[2026-07-23 16:35:26] Parallel dispersion Newton-Raphson: used up to 6 iterations
[2026-07-23 16:35:26] Parallel dispersion Newton-Raphson: used up to 6 iterations
[2026-07-23 16:35:26] Parallel dispersion Newton-Raphson: used up to 5 iterations
[2026-07-23 16:35:26] Parallel dispersion Newton-Raphson: used up to 7 iterations
[2026-07-23 16:35:29] Total calculations elapsed time: 4.61706876754761
[2026-07-23 16:35:29] Estimate `dispersion`: DONE
[2026-07-23 16:35:29] Estimate `dispersion`: DONE
[2026-07-23 16:35:29] `dispersion` | min: -0.226954791997781 | max: 412.014531445963 | % negative: 54.7420105090878
[2026-07-23 16:35:30] Model parameter estimation elapsed time: 5.48322916030884
[2026-07-23 16:35:30] COTAN genes' COEX estimation: START
[2026-07-23 16:35:30] Effective number of cores used: 80
[2026-07-23 16:35:30] Calculate genes COEX (torch) on device cpu: START
[2026-07-23 16:35:30] Retrieving expected genes contingency table
[2026-07-23 16:35:30] Expected genes contingency table elapsed time: 0.138697147369385
[2026-07-23 16:35:30] Calculating genes COEX normalization factor
[2026-07-23 16:35:32] Calculating genes COEX normalization factor elapsed time: 1.13515496253967
[2026-07-23 16:35:32] Retrieving observed genes yes/yes contingency table
[2026-07-23 16:35:32] Observed genes contingency table elapsed time: 0.183740854263306
[2026-07-23 16:35:38] Calculate genes COEX elapsed time: 6.14906573295593
[2026-07-23 16:35:38] Total calculations elapsed time: 7.6066586971283
[2026-07-23 16:35:38] Calculate genes COEX (torch) on device cpu: DONE
[2026-07-23 16:35:39] Only genes' COEX elapsed time: 8.34391641616821
[2026-07-23 16:35:39] Dataset analysis elapsed time: 14.6060357093811
[2026-07-23 16:35:39] COTAN dataset analysis: DONE
[2026-07-23 16:35:39] Checking uniformity for the cluster '04_05-merge' with 732 cells
[2026-07-23 16:35:39] Calculate GDI dataframe: START
[2026-07-23 16:35:39] Using S
[2026-07-23 16:35:39] Calculating S: START
[2026-07-23 16:35:43] Calculating S: DONE
[2026-07-23 16:35:43] Calculate `GDI`: START
[2026-07-23 16:35:43] Effective number of cores used: 80
[2026-07-23 16:35:43] Effective number of cores used: 80
[2026-07-23 16:35:43] Executing 12 genes batches
[2026-07-23 16:35:46] Total calculations elapsed time: 2.9997456073761
[2026-07-23 16:35:46] Calculate `GDI`: DONE
[2026-07-23 16:35:47] Total calculations elapsed time: 7.91826844215393
[2026-07-23 16:35:47] Calculate GDI dataframe: DONE
[2026-07-23 16:35:47] Clean plots: START
[2026-07-23 16:35:47] Total calculations elapsed time: 0.0233018398284912
[2026-07-23 16:35:47] Clean plots: DONE
[2026-07-23 16:35:47] GDI plot
[2026-07-23 16:35:47] Removed 0 low GDI genes (such as the fully-expressed) in GDI plot
[2026-07-23 16:35:49] Cluster 04_05-merge, with size 732, is not uniform
[2026-07-23 16:35:49] Cluster 04_05-merge's shift to uniformity: 0.00941602686983889
[2026-07-23 16:35:49] class = SimpleGDIUniformityCheck, check.isCheckAbove = FALSE, check.GDIThreshold = 1.37, check.maxRatioBeyond = 0.01, check.maxRankBeyond = 0, check.fractionBeyond = 0.0121457489878543, check.thresholdRank = 0, check.quantileAtRatio = 1.37941602686984, check.quantileAtRank = NaN, isUniform = FALSE, clusterSize = 732
[2026-07-23 16:35:50] Clusters 04 and 05 cannot be merged
[2026-07-23 16:35:50] *[2026-07-23 16:35:50] 04_06-merge
[2026-07-23 16:35:50] Asked to drop 0 genes and 3864 cells
[2026-07-23 16:35:50] COTAN dataset analysis: START
[2026-07-23 16:35:50] Asked to drop 2509 genes and 0 cells
[2026-07-23 16:35:50] Genes/cells selection done: dropped [2509] genes and [0] cells
[2026-07-23 16:35:50] Working on [10338] genes and [213] cells
[2026-07-23 16:35:51] Dataset cleaning elapsed time: 0.755096912384033
[2026-07-23 16:35:51] Estimate `dispersion`: START
[2026-07-23 16:35:51] Effective number of cores used: 80
[2026-07-23 16:35:51] Executing 11 genes batches
[2026-07-23 16:35:51] Parallel dispersion Newton-Raphson: used up to 5 iterations
[2026-07-23 16:35:51] Parallel dispersion Newton-Raphson: used up to 5 iterations
[2026-07-23 16:35:51] Parallel dispersion Newton-Raphson: used up to 7 iterations
[2026-07-23 16:35:51] Parallel dispersion Newton-Raphson: used up to 7 iterations
[2026-07-23 16:35:52] Parallel dispersion Newton-Raphson: used up to 6 iterations
[2026-07-23 16:35:52] Parallel dispersion Newton-Raphson: used up to 6 iterations
[2026-07-23 16:35:52] Parallel dispersion Newton-Raphson: used up to 6 iterations
[2026-07-23 16:35:52] Parallel dispersion Newton-Raphson: used up to 6 iterations
[2026-07-23 16:35:52] Parallel dispersion Newton-Raphson: used up to 6 iterations
[2026-07-23 16:35:52] Parallel dispersion Newton-Raphson: used up to 6 iterations
[2026-07-23 16:35:52] Parallel dispersion Newton-Raphson: used up to 7 iterations
[2026-07-23 16:35:55] Total calculations elapsed time: 4.46860837936401
[2026-07-23 16:35:55] Estimate `dispersion`: DONE
[2026-07-23 16:35:55] Estimate `dispersion`: DONE
[2026-07-23 16:35:55] `dispersion` | min: -0.288458956597191 | max: 211.86908048831 | % negative: 62.8554846198491
[2026-07-23 16:35:56] Model parameter estimation elapsed time: 5.25193428993225
[2026-07-23 16:35:56] COTAN genes' COEX estimation: START
[2026-07-23 16:35:56] Effective number of cores used: 80
[2026-07-23 16:35:56] Calculate genes COEX (torch) on device cpu: START
[2026-07-23 16:35:56] Retrieving expected genes contingency table
[2026-07-23 16:35:56] Expected genes contingency table elapsed time: 0.0571951866149902
[2026-07-23 16:35:56] Calculating genes COEX normalization factor
[2026-07-23 16:35:57] Calculating genes COEX normalization factor elapsed time: 1.04751944541931
[2026-07-23 16:35:57] Retrieving observed genes yes/yes contingency table
[2026-07-23 16:35:57] Observed genes contingency table elapsed time: 0.0672163963317871
[2026-07-23 16:36:02] Calculate genes COEX elapsed time: 4.99385786056519
[2026-07-23 16:36:02] Total calculations elapsed time: 6.16578888893127
[2026-07-23 16:36:02] Calculate genes COEX (torch) on device cpu: DONE
[2026-07-23 16:36:03] Only genes' COEX elapsed time: 6.99402618408203
[2026-07-23 16:36:03] Dataset analysis elapsed time: 13.0010573863983
[2026-07-23 16:36:03] COTAN dataset analysis: DONE
[2026-07-23 16:36:04] Checking uniformity for the cluster '04_06-merge' with 213 cells
[2026-07-23 16:36:04] Calculate GDI dataframe: START
[2026-07-23 16:36:04] Using S
[2026-07-23 16:36:04] Calculating S: START
[2026-07-23 16:36:07] Calculating S: DONE
[2026-07-23 16:36:07] Calculate `GDI`: START
[2026-07-23 16:36:07] Effective number of cores used: 80
[2026-07-23 16:36:07] Effective number of cores used: 80
[2026-07-23 16:36:07] Executing 11 genes batches
[2026-07-23 16:36:10] Total calculations elapsed time: 2.87018227577209
[2026-07-23 16:36:10] Calculate `GDI`: DONE
[2026-07-23 16:36:11] Total calculations elapsed time: 7.06314945220947
[2026-07-23 16:36:11] Calculate GDI dataframe: DONE
[2026-07-23 16:36:11] Clean plots: START
[2026-07-23 16:36:11] Total calculations elapsed time: 0.0226922035217285
[2026-07-23 16:36:11] Clean plots: DONE
[2026-07-23 16:36:11] GDI plot
[2026-07-23 16:36:11] Removed 2 low GDI genes (such as the fully-expressed) in GDI plot
[2026-07-23 16:36:13] Cluster 04_06-merge, with size 213, is not uniform
[2026-07-23 16:36:13] Cluster 04_06-merge's shift to uniformity: 0.109144269203221
[2026-07-23 16:36:13] class = SimpleGDIUniformityCheck, check.isCheckAbove = FALSE, check.GDIThreshold = 1.37, check.maxRatioBeyond = 0.01, check.maxRankBeyond = 0, check.fractionBeyond = 0.0361772102921261, check.thresholdRank = 0, check.quantileAtRatio = 1.47914426920322, check.quantileAtRank = NaN, isUniform = FALSE, clusterSize = 213
[2026-07-23 16:36:13] Clusters 04 and 06 cannot be merged
[2026-07-23 16:36:13] *[2026-07-23 16:36:13] 01_02-merge
[2026-07-23 16:36:13] Asked to drop 0 genes and 3180 cells
[2026-07-23 16:36:13] COTAN dataset analysis: START
[2026-07-23 16:36:13] Asked to drop 2259 genes and 0 cells
[2026-07-23 16:36:13] Genes/cells selection done: dropped [2259] genes and [0] cells
[2026-07-23 16:36:13] Working on [10588] genes and [897] cells
[2026-07-23 16:36:14] Dataset cleaning elapsed time: 0.818655967712402
[2026-07-23 16:36:14] Estimate `dispersion`: START
[2026-07-23 16:36:14] Effective number of cores used: 80
[2026-07-23 16:36:14] Executing 11 genes batches
[2026-07-23 16:36:15] Parallel dispersion Newton-Raphson: used up to 5 iterations
[2026-07-23 16:36:15] Parallel dispersion Newton-Raphson: used up to 6 iterations
[2026-07-23 16:36:15] Parallel dispersion Newton-Raphson: used up to 6 iterations
[2026-07-23 16:36:15] Parallel dispersion Newton-Raphson: used up to 6 iterations
[2026-07-23 16:36:15] Parallel dispersion Newton-Raphson: used up to 6 iterations
[2026-07-23 16:36:15] Parallel dispersion Newton-Raphson: used up to 6 iterations
[2026-07-23 16:36:15] Parallel dispersion Newton-Raphson: used up to 6 iterations
[2026-07-23 16:36:15] Parallel dispersion Newton-Raphson: used up to 6 iterations
[2026-07-23 16:36:16] Parallel dispersion Newton-Raphson: used up to 6 iterations
[2026-07-23 16:36:16] Parallel dispersion Newton-Raphson: used up to 5 iterations
[2026-07-23 16:36:16] Parallel dispersion Newton-Raphson: used up to 6 iterations
[2026-07-23 16:36:19] Total calculations elapsed time: 4.64531064033508
[2026-07-23 16:36:19] Estimate `dispersion`: DONE
[2026-07-23 16:36:19] Estimate `dispersion`: DONE
[2026-07-23 16:36:19] `dispersion` | min: -0.182112877739662 | max: 304.721809434986 | % negative: 54.1178692859841
[2026-07-23 16:36:20] Model parameter estimation elapsed time: 5.41318655014038
[2026-07-23 16:36:20] COTAN genes' COEX estimation: START
[2026-07-23 16:36:20] Effective number of cores used: 80
[2026-07-23 16:36:20] Calculate genes COEX (torch) on device cpu: START
[2026-07-23 16:36:20] Retrieving expected genes contingency table
[2026-07-23 16:36:20] Expected genes contingency table elapsed time: 0.1125328540802
[2026-07-23 16:36:20] Calculating genes COEX normalization factor
[2026-07-23 16:36:21] Calculating genes COEX normalization factor elapsed time: 1.06596422195435
[2026-07-23 16:36:21] Retrieving observed genes yes/yes contingency table
[2026-07-23 16:36:21] Observed genes contingency table elapsed time: 0.14452338218689
[2026-07-23 16:36:26] Calculate genes COEX elapsed time: 5.31199622154236
[2026-07-23 16:36:26] Total calculations elapsed time: 6.63501667976379
[2026-07-23 16:36:26] Calculate genes COEX (torch) on device cpu: DONE
[2026-07-23 16:36:27] Only genes' COEX elapsed time: 7.42945694923401
[2026-07-23 16:36:27] Dataset analysis elapsed time: 13.6612994670868
[2026-07-23 16:36:27] COTAN dataset analysis: DONE
[2026-07-23 16:36:28] Checking uniformity for the cluster '01_02-merge' with 897 cells
[2026-07-23 16:36:28] Calculate GDI dataframe: START
[2026-07-23 16:36:28] Using S
[2026-07-23 16:36:28] Calculating S: START
[2026-07-23 16:36:31] Calculating S: DONE
[2026-07-23 16:36:31] Calculate `GDI`: START
[2026-07-23 16:36:31] Effective number of cores used: 80
[2026-07-23 16:36:31] Effective number of cores used: 80
[2026-07-23 16:36:31] Executing 11 genes batches
[2026-07-23 16:36:34] Total calculations elapsed time: 2.93377828598022
[2026-07-23 16:36:34] Calculate `GDI`: DONE
[2026-07-23 16:36:35] Total calculations elapsed time: 7.24852085113525
[2026-07-23 16:36:35] Calculate GDI dataframe: DONE
[2026-07-23 16:36:35] Clean plots: START
[2026-07-23 16:36:35] Total calculations elapsed time: 0.0234620571136475
[2026-07-23 16:36:35] Clean plots: DONE
[2026-07-23 16:36:35] GDI plot
[2026-07-23 16:36:35] Removed 0 low GDI genes (such as the fully-expressed) in GDI plot
[2026-07-23 16:36:37] Cluster 01_02-merge, with size 897, is not uniform
[2026-07-23 16:36:37] Cluster 01_02-merge's shift to uniformity: 0.0607238178569951
[2026-07-23 16:36:37] class = SimpleGDIUniformityCheck, check.isCheckAbove = FALSE, check.GDIThreshold = 1.37, check.maxRatioBeyond = 0.01, check.maxRankBeyond = 0, check.fractionBeyond = 0.0229505100113336, check.thresholdRank = 0, check.quantileAtRatio = 1.430723817857, check.quantileAtRank = NaN, isUniform = FALSE, clusterSize = 897
[2026-07-23 16:36:38] Clusters 01 and 02 cannot be merged
[2026-07-23 16:36:38] *[2026-07-23 16:36:38] 13_18-merge
[2026-07-23 16:36:38] Asked to drop 0 genes and 3972 cells
[2026-07-23 16:36:38] COTAN dataset analysis: START
[2026-07-23 16:36:38] Asked to drop 4738 genes and 0 cells
[2026-07-23 16:36:38] Genes/cells selection done: dropped [4738] genes and [0] cells
[2026-07-23 16:36:38] Working on [8109] genes and [105] cells
[2026-07-23 16:36:39] Dataset cleaning elapsed time: 0.751844167709351
[2026-07-23 16:36:39] Estimate `dispersion`: START
[2026-07-23 16:36:39] Effective number of cores used: 80
[2026-07-23 16:36:39] Executing 8 genes batches
[2026-07-23 16:36:39] Parallel dispersion Newton-Raphson: used up to 6 iterations
[2026-07-23 16:36:39] Parallel dispersion Newton-Raphson: used up to 6 iterations
[2026-07-23 16:36:39] Parallel dispersion Newton-Raphson: used up to 7 iterations
[2026-07-23 16:36:39] Parallel dispersion Newton-Raphson: used up to 8 iterations
[2026-07-23 16:36:39] Parallel dispersion Newton-Raphson: used up to 7 iterations
[2026-07-23 16:36:39] Parallel dispersion Newton-Raphson: used up to 7 iterations
[2026-07-23 16:36:39] Parallel dispersion Newton-Raphson: used up to 6 iterations
[2026-07-23 16:36:40] Parallel dispersion Newton-Raphson: used up to 7 iterations
[2026-07-23 16:36:43] Total calculations elapsed time: 4.07865047454834
[2026-07-23 16:36:43] Estimate `dispersion`: DONE
[2026-07-23 16:36:43] Estimate `dispersion`: DONE
[2026-07-23 16:36:43] `dispersion` | min: -0.52517754320452 | max: 252.922159296645 | % negative: 76.2362806757923
[2026-07-23 16:36:43] Model parameter estimation elapsed time: 4.90747666358948
[2026-07-23 16:36:43] COTAN genes' COEX estimation: START
[2026-07-23 16:36:43] Effective number of cores used: 80
[2026-07-23 16:36:43] Calculate genes COEX (torch) on device cpu: START
[2026-07-23 16:36:43] Retrieving expected genes contingency table
[2026-07-23 16:36:43] Expected genes contingency table elapsed time: 0.0375239849090576
[2026-07-23 16:36:43] Calculating genes COEX normalization factor
[2026-07-23 16:36:44] Calculating genes COEX normalization factor elapsed time: 0.941062211990356
[2026-07-23 16:36:44] Retrieving observed genes yes/yes contingency table
[2026-07-23 16:36:44] Observed genes contingency table elapsed time: 0.0298941135406494
[2026-07-23 16:36:48] Calculate genes COEX elapsed time: 3.14393901824951
[2026-07-23 16:36:48] Total calculations elapsed time: 4.15241932868958
[2026-07-23 16:36:48] Calculate genes COEX (torch) on device cpu: DONE
[2026-07-23 16:36:48] Only genes' COEX elapsed time: 4.96761155128479
[2026-07-23 16:36:48] Dataset analysis elapsed time: 10.6269323825836
[2026-07-23 16:36:48] COTAN dataset analysis: DONE
[2026-07-23 16:36:49] Checking uniformity for the cluster '13_18-merge' with 105 cells
[2026-07-23 16:36:49] Calculate GDI dataframe: START
[2026-07-23 16:36:49] Using S
[2026-07-23 16:36:49] Calculating S: START
[2026-07-23 16:36:51] Calculating S: DONE
[2026-07-23 16:36:51] Calculate `GDI`: START
[2026-07-23 16:36:51] Effective number of cores used: 80
[2026-07-23 16:36:51] Effective number of cores used: 80
[2026-07-23 16:36:51] Executing 8 genes batches
[2026-07-23 16:36:53] Total calculations elapsed time: 2.22682476043701
[2026-07-23 16:36:53] Calculate `GDI`: DONE
[2026-07-23 16:36:55] Total calculations elapsed time: 5.64420557022095
[2026-07-23 16:36:55] Calculate GDI dataframe: DONE
[2026-07-23 16:36:55] Clean plots: START
[2026-07-23 16:36:55] Total calculations elapsed time: 0.0261185169219971
[2026-07-23 16:36:55] Clean plots: DONE
[2026-07-23 16:36:55] GDI plot
[2026-07-23 16:36:55] Removed 0 low GDI genes (such as the fully-expressed) in GDI plot
[2026-07-23 16:36:57] Cluster 13_18-merge, with size 105, is not uniform
[2026-07-23 16:36:57] Cluster 13_18-merge's shift to uniformity: 0.0976165789269539
[2026-07-23 16:36:57] class = SimpleGDIUniformityCheck, check.isCheckAbove = FALSE, check.GDIThreshold = 1.37, check.maxRatioBeyond = 0.01, check.maxRankBeyond = 0, check.fractionBeyond = 0.0178813663830312, check.thresholdRank = 0, check.quantileAtRatio = 1.46761657892695, check.quantileAtRank = NaN, isUniform = FALSE, clusterSize = 105
[2026-07-23 16:36:58] Clusters 13 and 18 cannot be merged
[2026-07-23 16:36:58] *[2026-07-23 16:36:58] 01_05-merge
[2026-07-23 16:36:58] Asked to drop 0 genes and 2802 cells
[2026-07-23 16:36:58] COTAN dataset analysis: START
[2026-07-23 16:36:58] Asked to drop 1446 genes and 0 cells
[2026-07-23 16:36:58] Genes/cells selection done: dropped [1446] genes and [0] cells
[2026-07-23 16:36:58] Working on [11401] genes and [1275] cells
[2026-07-23 16:36:59] Dataset cleaning elapsed time: 0.851534843444824
[2026-07-23 16:36:59] Estimate `dispersion`: START
[2026-07-23 16:36:59] Effective number of cores used: 80
[2026-07-23 16:36:59] Executing 12 genes batches
[2026-07-23 16:37:11] Total calculations elapsed time: 12.7736916542053
[2026-07-23 16:37:11] Estimate `dispersion`: DONE
[2026-07-23 16:37:11] While checking cluster uniformity Error: length(dispersion) not equal to getNumGenes(objCOTAN)

[2026-07-23 16:37:11] marking pair as not mergable
[2026-07-23 16:37:12] Clusters 01 and 05 cannot be merged
[2026-07-23 16:37:12] *[2026-07-23 16:37:12] -1_18-merge
[2026-07-23 16:37:12] Asked to drop 0 genes and 4004 cells
[2026-07-23 16:37:12] COTAN dataset analysis: START
[2026-07-23 16:37:12] Asked to drop 5346 genes and 0 cells
[2026-07-23 16:37:12] Genes/cells selection done: dropped [5346] genes and [0] cells
[2026-07-23 16:37:12] Working on [7501] genes and [73] cells
[2026-07-23 16:37:13] Dataset cleaning elapsed time: 0.748888731002808
[2026-07-23 16:37:13] Estimate `dispersion`: START
[2026-07-23 16:37:13] Effective number of cores used: 80
[2026-07-23 16:37:13] Executing 8 genes batches
[2026-07-23 16:37:13] Parallel dispersion Newton-Raphson: used up to 6 iterations
[2026-07-23 16:37:13] Parallel dispersion Newton-Raphson: used up to 7 iterations
[2026-07-23 16:37:13] Parallel dispersion Newton-Raphson: used up to 7 iterations
[2026-07-23 16:37:13] Parallel dispersion Newton-Raphson: used up to 6 iterations
[2026-07-23 16:37:14] Parallel dispersion Newton-Raphson: used up to 8 iterations
[2026-07-23 16:37:14] Parallel dispersion Newton-Raphson: used up to 7 iterations
[2026-07-23 16:37:14] Parallel dispersion Newton-Raphson: used up to 8 iterations
[2026-07-23 16:37:14] Parallel dispersion Newton-Raphson: used up to 7 iterations
[2026-07-23 16:37:17] Total calculations elapsed time: 3.92003893852234
[2026-07-23 16:37:17] Estimate `dispersion`: DONE
[2026-07-23 16:37:17] Estimate `dispersion`: DONE
[2026-07-23 16:37:17] `dispersion` | min: -0.701325140649206 | max: 212.431263055735 | % negative: 70.8838821490468
[2026-07-23 16:37:18] Model parameter estimation elapsed time: 4.6721179485321
[2026-07-23 16:37:18] COTAN genes' COEX estimation: START
[2026-07-23 16:37:18] Effective number of cores used: 80
[2026-07-23 16:37:18] Calculate genes COEX (torch) on device cpu: START
[2026-07-23 16:37:18] Retrieving expected genes contingency table
[2026-07-23 16:37:18] Expected genes contingency table elapsed time: 0.0362937450408936
[2026-07-23 16:37:18] Calculating genes COEX normalization factor
[2026-07-23 16:37:19] Calculating genes COEX normalization factor elapsed time: 0.910474538803101
[2026-07-23 16:37:19] Retrieving observed genes yes/yes contingency table
[2026-07-23 16:37:19] Observed genes contingency table elapsed time: 0.0294013023376465
[2026-07-23 16:37:21] Calculate genes COEX elapsed time: 2.745192527771
[2026-07-23 16:37:21] Total calculations elapsed time: 3.72136211395264
[2026-07-23 16:37:21] Calculate genes COEX (torch) on device cpu: DONE
[2026-07-23 16:37:22] Only genes' COEX elapsed time: 4.57233190536499
[2026-07-23 16:37:22] Dataset analysis elapsed time: 9.9933385848999
[2026-07-23 16:37:22] COTAN dataset analysis: DONE
[2026-07-23 16:37:23] Checking uniformity for the cluster '-1_18-merge' with 73 cells
[2026-07-23 16:37:23] Calculate GDI dataframe: START
[2026-07-23 16:37:23] Using S
[2026-07-23 16:37:23] Calculating S: START
[2026-07-23 16:37:24] Calculating S: DONE
[2026-07-23 16:37:24] Calculate `GDI`: START
[2026-07-23 16:37:24] Effective number of cores used: 80
[2026-07-23 16:37:24] Effective number of cores used: 80
[2026-07-23 16:37:24] Executing 8 genes batches
[2026-07-23 16:37:26] Total calculations elapsed time: 1.9293520450592
[2026-07-23 16:37:26] Calculate `GDI`: DONE
[2026-07-23 16:37:28] Total calculations elapsed time: 5.0059175491333
[2026-07-23 16:37:28] Calculate GDI dataframe: DONE
[2026-07-23 16:37:28] Clean plots: START
[2026-07-23 16:37:28] Total calculations elapsed time: 0.0265226364135742
[2026-07-23 16:37:28] Clean plots: DONE
[2026-07-23 16:37:28] GDI plot
[2026-07-23 16:37:28] Removed 0 low GDI genes (such as the fully-expressed) in GDI plot
[2026-07-23 16:37:30] Cluster -1_18-merge, with size 73, is not uniform
[2026-07-23 16:37:30] Cluster -1_18-merge's shift to uniformity: 0.511387964195176
[2026-07-23 16:37:30] class = SimpleGDIUniformityCheck, check.isCheckAbove = FALSE, check.GDIThreshold = 1.37, check.maxRatioBeyond = 0.01, check.maxRankBeyond = 0, check.fractionBeyond = 0.10598586855086, check.thresholdRank = 0, check.quantileAtRatio = 1.88138796419518, check.quantileAtRank = NaN, isUniform = FALSE, clusterSize = 73
[2026-07-23 16:37:31] Clusters -1 and 18 cannot be merged
[2026-07-23 16:37:31] Clusters 14 and 15 will be merged
[2026-07-23 16:37:31] One or both of the clusters ,  is no more in the clusterization
[2026-07-23 16:37:31] Clusters 12 and 11 will be merged
[2026-07-23 16:37:31] One or both of the clusters ,  is no more in the clusterization
[2026-07-23 16:37:31] Clusters 03 and 04 will be merged
[2026-07-23 16:37:31] Executed 3 merges
[2026-07-23 16:37:31] Loop calculations elapsed time: 188.225274324417
[2026-07-23 16:37:31] Start merging nearest clusters: iteration 3
[2026-07-23 16:37:31] Differential Expression Analysis - START
[2026-07-23 16:37:33] *[2026-07-23 16:37:33]  DEA on cluster '-1' with 21 cells
[2026-07-23 16:37:33] *[2026-07-23 16:37:33]  DEA on cluster '01' with 703 cells
[2026-07-23 16:37:33] *[2026-07-23 16:37:33]  DEA on cluster '02' with 194 cells
[2026-07-23 16:37:33] *[2026-07-23 16:37:33]  DEA on cluster '03_04-merge' with 440 cells
[2026-07-23 16:37:33] *[2026-07-23 16:37:33]  DEA on cluster '05' with 572 cells
[2026-07-23 16:37:33] *[2026-07-23 16:37:33]  DEA on cluster '06' with 53 cells
[2026-07-23 16:37:33] *[2026-07-23 16:37:33]  DEA on cluster '07' with 223 cells
[2026-07-23 16:37:33] *[2026-07-23 16:37:33]  DEA on cluster '08' with 329 cells
[2026-07-23 16:37:33] *[2026-07-23 16:37:33]  DEA on cluster '09' with 269 cells
[2026-07-23 16:37:33] *[2026-07-23 16:37:33]  DEA on cluster '10' with 51 cells
[2026-07-23 16:37:33] *[2026-07-23 16:37:33]  DEA on cluster '11_12-merge' with 279 cells
[2026-07-23 16:37:33] *[2026-07-23 16:37:33]  DEA on cluster '13' with 53 cells
[2026-07-23 16:37:33] *[2026-07-23 16:37:33]  DEA on cluster '14_15-merge' with 354 cells
[2026-07-23 16:37:33] *[2026-07-23 16:37:33]  DEA on cluster '16' with 192 cells
[2026-07-23 16:37:33] *[2026-07-23 16:37:33]  DEA on cluster '17' with 221 cells
[2026-07-23 16:37:33] *[2026-07-23 16:37:33]  DEA on cluster '18' with 52 cells
[2026-07-23 16:37:33] *[2026-07-23 16:37:33]  DEA on cluster '19' with 71 cells
[2026-07-23 16:37:33] 
[2026-07-23 16:37:33] Total calculations elapsed time: 2.62551665306091
[2026-07-23 16:37:33] Differential Expression Analysis - DONE
[2026-07-23 16:37:35] Updating check results for the 18 already tested pairs to align to new checker
[2026-07-23 16:37:35] 9 new clusters pairs to be tested for merging:
c("13", "14_15-merge") c("10", "11_12-merge") c("14_15-merge", "17") c("01", "05") c("03_04-merge", "05") c("18", "19") c("03_04-merge", "06") c("17", "18") c("13", "17")
[2026-07-23 16:37:35] *[2026-07-23 16:37:35] 13_14_15-merge-merge
[2026-07-23 16:37:35] Asked to drop 0 genes and 3670 cells
[2026-07-23 16:37:35] COTAN dataset analysis: START
[2026-07-23 16:37:35] Asked to drop 5939 genes and 0 cells
[2026-07-23 16:37:35] Genes/cells selection done: dropped [5939] genes and [0] cells
[2026-07-23 16:37:35] Working on [6908] genes and [407] cells
[2026-07-23 16:37:36] Dataset cleaning elapsed time: 0.74525260925293
[2026-07-23 16:37:36] Estimate `dispersion`: START
[2026-07-23 16:37:36] Effective number of cores used: 80
[2026-07-23 16:37:36] Executing 7 genes batches
[2026-07-23 16:37:36] Parallel dispersion Newton-Raphson: used up to 7 iterations
[2026-07-23 16:37:36] Parallel dispersion Newton-Raphson: used up to 6 iterations
[2026-07-23 16:37:37] Parallel dispersion Newton-Raphson: used up to 7 iterations
[2026-07-23 16:37:37] Parallel dispersion Newton-Raphson: used up to 7 iterations
[2026-07-23 16:37:37] Parallel dispersion Newton-Raphson: used up to 7 iterations
[2026-07-23 16:37:37] Parallel dispersion Newton-Raphson: used up to 7 iterations
[2026-07-23 16:37:37] Parallel dispersion Newton-Raphson: used up to 7 iterations
[2026-07-23 16:37:40] Total calculations elapsed time: 3.95788741111755
[2026-07-23 16:37:40] Estimate `dispersion`: DONE
[2026-07-23 16:37:40] Estimate `dispersion`: DONE
[2026-07-23 16:37:40] `dispersion` | min: -0.293773918009846 | max: 461.985716237718 | % negative: 72.0758540822235
[2026-07-23 16:37:41] Model parameter estimation elapsed time: 4.71603488922119
[2026-07-23 16:37:41] COTAN genes' COEX estimation: START
[2026-07-23 16:37:41] Effective number of cores used: 80
[2026-07-23 16:37:41] Calculate genes COEX (torch) on device cpu: START
[2026-07-23 16:37:41] Retrieving expected genes contingency table
[2026-07-23 16:37:41] Expected genes contingency table elapsed time: 0.0642828941345215
[2026-07-23 16:37:41] Calculating genes COEX normalization factor
[2026-07-23 16:37:42] Calculating genes COEX normalization factor elapsed time: 0.861932039260864
[2026-07-23 16:37:42] Retrieving observed genes yes/yes contingency table
[2026-07-23 16:37:42] Observed genes contingency table elapsed time: 0.0540060997009277
[2026-07-23 16:37:44] Calculate genes COEX elapsed time: 2.34702777862549
[2026-07-23 16:37:44] Total calculations elapsed time: 3.3272488117218
[2026-07-23 16:37:44] Calculate genes COEX (torch) on device cpu: DONE
[2026-07-23 16:37:45] Only genes' COEX elapsed time: 4.05097413063049
[2026-07-23 16:37:45] Dataset analysis elapsed time: 9.51226162910461
[2026-07-23 16:37:45] COTAN dataset analysis: DONE
[2026-07-23 16:37:46] Checking uniformity for the cluster '13_14_15-merge-merge' with 407 cells
[2026-07-23 16:37:46] Calculate GDI dataframe: START
[2026-07-23 16:37:46] Using S
[2026-07-23 16:37:46] Calculating S: START
[2026-07-23 16:37:47] Calculating S: DONE
[2026-07-23 16:37:47] Calculate `GDI`: START
[2026-07-23 16:37:47] Effective number of cores used: 80
[2026-07-23 16:37:47] Effective number of cores used: 80
[2026-07-23 16:37:47] Executing 7 genes batches
[2026-07-23 16:37:49] Total calculations elapsed time: 1.76814079284668
[2026-07-23 16:37:49] Calculate `GDI`: DONE
[2026-07-23 16:37:50] Total calculations elapsed time: 4.22141242027283
[2026-07-23 16:37:50] Calculate GDI dataframe: DONE
[2026-07-23 16:37:50] Clean plots: START
[2026-07-23 16:37:50] Total calculations elapsed time: 0.0230097770690918
[2026-07-23 16:37:50] Clean plots: DONE
[2026-07-23 16:37:50] GDI plot
[2026-07-23 16:37:50] Removed 0 low GDI genes (such as the fully-expressed) in GDI plot
[2026-07-23 16:37:51] Cluster 13_14_15-merge-merge, with size 407, is not uniform
[2026-07-23 16:37:51] Cluster 13_14_15-merge-merge's shift to uniformity: 0.228830049102529
[2026-07-23 16:37:51] class = SimpleGDIUniformityCheck, check.isCheckAbove = FALSE, check.GDIThreshold = 1.37, check.maxRatioBeyond = 0.01, check.maxRankBeyond = 0, check.fractionBeyond = 0.0334394904458599, check.thresholdRank = 0, check.quantileAtRatio = 1.59883004910253, check.quantileAtRank = NaN, isUniform = FALSE, clusterSize = 407
[2026-07-23 16:37:52] Clusters 13 and 14_15-merge cannot be merged
[2026-07-23 16:37:52] *[2026-07-23 16:37:52] 10_11_12-merge-merge
[2026-07-23 16:37:52] Asked to drop 0 genes and 3747 cells
[2026-07-23 16:37:52] COTAN dataset analysis: START
[2026-07-23 16:37:52] Asked to drop 6324 genes and 0 cells
[2026-07-23 16:37:52] Genes/cells selection done: dropped [6324] genes and [0] cells
[2026-07-23 16:37:52] Working on [6523] genes and [330] cells
[2026-07-23 16:37:53] Dataset cleaning elapsed time: 0.793089151382446
[2026-07-23 16:37:53] Estimate `dispersion`: START
[2026-07-23 16:37:53] Effective number of cores used: 80
[2026-07-23 16:37:53] Executing 7 genes batches
[2026-07-23 16:37:53] Parallel dispersion Newton-Raphson: used up to 6 iterations
[2026-07-23 16:37:53] Parallel dispersion Newton-Raphson: used up to 6 iterations
[2026-07-23 16:37:53] Parallel dispersion Newton-Raphson: used up to 6 iterations
[2026-07-23 16:37:54] Parallel dispersion Newton-Raphson: used up to 7 iterations
[2026-07-23 16:37:54] Parallel dispersion Newton-Raphson: used up to 7 iterations
[2026-07-23 16:37:54] Parallel dispersion Newton-Raphson: used up to 7 iterations
[2026-07-23 16:37:54] Parallel dispersion Newton-Raphson: used up to 7 iterations
[2026-07-23 16:37:57] Total calculations elapsed time: 3.9127562046051
[2026-07-23 16:37:57] Estimate `dispersion`: DONE
[2026-07-23 16:37:57] Estimate `dispersion`: DONE
[2026-07-23 16:37:57] `dispersion` | min: -0.37133529048329 | max: 221.989682785289 | % negative: 72.1753794266442
[2026-07-23 16:37:58] Model parameter estimation elapsed time: 4.69823956489563
[2026-07-23 16:37:58] COTAN genes' COEX estimation: START
[2026-07-23 16:37:58] Effective number of cores used: 80
[2026-07-23 16:37:58] Calculate genes COEX (torch) on device cpu: START
[2026-07-23 16:37:58] Retrieving expected genes contingency table
[2026-07-23 16:37:58] Expected genes contingency table elapsed time: 0.0516543388366699
[2026-07-23 16:37:58] Calculating genes COEX normalization factor
[2026-07-23 16:37:59] Calculating genes COEX normalization factor elapsed time: 0.865967512130737
[2026-07-23 16:37:59] Retrieving observed genes yes/yes contingency table
[2026-07-23 16:37:59] Observed genes contingency table elapsed time: 0.0478053092956543
[2026-07-23 16:38:01] Calculate genes COEX elapsed time: 2.21501398086548
[2026-07-23 16:38:01] Total calculations elapsed time: 3.18044114112854
[2026-07-23 16:38:01] Calculate genes COEX (torch) on device cpu: DONE
[2026-07-23 16:38:02] Only genes' COEX elapsed time: 3.9237117767334
[2026-07-23 16:38:02] Dataset analysis elapsed time: 9.41504049301147
[2026-07-23 16:38:02] COTAN dataset analysis: DONE
[2026-07-23 16:38:02] Checking uniformity for the cluster '10_11_12-merge-merge' with 330 cells
[2026-07-23 16:38:02] Calculate GDI dataframe: START
[2026-07-23 16:38:02] Using S
[2026-07-23 16:38:02] Calculating S: START
[2026-07-23 16:38:03] Calculating S: DONE
[2026-07-23 16:38:03] Calculate `GDI`: START
[2026-07-23 16:38:03] Effective number of cores used: 80
[2026-07-23 16:38:03] Effective number of cores used: 80
[2026-07-23 16:38:03] Executing 7 genes batches
[2026-07-23 16:38:05] Total calculations elapsed time: 1.63991856575012
[2026-07-23 16:38:05] Calculate `GDI`: DONE
[2026-07-23 16:38:06] Total calculations elapsed time: 3.95150852203369
[2026-07-23 16:38:06] Calculate GDI dataframe: DONE
[2026-07-23 16:38:06] Clean plots: START
[2026-07-23 16:38:06] Total calculations elapsed time: 0.0233049392700195
[2026-07-23 16:38:06] Clean plots: DONE
[2026-07-23 16:38:06] GDI plot
[2026-07-23 16:38:06] Removed 0 low GDI genes (such as the fully-expressed) in GDI plot
[2026-07-23 16:38:08] Cluster 10_11_12-merge-merge, with size 330, is not uniform
[2026-07-23 16:38:08] Cluster 10_11_12-merge-merge's shift to uniformity: 0.394871080388263
[2026-07-23 16:38:08] class = SimpleGDIUniformityCheck, check.isCheckAbove = FALSE, check.GDIThreshold = 1.37, check.maxRatioBeyond = 0.01, check.maxRankBeyond = 0, check.fractionBeyond = 0.0487505748888548, check.thresholdRank = 0, check.quantileAtRatio = 1.76487108038826, check.quantileAtRank = NaN, isUniform = FALSE, clusterSize = 330
[2026-07-23 16:38:09] Clusters 10 and 11_12-merge cannot be merged
[2026-07-23 16:38:09] *[2026-07-23 16:38:09] 14_15-merge_17-merge
[2026-07-23 16:38:09] Asked to drop 0 genes and 3502 cells
[2026-07-23 16:38:09] COTAN dataset analysis: START
[2026-07-23 16:38:09] Asked to drop 7488 genes and 0 cells
[2026-07-23 16:38:09] Genes/cells selection done: dropped [7488] genes and [0] cells
[2026-07-23 16:38:09] Working on [5359] genes and [575] cells
[2026-07-23 16:38:09] Dataset cleaning elapsed time: 0.857244253158569
[2026-07-23 16:38:09] Estimate `dispersion`: START
[2026-07-23 16:38:09] Effective number of cores used: 80
[2026-07-23 16:38:09] Executing 6 genes batches
[2026-07-23 16:38:10] Parallel dispersion Newton-Raphson: used up to 6 iterations
[2026-07-23 16:38:10] Parallel dispersion Newton-Raphson: used up to 6 iterations
[2026-07-23 16:38:10] Parallel dispersion Newton-Raphson: used up to 10 iterations
[2026-07-23 16:38:10] Parallel dispersion Newton-Raphson: used up to 6 iterations
[2026-07-23 16:38:10] Parallel dispersion Newton-Raphson: used up to 7 iterations
[2026-07-23 16:38:10] Parallel dispersion Newton-Raphson: used up to 6 iterations
[2026-07-23 16:38:13] Total calculations elapsed time: 3.44874310493469
[2026-07-23 16:38:13] Estimate `dispersion`: DONE
[2026-07-23 16:38:13] Estimate `dispersion`: DONE
[2026-07-23 16:38:13] `dispersion` | min: -0.115219006773795 | max: 799.095022413825 | % negative: 71.3565963799216
[2026-07-23 16:38:14] Model parameter estimation elapsed time: 4.28266048431396
[2026-07-23 16:38:14] COTAN genes' COEX estimation: START
[2026-07-23 16:38:14] Effective number of cores used: 80
[2026-07-23 16:38:14] Calculate genes COEX (torch) on device cpu: START
[2026-07-23 16:38:14] Retrieving expected genes contingency table
[2026-07-23 16:38:14] Expected genes contingency table elapsed time: 0.0533616542816162
[2026-07-23 16:38:14] Calculating genes COEX normalization factor
[2026-07-23 16:38:15] Calculating genes COEX normalization factor elapsed time: 0.849472761154175
[2026-07-23 16:38:15] Retrieving observed genes yes/yes contingency table
[2026-07-23 16:38:15] Observed genes contingency table elapsed time: 0.0518386363983154
[2026-07-23 16:38:16] Calculate genes COEX elapsed time: 1.67790913581848
[2026-07-23 16:38:16] Total calculations elapsed time: 2.63258218765259
[2026-07-23 16:38:16] Calculate genes COEX (torch) on device cpu: DONE
[2026-07-23 16:38:17] Only genes' COEX elapsed time: 3.36757636070251
[2026-07-23 16:38:17] Dataset analysis elapsed time: 8.50748109817505
[2026-07-23 16:38:17] COTAN dataset analysis: DONE
[2026-07-23 16:38:18] Checking uniformity for the cluster '14_15-merge_17-merge' with 575 cells
[2026-07-23 16:38:18] Calculate GDI dataframe: START
[2026-07-23 16:38:18] Using S
[2026-07-23 16:38:18] Calculating S: START
[2026-07-23 16:38:19] Calculating S: DONE
[2026-07-23 16:38:19] Calculate `GDI`: START
[2026-07-23 16:38:19] Effective number of cores used: 80
[2026-07-23 16:38:19] Effective number of cores used: 80
[2026-07-23 16:38:19] Executing 6 genes batches
[2026-07-23 16:38:20] Total calculations elapsed time: 1.29851245880127
[2026-07-23 16:38:20] Calculate `GDI`: DONE
[2026-07-23 16:38:21] Total calculations elapsed time: 3.29170083999634
[2026-07-23 16:38:21] Calculate GDI dataframe: DONE
[2026-07-23 16:38:21] Clean plots: START
[2026-07-23 16:38:21] Total calculations elapsed time: 0.0232863426208496
[2026-07-23 16:38:21] Clean plots: DONE
[2026-07-23 16:38:21] GDI plot
[2026-07-23 16:38:21] Removed 0 low GDI genes (such as the fully-expressed) in GDI plot
[2026-07-23 16:38:23] Cluster 14_15-merge_17-merge, with size 575, is uniform
[2026-07-23 16:38:23] Cluster 14_15-merge_17-merge's shift to uniformity: -0.0224944340141284
[2026-07-23 16:38:23] class = SimpleGDIUniformityCheck, check.isCheckAbove = FALSE, check.GDIThreshold = 1.37, check.maxRatioBeyond = 0.01, check.maxRankBeyond = 0, check.fractionBeyond = 0.00821048703116253, check.thresholdRank = 0, check.quantileAtRatio = 1.34750556598587, check.quantileAtRank = NaN, isUniform = TRUE, clusterSize = 575
[2026-07-23 16:38:23] Clusters 14_15-merge and 17 can be merged
[2026-07-23 16:38:23] *[2026-07-23 16:38:23] 01_05-merge
[2026-07-23 16:38:23] Asked to drop 0 genes and 2802 cells
[2026-07-23 16:38:23] COTAN dataset analysis: START
[2026-07-23 16:38:23] Asked to drop 1446 genes and 0 cells
[2026-07-23 16:38:23] Genes/cells selection done: dropped [1446] genes and [0] cells
[2026-07-23 16:38:23] Working on [11401] genes and [1275] cells
[2026-07-23 16:38:24] Dataset cleaning elapsed time: 0.901398897171021
[2026-07-23 16:38:24] Estimate `dispersion`: START
[2026-07-23 16:38:24] Effective number of cores used: 80
[2026-07-23 16:38:24] Executing 12 genes batches
[2026-07-23 16:38:37] Total calculations elapsed time: 12.749847650528
[2026-07-23 16:38:37] Estimate `dispersion`: DONE
[2026-07-23 16:38:37] While checking cluster uniformity Error: length(dispersion) not equal to getNumGenes(objCOTAN)

[2026-07-23 16:38:37] marking pair as not mergable
[2026-07-23 16:38:38] Clusters 01 and 05 cannot be merged
[2026-07-23 16:38:38] *[2026-07-23 16:38:38] 03_04-merge_05-merge
[2026-07-23 16:38:38] Asked to drop 0 genes and 3065 cells
[2026-07-23 16:38:38] COTAN dataset analysis: START
[2026-07-23 16:38:38] Asked to drop 1282 genes and 0 cells
[2026-07-23 16:38:38] Genes/cells selection done: dropped [1282] genes and [0] cells
[2026-07-23 16:38:38] Working on [11565] genes and [1012] cells
[2026-07-23 16:38:39] Dataset cleaning elapsed time: 0.780283689498901
[2026-07-23 16:38:39] Estimate `dispersion`: START
[2026-07-23 16:38:39] Effective number of cores used: 80
[2026-07-23 16:38:39] Executing 12 genes batches
[2026-07-23 16:38:39] Parallel dispersion Newton-Raphson: used up to 6 iterations
[2026-07-23 16:38:39] Parallel dispersion Newton-Raphson: used up to 6 iterations
[2026-07-23 16:38:39] Parallel dispersion Newton-Raphson: used up to 6 iterations
[2026-07-23 16:38:40] Parallel dispersion Newton-Raphson: used up to 6 iterations
[2026-07-23 16:38:40] Parallel dispersion Newton-Raphson: used up to 6 iterations
[2026-07-23 16:38:40] Parallel dispersion Newton-Raphson: used up to 6 iterations
[2026-07-23 16:38:40] Parallel dispersion Newton-Raphson: used up to 6 iterations
[2026-07-23 16:38:40] Parallel dispersion Newton-Raphson: used up to 5 iterations
[2026-07-23 16:38:40] Parallel dispersion Newton-Raphson: used up to 6 iterations
[2026-07-23 16:38:40] Parallel dispersion Newton-Raphson: used up to 6 iterations
[2026-07-23 16:38:40] Parallel dispersion Newton-Raphson: used up to 6 iterations
[2026-07-23 16:38:40] Parallel dispersion Newton-Raphson: used up to 7 iterations
[2026-07-23 16:38:43] Total calculations elapsed time: 4.38277363777161
[2026-07-23 16:38:43] Estimate `dispersion`: DONE
[2026-07-23 16:38:43] Estimate `dispersion`: DONE
[2026-07-23 16:38:43] `dispersion` | min: -0.205639463188219 | max: 405.565689507027 | % negative: 50.7825335062689
[2026-07-23 16:38:44] Model parameter estimation elapsed time: 5.16969799995422
[2026-07-23 16:38:44] COTAN genes' COEX estimation: START
[2026-07-23 16:38:44] Effective number of cores used: 80
[2026-07-23 16:38:44] Calculate genes COEX (torch) on device cpu: START
[2026-07-23 16:38:44] Retrieving expected genes contingency table
[2026-07-23 16:38:44] Expected genes contingency table elapsed time: 0.184767961502075
[2026-07-23 16:38:44] Calculating genes COEX normalization factor
[2026-07-23 16:38:45] Calculating genes COEX normalization factor elapsed time: 1.10641765594482
[2026-07-23 16:38:45] Retrieving observed genes yes/yes contingency table
[2026-07-23 16:38:45] Observed genes contingency table elapsed time: 0.205486536026001
[2026-07-23 16:38:51] Calculate genes COEX elapsed time: 6.18678903579712
[2026-07-23 16:38:51] Total calculations elapsed time: 7.68346118927002
[2026-07-23 16:38:51] Calculate genes COEX (torch) on device cpu: DONE
[2026-07-23 16:38:52] Only genes' COEX elapsed time: 8.46141505241394
[2026-07-23 16:38:52] Dataset analysis elapsed time: 14.4113967418671
[2026-07-23 16:38:52] COTAN dataset analysis: DONE
[2026-07-23 16:38:53] Checking uniformity for the cluster '03_04-merge_05-merge' with 1012 cells
[2026-07-23 16:38:53] Calculate GDI dataframe: START
[2026-07-23 16:38:53] Using S
[2026-07-23 16:38:53] Calculating S: START
[2026-07-23 16:38:57] Calculating S: DONE
[2026-07-23 16:38:57] Calculate `GDI`: START
[2026-07-23 16:38:57] Effective number of cores used: 80
[2026-07-23 16:38:57] Effective number of cores used: 80
[2026-07-23 16:38:57] Executing 12 genes batches
[2026-07-23 16:39:00] Total calculations elapsed time: 2.9752779006958
[2026-07-23 16:39:00] Calculate `GDI`: DONE
[2026-07-23 16:39:01] Total calculations elapsed time: 8.25218224525452
[2026-07-23 16:39:01] Calculate GDI dataframe: DONE
[2026-07-23 16:39:01] Clean plots: START
[2026-07-23 16:39:01] Total calculations elapsed time: 0.0275321006774902
[2026-07-23 16:39:01] Clean plots: DONE
[2026-07-23 16:39:01] GDI plot
[2026-07-23 16:39:01] Removed 0 low GDI genes (such as the fully-expressed) in GDI plot
[2026-07-23 16:39:03] Cluster 03_04-merge_05-merge, with size 1012, is not uniform
[2026-07-23 16:39:03] Cluster 03_04-merge_05-merge's shift to uniformity: 0.0531601761858753
[2026-07-23 16:39:03] class = SimpleGDIUniformityCheck, check.isCheckAbove = FALSE, check.GDIThreshold = 1.37, check.maxRatioBeyond = 0.01, check.maxRankBeyond = 0, check.fractionBeyond = 0.0248162559446606, check.thresholdRank = 0, check.quantileAtRatio = 1.42316017618588, check.quantileAtRank = NaN, isUniform = FALSE, clusterSize = 1012
[2026-07-23 16:39:04] Clusters 03_04-merge and 05 cannot be merged
[2026-07-23 16:39:04] *[2026-07-23 16:39:04] 18_19-merge
[2026-07-23 16:39:04] Asked to drop 0 genes and 3954 cells
[2026-07-23 16:39:04] COTAN dataset analysis: START
[2026-07-23 16:39:04] Asked to drop 5538 genes and 0 cells
[2026-07-23 16:39:04] Genes/cells selection done: dropped [5538] genes and [0] cells
[2026-07-23 16:39:04] Working on [7309] genes and [123] cells
[2026-07-23 16:39:04] Dataset cleaning elapsed time: 0.789552927017212
[2026-07-23 16:39:04] Estimate `dispersion`: START
[2026-07-23 16:39:04] Effective number of cores used: 80
[2026-07-23 16:39:04] Executing 8 genes batches
[2026-07-23 16:39:05] Parallel dispersion Newton-Raphson: used up to 6 iterations
[2026-07-23 16:39:05] Parallel dispersion Newton-Raphson: used up to 7 iterations
[2026-07-23 16:39:05] Parallel dispersion Newton-Raphson: used up to 7 iterations
[2026-07-23 16:39:05] Parallel dispersion Newton-Raphson: used up to 6 iterations
[2026-07-23 16:39:05] Parallel dispersion Newton-Raphson: used up to 7 iterations
[2026-07-23 16:39:05] Parallel dispersion Newton-Raphson: used up to 7 iterations
[2026-07-23 16:39:05] Parallel dispersion Newton-Raphson: used up to 7 iterations
[2026-07-23 16:39:06] Parallel dispersion Newton-Raphson: used up to 7 iterations
[2026-07-23 16:39:08] Total calculations elapsed time: 3.983642578125
[2026-07-23 16:39:08] Estimate `dispersion`: DONE
[2026-07-23 16:39:08] Estimate `dispersion`: DONE
[2026-07-23 16:39:08] `dispersion` | min: -0.237879622361081 | max: 332.531936460551 | % negative: 76.6315501436585
[2026-07-23 16:39:09] Model parameter estimation elapsed time: 4.79171848297119
[2026-07-23 16:39:09] COTAN genes' COEX estimation: START
[2026-07-23 16:39:09] Effective number of cores used: 80
[2026-07-23 16:39:09] Calculate genes COEX (torch) on device cpu: START
[2026-07-23 16:39:09] Retrieving expected genes contingency table
[2026-07-23 16:39:09] Expected genes contingency table elapsed time: 0.0349128246307373
[2026-07-23 16:39:09] Calculating genes COEX normalization factor
[2026-07-23 16:39:10] Calculating genes COEX normalization factor elapsed time: 0.901718854904175
[2026-07-23 16:39:10] Retrieving observed genes yes/yes contingency table
[2026-07-23 16:39:10] Observed genes contingency table elapsed time: 0.0298664569854736
[2026-07-23 16:39:13] Calculate genes COEX elapsed time: 2.68598031997681
[2026-07-23 16:39:13] Total calculations elapsed time: 3.65247845649719
[2026-07-23 16:39:13] Calculate genes COEX (torch) on device cpu: DONE
[2026-07-23 16:39:14] Only genes' COEX elapsed time: 4.48272085189819
[2026-07-23 16:39:14] Dataset analysis elapsed time: 10.0639922618866
[2026-07-23 16:39:14] COTAN dataset analysis: DONE
[2026-07-23 16:39:15] Checking uniformity for the cluster '18_19-merge' with 123 cells
[2026-07-23 16:39:15] Calculate GDI dataframe: START
[2026-07-23 16:39:15] Using S
[2026-07-23 16:39:15] Calculating S: START
[2026-07-23 16:39:16] Calculating S: DONE
[2026-07-23 16:39:16] Calculate `GDI`: START
[2026-07-23 16:39:16] Effective number of cores used: 80
[2026-07-23 16:39:16] Effective number of cores used: 80
[2026-07-23 16:39:16] Executing 8 genes batches
[2026-07-23 16:39:18] Total calculations elapsed time: 1.94025802612305
[2026-07-23 16:39:18] Calculate `GDI`: DONE
[2026-07-23 16:39:19] Total calculations elapsed time: 4.60615944862366
[2026-07-23 16:39:19] Calculate GDI dataframe: DONE
[2026-07-23 16:39:19] Clean plots: START
[2026-07-23 16:39:19] Total calculations elapsed time: 0.0260136127471924
[2026-07-23 16:39:19] Clean plots: DONE
[2026-07-23 16:39:19] GDI plot
[2026-07-23 16:39:19] Removed 0 low GDI genes (such as the fully-expressed) in GDI plot
[2026-07-23 16:39:21] Cluster 18_19-merge, with size 123, is uniform
[2026-07-23 16:39:21] Cluster 18_19-merge's shift to uniformity: -0.0273133515976594
[2026-07-23 16:39:21] class = SimpleGDIUniformityCheck, check.isCheckAbove = FALSE, check.GDIThreshold = 1.37, check.maxRatioBeyond = 0.01, check.maxRankBeyond = 0, check.fractionBeyond = 0.00725133397181557, check.thresholdRank = 0, check.quantileAtRatio = 1.34268664840234, check.quantileAtRank = NaN, isUniform = TRUE, clusterSize = 123
[2026-07-23 16:39:21] Clusters 18 and 19 can be merged
[2026-07-23 16:39:21] *[2026-07-23 16:39:21] 03_04-merge_06-merge
[2026-07-23 16:39:21] Asked to drop 0 genes and 3584 cells
[2026-07-23 16:39:21] COTAN dataset analysis: START
[2026-07-23 16:39:21] Asked to drop 1298 genes and 0 cells
[2026-07-23 16:39:21] Genes/cells selection done: dropped [1298] genes and [0] cells
[2026-07-23 16:39:21] Working on [11549] genes and [493] cells
[2026-07-23 16:39:22] Dataset cleaning elapsed time: 0.8778076171875
[2026-07-23 16:39:22] Estimate `dispersion`: START
[2026-07-23 16:39:22] Effective number of cores used: 80
[2026-07-23 16:39:22] Executing 12 genes batches
[2026-07-23 16:39:23] Parallel dispersion Newton-Raphson: used up to 5 iterations
[2026-07-23 16:39:23] Parallel dispersion Newton-Raphson: used up to 5 iterations
[2026-07-23 16:39:23] Parallel dispersion Newton-Raphson: used up to 6 iterations
[2026-07-23 16:39:23] Parallel dispersion Newton-Raphson: used up to 7 iterations
[2026-07-23 16:39:23] Parallel dispersion Newton-Raphson: used up to 6 iterations
[2026-07-23 16:39:23] Parallel dispersion Newton-Raphson: used up to 6 iterations
[2026-07-23 16:39:23] Parallel dispersion Newton-Raphson: used up to 5 iterations
[2026-07-23 16:39:23] Parallel dispersion Newton-Raphson: used up to 6 iterations
[2026-07-23 16:39:24] Parallel dispersion Newton-Raphson: used up to 6 iterations
[2026-07-23 16:39:24] Parallel dispersion Newton-Raphson: used up to 6 iterations
[2026-07-23 16:39:24] Parallel dispersion Newton-Raphson: used up to 6 iterations
[2026-07-23 16:39:24] Parallel dispersion Newton-Raphson: used up to 7 iterations
[2026-07-23 16:39:27] Total calculations elapsed time: 4.74125385284424
[2026-07-23 16:39:27] Estimate `dispersion`: DONE
[2026-07-23 16:39:27] Estimate `dispersion`: DONE
[2026-07-23 16:39:27] `dispersion` | min: -0.217100289167362 | max: 311.479633425809 | % negative: 60.0225127716685
[2026-07-23 16:39:28] Model parameter estimation elapsed time: 5.90038466453552
[2026-07-23 16:39:28] COTAN genes' COEX estimation: START
[2026-07-23 16:39:28] Effective number of cores used: 80
[2026-07-23 16:39:28] Calculate genes COEX (torch) on device cpu: START
[2026-07-23 16:39:28] Retrieving expected genes contingency table
[2026-07-23 16:39:28] Expected genes contingency table elapsed time: 0.108672142028809
[2026-07-23 16:39:28] Calculating genes COEX normalization factor
[2026-07-23 16:39:30] Calculating genes COEX normalization factor elapsed time: 1.17415118217468
[2026-07-23 16:39:30] Retrieving observed genes yes/yes contingency table
[2026-07-23 16:39:30] Observed genes contingency table elapsed time: 0.123211860656738
[2026-07-23 16:39:36] Calculate genes COEX elapsed time: 6.38034272193909
[2026-07-23 16:39:36] Total calculations elapsed time: 7.78637790679932
[2026-07-23 16:39:36] Calculate genes COEX (torch) on device cpu: DONE
[2026-07-23 16:39:37] Only genes' COEX elapsed time: 8.58076310157776
[2026-07-23 16:39:37] Dataset analysis elapsed time: 15.3589553833008
[2026-07-23 16:39:37] COTAN dataset analysis: DONE
[2026-07-23 16:39:38] Checking uniformity for the cluster '03_04-merge_06-merge' with 493 cells
[2026-07-23 16:39:38] Calculate GDI dataframe: START
[2026-07-23 16:39:38] Using S
[2026-07-23 16:39:38] Calculating S: START
[2026-07-23 16:39:41] Calculating S: DONE
[2026-07-23 16:39:41] Calculate `GDI`: START
[2026-07-23 16:39:41] Effective number of cores used: 80
[2026-07-23 16:39:41] Effective number of cores used: 80
[2026-07-23 16:39:41] Executing 12 genes batches
[2026-07-23 16:39:44] Total calculations elapsed time: 3.03464603424072
[2026-07-23 16:39:44] Calculate `GDI`: DONE
[2026-07-23 16:39:46] Total calculations elapsed time: 8.18550634384155
[2026-07-23 16:39:46] Calculate GDI dataframe: DONE
[2026-07-23 16:39:46] Clean plots: START
[2026-07-23 16:39:46] Total calculations elapsed time: 0.0316212177276611
[2026-07-23 16:39:46] Clean plots: DONE
[2026-07-23 16:39:46] GDI plot
[2026-07-23 16:39:46] Removed 0 low GDI genes (such as the fully-expressed) in GDI plot
[2026-07-23 16:39:47] Cluster 03_04-merge_06-merge, with size 493, is not uniform
[2026-07-23 16:39:47] Cluster 03_04-merge_06-merge's shift to uniformity: 0.219045349241526
[2026-07-23 16:39:47] class = SimpleGDIUniformityCheck, check.isCheckAbove = FALSE, check.GDIThreshold = 1.37, check.maxRatioBeyond = 0.01, check.maxRankBeyond = 0, check.fractionBeyond = 0.0577539180881462, check.thresholdRank = 0, check.quantileAtRatio = 1.58904534924153, check.quantileAtRank = NaN, isUniform = FALSE, clusterSize = 493
[2026-07-23 16:39:48] Clusters 03_04-merge and 06 cannot be merged
[2026-07-23 16:39:48] *[2026-07-23 16:39:48] 17_18-merge
[2026-07-23 16:39:48] Asked to drop 0 genes and 3804 cells
[2026-07-23 16:39:48] COTAN dataset analysis: START
[2026-07-23 16:39:48] Asked to drop 7687 genes and 0 cells
[2026-07-23 16:39:48] Genes/cells selection done: dropped [7687] genes and [0] cells
[2026-07-23 16:39:48] Working on [5160] genes and [273] cells
[2026-07-23 16:39:49] Dataset cleaning elapsed time: 0.789877414703369
[2026-07-23 16:39:49] Estimate `dispersion`: START
[2026-07-23 16:39:49] Effective number of cores used: 80
[2026-07-23 16:39:49] Executing 6 genes batches
[2026-07-23 16:39:49] Parallel dispersion Newton-Raphson: used up to 7 iterations
[2026-07-23 16:39:49] Parallel dispersion Newton-Raphson: used up to 7 iterations
[2026-07-23 16:39:49] Parallel dispersion Newton-Raphson: used up to 10 iterations
[2026-07-23 16:39:50] Parallel dispersion Newton-Raphson: used up to 7 iterations
[2026-07-23 16:39:50] Parallel dispersion Newton-Raphson: used up to 7 iterations
[2026-07-23 16:39:50] Parallel dispersion Newton-Raphson: used up to 7 iterations
[2026-07-23 16:39:52] Total calculations elapsed time: 3.43456125259399
[2026-07-23 16:39:52] Estimate `dispersion`: DONE
[2026-07-23 16:39:52] Estimate `dispersion`: DONE
[2026-07-23 16:39:52] `dispersion` | min: -0.236339930317395 | max: 521.368984338844 | % negative: 75.1550387596899
[2026-07-23 16:39:53] Model parameter estimation elapsed time: 4.24718904495239
[2026-07-23 16:39:53] COTAN genes' COEX estimation: START
[2026-07-23 16:39:53] Effective number of cores used: 80
[2026-07-23 16:39:53] Calculate genes COEX (torch) on device cpu: START
[2026-07-23 16:39:53] Retrieving expected genes contingency table
[2026-07-23 16:39:53] Expected genes contingency table elapsed time: 0.0367598533630371
[2026-07-23 16:39:53] Calculating genes COEX normalization factor
[2026-07-23 16:39:54] Calculating genes COEX normalization factor elapsed time: 0.84861946105957
[2026-07-23 16:39:54] Retrieving observed genes yes/yes contingency table
[2026-07-23 16:39:54] Observed genes contingency table elapsed time: 0.0336132049560547
[2026-07-23 16:39:56] Calculate genes COEX elapsed time: 1.59942531585693
[2026-07-23 16:39:56] Total calculations elapsed time: 2.5184178352356
[2026-07-23 16:39:56] Calculate genes COEX (torch) on device cpu: DONE
[2026-07-23 16:39:56] Only genes' COEX elapsed time: 3.25358009338379
[2026-07-23 16:39:56] Dataset analysis elapsed time: 8.29064655303955
[2026-07-23 16:39:56] COTAN dataset analysis: DONE
[2026-07-23 16:39:57] Checking uniformity for the cluster '17_18-merge' with 273 cells
[2026-07-23 16:39:57] Calculate GDI dataframe: START
[2026-07-23 16:39:57] Using S
[2026-07-23 16:39:57] Calculating S: START
[2026-07-23 16:39:58] Calculating S: DONE
[2026-07-23 16:39:58] Calculate `GDI`: START
[2026-07-23 16:39:58] Effective number of cores used: 80
[2026-07-23 16:39:58] Effective number of cores used: 80
[2026-07-23 16:39:58] Executing 6 genes batches
[2026-07-23 16:39:59] Total calculations elapsed time: 1.41080641746521
[2026-07-23 16:39:59] Calculate `GDI`: DONE
[2026-07-23 16:40:00] Total calculations elapsed time: 3.26933431625366
[2026-07-23 16:40:00] Calculate GDI dataframe: DONE
[2026-07-23 16:40:00] Clean plots: START
[2026-07-23 16:40:00] Total calculations elapsed time: 0.0232551097869873
[2026-07-23 16:40:00] Clean plots: DONE
[2026-07-23 16:40:00] GDI plot
[2026-07-23 16:40:00] Removed 0 low GDI genes (such as the fully-expressed) in GDI plot
[2026-07-23 16:40:02] Cluster 17_18-merge, with size 273, is not uniform
[2026-07-23 16:40:02] Cluster 17_18-merge's shift to uniformity: 0.0559319006084049
[2026-07-23 16:40:02] class = SimpleGDIUniformityCheck, check.isCheckAbove = FALSE, check.GDIThreshold = 1.37, check.maxRatioBeyond = 0.01, check.maxRankBeyond = 0, check.fractionBeyond = 0.0166666666666667, check.thresholdRank = 0, check.quantileAtRatio = 1.42593190060841, check.quantileAtRank = NaN, isUniform = FALSE, clusterSize = 273
[2026-07-23 16:40:03] Clusters 17 and 18 cannot be merged
[2026-07-23 16:40:03] *[2026-07-23 16:40:03] 13_17-merge
[2026-07-23 16:40:03] Asked to drop 0 genes and 3803 cells
[2026-07-23 16:40:03] COTAN dataset analysis: START
[2026-07-23 16:40:03] Asked to drop 7006 genes and 0 cells
[2026-07-23 16:40:03] Genes/cells selection done: dropped [7006] genes and [0] cells
[2026-07-23 16:40:03] Working on [5841] genes and [274] cells
[2026-07-23 16:40:04] Dataset cleaning elapsed time: 0.789240121841431
[2026-07-23 16:40:04] Estimate `dispersion`: START
[2026-07-23 16:40:04] Effective number of cores used: 80
[2026-07-23 16:40:04] Executing 6 genes batches
[2026-07-23 16:40:04] Parallel dispersion Newton-Raphson: used up to 6 iterations
[2026-07-23 16:40:04] Parallel dispersion Newton-Raphson: used up to 6 iterations
[2026-07-23 16:40:04] Parallel dispersion Newton-Raphson: used up to 10 iterations
[2026-07-23 16:40:04] Parallel dispersion Newton-Raphson: used up to 8 iterations
[2026-07-23 16:40:04] Parallel dispersion Newton-Raphson: used up to 7 iterations
[2026-07-23 16:40:04] Parallel dispersion Newton-Raphson: used up to 6 iterations
[2026-07-23 16:40:07] Total calculations elapsed time: 3.30847144126892
[2026-07-23 16:40:07] Estimate `dispersion`: DONE
[2026-07-23 16:40:07] Estimate `dispersion`: DONE
[2026-07-23 16:40:07] `dispersion` | min: -0.367424869664826 | max: 404.139204313887 | % negative: 71.9910974148262
[2026-07-23 16:40:08] Model parameter estimation elapsed time: 4.08439254760742
[2026-07-23 16:40:08] COTAN genes' COEX estimation: START
[2026-07-23 16:40:08] Effective number of cores used: 80
[2026-07-23 16:40:08] Calculate genes COEX (torch) on device cpu: START
[2026-07-23 16:40:08] Retrieving expected genes contingency table
[2026-07-23 16:40:08] Expected genes contingency table elapsed time: 0.0432808399200439
[2026-07-23 16:40:08] Calculating genes COEX normalization factor
[2026-07-23 16:40:09] Calculating genes COEX normalization factor elapsed time: 0.83946681022644
[2026-07-23 16:40:09] Retrieving observed genes yes/yes contingency table
[2026-07-23 16:40:09] Observed genes contingency table elapsed time: 0.0473599433898926
[2026-07-23 16:40:10] Calculate genes COEX elapsed time: 1.91973352432251
[2026-07-23 16:40:10] Total calculations elapsed time: 2.84984111785889
[2026-07-23 16:40:10] Calculate genes COEX (torch) on device cpu: DONE
[2026-07-23 16:40:11] Only genes' COEX elapsed time: 3.58625268936157
[2026-07-23 16:40:11] Dataset analysis elapsed time: 8.45988535881042
[2026-07-23 16:40:11] COTAN dataset analysis: DONE
[2026-07-23 16:40:12] Checking uniformity for the cluster '13_17-merge' with 274 cells
[2026-07-23 16:40:12] Calculate GDI dataframe: START
[2026-07-23 16:40:12] Using S
[2026-07-23 16:40:12] Calculating S: START
[2026-07-23 16:40:13] Calculating S: DONE
[2026-07-23 16:40:13] Calculate `GDI`: START
[2026-07-23 16:40:13] Effective number of cores used: 80
[2026-07-23 16:40:13] Effective number of cores used: 80
[2026-07-23 16:40:13] Executing 6 genes batches
[2026-07-23 16:40:14] Total calculations elapsed time: 1.397127866745
[2026-07-23 16:40:14] Calculate `GDI`: DONE
[2026-07-23 16:40:15] Total calculations elapsed time: 3.44794702529907
[2026-07-23 16:40:15] Calculate GDI dataframe: DONE
[2026-07-23 16:40:15] Clean plots: START
[2026-07-23 16:40:15] Total calculations elapsed time: 0.0229694843292236
[2026-07-23 16:40:15] Clean plots: DONE
[2026-07-23 16:40:15] GDI plot
[2026-07-23 16:40:15] Removed 0 low GDI genes (such as the fully-expressed) in GDI plot
[2026-07-23 16:40:17] Cluster 13_17-merge, with size 274, is not uniform
[2026-07-23 16:40:17] Cluster 13_17-merge's shift to uniformity: 0.326629911126834
[2026-07-23 16:40:17] class = SimpleGDIUniformityCheck, check.isCheckAbove = FALSE, check.GDIThreshold = 1.37, check.maxRatioBeyond = 0.01, check.maxRankBeyond = 0, check.fractionBeyond = 0.0477657935285054, check.thresholdRank = 0, check.quantileAtRatio = 1.69662991112683, check.quantileAtRank = NaN, isUniform = FALSE, clusterSize = 274
[2026-07-23 16:40:18] Clusters 13 and 17 cannot be merged
[2026-07-23 16:40:18] Clusters 19 and 18 will be merged
[2026-07-23 16:40:18] Clusters 14_15-merge and 17 will be merged
[2026-07-23 16:40:18] Executed 2 merges
[2026-07-23 16:40:18] Loop calculations elapsed time: 166.950850725174
[2026-07-23 16:40:18] Start merging nearest clusters: iteration 4
[2026-07-23 16:40:18] Differential Expression Analysis - START
[2026-07-23 16:40:20] *[2026-07-23 16:40:20]  DEA on cluster '-1' with 21 cells
[2026-07-23 16:40:20] *[2026-07-23 16:40:20]  DEA on cluster '01' with 703 cells
[2026-07-23 16:40:20] *[2026-07-23 16:40:20]  DEA on cluster '02' with 194 cells
[2026-07-23 16:40:20] *[2026-07-23 16:40:20]  DEA on cluster '03_04-merge' with 440 cells
[2026-07-23 16:40:20] *[2026-07-23 16:40:20]  DEA on cluster '05' with 572 cells
[2026-07-23 16:40:20] *[2026-07-23 16:40:20]  DEA on cluster '06' with 53 cells
[2026-07-23 16:40:20] *[2026-07-23 16:40:20]  DEA on cluster '07' with 223 cells
[2026-07-23 16:40:20] *[2026-07-23 16:40:20]  DEA on cluster '08' with 329 cells
[2026-07-23 16:40:20] *[2026-07-23 16:40:20]  DEA on cluster '09' with 269 cells
[2026-07-23 16:40:20] *[2026-07-23 16:40:20]  DEA on cluster '10' with 51 cells
[2026-07-23 16:40:20] *[2026-07-23 16:40:20]  DEA on cluster '11_12-merge' with 279 cells
[2026-07-23 16:40:20] *[2026-07-23 16:40:20]  DEA on cluster '13' with 53 cells
[2026-07-23 16:40:20] *[2026-07-23 16:40:20]  DEA on cluster '14_15-merge_17-merge' with 575 cells
[2026-07-23 16:40:20] *[2026-07-23 16:40:20]  DEA on cluster '16' with 192 cells
[2026-07-23 16:40:20] *[2026-07-23 16:40:20]  DEA on cluster '18_19-merge' with 123 cells
[2026-07-23 16:40:20] 
[2026-07-23 16:40:20] Total calculations elapsed time: 2.65487933158875
[2026-07-23 16:40:20] Differential Expression Analysis - DONE
[2026-07-23 16:40:22] Updating check results for the 26 already tested pairs to align to new checker
[2026-07-23 16:40:22] 9 new clusters pairs to be tested for merging:
c("-1", "18_19-merge") c("13", "14_15-merge_17-merge") c("01", "05") c("13", "18_19-merge") c("-1", "13") c("02", "06") c("02", "05") c("02", "03_04-merge") c("14_15-merge_17-merge", "18_19-merge")
[2026-07-23 16:40:22] *[2026-07-23 16:40:22] -1_18_19-merge-merge
[2026-07-23 16:40:22] Asked to drop 0 genes and 3933 cells
[2026-07-23 16:40:22] COTAN dataset analysis: START
[2026-07-23 16:40:22] Asked to drop 4584 genes and 0 cells
[2026-07-23 16:40:22] Genes/cells selection done: dropped [4584] genes and [0] cells
[2026-07-23 16:40:22] Working on [8263] genes and [144] cells
[2026-07-23 16:40:23] Dataset cleaning elapsed time: 0.741863489151001
[2026-07-23 16:40:23] Estimate `dispersion`: START
[2026-07-23 16:40:23] Effective number of cores used: 80
[2026-07-23 16:40:23] Executing 9 genes batches
[2026-07-23 16:40:23] Parallel dispersion Newton-Raphson: used up to 6 iterations
[2026-07-23 16:40:23] Parallel dispersion Newton-Raphson: used up to 7 iterations
[2026-07-23 16:40:23] Parallel dispersion Newton-Raphson: used up to 7 iterations
[2026-07-23 16:40:23] Parallel dispersion Newton-Raphson: used up to 6 iterations
[2026-07-23 16:40:23] Parallel dispersion Newton-Raphson: used up to 8 iterations
[2026-07-23 16:40:23] Parallel dispersion Newton-Raphson: used up to 7 iterations
[2026-07-23 16:40:24] Parallel dispersion Newton-Raphson: used up to 7 iterations
[2026-07-23 16:40:24] Parallel dispersion Newton-Raphson: used up to 7 iterations
[2026-07-23 16:40:24] Parallel dispersion Newton-Raphson: used up to 7 iterations
[2026-07-23 16:40:27] Total calculations elapsed time: 4.13268113136292
[2026-07-23 16:40:27] Estimate `dispersion`: DONE
[2026-07-23 16:40:27] Estimate `dispersion`: DONE
[2026-07-23 16:40:27] `dispersion` | min: -0.418227436243229 | max: 321.592934160746 | % negative: 70.809633305095
[2026-07-23 16:40:28] Model parameter estimation elapsed time: 4.94243168830872
[2026-07-23 16:40:28] COTAN genes' COEX estimation: START
[2026-07-23 16:40:28] Effective number of cores used: 80
[2026-07-23 16:40:28] Calculate genes COEX (torch) on device cpu: START
[2026-07-23 16:40:28] Retrieving expected genes contingency table
[2026-07-23 16:40:28] Expected genes contingency table elapsed time: 0.0426898002624512
[2026-07-23 16:40:28] Calculating genes COEX normalization factor
[2026-07-23 16:40:29] Calculating genes COEX normalization factor elapsed time: 0.94968056678772
[2026-07-23 16:40:29] Retrieving observed genes yes/yes contingency table
[2026-07-23 16:40:29] Observed genes contingency table elapsed time: 0.0381815433502197
[2026-07-23 16:40:32] Calculate genes COEX elapsed time: 3.23012709617615
[2026-07-23 16:40:32] Total calculations elapsed time: 4.26067900657654
[2026-07-23 16:40:32] Calculate genes COEX (torch) on device cpu: DONE
[2026-07-23 16:40:33] Only genes' COEX elapsed time: 5.00188159942627
[2026-07-23 16:40:33] Dataset analysis elapsed time: 10.686176776886
[2026-07-23 16:40:33] COTAN dataset analysis: DONE
[2026-07-23 16:40:33] Checking uniformity for the cluster '-1_18_19-merge-merge' with 144 cells
[2026-07-23 16:40:33] Calculate GDI dataframe: START
[2026-07-23 16:40:33] Using S
[2026-07-23 16:40:33] Calculating S: START
[2026-07-23 16:40:35] Calculating S: DONE
[2026-07-23 16:40:35] Calculate `GDI`: START
[2026-07-23 16:40:35] Effective number of cores used: 80
[2026-07-23 16:40:35] Effective number of cores used: 80
[2026-07-23 16:40:35] Executing 9 genes batches
[2026-07-23 16:40:37] Total calculations elapsed time: 2.31660175323486
[2026-07-23 16:40:37] Calculate `GDI`: DONE
[2026-07-23 16:40:39] Total calculations elapsed time: 5.38523244857788
[2026-07-23 16:40:39] Calculate GDI dataframe: DONE
[2026-07-23 16:40:39] Clean plots: START
[2026-07-23 16:40:39] Total calculations elapsed time: 0.0233275890350342
[2026-07-23 16:40:39] Clean plots: DONE
[2026-07-23 16:40:39] GDI plot
[2026-07-23 16:40:39] Removed 0 low GDI genes (such as the fully-expressed) in GDI plot
[2026-07-23 16:40:40] Cluster -1_18_19-merge-merge, with size 144, is not uniform
[2026-07-23 16:40:40] Cluster -1_18_19-merge-merge's shift to uniformity: 0.416778378274514
[2026-07-23 16:40:40] class = SimpleGDIUniformityCheck, check.isCheckAbove = FALSE, check.GDIThreshold = 1.37, check.maxRatioBeyond = 0.01, check.maxRankBeyond = 0, check.fractionBeyond = 0.0784218806728791, check.thresholdRank = 0, check.quantileAtRatio = 1.78677837827451, check.quantileAtRank = NaN, isUniform = FALSE, clusterSize = 144
[2026-07-23 16:40:41] Clusters -1 and 18_19-merge cannot be merged
[2026-07-23 16:40:41] *[2026-07-23 16:40:41] 13_14_15-merge_17-merge-merge
[2026-07-23 16:40:41] Asked to drop 0 genes and 3449 cells
[2026-07-23 16:40:41] COTAN dataset analysis: START
[2026-07-23 16:40:41] Asked to drop 6495 genes and 0 cells
[2026-07-23 16:40:41] Genes/cells selection done: dropped [6495] genes and [0] cells
[2026-07-23 16:40:41] Working on [6352] genes and [628] cells
[2026-07-23 16:40:42] Dataset cleaning elapsed time: 0.834568500518799
[2026-07-23 16:40:42] Estimate `dispersion`: START
[2026-07-23 16:40:42] Effective number of cores used: 80
[2026-07-23 16:40:42] Executing 7 genes batches
[2026-07-23 16:40:42] Parallel dispersion Newton-Raphson: used up to 6 iterations
[2026-07-23 16:40:42] Parallel dispersion Newton-Raphson: used up to 6 iterations
[2026-07-23 16:40:43] Parallel dispersion Newton-Raphson: used up to 6 iterations
[2026-07-23 16:40:43] Parallel dispersion Newton-Raphson: used up to 10 iterations
[2026-07-23 16:40:43] Parallel dispersion Newton-Raphson: used up to 7 iterations
[2026-07-23 16:40:43] Parallel dispersion Newton-Raphson: used up to 6 iterations
[2026-07-23 16:40:43] Parallel dispersion Newton-Raphson: used up to 7 iterations
[2026-07-23 16:40:46] Total calculations elapsed time: 3.66956663131714
[2026-07-23 16:40:46] Estimate `dispersion`: DONE
[2026-07-23 16:40:46] Estimate `dispersion`: DONE
[2026-07-23 16:40:46] `dispersion` | min: -0.184543677399819 | max: 519.487225837449 | % negative: 66.4357682619647
[2026-07-23 16:40:46] Model parameter estimation elapsed time: 4.45876240730286
[2026-07-23 16:40:46] COTAN genes' COEX estimation: START
[2026-07-23 16:40:46] Effective number of cores used: 80
[2026-07-23 16:40:46] Calculate genes COEX (torch) on device cpu: START
[2026-07-23 16:40:46] Retrieving expected genes contingency table
[2026-07-23 16:40:46] Expected genes contingency table elapsed time: 0.0673065185546875
[2026-07-23 16:40:46] Calculating genes COEX normalization factor
[2026-07-23 16:40:47] Calculating genes COEX normalization factor elapsed time: 0.866840362548828
[2026-07-23 16:40:47] Retrieving observed genes yes/yes contingency table
[2026-07-23 16:40:47] Observed genes contingency table elapsed time: 0.0696067810058594
[2026-07-23 16:40:49] Calculate genes COEX elapsed time: 2.07413125038147
[2026-07-23 16:40:49] Total calculations elapsed time: 3.07788491249084
[2026-07-23 16:40:49] Calculate genes COEX (torch) on device cpu: DONE
[2026-07-23 16:40:50] Only genes' COEX elapsed time: 3.82474970817566
[2026-07-23 16:40:50] Dataset analysis elapsed time: 9.11808061599731
[2026-07-23 16:40:50] COTAN dataset analysis: DONE
[2026-07-23 16:40:51] Checking uniformity for the cluster '13_14_15-merge_17-merge-merge' with 628 cells
[2026-07-23 16:40:51] Calculate GDI dataframe: START
[2026-07-23 16:40:51] Using S
[2026-07-23 16:40:51] Calculating S: START
[2026-07-23 16:40:52] Calculating S: DONE
[2026-07-23 16:40:52] Calculate `GDI`: START
[2026-07-23 16:40:52] Effective number of cores used: 80
[2026-07-23 16:40:52] Effective number of cores used: 80
[2026-07-23 16:40:52] Executing 7 genes batches
[2026-07-23 16:40:54] Total calculations elapsed time: 1.63199949264526
[2026-07-23 16:40:54] Calculate `GDI`: DONE
[2026-07-23 16:40:55] Total calculations elapsed time: 3.93060207366943
[2026-07-23 16:40:55] Calculate GDI dataframe: DONE
[2026-07-23 16:40:55] Clean plots: START
[2026-07-23 16:40:55] Total calculations elapsed time: 0.0232031345367432
[2026-07-23 16:40:55] Clean plots: DONE
[2026-07-23 16:40:55] GDI plot
[2026-07-23 16:40:55] Removed 0 low GDI genes (such as the fully-expressed) in GDI plot
[2026-07-23 16:40:56] Cluster 13_14_15-merge_17-merge-merge, with size 628, is not uniform
[2026-07-23 16:40:56] Cluster 13_14_15-merge_17-merge-merge's shift to uniformity: 0.295956184074172
[2026-07-23 16:40:56] class = SimpleGDIUniformityCheck, check.isCheckAbove = FALSE, check.GDIThreshold = 1.37, check.maxRatioBeyond = 0.01, check.maxRankBeyond = 0, check.fractionBeyond = 0.0443954659949622, check.thresholdRank = 0, check.quantileAtRatio = 1.66595618407417, check.quantileAtRank = NaN, isUniform = FALSE, clusterSize = 628
[2026-07-23 16:40:57] Clusters 13 and 14_15-merge_17-merge cannot be merged
[2026-07-23 16:40:57] *[2026-07-23 16:40:57] 01_05-merge
[2026-07-23 16:40:57] Asked to drop 0 genes and 2802 cells
[2026-07-23 16:40:57] COTAN dataset analysis: START
[2026-07-23 16:40:57] Asked to drop 1446 genes and 0 cells
[2026-07-23 16:40:57] Genes/cells selection done: dropped [1446] genes and [0] cells
[2026-07-23 16:40:57] Working on [11401] genes and [1275] cells
[2026-07-23 16:40:58] Dataset cleaning elapsed time: 0.846272706985474
[2026-07-23 16:40:58] Estimate `dispersion`: START
[2026-07-23 16:40:58] Effective number of cores used: 80
[2026-07-23 16:40:58] Executing 12 genes batches
[2026-07-23 16:41:11] Total calculations elapsed time: 12.8808825016022
[2026-07-23 16:41:11] Estimate `dispersion`: DONE
[2026-07-23 16:41:11] While checking cluster uniformity Error: length(dispersion) not equal to getNumGenes(objCOTAN)

[2026-07-23 16:41:11] marking pair as not mergable
[2026-07-23 16:41:12] Clusters 01 and 05 cannot be merged
[2026-07-23 16:41:12] *[2026-07-23 16:41:12] 13_18_19-merge-merge
[2026-07-23 16:41:12] Asked to drop 0 genes and 3901 cells
[2026-07-23 16:41:12] COTAN dataset analysis: START
[2026-07-23 16:41:12] Asked to drop 6377 genes and 0 cells
[2026-07-23 16:41:12] Genes/cells selection done: dropped [6377] genes and [0] cells
[2026-07-23 16:41:12] Working on [6470] genes and [176] cells
[2026-07-23 16:41:13] Dataset cleaning elapsed time: 0.786334991455078
[2026-07-23 16:41:13] Estimate `dispersion`: START
[2026-07-23 16:41:13] Effective number of cores used: 80
[2026-07-23 16:41:13] Executing 7 genes batches
[2026-07-23 16:41:13] Parallel dispersion Newton-Raphson: used up to 6 iterations
[2026-07-23 16:41:13] Parallel dispersion Newton-Raphson: used up to 6 iterations
[2026-07-23 16:41:13] Parallel dispersion Newton-Raphson: used up to 6 iterations
[2026-07-23 16:41:13] Parallel dispersion Newton-Raphson: used up to 8 iterations
[2026-07-23 16:41:13] Parallel dispersion Newton-Raphson: used up to 7 iterations
[2026-07-23 16:41:13] Parallel dispersion Newton-Raphson: used up to 7 iterations
[2026-07-23 16:41:13] Parallel dispersion Newton-Raphson: used up to 7 iterations
[2026-07-23 16:41:16] Total calculations elapsed time: 3.8729293346405
[2026-07-23 16:41:16] Estimate `dispersion`: DONE
[2026-07-23 16:41:16] Estimate `dispersion`: DONE
[2026-07-23 16:41:16] `dispersion` | min: -0.199347304346606 | max: 262.238644709421 | % negative: 64.080370942813
[2026-07-23 16:41:17] Model parameter estimation elapsed time: 4.65968108177185
[2026-07-23 16:41:17] COTAN genes' COEX estimation: START
[2026-07-23 16:41:17] Effective number of cores used: 80
[2026-07-23 16:41:17] Calculate genes COEX (torch) on device cpu: START
[2026-07-23 16:41:17] Retrieving expected genes contingency table
[2026-07-23 16:41:17] Expected genes contingency table elapsed time: 0.0353708267211914
[2026-07-23 16:41:17] Calculating genes COEX normalization factor
[2026-07-23 16:41:18] Calculating genes COEX normalization factor elapsed time: 0.878362417221069
[2026-07-23 16:41:18] Retrieving observed genes yes/yes contingency table
[2026-07-23 16:41:18] Observed genes contingency table elapsed time: 0.0266704559326172
[2026-07-23 16:41:20] Calculate genes COEX elapsed time: 2.20792889595032
[2026-07-23 16:41:20] Total calculations elapsed time: 3.1483325958252
[2026-07-23 16:41:20] Calculate genes COEX (torch) on device cpu: DONE
[2026-07-23 16:41:21] Only genes' COEX elapsed time: 3.88801074028015
[2026-07-23 16:41:21] Dataset analysis elapsed time: 9.33402681350708
[2026-07-23 16:41:21] COTAN dataset analysis: DONE
[2026-07-23 16:41:22] Checking uniformity for the cluster '13_18_19-merge-merge' with 176 cells
[2026-07-23 16:41:22] Calculate GDI dataframe: START
[2026-07-23 16:41:22] Using S
[2026-07-23 16:41:22] Calculating S: START
[2026-07-23 16:41:23] Calculating S: DONE
[2026-07-23 16:41:23] Calculate `GDI`: START
[2026-07-23 16:41:23] Effective number of cores used: 80
[2026-07-23 16:41:23] Effective number of cores used: 80
[2026-07-23 16:41:23] Executing 7 genes batches
[2026-07-23 16:41:25] Total calculations elapsed time: 1.63108038902283
[2026-07-23 16:41:25] Calculate `GDI`: DONE
[2026-07-23 16:41:26] Total calculations elapsed time: 3.90773725509644
[2026-07-23 16:41:26] Calculate GDI dataframe: DONE
[2026-07-23 16:41:26] Clean plots: START
[2026-07-23 16:41:26] Total calculations elapsed time: 0.0257987976074219
[2026-07-23 16:41:26] Clean plots: DONE
[2026-07-23 16:41:26] GDI plot
[2026-07-23 16:41:26] Removed 0 low GDI genes (such as the fully-expressed) in GDI plot
[2026-07-23 16:41:27] Cluster 13_18_19-merge-merge, with size 176, is not uniform
[2026-07-23 16:41:27] Cluster 13_18_19-merge-merge's shift to uniformity: 0.47346458282198
[2026-07-23 16:41:27] class = SimpleGDIUniformityCheck, check.isCheckAbove = FALSE, check.GDIThreshold = 1.37, check.maxRatioBeyond = 0.01, check.maxRankBeyond = 0, check.fractionBeyond = 0.0947449768160742, check.thresholdRank = 0, check.quantileAtRatio = 1.84346458282198, check.quantileAtRank = NaN, isUniform = FALSE, clusterSize = 176
[2026-07-23 16:41:28] Clusters 13 and 18_19-merge cannot be merged
[2026-07-23 16:41:28] *[2026-07-23 16:41:28] -1_13-merge
[2026-07-23 16:41:28] Asked to drop 0 genes and 4003 cells
[2026-07-23 16:41:28] COTAN dataset analysis: START
[2026-07-23 16:41:28] Asked to drop 4482 genes and 0 cells
[2026-07-23 16:41:28] Genes/cells selection done: dropped [4482] genes and [0] cells
[2026-07-23 16:41:28] Working on [8365] genes and [74] cells
[2026-07-23 16:41:29] Dataset cleaning elapsed time: 0.789323091506958
[2026-07-23 16:41:29] Estimate `dispersion`: START
[2026-07-23 16:41:29] Effective number of cores used: 80
[2026-07-23 16:41:29] Executing 9 genes batches
[2026-07-23 16:41:29] Parallel dispersion Newton-Raphson: used up to 6 iterations
[2026-07-23 16:41:29] Parallel dispersion Newton-Raphson: used up to 6 iterations
[2026-07-23 16:41:29] Parallel dispersion Newton-Raphson: used up to 6 iterations
[2026-07-23 16:41:29] Parallel dispersion Newton-Raphson: used up to 6 iterations
[2026-07-23 16:41:30] Parallel dispersion Newton-Raphson: used up to 8 iterations
[2026-07-23 16:41:30] Parallel dispersion Newton-Raphson: used up to 6 iterations
[2026-07-23 16:41:30] Parallel dispersion Newton-Raphson: used up to 6 iterations
[2026-07-23 16:41:30] Parallel dispersion Newton-Raphson: used up to 6 iterations
[2026-07-23 16:41:30] Parallel dispersion Newton-Raphson: used up to 7 iterations
[2026-07-23 16:41:33] Total calculations elapsed time: 3.72746014595032
[2026-07-23 16:41:33] Estimate `dispersion`: DONE
[2026-07-23 16:41:33] Estimate `dispersion`: DONE
[2026-07-23 16:41:33] `dispersion` | min: -0.921182153801236 | max: 273.982581524565 | % negative: 69.4082486551106
[2026-07-23 16:41:33] Model parameter estimation elapsed time: 4.50073075294495
[2026-07-23 16:41:33] COTAN genes' COEX estimation: START
[2026-07-23 16:41:33] Effective number of cores used: 80
[2026-07-23 16:41:33] Calculate genes COEX (torch) on device cpu: START
[2026-07-23 16:41:33] Retrieving expected genes contingency table
[2026-07-23 16:41:33] Expected genes contingency table elapsed time: 0.0341179370880127
[2026-07-23 16:41:33] Calculating genes COEX normalization factor
[2026-07-23 16:41:34] Calculating genes COEX normalization factor elapsed time: 0.934992551803589
[2026-07-23 16:41:34] Retrieving observed genes yes/yes contingency table
[2026-07-23 16:41:34] Observed genes contingency table elapsed time: 0.035320520401001
[2026-07-23 16:41:38] Calculate genes COEX elapsed time: 3.33969974517822
[2026-07-23 16:41:38] Total calculations elapsed time: 4.34413075447083
[2026-07-23 16:41:38] Calculate genes COEX (torch) on device cpu: DONE
[2026-07-23 16:41:39] Only genes' COEX elapsed time: 5.16119956970215
[2026-07-23 16:41:39] Dataset analysis elapsed time: 10.4512534141541
[2026-07-23 16:41:39] COTAN dataset analysis: DONE
[2026-07-23 16:41:39] Checking uniformity for the cluster '-1_13-merge' with 74 cells
[2026-07-23 16:41:39] Calculate GDI dataframe: START
[2026-07-23 16:41:39] Using S
[2026-07-23 16:41:39] Calculating S: START
[2026-07-23 16:41:41] Calculating S: DONE
[2026-07-23 16:41:41] Calculate `GDI`: START
[2026-07-23 16:41:41] Effective number of cores used: 80
[2026-07-23 16:41:41] Effective number of cores used: 80
[2026-07-23 16:41:41] Executing 9 genes batches
[2026-07-23 16:41:43] Total calculations elapsed time: 2.3461287021637
[2026-07-23 16:41:43] Calculate `GDI`: DONE
[2026-07-23 16:41:45] Total calculations elapsed time: 5.52073740959167
[2026-07-23 16:41:45] Calculate GDI dataframe: DONE
[2026-07-23 16:41:45] Clean plots: START
[2026-07-23 16:41:45] Total calculations elapsed time: 0.0230226516723633
[2026-07-23 16:41:45] Clean plots: DONE
[2026-07-23 16:41:45] GDI plot
[2026-07-23 16:41:45] Removed 0 low GDI genes (such as the fully-expressed) in GDI plot
[2026-07-23 16:41:46] Cluster -1_13-merge, with size 74, is not uniform
[2026-07-23 16:41:46] Cluster -1_13-merge's shift to uniformity: 0.791410208938576
[2026-07-23 16:41:46] class = SimpleGDIUniformityCheck, check.isCheckAbove = FALSE, check.GDIThreshold = 1.37, check.maxRatioBeyond = 0.01, check.maxRankBeyond = 0, check.fractionBeyond = 0.142378959952182, check.thresholdRank = 0, check.quantileAtRatio = 2.16141020893858, check.quantileAtRank = NaN, isUniform = FALSE, clusterSize = 74
[2026-07-23 16:41:47] Clusters -1 and 13 cannot be merged
[2026-07-23 16:41:47] *[2026-07-23 16:41:47] 02_06-merge
[2026-07-23 16:41:47] Asked to drop 0 genes and 3830 cells
[2026-07-23 16:41:47] COTAN dataset analysis: START
[2026-07-23 16:41:47] Asked to drop 2683 genes and 0 cells
[2026-07-23 16:41:47] Genes/cells selection done: dropped [2683] genes and [0] cells
[2026-07-23 16:41:47] Working on [10164] genes and [247] cells
[2026-07-23 16:41:48] Dataset cleaning elapsed time: 0.864521026611328
[2026-07-23 16:41:48] Estimate `dispersion`: START
[2026-07-23 16:41:48] Effective number of cores used: 80
[2026-07-23 16:41:48] Executing 10 genes batches
[2026-07-23 16:41:48] Parallel dispersion Newton-Raphson: used up to 5 iterations
[2026-07-23 16:41:48] Parallel dispersion Newton-Raphson: used up to 6 iterations
[2026-07-23 16:41:48] Parallel dispersion Newton-Raphson: used up to 6 iterations
[2026-07-23 16:41:49] Parallel dispersion Newton-Raphson: used up to 6 iterations
[2026-07-23 16:41:49] Parallel dispersion Newton-Raphson: used up to 6 iterations
[2026-07-23 16:41:49] Parallel dispersion Newton-Raphson: used up to 5 iterations
[2026-07-23 16:41:49] Parallel dispersion Newton-Raphson: used up to 6 iterations
[2026-07-23 16:41:49] Parallel dispersion Newton-Raphson: used up to 6 iterations
[2026-07-23 16:41:49] Parallel dispersion Newton-Raphson: used up to 6 iterations
[2026-07-23 16:41:49] Parallel dispersion Newton-Raphson: used up to 6 iterations
[2026-07-23 16:41:52] Total calculations elapsed time: 4.26624298095703
[2026-07-23 16:41:52] Estimate `dispersion`: DONE
[2026-07-23 16:41:52] Estimate `dispersion`: DONE
[2026-07-23 16:41:52] `dispersion` | min: -0.253704406968985 | max: 236.004230266813 | % negative: 62.7312081857536
[2026-07-23 16:41:53] Model parameter estimation elapsed time: 5.0680525302887
[2026-07-23 16:41:53] COTAN genes' COEX estimation: START
[2026-07-23 16:41:53] Effective number of cores used: 80
[2026-07-23 16:41:53] Calculate genes COEX (torch) on device cpu: START
[2026-07-23 16:41:53] Retrieving expected genes contingency table
[2026-07-23 16:41:53] Expected genes contingency table elapsed time: 0.061582088470459
[2026-07-23 16:41:53] Calculating genes COEX normalization factor
[2026-07-23 16:41:54] Calculating genes COEX normalization factor elapsed time: 1.08958745002747
[2026-07-23 16:41:54] Retrieving observed genes yes/yes contingency table
[2026-07-23 16:41:54] Observed genes contingency table elapsed time: 0.0701959133148193
[2026-07-23 16:41:59] Calculate genes COEX elapsed time: 4.94143104553223
[2026-07-23 16:41:59] Total calculations elapsed time: 6.16279649734497
[2026-07-23 16:41:59] Calculate genes COEX (torch) on device cpu: DONE
[2026-07-23 16:42:00] Only genes' COEX elapsed time: 6.95487380027771
[2026-07-23 16:42:00] Dataset analysis elapsed time: 12.8874473571777
[2026-07-23 16:42:00] COTAN dataset analysis: DONE
[2026-07-23 16:42:01] Checking uniformity for the cluster '02_06-merge' with 247 cells
[2026-07-23 16:42:01] Calculate GDI dataframe: START
[2026-07-23 16:42:01] Using S
[2026-07-23 16:42:01] Calculating S: START
[2026-07-23 16:42:04] Calculating S: DONE
[2026-07-23 16:42:04] Calculate `GDI`: START
[2026-07-23 16:42:04] Effective number of cores used: 80
[2026-07-23 16:42:04] Effective number of cores used: 80
[2026-07-23 16:42:04] Executing 10 genes batches
[2026-07-23 16:42:06] Total calculations elapsed time: 2.57364225387573
[2026-07-23 16:42:06] Calculate `GDI`: DONE
[2026-07-23 16:42:07] Total calculations elapsed time: 6.61439442634583
[2026-07-23 16:42:07] Calculate GDI dataframe: DONE
[2026-07-23 16:42:07] Clean plots: START
[2026-07-23 16:42:07] Total calculations elapsed time: 0.0232224464416504
[2026-07-23 16:42:07] Clean plots: DONE
[2026-07-23 16:42:07] GDI plot
[2026-07-23 16:42:07] Removed 0 low GDI genes (such as the fully-expressed) in GDI plot
[2026-07-23 16:42:09] Cluster 02_06-merge, with size 247, is not uniform
[2026-07-23 16:42:09] Cluster 02_06-merge's shift to uniformity: 0.225508782972158
[2026-07-23 16:42:09] class = SimpleGDIUniformityCheck, check.isCheckAbove = FALSE, check.GDIThreshold = 1.37, check.maxRatioBeyond = 0.01, check.maxRankBeyond = 0, check.fractionBeyond = 0.0588351042896497, check.thresholdRank = 0, check.quantileAtRatio = 1.59550878297216, check.quantileAtRank = NaN, isUniform = FALSE, clusterSize = 247
[2026-07-23 16:42:10] Clusters 02 and 06 cannot be merged
[2026-07-23 16:42:10] *[2026-07-23 16:42:10] 02_05-merge
[2026-07-23 16:42:10] Asked to drop 0 genes and 3311 cells
[2026-07-23 16:42:10] COTAN dataset analysis: START
[2026-07-23 16:42:10] Asked to drop 1275 genes and 0 cells
[2026-07-23 16:42:10] Genes/cells selection done: dropped [1275] genes and [0] cells
[2026-07-23 16:42:10] Working on [11572] genes and [766] cells
[2026-07-23 16:42:11] Dataset cleaning elapsed time: 0.886784076690674
[2026-07-23 16:42:11] Estimate `dispersion`: START
[2026-07-23 16:42:11] Effective number of cores used: 80
[2026-07-23 16:42:11] Executing 12 genes batches
[2026-07-23 16:42:11] Parallel dispersion Newton-Raphson: used up to 6 iterations
[2026-07-23 16:42:11] Parallel dispersion Newton-Raphson: used up to 7 iterations
[2026-07-23 16:42:11] Parallel dispersion Newton-Raphson: used up to 6 iterations
[2026-07-23 16:42:12] Parallel dispersion Newton-Raphson: used up to 6 iterations
[2026-07-23 16:42:12] Parallel dispersion Newton-Raphson: used up to 6 iterations
[2026-07-23 16:42:12] Parallel dispersion Newton-Raphson: used up to 7 iterations
[2026-07-23 16:42:12] Parallel dispersion Newton-Raphson: used up to 5 iterations
[2026-07-23 16:42:12] Parallel dispersion Newton-Raphson: used up to 6 iterations
[2026-07-23 16:42:12] Parallel dispersion Newton-Raphson: used up to 6 iterations
[2026-07-23 16:42:12] Parallel dispersion Newton-Raphson: used up to 6 iterations
[2026-07-23 16:42:12] Parallel dispersion Newton-Raphson: used up to 5 iterations
[2026-07-23 16:42:13] Parallel dispersion Newton-Raphson: used up to 6 iterations
[2026-07-23 16:42:15] Total calculations elapsed time: 4.75884556770325
[2026-07-23 16:42:15] Estimate `dispersion`: DONE
[2026-07-23 16:42:15] Estimate `dispersion`: DONE
[2026-07-23 16:42:15] `dispersion` | min: -0.213059104717835 | max: 306.665480912104 | % negative: 54.8219840995506
[2026-07-23 16:42:16] Model parameter estimation elapsed time: 5.52252554893494
[2026-07-23 16:42:16] COTAN genes' COEX estimation: START
[2026-07-23 16:42:16] Effective number of cores used: 80
[2026-07-23 16:42:16] Calculate genes COEX (torch) on device cpu: START
[2026-07-23 16:42:16] Retrieving expected genes contingency table
[2026-07-23 16:42:16] Expected genes contingency table elapsed time: 0.145065546035767
[2026-07-23 16:42:16] Calculating genes COEX normalization factor
[2026-07-23 16:42:18] Calculating genes COEX normalization factor elapsed time: 1.17905712127686
[2026-07-23 16:42:18] Retrieving observed genes yes/yes contingency table
[2026-07-23 16:42:18] Observed genes contingency table elapsed time: 0.173787355422974
[2026-07-23 16:42:24] Calculate genes COEX elapsed time: 6.34001612663269
[2026-07-23 16:42:24] Total calculations elapsed time: 7.83792614936829
[2026-07-23 16:42:24] Calculate genes COEX (torch) on device cpu: DONE
[2026-07-23 16:42:25] Only genes' COEX elapsed time: 8.57687854766846
[2026-07-23 16:42:25] Dataset analysis elapsed time: 14.9861881732941
[2026-07-23 16:42:25] COTAN dataset analysis: DONE
[2026-07-23 16:42:26] Checking uniformity for the cluster '02_05-merge' with 766 cells
[2026-07-23 16:42:26] Calculate GDI dataframe: START
[2026-07-23 16:42:26] Using S
[2026-07-23 16:42:26] Calculating S: START
[2026-07-23 16:42:30] Calculating S: DONE
[2026-07-23 16:42:30] Calculate `GDI`: START
[2026-07-23 16:42:30] Effective number of cores used: 80
[2026-07-23 16:42:30] Effective number of cores used: 80
[2026-07-23 16:42:30] Executing 12 genes batches
[2026-07-23 16:42:33] Total calculations elapsed time: 3.09897875785828
[2026-07-23 16:42:33] Calculate `GDI`: DONE
[2026-07-23 16:42:35] Total calculations elapsed time: 9.10186290740967
[2026-07-23 16:42:35] Calculate GDI dataframe: DONE
[2026-07-23 16:42:35] Clean plots: START
[2026-07-23 16:42:35] Total calculations elapsed time: 0.023867130279541
[2026-07-23 16:42:35] Clean plots: DONE
[2026-07-23 16:42:35] GDI plot
[2026-07-23 16:42:35] Removed 0 low GDI genes (such as the fully-expressed) in GDI plot
[2026-07-23 16:42:36] Cluster 02_05-merge, with size 766, is not uniform
[2026-07-23 16:42:36] Cluster 02_05-merge's shift to uniformity: 0.00991496885818499
[2026-07-23 16:42:36] class = SimpleGDIUniformityCheck, check.isCheckAbove = FALSE, check.GDIThreshold = 1.37, check.maxRatioBeyond = 0.01, check.maxRankBeyond = 0, check.fractionBeyond = 0.0120117525060491, check.thresholdRank = 0, check.quantileAtRatio = 1.37991496885819, check.quantileAtRank = NaN, isUniform = FALSE, clusterSize = 766
[2026-07-23 16:42:37] Clusters 02 and 05 cannot be merged
[2026-07-23 16:42:37] *[2026-07-23 16:42:37] 02_03_04-merge-merge
[2026-07-23 16:42:37] Asked to drop 0 genes and 3443 cells
[2026-07-23 16:42:37] COTAN dataset analysis: START
[2026-07-23 16:42:37] Asked to drop 2086 genes and 0 cells
[2026-07-23 16:42:37] Genes/cells selection done: dropped [2086] genes and [0] cells
[2026-07-23 16:42:37] Working on [10761] genes and [634] cells
[2026-07-23 16:42:38] Dataset cleaning elapsed time: 0.875905990600586
[2026-07-23 16:42:38] Estimate `dispersion`: START
[2026-07-23 16:42:38] Effective number of cores used: 80
[2026-07-23 16:42:38] Executing 11 genes batches
[2026-07-23 16:42:38] Parallel dispersion Newton-Raphson: used up to 6 iterations
[2026-07-23 16:42:38] Parallel dispersion Newton-Raphson: used up to 6 iterations
[2026-07-23 16:42:39] Parallel dispersion Newton-Raphson: used up to 6 iterations
[2026-07-23 16:42:39] Parallel dispersion Newton-Raphson: used up to 6 iterations
[2026-07-23 16:42:39] Parallel dispersion Newton-Raphson: used up to 7 iterations
[2026-07-23 16:42:39] Parallel dispersion Newton-Raphson: used up to 5 iterations
[2026-07-23 16:42:39] Parallel dispersion Newton-Raphson: used up to 6 iterations
[2026-07-23 16:42:39] Parallel dispersion Newton-Raphson: used up to 6 iterations
[2026-07-23 16:42:39] Parallel dispersion Newton-Raphson: used up to 6 iterations
[2026-07-23 16:42:39] Parallel dispersion Newton-Raphson: used up to 6 iterations
[2026-07-23 16:42:40] Parallel dispersion Newton-Raphson: used up to 7 iterations
[2026-07-23 16:42:43] Total calculations elapsed time: 4.61821818351746
[2026-07-23 16:42:43] Estimate `dispersion`: DONE
[2026-07-23 16:42:43] Estimate `dispersion`: DONE
[2026-07-23 16:42:43] `dispersion` | min: -0.183198793281195 | max: 446.688555029364 | % negative: 58.1823250627265
[2026-07-23 16:42:43] Model parameter estimation elapsed time: 5.4063880443573
[2026-07-23 16:42:43] COTAN genes' COEX estimation: START
[2026-07-23 16:42:43] Effective number of cores used: 80
[2026-07-23 16:42:43] Calculate genes COEX (torch) on device cpu: START
[2026-07-23 16:42:43] Retrieving expected genes contingency table
[2026-07-23 16:42:43] Expected genes contingency table elapsed time: 0.119025468826294
[2026-07-23 16:42:43] Calculating genes COEX normalization factor
[2026-07-23 16:42:45] Calculating genes COEX normalization factor elapsed time: 1.29037928581238
[2026-07-23 16:42:45] Retrieving observed genes yes/yes contingency table
[2026-07-23 16:42:45] Observed genes contingency table elapsed time: 0.184234142303467
[2026-07-23 16:42:50] Calculate genes COEX elapsed time: 5.39355087280273
[2026-07-23 16:42:50] Total calculations elapsed time: 6.98718976974487
[2026-07-23 16:42:50] Calculate genes COEX (torch) on device cpu: DONE
[2026-07-23 16:42:51] Only genes' COEX elapsed time: 7.78109288215637
[2026-07-23 16:42:51] Dataset analysis elapsed time: 14.0633869171143
[2026-07-23 16:42:51] COTAN dataset analysis: DONE
[2026-07-23 16:42:52] Checking uniformity for the cluster '02_03_04-merge-merge' with 634 cells
[2026-07-23 16:42:52] Calculate GDI dataframe: START
[2026-07-23 16:42:52] Using S
[2026-07-23 16:42:52] Calculating S: START
[2026-07-23 16:42:55] Calculating S: DONE
[2026-07-23 16:42:55] Calculate `GDI`: START
[2026-07-23 16:42:55] Effective number of cores used: 80
[2026-07-23 16:42:55] Effective number of cores used: 80
[2026-07-23 16:42:55] Executing 11 genes batches
[2026-07-23 16:42:58] Total calculations elapsed time: 2.77884030342102
[2026-07-23 16:42:58] Calculate `GDI`: DONE
[2026-07-23 16:42:59] Total calculations elapsed time: 7.21658897399902
[2026-07-23 16:42:59] Calculate GDI dataframe: DONE
[2026-07-23 16:42:59] Clean plots: START
[2026-07-23 16:42:59] Total calculations elapsed time: 0.0228791236877441
[2026-07-23 16:42:59] Clean plots: DONE
[2026-07-23 16:42:59] GDI plot
[2026-07-23 16:42:59] Removed 0 low GDI genes (such as the fully-expressed) in GDI plot
[2026-07-23 16:43:01] Cluster 02_03_04-merge-merge, with size 634, is uniform
[2026-07-23 16:43:01] Cluster 02_03_04-merge-merge's shift to uniformity: -0.00700572968193169
[2026-07-23 16:43:01] class = SimpleGDIUniformityCheck, check.isCheckAbove = FALSE, check.GDIThreshold = 1.37, check.maxRatioBeyond = 0.01, check.maxRankBeyond = 0, check.fractionBeyond = 0.00938574481925472, check.thresholdRank = 0, check.quantileAtRatio = 1.36299427031807, check.quantileAtRank = NaN, isUniform = TRUE, clusterSize = 634
[2026-07-23 16:43:02] Clusters 02 and 03_04-merge can be merged
[2026-07-23 16:43:02] *[2026-07-23 16:43:02] 14_15-merge_17-merge_18_19-merge-merge
[2026-07-23 16:43:02] Asked to drop 0 genes and 3379 cells
[2026-07-23 16:43:02] COTAN dataset analysis: START
[2026-07-23 16:43:02] Asked to drop 5879 genes and 0 cells
[2026-07-23 16:43:02] Genes/cells selection done: dropped [5879] genes and [0] cells
[2026-07-23 16:43:02] Working on [6968] genes and [698] cells
[2026-07-23 16:43:02] Dataset cleaning elapsed time: 0.80436110496521
[2026-07-23 16:43:02] Estimate `dispersion`: START
[2026-07-23 16:43:02] Effective number of cores used: 80
[2026-07-23 16:43:02] Executing 7 genes batches
[2026-07-23 16:43:03] Parallel dispersion Newton-Raphson: used up to 7 iterations
[2026-07-23 16:43:03] Parallel dispersion Newton-Raphson: used up to 6 iterations
[2026-07-23 16:43:03] Parallel dispersion Newton-Raphson: used up to 6 iterations
[2026-07-23 16:43:03] Parallel dispersion Newton-Raphson: used up to 7 iterations
[2026-07-23 16:43:03] Parallel dispersion Newton-Raphson: used up to 10 iterations
[2026-07-23 16:43:03] Parallel dispersion Newton-Raphson: used up to 7 iterations
[2026-07-23 16:43:04] Parallel dispersion Newton-Raphson: used up to 6 iterations
[2026-07-23 16:43:06] Total calculations elapsed time: 3.93289589881897
[2026-07-23 16:43:06] Estimate `dispersion`: DONE
[2026-07-23 16:43:06] Estimate `dispersion`: DONE
[2026-07-23 16:43:06] `dispersion` | min: -0.171678864859345 | max: 576.539083128291 | % negative: 63.2175660160735
[2026-07-23 16:43:07] Model parameter estimation elapsed time: 4.66987228393555
[2026-07-23 16:43:07] COTAN genes' COEX estimation: START
[2026-07-23 16:43:07] Effective number of cores used: 80
[2026-07-23 16:43:07] Calculate genes COEX (torch) on device cpu: START
[2026-07-23 16:43:07] Retrieving expected genes contingency table
[2026-07-23 16:43:07] Expected genes contingency table elapsed time: 0.068638801574707
[2026-07-23 16:43:07] Calculating genes COEX normalization factor
[2026-07-23 16:43:08] Calculating genes COEX normalization factor elapsed time: 0.883427858352661
[2026-07-23 16:43:08] Retrieving observed genes yes/yes contingency table
[2026-07-23 16:43:08] Observed genes contingency table elapsed time: 0.0959310531616211
[2026-07-23 16:43:10] Calculate genes COEX elapsed time: 2.40401744842529
[2026-07-23 16:43:10] Total calculations elapsed time: 3.45201516151428
[2026-07-23 16:43:10] Calculate genes COEX (torch) on device cpu: DONE
[2026-07-23 16:43:11] Only genes' COEX elapsed time: 4.30149817466736
[2026-07-23 16:43:11] Dataset analysis elapsed time: 9.77573156356812
[2026-07-23 16:43:11] COTAN dataset analysis: DONE
[2026-07-23 16:43:12] Checking uniformity for the cluster '14_15-merge_17-merge_18_19-merge-merge' with 698 cells
[2026-07-23 16:43:12] Calculate GDI dataframe: START
[2026-07-23 16:43:12] Using S
[2026-07-23 16:43:12] Calculating S: START
[2026-07-23 16:43:13] Calculating S: DONE
[2026-07-23 16:43:13] Calculate `GDI`: START
[2026-07-23 16:43:13] Effective number of cores used: 80
[2026-07-23 16:43:13] Effective number of cores used: 80
[2026-07-23 16:43:13] Executing 7 genes batches
[2026-07-23 16:43:15] Total calculations elapsed time: 1.85132789611816
[2026-07-23 16:43:15] Calculate `GDI`: DONE
[2026-07-23 16:43:16] Total calculations elapsed time: 4.19175839424133
[2026-07-23 16:43:16] Calculate GDI dataframe: DONE
[2026-07-23 16:43:16] Clean plots: START
[2026-07-23 16:43:16] Total calculations elapsed time: 0.0299928188323975
[2026-07-23 16:43:16] Clean plots: DONE
[2026-07-23 16:43:16] GDI plot
[2026-07-23 16:43:16] Removed 0 low GDI genes (such as the fully-expressed) in GDI plot
[2026-07-23 16:43:18] Cluster 14_15-merge_17-merge_18_19-merge-merge, with size 698, is not uniform
[2026-07-23 16:43:18] Cluster 14_15-merge_17-merge_18_19-merge-merge's shift to uniformity: 0.952457834409878
[2026-07-23 16:43:18] class = SimpleGDIUniformityCheck, check.isCheckAbove = FALSE, check.GDIThreshold = 1.37, check.maxRatioBeyond = 0.01, check.maxRankBeyond = 0, check.fractionBeyond = 0.0908438576349024, check.thresholdRank = 0, check.quantileAtRatio = 2.32245783440988, check.quantileAtRank = NaN, isUniform = FALSE, clusterSize = 698
[2026-07-23 16:43:19] Clusters 14_15-merge_17-merge and 18_19-merge cannot be merged
[2026-07-23 16:43:19] Clusters 02 and 03_04-merge will be merged
[2026-07-23 16:43:19] Executed 1 merges
[2026-07-23 16:43:19] Loop calculations elapsed time: 181.063789129257
[2026-07-23 16:43:19] Start merging nearest clusters: iteration 5
[2026-07-23 16:43:19] Differential Expression Analysis - START
[2026-07-23 16:43:21] *[2026-07-23 16:43:21]  DEA on cluster '-1' with 21 cells
[2026-07-23 16:43:21] *[2026-07-23 16:43:21]  DEA on cluster '01' with 703 cells
[2026-07-23 16:43:21] *[2026-07-23 16:43:21]  DEA on cluster '02_03_04-merge-merge' with 634 cells
[2026-07-23 16:43:21] *[2026-07-23 16:43:21]  DEA on cluster '05' with 572 cells
[2026-07-23 16:43:21] *[2026-07-23 16:43:21]  DEA on cluster '06' with 53 cells
[2026-07-23 16:43:21] *[2026-07-23 16:43:21]  DEA on cluster '07' with 223 cells
[2026-07-23 16:43:21] *[2026-07-23 16:43:21]  DEA on cluster '08' with 329 cells
[2026-07-23 16:43:21] *[2026-07-23 16:43:21]  DEA on cluster '09' with 269 cells
[2026-07-23 16:43:21] *[2026-07-23 16:43:21]  DEA on cluster '10' with 51 cells
[2026-07-23 16:43:21] *[2026-07-23 16:43:21]  DEA on cluster '11_12-merge' with 279 cells
[2026-07-23 16:43:21] *[2026-07-23 16:43:21]  DEA on cluster '13' with 53 cells
[2026-07-23 16:43:21] *[2026-07-23 16:43:21]  DEA on cluster '14_15-merge_17-merge' with 575 cells
[2026-07-23 16:43:21] *[2026-07-23 16:43:21]  DEA on cluster '16' with 192 cells
[2026-07-23 16:43:21] *[2026-07-23 16:43:21]  DEA on cluster '18_19-merge' with 123 cells
[2026-07-23 16:43:21] 
[2026-07-23 16:43:21] Total calculations elapsed time: 2.56853318214417
[2026-07-23 16:43:21] Differential Expression Analysis - DONE
[2026-07-23 16:43:23] Updating check results for the 34 already tested pairs to align to new checker
[2026-07-23 16:43:23] 9 new clusters pairs to be tested for merging:
c("02_03_04-merge-merge", "05") c("02_03_04-merge-merge", "06") c("01", "05") c("01", "02_03_04-merge-merge") c("16", "18_19-merge") c("11_12-merge", "14_15-merge_17-merge") c("-1", "16") c("14_15-merge_17-merge", "16") c("13", "16")
[2026-07-23 16:43:23] *[2026-07-23 16:43:23] 02_03_04-merge-merge_05-merge
[2026-07-23 16:43:23] Asked to drop 0 genes and 2871 cells
[2026-07-23 16:43:23] COTAN dataset analysis: START
[2026-07-23 16:43:23] Asked to drop 1342 genes and 0 cells
[2026-07-23 16:43:23] Genes/cells selection done: dropped [1342] genes and [0] cells
[2026-07-23 16:43:23] Working on [11505] genes and [1206] cells
[2026-07-23 16:43:23] Dataset cleaning elapsed time: 0.774881601333618
[2026-07-23 16:43:23] Estimate `dispersion`: START
[2026-07-23 16:43:23] Effective number of cores used: 80
[2026-07-23 16:43:23] Executing 12 genes batches
[2026-07-23 16:43:36] Total calculations elapsed time: 12.7750897407532
[2026-07-23 16:43:36] Estimate `dispersion`: DONE
[2026-07-23 16:43:36] While checking cluster uniformity Error: length(dispersion) not equal to getNumGenes(objCOTAN)

[2026-07-23 16:43:36] marking pair as not mergable
[2026-07-23 16:43:37] Clusters 02_03_04-merge-merge and 05 cannot be merged
[2026-07-23 16:43:37] *[2026-07-23 16:43:37] 02_03_04-merge-merge_06-merge
[2026-07-23 16:43:37] Asked to drop 0 genes and 3390 cells
[2026-07-23 16:43:37] COTAN dataset analysis: START
[2026-07-23 16:43:37] Asked to drop 1443 genes and 0 cells
[2026-07-23 16:43:37] Genes/cells selection done: dropped [1443] genes and [0] cells
[2026-07-23 16:43:37] Working on [11404] genes and [687] cells
[2026-07-23 16:43:38] Dataset cleaning elapsed time: 0.760094881057739
[2026-07-23 16:43:38] Estimate `dispersion`: START
[2026-07-23 16:43:38] Effective number of cores used: 80
[2026-07-23 16:43:38] Executing 12 genes batches
[2026-07-23 16:43:38] Parallel dispersion Newton-Raphson: used up to 5 iterations
[2026-07-23 16:43:38] Parallel dispersion Newton-Raphson: used up to 6 iterations
[2026-07-23 16:43:38] Parallel dispersion Newton-Raphson: used up to 6 iterations
[2026-07-23 16:43:39] Parallel dispersion Newton-Raphson: used up to 6 iterations
[2026-07-23 16:43:39] Parallel dispersion Newton-Raphson: used up to 6 iterations
[2026-07-23 16:43:39] Parallel dispersion Newton-Raphson: used up to 6 iterations
[2026-07-23 16:43:39] Parallel dispersion Newton-Raphson: used up to 5 iterations
[2026-07-23 16:43:39] Parallel dispersion Newton-Raphson: used up to 6 iterations
[2026-07-23 16:43:39] Parallel dispersion Newton-Raphson: used up to 6 iterations
[2026-07-23 16:43:39] Parallel dispersion Newton-Raphson: used up to 6 iterations
[2026-07-23 16:43:39] Parallel dispersion Newton-Raphson: used up to 6 iterations
[2026-07-23 16:43:40] Parallel dispersion Newton-Raphson: used up to 7 iterations
[2026-07-23 16:43:42] Total calculations elapsed time: 4.59854173660278
[2026-07-23 16:43:42] Estimate `dispersion`: DONE
[2026-07-23 16:43:42] Estimate `dispersion`: DONE
[2026-07-23 16:43:42] `dispersion` | min: -0.207116072964651 | max: 360.551481278557 | % negative: 54.9456331111891
[2026-07-23 16:43:43] Model parameter estimation elapsed time: 5.33726477622986
[2026-07-23 16:43:43] COTAN genes' COEX estimation: START
[2026-07-23 16:43:43] Effective number of cores used: 80
[2026-07-23 16:43:43] Calculate genes COEX (torch) on device cpu: START
[2026-07-23 16:43:43] Retrieving expected genes contingency table
[2026-07-23 16:43:43] Expected genes contingency table elapsed time: 0.131707668304443
[2026-07-23 16:43:43] Calculating genes COEX normalization factor
[2026-07-23 16:43:44] Calculating genes COEX normalization factor elapsed time: 1.14412641525269
[2026-07-23 16:43:44] Retrieving observed genes yes/yes contingency table
[2026-07-23 16:43:45] Observed genes contingency table elapsed time: 0.160988807678223
[2026-07-23 16:43:51] Calculate genes COEX elapsed time: 5.98830246925354
[2026-07-23 16:43:51] Total calculations elapsed time: 7.42512536048889
[2026-07-23 16:43:51] Calculate genes COEX (torch) on device cpu: DONE
[2026-07-23 16:43:51] Only genes' COEX elapsed time: 8.16606831550598
[2026-07-23 16:43:51] Dataset analysis elapsed time: 14.2634279727936
[2026-07-23 16:43:51] COTAN dataset analysis: DONE
[2026-07-23 16:43:52] Checking uniformity for the cluster '02_03_04-merge-merge_06-merge' with 687 cells
[2026-07-23 16:43:52] Calculate GDI dataframe: START
[2026-07-23 16:43:52] Using S
[2026-07-23 16:43:52] Calculating S: START
[2026-07-23 16:43:56] Calculating S: DONE
[2026-07-23 16:43:56] Calculate `GDI`: START
[2026-07-23 16:43:56] Effective number of cores used: 80
[2026-07-23 16:43:56] Effective number of cores used: 80
[2026-07-23 16:43:56] Executing 12 genes batches
[2026-07-23 16:43:59] Total calculations elapsed time: 2.96122646331787
[2026-07-23 16:43:59] Calculate `GDI`: DONE
[2026-07-23 16:44:00] Total calculations elapsed time: 7.76476907730103
[2026-07-23 16:44:00] Calculate GDI dataframe: DONE
[2026-07-23 16:44:00] Clean plots: START
[2026-07-23 16:44:00] Total calculations elapsed time: 0.0235838890075684
[2026-07-23 16:44:00] Clean plots: DONE
[2026-07-23 16:44:00] GDI plot
[2026-07-23 16:44:00] Removed 0 low GDI genes (such as the fully-expressed) in GDI plot
[2026-07-23 16:44:01] Cluster 02_03_04-merge-merge_06-merge, with size 687, is not uniform
[2026-07-23 16:44:01] Cluster 02_03_04-merge-merge_06-merge's shift to uniformity: 0.244528251863034
[2026-07-23 16:44:01] class = SimpleGDIUniformityCheck, check.isCheckAbove = FALSE, check.GDIThreshold = 1.37, check.maxRatioBeyond = 0.01, check.maxRankBeyond = 0, check.fractionBeyond = 0.0710277095755875, check.thresholdRank = 0, check.quantileAtRatio = 1.61452825186303, check.quantileAtRank = NaN, isUniform = FALSE, clusterSize = 687
[2026-07-23 16:44:02] Clusters 02_03_04-merge-merge and 06 cannot be merged
[2026-07-23 16:44:02] *[2026-07-23 16:44:02] 01_05-merge
[2026-07-23 16:44:02] Asked to drop 0 genes and 2802 cells
[2026-07-23 16:44:02] COTAN dataset analysis: START
[2026-07-23 16:44:02] Asked to drop 1446 genes and 0 cells
[2026-07-23 16:44:02] Genes/cells selection done: dropped [1446] genes and [0] cells
[2026-07-23 16:44:02] Working on [11401] genes and [1275] cells
[2026-07-23 16:44:03] Dataset cleaning elapsed time: 0.788455009460449
[2026-07-23 16:44:03] Estimate `dispersion`: START
[2026-07-23 16:44:03] Effective number of cores used: 80
[2026-07-23 16:44:03] Executing 12 genes batches
[2026-07-23 16:44:16] Total calculations elapsed time: 12.8010530471802
[2026-07-23 16:44:16] Estimate `dispersion`: DONE
[2026-07-23 16:44:16] While checking cluster uniformity Error: length(dispersion) not equal to getNumGenes(objCOTAN)

[2026-07-23 16:44:16] marking pair as not mergable
[2026-07-23 16:44:16] Clusters 01 and 05 cannot be merged
[2026-07-23 16:44:16] *[2026-07-23 16:44:16] 01_02_03_04-merge-merge-merge
[2026-07-23 16:44:16] Asked to drop 0 genes and 2740 cells
[2026-07-23 16:44:16] COTAN dataset analysis: START
[2026-07-23 16:44:16] Asked to drop 1414 genes and 0 cells
[2026-07-23 16:44:16] Genes/cells selection done: dropped [1414] genes and [0] cells
[2026-07-23 16:44:16] Working on [11433] genes and [1337] cells
[2026-07-23 16:44:17] Dataset cleaning elapsed time: 0.78631067276001
[2026-07-23 16:44:17] Estimate `dispersion`: START
[2026-07-23 16:44:17] Effective number of cores used: 80
[2026-07-23 16:44:17] Executing 12 genes batches
[2026-07-23 16:44:30] Total calculations elapsed time: 12.7926204204559
[2026-07-23 16:44:30] Estimate `dispersion`: DONE
[2026-07-23 16:44:30] While checking cluster uniformity Error: length(dispersion) not equal to getNumGenes(objCOTAN)

[2026-07-23 16:44:30] marking pair as not mergable
[2026-07-23 16:44:31] Clusters 01 and 02_03_04-merge-merge cannot be merged
[2026-07-23 16:44:31] *[2026-07-23 16:44:31] 16_18_19-merge-merge
[2026-07-23 16:44:31] Asked to drop 0 genes and 3762 cells
[2026-07-23 16:44:31] COTAN dataset analysis: START
[2026-07-23 16:44:31] Asked to drop 7095 genes and 0 cells
[2026-07-23 16:44:31] Genes/cells selection done: dropped [7095] genes and [0] cells
[2026-07-23 16:44:31] Working on [5752] genes and [315] cells
[2026-07-23 16:44:32] Dataset cleaning elapsed time: 0.851205587387085
[2026-07-23 16:44:32] Estimate `dispersion`: START
[2026-07-23 16:44:32] Effective number of cores used: 80
[2026-07-23 16:44:32] Executing 6 genes batches
[2026-07-23 16:44:32] Parallel dispersion Newton-Raphson: used up to 7 iterations
[2026-07-23 16:44:32] Parallel dispersion Newton-Raphson: used up to 6 iterations
[2026-07-23 16:44:32] Parallel dispersion Newton-Raphson: used up to 6 iterations
[2026-07-23 16:44:32] Parallel dispersion Newton-Raphson: used up to 7 iterations
[2026-07-23 16:44:32] Parallel dispersion Newton-Raphson: used up to 7 iterations
[2026-07-23 16:44:33] Parallel dispersion Newton-Raphson: used up to 7 iterations
[2026-07-23 16:44:35] Total calculations elapsed time: 3.71313381195068
[2026-07-23 16:44:35] Estimate `dispersion`: DONE
[2026-07-23 16:44:35] Estimate `dispersion`: DONE
[2026-07-23 16:44:35] `dispersion` | min: -0.188956809013235 | max: 311.638592893833 | % negative: 68.2197496522949
[2026-07-23 16:44:36] Model parameter estimation elapsed time: 4.5046751499176
[2026-07-23 16:44:36] COTAN genes' COEX estimation: START
[2026-07-23 16:44:36] Effective number of cores used: 80
[2026-07-23 16:44:36] Calculate genes COEX (torch) on device cpu: START
[2026-07-23 16:44:36] Retrieving expected genes contingency table
[2026-07-23 16:44:36] Expected genes contingency table elapsed time: 0.0367488861083984
[2026-07-23 16:44:36] Calculating genes COEX normalization factor
[2026-07-23 16:44:37] Calculating genes COEX normalization factor elapsed time: 0.842523813247681
[2026-07-23 16:44:37] Retrieving observed genes yes/yes contingency table
[2026-07-23 16:44:37] Observed genes contingency table elapsed time: 0.0359759330749512
[2026-07-23 16:44:39] Calculate genes COEX elapsed time: 1.81716442108154
[2026-07-23 16:44:39] Total calculations elapsed time: 2.73241305351257
[2026-07-23 16:44:39] Calculate genes COEX (torch) on device cpu: DONE
[2026-07-23 16:44:40] Only genes' COEX elapsed time: 3.46967267990112
[2026-07-23 16:44:40] Dataset analysis elapsed time: 8.82555341720581
[2026-07-23 16:44:40] COTAN dataset analysis: DONE
[2026-07-23 16:44:40] Checking uniformity for the cluster '16_18_19-merge-merge' with 315 cells
[2026-07-23 16:44:40] Calculate GDI dataframe: START
[2026-07-23 16:44:40] Using S
[2026-07-23 16:44:40] Calculating S: START
[2026-07-23 16:44:41] Calculating S: DONE
[2026-07-23 16:44:41] Calculate `GDI`: START
[2026-07-23 16:44:41] Effective number of cores used: 80
[2026-07-23 16:44:41] Effective number of cores used: 80
[2026-07-23 16:44:41] Executing 6 genes batches
[2026-07-23 16:44:43] Total calculations elapsed time: 1.42497634887695
[2026-07-23 16:44:43] Calculate `GDI`: DONE
[2026-07-23 16:44:44] Total calculations elapsed time: 3.4691104888916
[2026-07-23 16:44:44] Calculate GDI dataframe: DONE
[2026-07-23 16:44:44] Clean plots: START
[2026-07-23 16:44:44] Total calculations elapsed time: 0.0237600803375244
[2026-07-23 16:44:44] Clean plots: DONE
[2026-07-23 16:44:44] GDI plot
[2026-07-23 16:44:44] Removed 0 low GDI genes (such as the fully-expressed) in GDI plot
[2026-07-23 16:44:45] Cluster 16_18_19-merge-merge, with size 315, is not uniform
[2026-07-23 16:44:45] Cluster 16_18_19-merge-merge's shift to uniformity: 0.661382382776429
[2026-07-23 16:44:45] class = SimpleGDIUniformityCheck, check.isCheckAbove = FALSE, check.GDIThreshold = 1.37, check.maxRatioBeyond = 0.01, check.maxRankBeyond = 0, check.fractionBeyond = 0.0959666203059805, check.thresholdRank = 0, check.quantileAtRatio = 2.03138238277643, check.quantileAtRank = NaN, isUniform = FALSE, clusterSize = 315
[2026-07-23 16:44:46] Clusters 16 and 18_19-merge cannot be merged
[2026-07-23 16:44:46] *[2026-07-23 16:44:46] 11_12-merge_14_15-merge_17-merge-merge
[2026-07-23 16:44:46] Asked to drop 0 genes and 3223 cells
[2026-07-23 16:44:46] COTAN dataset analysis: START
[2026-07-23 16:44:46] Asked to drop 7090 genes and 0 cells
[2026-07-23 16:44:46] Genes/cells selection done: dropped [7090] genes and [0] cells
[2026-07-23 16:44:46] Working on [5757] genes and [854] cells
[2026-07-23 16:44:47] Dataset cleaning elapsed time: 0.812517404556274
[2026-07-23 16:44:47] Estimate `dispersion`: START
[2026-07-23 16:44:47] Effective number of cores used: 80
[2026-07-23 16:44:47] Executing 6 genes batches
[2026-07-23 16:44:48] Parallel dispersion Newton-Raphson: used up to 6 iterations
[2026-07-23 16:44:48] Parallel dispersion Newton-Raphson: used up to 6 iterations
[2026-07-23 16:44:48] Parallel dispersion Newton-Raphson: used up to 10 iterations
[2026-07-23 16:44:48] Parallel dispersion Newton-Raphson: used up to 6 iterations
[2026-07-23 16:44:48] Parallel dispersion Newton-Raphson: used up to 6 iterations
[2026-07-23 16:44:48] Parallel dispersion Newton-Raphson: used up to 6 iterations
[2026-07-23 16:44:51] Total calculations elapsed time: 3.5874125957489
[2026-07-23 16:44:51] Estimate `dispersion`: DONE
[2026-07-23 16:44:51] Estimate `dispersion`: DONE
[2026-07-23 16:44:51] `dispersion` | min: -0.0952040479435678 | max: 595.566234304635 | % negative: 63.904811533785
[2026-07-23 16:44:51] Model parameter estimation elapsed time: 4.41057252883911
[2026-07-23 16:44:51] COTAN genes' COEX estimation: START
[2026-07-23 16:44:51] Effective number of cores used: 80
[2026-07-23 16:44:51] Calculate genes COEX (torch) on device cpu: START
[2026-07-23 16:44:51] Retrieving expected genes contingency table
[2026-07-23 16:44:52] Expected genes contingency table elapsed time: 0.0689435005187988
[2026-07-23 16:44:52] Calculating genes COEX normalization factor
[2026-07-23 16:44:52] Calculating genes COEX normalization factor elapsed time: 0.85955548286438
[2026-07-23 16:44:52] Retrieving observed genes yes/yes contingency table
[2026-07-23 16:44:52] Observed genes contingency table elapsed time: 0.0731730461120605
[2026-07-23 16:44:54] Calculate genes COEX elapsed time: 1.87328100204468
[2026-07-23 16:44:54] Total calculations elapsed time: 2.87495303153992
[2026-07-23 16:44:54] Calculate genes COEX (torch) on device cpu: DONE
[2026-07-23 16:44:55] Only genes' COEX elapsed time: 3.6306676864624
[2026-07-23 16:44:55] Dataset analysis elapsed time: 8.85375761985779
[2026-07-23 16:44:55] COTAN dataset analysis: DONE
[2026-07-23 16:44:56] Checking uniformity for the cluster '11_12-merge_14_15-merge_17-merge-merge' with 854 cells
[2026-07-23 16:44:56] Calculate GDI dataframe: START
[2026-07-23 16:44:56] Using S
[2026-07-23 16:44:56] Calculating S: START
[2026-07-23 16:44:57] Calculating S: DONE
[2026-07-23 16:44:57] Calculate `GDI`: START
[2026-07-23 16:44:57] Effective number of cores used: 80
[2026-07-23 16:44:57] Effective number of cores used: 80
[2026-07-23 16:44:57] Executing 6 genes batches
[2026-07-23 16:44:58] Total calculations elapsed time: 1.39656448364258
[2026-07-23 16:44:58] Calculate `GDI`: DONE
[2026-07-23 16:44:59] Total calculations elapsed time: 3.5123507976532
[2026-07-23 16:44:59] Calculate GDI dataframe: DONE
[2026-07-23 16:44:59] Clean plots: START
[2026-07-23 16:44:59] Total calculations elapsed time: 0.0264756679534912
[2026-07-23 16:44:59] Clean plots: DONE
[2026-07-23 16:44:59] GDI plot
[2026-07-23 16:44:59] Removed 0 low GDI genes (such as the fully-expressed) in GDI plot
[2026-07-23 16:45:01] Cluster 11_12-merge_14_15-merge_17-merge-merge, with size 854, is not uniform
[2026-07-23 16:45:01] Cluster 11_12-merge_14_15-merge_17-merge-merge's shift to uniformity: 0.38114047675952
[2026-07-23 16:45:01] class = SimpleGDIUniformityCheck, check.isCheckAbove = FALSE, check.GDIThreshold = 1.37, check.maxRatioBeyond = 0.01, check.maxRankBeyond = 0, check.fractionBeyond = 0.0402987667187771, check.thresholdRank = 0, check.quantileAtRatio = 1.75114047675952, check.quantileAtRank = NaN, isUniform = FALSE, clusterSize = 854
[2026-07-23 16:45:02] Clusters 11_12-merge and 14_15-merge_17-merge cannot be merged
[2026-07-23 16:45:02] *[2026-07-23 16:45:02] -1_16-merge
[2026-07-23 16:45:02] Asked to drop 0 genes and 3864 cells
[2026-07-23 16:45:02] COTAN dataset analysis: START
[2026-07-23 16:45:02] Asked to drop 7976 genes and 0 cells
[2026-07-23 16:45:02] Genes/cells selection done: dropped [7976] genes and [0] cells
[2026-07-23 16:45:02] Working on [4871] genes and [213] cells
[2026-07-23 16:45:02] Dataset cleaning elapsed time: 0.789008855819702
[2026-07-23 16:45:02] Estimate `dispersion`: START
[2026-07-23 16:45:02] Effective number of cores used: 80
[2026-07-23 16:45:02] Executing 5 genes batches
[2026-07-23 16:45:03] Parallel dispersion Newton-Raphson: used up to 7 iterations
[2026-07-23 16:45:03] Parallel dispersion Newton-Raphson: used up to 7 iterations
[2026-07-23 16:45:03] Parallel dispersion Newton-Raphson: used up to 9 iterations
[2026-07-23 16:45:03] Parallel dispersion Newton-Raphson: used up to 7 iterations
[2026-07-23 16:45:03] Parallel dispersion Newton-Raphson: used up to 7 iterations
[2026-07-23 16:45:06] Total calculations elapsed time: 3.33704590797424
[2026-07-23 16:45:06] Estimate `dispersion`: DONE
[2026-07-23 16:45:06] Estimate `dispersion`: DONE
[2026-07-23 16:45:06] `dispersion` | min: -1.50253586971028 | max: 175.381947146666 | % negative: 64.2578525970027
[2026-07-23 16:45:07] Model parameter estimation elapsed time: 4.13592386245728
[2026-07-23 16:45:07] COTAN genes' COEX estimation: START
[2026-07-23 16:45:07] Effective number of cores used: 80
[2026-07-23 16:45:07] Calculate genes COEX (torch) on device cpu: START
[2026-07-23 16:45:07] Retrieving expected genes contingency table
[2026-07-23 16:45:07] Expected genes contingency table elapsed time: 0.0350699424743652
[2026-07-23 16:45:07] Calculating genes COEX normalization factor
[2026-07-23 16:45:07] Calculating genes COEX normalization factor elapsed time: 0.821558713912964
[2026-07-23 16:45:07] Retrieving observed genes yes/yes contingency table
[2026-07-23 16:45:08] Observed genes contingency table elapsed time: 0.0221161842346191
[2026-07-23 16:45:09] Calculate genes COEX elapsed time: 1.55313730239868
[2026-07-23 16:45:09] Total calculations elapsed time: 2.43188214302063
[2026-07-23 16:45:09] Calculate genes COEX (torch) on device cpu: DONE
[2026-07-23 16:45:10] Only genes' COEX elapsed time: 3.16204524040222
[2026-07-23 16:45:10] Dataset analysis elapsed time: 8.0869779586792
[2026-07-23 16:45:10] COTAN dataset analysis: DONE
[2026-07-23 16:45:11] Checking uniformity for the cluster '-1_16-merge' with 213 cells
[2026-07-23 16:45:11] Calculate GDI dataframe: START
[2026-07-23 16:45:11] Using S
[2026-07-23 16:45:11] Calculating S: START
[2026-07-23 16:45:11] Calculating S: DONE
[2026-07-23 16:45:11] Calculate `GDI`: START
[2026-07-23 16:45:11] Effective number of cores used: 80
[2026-07-23 16:45:11] Effective number of cores used: 80
[2026-07-23 16:45:11] Executing 5 genes batches
[2026-07-23 16:45:12] Total calculations elapsed time: 1.15098404884338
[2026-07-23 16:45:12] Calculate `GDI`: DONE
[2026-07-23 16:45:13] Total calculations elapsed time: 2.91604065895081
[2026-07-23 16:45:13] Calculate GDI dataframe: DONE
[2026-07-23 16:45:13] Clean plots: START
[2026-07-23 16:45:13] Total calculations elapsed time: 0.0231668949127197
[2026-07-23 16:45:13] Clean plots: DONE
[2026-07-23 16:45:13] GDI plot
[2026-07-23 16:45:13] Removed 0 low GDI genes (such as the fully-expressed) in GDI plot
[2026-07-23 16:45:15] Cluster -1_16-merge, with size 213, is not uniform
[2026-07-23 16:45:15] Cluster -1_16-merge's shift to uniformity: 1.69932238868828
[2026-07-23 16:45:15] class = SimpleGDIUniformityCheck, check.isCheckAbove = FALSE, check.GDIThreshold = 1.37, check.maxRatioBeyond = 0.01, check.maxRankBeyond = 0, check.fractionBeyond = 0.422089919934305, check.thresholdRank = 0, check.quantileAtRatio = 3.06932238868828, check.quantileAtRank = NaN, isUniform = FALSE, clusterSize = 213
[2026-07-23 16:45:16] Clusters -1 and 16 cannot be merged
[2026-07-23 16:45:16] *[2026-07-23 16:45:16] 14_15-merge_17-merge_16-merge
[2026-07-23 16:45:16] Asked to drop 0 genes and 3310 cells
[2026-07-23 16:45:16] COTAN dataset analysis: START
[2026-07-23 16:45:16] Asked to drop 6794 genes and 0 cells
[2026-07-23 16:45:16] Genes/cells selection done: dropped [6794] genes and [0] cells
[2026-07-23 16:45:16] Working on [6053] genes and [767] cells
[2026-07-23 16:45:16] Dataset cleaning elapsed time: 0.859464168548584
[2026-07-23 16:45:16] Estimate `dispersion`: START
[2026-07-23 16:45:16] Effective number of cores used: 80
[2026-07-23 16:45:17] Executing 6 genes batches
[2026-07-23 16:45:17] Parallel dispersion Newton-Raphson: used up to 6 iterations
[2026-07-23 16:45:17] Parallel dispersion Newton-Raphson: used up to 6 iterations
[2026-07-23 16:45:17] Parallel dispersion Newton-Raphson: used up to 10 iterations
[2026-07-23 16:45:17] Parallel dispersion Newton-Raphson: used up to 6 iterations
[2026-07-23 16:45:17] Parallel dispersion Newton-Raphson: used up to 7 iterations
[2026-07-23 16:45:17] Parallel dispersion Newton-Raphson: used up to 6 iterations
[2026-07-23 16:45:20] Total calculations elapsed time: 3.64462018013
[2026-07-23 16:45:20] Estimate `dispersion`: DONE
[2026-07-23 16:45:20] Estimate `dispersion`: DONE
[2026-07-23 16:45:20] `dispersion` | min: -0.0899070813401707 | max: 532.341336979616 | % negative: 70.3948455311416
[2026-07-23 16:45:21] Model parameter estimation elapsed time: 4.44289612770081
[2026-07-23 16:45:21] COTAN genes' COEX estimation: START
[2026-07-23 16:45:21] Effective number of cores used: 80
[2026-07-23 16:45:21] Calculate genes COEX (torch) on device cpu: START
[2026-07-23 16:45:21] Retrieving expected genes contingency table
[2026-07-23 16:45:21] Expected genes contingency table elapsed time: 0.0609707832336426
[2026-07-23 16:45:21] Calculating genes COEX normalization factor
[2026-07-23 16:45:22] Calculating genes COEX normalization factor elapsed time: 0.848365545272827
[2026-07-23 16:45:22] Retrieving observed genes yes/yes contingency table
[2026-07-23 16:45:22] Observed genes contingency table elapsed time: 0.0781435966491699
[2026-07-23 16:45:24] Calculate genes COEX elapsed time: 1.97079920768738
[2026-07-23 16:45:24] Total calculations elapsed time: 2.95827913284302
[2026-07-23 16:45:24] Calculate genes COEX (torch) on device cpu: DONE
[2026-07-23 16:45:25] Only genes' COEX elapsed time: 3.67897391319275
[2026-07-23 16:45:25] Dataset analysis elapsed time: 8.98133420944214
[2026-07-23 16:45:25] COTAN dataset analysis: DONE
[2026-07-23 16:45:25] Checking uniformity for the cluster '14_15-merge_17-merge_16-merge' with 767 cells
[2026-07-23 16:45:25] Calculate GDI dataframe: START
[2026-07-23 16:45:25] Using S
[2026-07-23 16:45:25] Calculating S: START
[2026-07-23 16:45:26] Calculating S: DONE
[2026-07-23 16:45:26] Calculate `GDI`: START
[2026-07-23 16:45:26] Effective number of cores used: 80
[2026-07-23 16:45:26] Effective number of cores used: 80
[2026-07-23 16:45:26] Executing 6 genes batches
[2026-07-23 16:45:28] Total calculations elapsed time: 1.44551157951355
[2026-07-23 16:45:28] Calculate `GDI`: DONE
[2026-07-23 16:45:29] Total calculations elapsed time: 3.54522275924683
[2026-07-23 16:45:29] Calculate GDI dataframe: DONE
[2026-07-23 16:45:29] Clean plots: START
[2026-07-23 16:45:29] Total calculations elapsed time: 0.0235929489135742
[2026-07-23 16:45:29] Clean plots: DONE
[2026-07-23 16:45:29] GDI plot
[2026-07-23 16:45:29] Removed 0 low GDI genes (such as the fully-expressed) in GDI plot
[2026-07-23 16:45:30] Cluster 14_15-merge_17-merge_16-merge, with size 767, is not uniform
[2026-07-23 16:45:30] Cluster 14_15-merge_17-merge_16-merge's shift to uniformity: 0.104440745825106
[2026-07-23 16:45:30] class = SimpleGDIUniformityCheck, check.isCheckAbove = FALSE, check.GDIThreshold = 1.37, check.maxRatioBeyond = 0.01, check.maxRankBeyond = 0, check.fractionBeyond = 0.0189988435486536, check.thresholdRank = 0, check.quantileAtRatio = 1.47444074582511, check.quantileAtRank = NaN, isUniform = FALSE, clusterSize = 767
[2026-07-23 16:45:31] Clusters 14_15-merge_17-merge and 16 cannot be merged
[2026-07-23 16:45:31] *[2026-07-23 16:45:31] 13_16-merge
[2026-07-23 16:45:31] Asked to drop 0 genes and 3832 cells
[2026-07-23 16:45:31] COTAN dataset analysis: START
[2026-07-23 16:45:31] Asked to drop 7835 genes and 0 cells
[2026-07-23 16:45:31] Genes/cells selection done: dropped [7835] genes and [0] cells
[2026-07-23 16:45:31] Working on [5012] genes and [245] cells
[2026-07-23 16:45:32] Dataset cleaning elapsed time: 0.793970584869385
[2026-07-23 16:45:32] Estimate `dispersion`: START
[2026-07-23 16:45:32] Effective number of cores used: 80
[2026-07-23 16:45:32] Executing 5 genes batches
[2026-07-23 16:45:32] Parallel dispersion Newton-Raphson: used up to 6 iterations
[2026-07-23 16:45:32] Parallel dispersion Newton-Raphson: used up to 6 iterations
[2026-07-23 16:45:32] Parallel dispersion Newton-Raphson: used up to 7 iterations
[2026-07-23 16:45:33] Parallel dispersion Newton-Raphson: used up to 6 iterations
[2026-07-23 16:45:33] Parallel dispersion Newton-Raphson: used up to 7 iterations
[2026-07-23 16:45:35] Total calculations elapsed time: 3.07151651382446
[2026-07-23 16:45:35] Estimate `dispersion`: DONE
[2026-07-23 16:45:35] Estimate `dispersion`: DONE
[2026-07-23 16:45:35] `dispersion` | min: -0.354272142455867 | max: 235.360982172769 | % negative: 70.8898643256185
[2026-07-23 16:45:36] Model parameter estimation elapsed time: 3.91792058944702
[2026-07-23 16:45:36] COTAN genes' COEX estimation: START
[2026-07-23 16:45:36] Effective number of cores used: 80
[2026-07-23 16:45:36] Calculate genes COEX (torch) on device cpu: START
[2026-07-23 16:45:36] Retrieving expected genes contingency table
[2026-07-23 16:45:36] Expected genes contingency table elapsed time: 0.03582763671875
[2026-07-23 16:45:36] Calculating genes COEX normalization factor
[2026-07-23 16:45:37] Calculating genes COEX normalization factor elapsed time: 0.80579686164856
[2026-07-23 16:45:37] Retrieving observed genes yes/yes contingency table
[2026-07-23 16:45:37] Observed genes contingency table elapsed time: 0.0216517448425293
[2026-07-23 16:45:38] Calculate genes COEX elapsed time: 1.55807137489319
[2026-07-23 16:45:38] Total calculations elapsed time: 2.42134761810303
[2026-07-23 16:45:38] Calculate genes COEX (torch) on device cpu: DONE
[2026-07-23 16:45:39] Only genes' COEX elapsed time: 3.15289878845215
[2026-07-23 16:45:39] Dataset analysis elapsed time: 7.86478996276855
[2026-07-23 16:45:39] COTAN dataset analysis: DONE
[2026-07-23 16:45:40] Checking uniformity for the cluster '13_16-merge' with 245 cells
[2026-07-23 16:45:40] Calculate GDI dataframe: START
[2026-07-23 16:45:40] Using S
[2026-07-23 16:45:40] Calculating S: START
[2026-07-23 16:45:40] Calculating S: DONE
[2026-07-23 16:45:40] Calculate `GDI`: START
[2026-07-23 16:45:40] Effective number of cores used: 80
[2026-07-23 16:45:40] Effective number of cores used: 80
[2026-07-23 16:45:40] Executing 5 genes batches
[2026-07-23 16:45:42] Total calculations elapsed time: 1.17240762710571
[2026-07-23 16:45:42] Calculate `GDI`: DONE
[2026-07-23 16:45:43] Total calculations elapsed time: 2.94224786758423
[2026-07-23 16:45:43] Calculate GDI dataframe: DONE
[2026-07-23 16:45:43] Clean plots: START
[2026-07-23 16:45:43] Total calculations elapsed time: 0.0230562686920166
[2026-07-23 16:45:43] Clean plots: DONE
[2026-07-23 16:45:43] GDI plot
[2026-07-23 16:45:43] Removed 0 low GDI genes (such as the fully-expressed) in GDI plot
[2026-07-23 16:45:44] Cluster 13_16-merge, with size 245, is not uniform
[2026-07-23 16:45:44] Cluster 13_16-merge's shift to uniformity: 0.692964271833261
[2026-07-23 16:45:44] class = SimpleGDIUniformityCheck, check.isCheckAbove = FALSE, check.GDIThreshold = 1.37, check.maxRatioBeyond = 0.01, check.maxRankBeyond = 0, check.fractionBeyond = 0.111133280127694, check.thresholdRank = 0, check.quantileAtRatio = 2.06296427183326, check.quantileAtRank = NaN, isUniform = FALSE, clusterSize = 245
[2026-07-23 16:45:45] Clusters 13 and 16 cannot be merged
[2026-07-23 16:45:45] No clusters will be merged
[2026-07-23 16:45:45] None of the remaining tested cluster pairs could be merged
[2026-07-23 16:45:45] Executed all merges for threshold 1.37 out of 42 checks
[2026-07-23 16:45:45] Start merging nearest clusters - the main threshold is: 1.4
[2026-07-23 16:45:45] Start merging nearest clusters: iteration 6
[2026-07-23 16:45:45] Differential Expression Analysis - START
[2026-07-23 16:45:47] *[2026-07-23 16:45:47]  DEA on cluster '-1' with 21 cells
[2026-07-23 16:45:47] *[2026-07-23 16:45:47]  DEA on cluster '01' with 703 cells
[2026-07-23 16:45:47] *[2026-07-23 16:45:47]  DEA on cluster '02_03_04-merge-merge' with 634 cells
[2026-07-23 16:45:47] *[2026-07-23 16:45:47]  DEA on cluster '05' with 572 cells
[2026-07-23 16:45:47] *[2026-07-23 16:45:47]  DEA on cluster '06' with 53 cells
[2026-07-23 16:45:47] *[2026-07-23 16:45:47]  DEA on cluster '07' with 223 cells
[2026-07-23 16:45:47] *[2026-07-23 16:45:47]  DEA on cluster '08' with 329 cells
[2026-07-23 16:45:47] *[2026-07-23 16:45:47]  DEA on cluster '09' with 269 cells
[2026-07-23 16:45:48] *[2026-07-23 16:45:48]  DEA on cluster '10' with 51 cells
[2026-07-23 16:45:48] *[2026-07-23 16:45:48]  DEA on cluster '11_12-merge' with 279 cells
[2026-07-23 16:45:48] *[2026-07-23 16:45:48]  DEA on cluster '13' with 53 cells
[2026-07-23 16:45:48] *[2026-07-23 16:45:48]  DEA on cluster '14_15-merge_17-merge' with 575 cells
[2026-07-23 16:45:48] *[2026-07-23 16:45:48]  DEA on cluster '16' with 192 cells
[2026-07-23 16:45:48] *[2026-07-23 16:45:48]  DEA on cluster '18_19-merge' with 123 cells
[2026-07-23 16:45:48] 
[2026-07-23 16:45:48] Total calculations elapsed time: 2.66744756698608
[2026-07-23 16:45:48] Differential Expression Analysis - DONE
[2026-07-23 16:45:49] Updating check results for the 42 already tested pairs to align to new checker
[2026-07-23 16:45:49] 9 new clusters pairs to be tested for merging:
c("02_03_04-merge-merge", "05") c("01", "05") c("01", "02_03_04-merge-merge") c("-1", "14_15-merge_17-merge") c("11_12-merge", "18_19-merge") c("01", "06") c("11_12-merge", "16") c("11_12-merge", "13") c("02_03_04-merge-merge", "08")
[2026-07-23 16:45:49] *[2026-07-23 16:45:49] 02_03_04-merge-merge_05-merge
[2026-07-23 16:45:49] Asked to drop 0 genes and 2871 cells
[2026-07-23 16:45:49] COTAN dataset analysis: START
[2026-07-23 16:45:49] Asked to drop 1342 genes and 0 cells
[2026-07-23 16:45:50] Genes/cells selection done: dropped [1342] genes and [0] cells
[2026-07-23 16:45:50] Working on [11505] genes and [1206] cells
[2026-07-23 16:45:50] Dataset cleaning elapsed time: 0.777527809143066
[2026-07-23 16:45:50] Estimate `dispersion`: START
[2026-07-23 16:45:50] Effective number of cores used: 80
[2026-07-23 16:45:50] Executing 12 genes batches
[2026-07-23 16:46:03] Total calculations elapsed time: 12.7868866920471
[2026-07-23 16:46:03] Estimate `dispersion`: DONE
[2026-07-23 16:46:03] While checking cluster uniformity Error: length(dispersion) not equal to getNumGenes(objCOTAN)

[2026-07-23 16:46:03] marking pair as not mergable
[2026-07-23 16:46:04] Clusters 02_03_04-merge-merge and 05 cannot be merged
[2026-07-23 16:46:04] *[2026-07-23 16:46:04] 01_05-merge
[2026-07-23 16:46:04] Asked to drop 0 genes and 2802 cells
[2026-07-23 16:46:04] COTAN dataset analysis: START
[2026-07-23 16:46:04] Asked to drop 1446 genes and 0 cells
[2026-07-23 16:46:04] Genes/cells selection done: dropped [1446] genes and [0] cells
[2026-07-23 16:46:04] Working on [11401] genes and [1275] cells
[2026-07-23 16:46:05] Dataset cleaning elapsed time: 0.785504817962646
[2026-07-23 16:46:05] Estimate `dispersion`: START
[2026-07-23 16:46:05] Effective number of cores used: 80
[2026-07-23 16:46:05] Executing 12 genes batches
[2026-07-23 16:46:17] Total calculations elapsed time: 12.7838702201843
[2026-07-23 16:46:17] Estimate `dispersion`: DONE
[2026-07-23 16:46:17] While checking cluster uniformity Error: length(dispersion) not equal to getNumGenes(objCOTAN)

[2026-07-23 16:46:17] marking pair as not mergable
[2026-07-23 16:46:18] Clusters 01 and 05 cannot be merged
[2026-07-23 16:46:18] *[2026-07-23 16:46:18] 01_02_03_04-merge-merge-merge
[2026-07-23 16:46:18] Asked to drop 0 genes and 2740 cells
[2026-07-23 16:46:18] COTAN dataset analysis: START
[2026-07-23 16:46:18] Asked to drop 1414 genes and 0 cells
[2026-07-23 16:46:18] Genes/cells selection done: dropped [1414] genes and [0] cells
[2026-07-23 16:46:18] Working on [11433] genes and [1337] cells
[2026-07-23 16:46:19] Dataset cleaning elapsed time: 0.783895492553711
[2026-07-23 16:46:19] Estimate `dispersion`: START
[2026-07-23 16:46:19] Effective number of cores used: 80
[2026-07-23 16:46:19] Executing 12 genes batches
[2026-07-23 16:46:32] Total calculations elapsed time: 12.7725570201874
[2026-07-23 16:46:32] Estimate `dispersion`: DONE
[2026-07-23 16:46:32] While checking cluster uniformity Error: length(dispersion) not equal to getNumGenes(objCOTAN)

[2026-07-23 16:46:32] marking pair as not mergable
[2026-07-23 16:46:32] Clusters 01 and 02_03_04-merge-merge cannot be merged
[2026-07-23 16:46:32] *[2026-07-23 16:46:32] -1_14_15-merge_17-merge-merge
[2026-07-23 16:46:32] Asked to drop 0 genes and 3481 cells
[2026-07-23 16:46:32] COTAN dataset analysis: START
[2026-07-23 16:46:32] Asked to drop 6123 genes and 0 cells
[2026-07-23 16:46:32] Genes/cells selection done: dropped [6123] genes and [0] cells
[2026-07-23 16:46:32] Working on [6724] genes and [596] cells
[2026-07-23 16:46:33] Dataset cleaning elapsed time: 0.749068737030029
[2026-07-23 16:46:33] Estimate `dispersion`: START
[2026-07-23 16:46:33] Effective number of cores used: 80
[2026-07-23 16:46:33] Executing 7 genes batches
[2026-07-23 16:46:34] Parallel dispersion Newton-Raphson: used up to 8 iterations
[2026-07-23 16:46:34] Parallel dispersion Newton-Raphson: used up to 8 iterations
[2026-07-23 16:46:34] Parallel dispersion Newton-Raphson: used up to 7 iterations
[2026-07-23 16:46:34] Parallel dispersion Newton-Raphson: used up to 10 iterations
[2026-07-23 16:46:34] Parallel dispersion Newton-Raphson: used up to 7 iterations
[2026-07-23 16:46:34] Parallel dispersion Newton-Raphson: used up to 8 iterations
[2026-07-23 16:46:34] Parallel dispersion Newton-Raphson: used up to 6 iterations
[2026-07-23 16:46:37] Total calculations elapsed time: 4.00136852264404
[2026-07-23 16:46:37] Estimate `dispersion`: DONE
[2026-07-23 16:46:37] Estimate `dispersion`: DONE
[2026-07-23 16:46:37] `dispersion` | min: -0.371999577945546 | max: 784.555201653529 | % negative: 62.879238548483
[2026-07-23 16:46:38] Model parameter estimation elapsed time: 5.15581893920898
[2026-07-23 16:46:38] COTAN genes' COEX estimation: START
[2026-07-23 16:46:38] Effective number of cores used: 80
[2026-07-23 16:46:38] Calculate genes COEX (torch) on device cpu: START
[2026-07-23 16:46:38] Retrieving expected genes contingency table
[2026-07-23 16:46:38] Expected genes contingency table elapsed time: 0.0546615123748779
[2026-07-23 16:46:38] Calculating genes COEX normalization factor
[2026-07-23 16:46:40] Calculating genes COEX normalization factor elapsed time: 1.12294340133667
[2026-07-23 16:46:40] Retrieving observed genes yes/yes contingency table
[2026-07-23 16:46:40] Observed genes contingency table elapsed time: 0.0740311145782471
[2026-07-23 16:46:42] Calculate genes COEX elapsed time: 2.29907274246216
[2026-07-23 16:46:42] Total calculations elapsed time: 3.55070877075195
[2026-07-23 16:46:42] Calculate genes COEX (torch) on device cpu: DONE
[2026-07-23 16:46:43] Only genes' COEX elapsed time: 4.40285420417786
[2026-07-23 16:46:43] Dataset analysis elapsed time: 10.3077418804169
[2026-07-23 16:46:43] COTAN dataset analysis: DONE
[2026-07-23 16:46:44] Checking uniformity for the cluster '-1_14_15-merge_17-merge-merge' with 596 cells
[2026-07-23 16:46:44] Calculate GDI dataframe: START
[2026-07-23 16:46:44] Using S
[2026-07-23 16:46:44] Calculating S: START
[2026-07-23 16:46:45] Calculating S: DONE
[2026-07-23 16:46:45] Calculate `GDI`: START
[2026-07-23 16:46:45] Effective number of cores used: 80
[2026-07-23 16:46:45] Effective number of cores used: 80
[2026-07-23 16:46:45] Executing 7 genes batches
[2026-07-23 16:46:46] Total calculations elapsed time: 1.73263597488403
[2026-07-23 16:46:46] Calculate `GDI`: DONE
[2026-07-23 16:46:48] Total calculations elapsed time: 3.99509406089783
[2026-07-23 16:46:48] Calculate GDI dataframe: DONE
[2026-07-23 16:46:48] Clean plots: START
[2026-07-23 16:46:48] Total calculations elapsed time: 0.0234124660491943
[2026-07-23 16:46:48] Clean plots: DONE
[2026-07-23 16:46:48] GDI plot
[2026-07-23 16:46:48] Removed 0 low GDI genes (such as the fully-expressed) in GDI plot
[2026-07-23 16:46:49] Cluster -1_14_15-merge_17-merge-merge, with size 596, is not uniform
[2026-07-23 16:46:49] Cluster -1_14_15-merge_17-merge-merge's shift to uniformity: 2.330627154621
[2026-07-23 16:46:49] class = SimpleGDIUniformityCheck, check.isCheckAbove = FALSE, check.GDIThreshold = 1.4, check.maxRatioBeyond = 0.01, check.maxRankBeyond = 0, check.fractionBeyond = 0.305175490779298, check.thresholdRank = 0, check.quantileAtRatio = 3.730627154621, check.quantileAtRank = NaN, isUniform = FALSE, clusterSize = 596
[2026-07-23 16:46:50] Clusters -1 and 14_15-merge_17-merge cannot be merged
[2026-07-23 16:46:50] *[2026-07-23 16:46:50] 11_12-merge_18_19-merge-merge
[2026-07-23 16:46:50] Asked to drop 0 genes and 3675 cells
[2026-07-23 16:46:50] COTAN dataset analysis: START
[2026-07-23 16:46:50] Asked to drop 5745 genes and 0 cells
[2026-07-23 16:46:50] Genes/cells selection done: dropped [5745] genes and [0] cells
[2026-07-23 16:46:50] Working on [7102] genes and [402] cells
[2026-07-23 16:46:51] Dataset cleaning elapsed time: 0.803478240966797
[2026-07-23 16:46:51] Estimate `dispersion`: START
[2026-07-23 16:46:51] Effective number of cores used: 80
[2026-07-23 16:46:51] Executing 7 genes batches
[2026-07-23 16:46:51] Parallel dispersion Newton-Raphson: used up to 7 iterations
[2026-07-23 16:46:51] Parallel dispersion Newton-Raphson: used up to 7 iterations
[2026-07-23 16:46:51] Parallel dispersion Newton-Raphson: used up to 6 iterations
[2026-07-23 16:46:51] Parallel dispersion Newton-Raphson: used up to 7 iterations
[2026-07-23 16:46:52] Parallel dispersion Newton-Raphson: used up to 7 iterations
[2026-07-23 16:46:52] Parallel dispersion Newton-Raphson: used up to 7 iterations
[2026-07-23 16:46:52] Parallel dispersion Newton-Raphson: used up to 7 iterations
[2026-07-23 16:46:55] Total calculations elapsed time: 3.9605929851532
[2026-07-23 16:46:55] Estimate `dispersion`: DONE
[2026-07-23 16:46:55] Estimate `dispersion`: DONE
[2026-07-23 16:46:55] `dispersion` | min: -0.164585755801026 | max: 446.119707802834 | % negative: 67.3331455927908
[2026-07-23 16:46:56] Model parameter estimation elapsed time: 4.78095698356628
[2026-07-23 16:46:56] COTAN genes' COEX estimation: START
[2026-07-23 16:46:56] Effective number of cores used: 80
[2026-07-23 16:46:56] Calculate genes COEX (torch) on device cpu: START
[2026-07-23 16:46:56] Retrieving expected genes contingency table
[2026-07-23 16:46:56] Expected genes contingency table elapsed time: 0.0505025386810303
[2026-07-23 16:46:56] Calculating genes COEX normalization factor
[2026-07-23 16:46:57] Calculating genes COEX normalization factor elapsed time: 0.891240119934082
[2026-07-23 16:46:57] Retrieving observed genes yes/yes contingency table
[2026-07-23 16:46:57] Observed genes contingency table elapsed time: 0.0712032318115234
[2026-07-23 16:46:59] Calculate genes COEX elapsed time: 2.53604340553284
[2026-07-23 16:46:59] Total calculations elapsed time: 3.54898929595947
[2026-07-23 16:46:59] Calculate genes COEX (torch) on device cpu: DONE
[2026-07-23 16:47:00] Only genes' COEX elapsed time: 4.29323625564575
[2026-07-23 16:47:00] Dataset analysis elapsed time: 9.87767148017883
[2026-07-23 16:47:00] COTAN dataset analysis: DONE
[2026-07-23 16:47:01] Checking uniformity for the cluster '11_12-merge_18_19-merge-merge' with 402 cells
[2026-07-23 16:47:01] Calculate GDI dataframe: START
[2026-07-23 16:47:01] Using S
[2026-07-23 16:47:01] Calculating S: START
[2026-07-23 16:47:02] Calculating S: DONE
[2026-07-23 16:47:02] Calculate `GDI`: START
[2026-07-23 16:47:02] Effective number of cores used: 80
[2026-07-23 16:47:02] Effective number of cores used: 80
[2026-07-23 16:47:02] Executing 7 genes batches
[2026-07-23 16:47:04] Total calculations elapsed time: 1.79206013679504
[2026-07-23 16:47:04] Calculate `GDI`: DONE
[2026-07-23 16:47:05] Total calculations elapsed time: 4.30195093154907
[2026-07-23 16:47:05] Calculate GDI dataframe: DONE
[2026-07-23 16:47:05] Clean plots: START
[2026-07-23 16:47:05] Total calculations elapsed time: 0.0247621536254883
[2026-07-23 16:47:05] Clean plots: DONE
[2026-07-23 16:47:05] GDI plot
[2026-07-23 16:47:05] Removed 0 low GDI genes (such as the fully-expressed) in GDI plot
[2026-07-23 16:47:06] Cluster 11_12-merge_18_19-merge-merge, with size 402, is not uniform
[2026-07-23 16:47:06] Cluster 11_12-merge_18_19-merge-merge's shift to uniformity: 0.762796714489533
[2026-07-23 16:47:06] class = SimpleGDIUniformityCheck, check.isCheckAbove = FALSE, check.GDIThreshold = 1.4, check.maxRatioBeyond = 0.01, check.maxRankBeyond = 0, check.fractionBeyond = 0.0765981413686286, check.thresholdRank = 0, check.quantileAtRatio = 2.16279671448953, check.quantileAtRank = NaN, isUniform = FALSE, clusterSize = 402
[2026-07-23 16:47:07] Clusters 11_12-merge and 18_19-merge cannot be merged
[2026-07-23 16:47:07] *[2026-07-23 16:47:07] 01_06-merge
[2026-07-23 16:47:07] Asked to drop 0 genes and 3321 cells
[2026-07-23 16:47:07] COTAN dataset analysis: START
[2026-07-23 16:47:07] Asked to drop 1487 genes and 0 cells
[2026-07-23 16:47:07] Genes/cells selection done: dropped [1487] genes and [0] cells
[2026-07-23 16:47:07] Working on [11360] genes and [756] cells
[2026-07-23 16:47:08] Dataset cleaning elapsed time: 0.867978572845459
[2026-07-23 16:47:08] Estimate `dispersion`: START
[2026-07-23 16:47:08] Effective number of cores used: 80
[2026-07-23 16:47:08] Executing 12 genes batches
[2026-07-23 16:47:09] Parallel dispersion Newton-Raphson: used up to 5 iterations
[2026-07-23 16:47:09] Parallel dispersion Newton-Raphson: used up to 5 iterations
[2026-07-23 16:47:09] Parallel dispersion Newton-Raphson: used up to 6 iterations
[2026-07-23 16:47:09] Parallel dispersion Newton-Raphson: used up to 6 iterations
[2026-07-23 16:47:09] Parallel dispersion Newton-Raphson: used up to 6 iterations
[2026-07-23 16:47:09] Parallel dispersion Newton-Raphson: used up to 6 iterations
[2026-07-23 16:47:09] Parallel dispersion Newton-Raphson: used up to 6 iterations
[2026-07-23 16:47:09] Parallel dispersion Newton-Raphson: used up to 6 iterations
[2026-07-23 16:47:10] Parallel dispersion Newton-Raphson: used up to 6 iterations
[2026-07-23 16:47:10] Parallel dispersion Newton-Raphson: used up to 6 iterations
[2026-07-23 16:47:10] Parallel dispersion Newton-Raphson: used up to 6 iterations
[2026-07-23 16:47:10] Parallel dispersion Newton-Raphson: used up to 7 iterations
[2026-07-23 16:47:13] Total calculations elapsed time: 4.79792976379395
[2026-07-23 16:47:13] Estimate `dispersion`: DONE
[2026-07-23 16:47:13] Estimate `dispersion`: DONE
[2026-07-23 16:47:13] `dispersion` | min: -0.202278211948805 | max: 435.802379058917 | % negative: 55.8538732394366
[2026-07-23 16:47:14] Model parameter estimation elapsed time: 5.55876111984253
[2026-07-23 16:47:14] COTAN genes' COEX estimation: START
[2026-07-23 16:47:14] Effective number of cores used: 80
[2026-07-23 16:47:14] Calculate genes COEX (torch) on device cpu: START
[2026-07-23 16:47:14] Retrieving expected genes contingency table
[2026-07-23 16:47:14] Expected genes contingency table elapsed time: 0.136087894439697
[2026-07-23 16:47:14] Calculating genes COEX normalization factor
[2026-07-23 16:47:15] Calculating genes COEX normalization factor elapsed time: 1.13194704055786
[2026-07-23 16:47:15] Retrieving observed genes yes/yes contingency table
[2026-07-23 16:47:15] Observed genes contingency table elapsed time: 0.181110858917236
[2026-07-23 16:47:21] Calculate genes COEX elapsed time: 5.85837411880493
[2026-07-23 16:47:21] Total calculations elapsed time: 7.30751991271973
[2026-07-23 16:47:21] Calculate genes COEX (torch) on device cpu: DONE
[2026-07-23 16:47:22] Only genes' COEX elapsed time: 8.08018445968628
[2026-07-23 16:47:22] Dataset analysis elapsed time: 14.5069241523743
[2026-07-23 16:47:22] COTAN dataset analysis: DONE
[2026-07-23 16:47:23] Checking uniformity for the cluster '01_06-merge' with 756 cells
[2026-07-23 16:47:23] Calculate GDI dataframe: START
[2026-07-23 16:47:23] Using S
[2026-07-23 16:47:23] Calculating S: START
[2026-07-23 16:47:26] Calculating S: DONE
[2026-07-23 16:47:26] Calculate `GDI`: START
[2026-07-23 16:47:26] Effective number of cores used: 80
[2026-07-23 16:47:26] Effective number of cores used: 80
[2026-07-23 16:47:26] Executing 12 genes batches
[2026-07-23 16:47:29] Total calculations elapsed time: 3.00320315361023
[2026-07-23 16:47:29] Calculate `GDI`: DONE
[2026-07-23 16:47:30] Total calculations elapsed time: 7.89296317100525
[2026-07-23 16:47:30] Calculate GDI dataframe: DONE
[2026-07-23 16:47:30] Clean plots: START
[2026-07-23 16:47:30] Total calculations elapsed time: 0.0236101150512695
[2026-07-23 16:47:30] Clean plots: DONE
[2026-07-23 16:47:30] GDI plot
[2026-07-23 16:47:30] Removed 0 low GDI genes (such as the fully-expressed) in GDI plot
[2026-07-23 16:47:32] Cluster 01_06-merge, with size 756, is not uniform
[2026-07-23 16:47:32] Cluster 01_06-merge's shift to uniformity: 0.344821367884123
[2026-07-23 16:47:32] class = SimpleGDIUniformityCheck, check.isCheckAbove = FALSE, check.GDIThreshold = 1.4, check.maxRatioBeyond = 0.01, check.maxRankBeyond = 0, check.fractionBeyond = 0.0785211267605634, check.thresholdRank = 0, check.quantileAtRatio = 1.74482136788412, check.quantileAtRank = NaN, isUniform = FALSE, clusterSize = 756
[2026-07-23 16:47:33] Clusters 01 and 06 cannot be merged
[2026-07-23 16:47:33] *[2026-07-23 16:47:33] 11_12-merge_16-merge
[2026-07-23 16:47:33] Asked to drop 0 genes and 3606 cells
[2026-07-23 16:47:33] COTAN dataset analysis: START
[2026-07-23 16:47:33] Asked to drop 7049 genes and 0 cells
[2026-07-23 16:47:33] Genes/cells selection done: dropped [7049] genes and [0] cells
[2026-07-23 16:47:33] Working on [5798] genes and [471] cells
[2026-07-23 16:47:34] Dataset cleaning elapsed time: 0.763401985168457
[2026-07-23 16:47:34] Estimate `dispersion`: START
[2026-07-23 16:47:34] Effective number of cores used: 80
[2026-07-23 16:47:34] Executing 6 genes batches
[2026-07-23 16:47:34] Parallel dispersion Newton-Raphson: used up to 5 iterations
[2026-07-23 16:47:34] Parallel dispersion Newton-Raphson: used up to 5 iterations
[2026-07-23 16:47:34] Parallel dispersion Newton-Raphson: used up to 7 iterations
[2026-07-23 16:47:34] Parallel dispersion Newton-Raphson: used up to 7 iterations
[2026-07-23 16:47:35] Parallel dispersion Newton-Raphson: used up to 6 iterations
[2026-07-23 16:47:35] Parallel dispersion Newton-Raphson: used up to 6 iterations
[2026-07-23 16:47:37] Total calculations elapsed time: 3.41997170448303
[2026-07-23 16:47:37] Estimate `dispersion`: DONE
[2026-07-23 16:47:37] Estimate `dispersion`: DONE
[2026-07-23 16:47:37] `dispersion` | min: -0.0694965632124303 | max: 400.875251173002 | % negative: 75.6295274232494
[2026-07-23 16:47:38] Model parameter estimation elapsed time: 4.26783537864685
[2026-07-23 16:47:38] COTAN genes' COEX estimation: START
[2026-07-23 16:47:38] Effective number of cores used: 80
[2026-07-23 16:47:38] Calculate genes COEX (torch) on device cpu: START
[2026-07-23 16:47:38] Retrieving expected genes contingency table
[2026-07-23 16:47:38] Expected genes contingency table elapsed time: 0.0533077716827393
[2026-07-23 16:47:38] Calculating genes COEX normalization factor
[2026-07-23 16:47:39] Calculating genes COEX normalization factor elapsed time: 0.838736534118652
[2026-07-23 16:47:39] Retrieving observed genes yes/yes contingency table
[2026-07-23 16:47:39] Observed genes contingency table elapsed time: 0.0588562488555908
[2026-07-23 16:47:41] Calculate genes COEX elapsed time: 1.88108491897583
[2026-07-23 16:47:41] Total calculations elapsed time: 2.83198547363281
[2026-07-23 16:47:41] Calculate genes COEX (torch) on device cpu: DONE
[2026-07-23 16:47:42] Only genes' COEX elapsed time: 3.62395191192627
[2026-07-23 16:47:42] Dataset analysis elapsed time: 8.65518927574158
[2026-07-23 16:47:42] COTAN dataset analysis: DONE
[2026-07-23 16:47:42] Checking uniformity for the cluster '11_12-merge_16-merge' with 471 cells
[2026-07-23 16:47:42] Calculate GDI dataframe: START
[2026-07-23 16:47:42] Using S
[2026-07-23 16:47:42] Calculating S: START
[2026-07-23 16:47:43] Calculating S: DONE
[2026-07-23 16:47:43] Calculate `GDI`: START
[2026-07-23 16:47:43] Effective number of cores used: 80
[2026-07-23 16:47:43] Effective number of cores used: 80
[2026-07-23 16:47:43] Executing 6 genes batches
[2026-07-23 16:47:45] Total calculations elapsed time: 1.41891670227051
[2026-07-23 16:47:45] Calculate `GDI`: DONE
[2026-07-23 16:47:46] Total calculations elapsed time: 3.4314296245575
[2026-07-23 16:47:46] Calculate GDI dataframe: DONE
[2026-07-23 16:47:46] Clean plots: START
[2026-07-23 16:47:46] Total calculations elapsed time: 0.0232353210449219
[2026-07-23 16:47:46] Clean plots: DONE
[2026-07-23 16:47:46] GDI plot
[2026-07-23 16:47:46] Removed 0 low GDI genes (such as the fully-expressed) in GDI plot
[2026-07-23 16:47:47] Cluster 11_12-merge_16-merge, with size 471, is not uniform
[2026-07-23 16:47:47] Cluster 11_12-merge_16-merge's shift to uniformity: 0.056214860192646
[2026-07-23 16:47:47] class = SimpleGDIUniformityCheck, check.isCheckAbove = FALSE, check.GDIThreshold = 1.4, check.maxRatioBeyond = 0.01, check.maxRankBeyond = 0, check.fractionBeyond = 0.0150051741979993, check.thresholdRank = 0, check.quantileAtRatio = 1.45621486019265, check.quantileAtRank = NaN, isUniform = FALSE, clusterSize = 471
[2026-07-23 16:47:48] Clusters 11_12-merge and 16 cannot be merged
[2026-07-23 16:47:48] *[2026-07-23 16:47:48] 11_12-merge_13-merge
[2026-07-23 16:47:48] Asked to drop 0 genes and 3745 cells
[2026-07-23 16:47:48] COTAN dataset analysis: START
[2026-07-23 16:47:48] Asked to drop 6332 genes and 0 cells
[2026-07-23 16:47:48] Genes/cells selection done: dropped [6332] genes and [0] cells
[2026-07-23 16:47:48] Working on [6515] genes and [332] cells
[2026-07-23 16:47:49] Dataset cleaning elapsed time: 0.795775175094604
[2026-07-23 16:47:49] Estimate `dispersion`: START
[2026-07-23 16:47:49] Effective number of cores used: 80
[2026-07-23 16:47:49] Executing 7 genes batches
[2026-07-23 16:47:49] Parallel dispersion Newton-Raphson: used up to 7 iterations
[2026-07-23 16:47:49] Parallel dispersion Newton-Raphson: used up to 6 iterations
[2026-07-23 16:47:49] Parallel dispersion Newton-Raphson: used up to 6 iterations
[2026-07-23 16:47:50] Parallel dispersion Newton-Raphson: used up to 7 iterations
[2026-07-23 16:47:50] Parallel dispersion Newton-Raphson: used up to 7 iterations
[2026-07-23 16:47:50] Parallel dispersion Newton-Raphson: used up to 7 iterations
[2026-07-23 16:47:50] Parallel dispersion Newton-Raphson: used up to 7 iterations
[2026-07-23 16:47:53] Total calculations elapsed time: 3.60426020622253
[2026-07-23 16:47:53] Estimate `dispersion`: DONE
[2026-07-23 16:47:53] Estimate `dispersion`: DONE
[2026-07-23 16:47:53] `dispersion` | min: -0.245003636003781 | max: 394.524570249634 | % negative: 69.9616270145817
[2026-07-23 16:47:53] Model parameter estimation elapsed time: 4.39007067680359
[2026-07-23 16:47:53] COTAN genes' COEX estimation: START
[2026-07-23 16:47:53] Effective number of cores used: 80
[2026-07-23 16:47:53] Calculate genes COEX (torch) on device cpu: START
[2026-07-23 16:47:53] Retrieving expected genes contingency table
[2026-07-23 16:47:53] Expected genes contingency table elapsed time: 0.0369970798492432
[2026-07-23 16:47:53] Calculating genes COEX normalization factor
[2026-07-23 16:47:54] Calculating genes COEX normalization factor elapsed time: 0.868805885314941
[2026-07-23 16:47:54] Retrieving observed genes yes/yes contingency table
[2026-07-23 16:47:54] Observed genes contingency table elapsed time: 0.0502951145172119
[2026-07-23 16:47:57] Calculate genes COEX elapsed time: 2.21490740776062
[2026-07-23 16:47:57] Total calculations elapsed time: 3.17100548744202
[2026-07-23 16:47:57] Calculate genes COEX (torch) on device cpu: DONE
[2026-07-23 16:47:57] Only genes' COEX elapsed time: 3.91276407241821
[2026-07-23 16:47:57] Dataset analysis elapsed time: 9.09860992431641
[2026-07-23 16:47:57] COTAN dataset analysis: DONE
[2026-07-23 16:47:58] Checking uniformity for the cluster '11_12-merge_13-merge' with 332 cells
[2026-07-23 16:47:58] Calculate GDI dataframe: START
[2026-07-23 16:47:58] Using S
[2026-07-23 16:47:58] Calculating S: START
[2026-07-23 16:47:59] Calculating S: DONE
[2026-07-23 16:47:59] Calculate `GDI`: START
[2026-07-23 16:47:59] Effective number of cores used: 80
[2026-07-23 16:47:59] Effective number of cores used: 80
[2026-07-23 16:47:59] Executing 7 genes batches
[2026-07-23 16:48:01] Total calculations elapsed time: 1.69283294677734
[2026-07-23 16:48:01] Calculate `GDI`: DONE
[2026-07-23 16:48:02] Total calculations elapsed time: 4.05223822593689
[2026-07-23 16:48:02] Calculate GDI dataframe: DONE
[2026-07-23 16:48:02] Clean plots: START
[2026-07-23 16:48:02] Total calculations elapsed time: 0.0231537818908691
[2026-07-23 16:48:02] Clean plots: DONE
[2026-07-23 16:48:02] GDI plot
[2026-07-23 16:48:02] Removed 0 low GDI genes (such as the fully-expressed) in GDI plot
[2026-07-23 16:48:04] Cluster 11_12-merge_13-merge, with size 332, is not uniform
[2026-07-23 16:48:04] Cluster 11_12-merge_13-merge's shift to uniformity: 0.511428932411774
[2026-07-23 16:48:04] class = SimpleGDIUniformityCheck, check.isCheckAbove = FALSE, check.GDIThreshold = 1.4, check.maxRatioBeyond = 0.01, check.maxRankBeyond = 0, check.fractionBeyond = 0.0601688411358404, check.thresholdRank = 0, check.quantileAtRatio = 1.91142893241177, check.quantileAtRank = NaN, isUniform = FALSE, clusterSize = 332
[2026-07-23 16:48:04] Clusters 11_12-merge and 13 cannot be merged
[2026-07-23 16:48:04] *[2026-07-23 16:48:04] 02_03_04-merge-merge_08-merge
[2026-07-23 16:48:04] Asked to drop 0 genes and 3114 cells
[2026-07-23 16:48:04] COTAN dataset analysis: START
[2026-07-23 16:48:04] Asked to drop 2068 genes and 0 cells
[2026-07-23 16:48:04] Genes/cells selection done: dropped [2068] genes and [0] cells
[2026-07-23 16:48:04] Working on [10779] genes and [963] cells
[2026-07-23 16:48:05] Dataset cleaning elapsed time: 0.829151153564453
[2026-07-23 16:48:05] Estimate `dispersion`: START
[2026-07-23 16:48:05] Effective number of cores used: 80
[2026-07-23 16:48:05] Executing 11 genes batches
[2026-07-23 16:48:06] Parallel dispersion Newton-Raphson: used up to 6 iterations
[2026-07-23 16:48:06] Parallel dispersion Newton-Raphson: used up to 6 iterations
[2026-07-23 16:48:06] Parallel dispersion Newton-Raphson: used up to 6 iterations
[2026-07-23 16:48:06] Parallel dispersion Newton-Raphson: used up to 6 iterations
[2026-07-23 16:48:06] Parallel dispersion Newton-Raphson: used up to 7 iterations
[2026-07-23 16:48:06] Parallel dispersion Newton-Raphson: used up to 5 iterations
[2026-07-23 16:48:07] Parallel dispersion Newton-Raphson: used up to 6 iterations
[2026-07-23 16:48:07] Parallel dispersion Newton-Raphson: used up to 6 iterations
[2026-07-23 16:48:07] Parallel dispersion Newton-Raphson: used up to 6 iterations
[2026-07-23 16:48:07] Parallel dispersion Newton-Raphson: used up to 6 iterations
[2026-07-23 16:48:07] Parallel dispersion Newton-Raphson: used up to 6 iterations
[2026-07-23 16:48:10] Total calculations elapsed time: 4.69436168670654
[2026-07-23 16:48:10] Estimate `dispersion`: DONE
[2026-07-23 16:48:10] Estimate `dispersion`: DONE
[2026-07-23 16:48:10] `dispersion` | min: -0.14766371865458 | max: 375.803312425661 | % negative: 54.8473884404861
[2026-07-23 16:48:11] Model parameter estimation elapsed time: 5.44877815246582
[2026-07-23 16:48:11] COTAN genes' COEX estimation: START
[2026-07-23 16:48:11] Effective number of cores used: 80
[2026-07-23 16:48:11] Calculate genes COEX (torch) on device cpu: START
[2026-07-23 16:48:11] Retrieving expected genes contingency table
[2026-07-23 16:48:11] Expected genes contingency table elapsed time: 0.166059970855713
[2026-07-23 16:48:11] Calculating genes COEX normalization factor
[2026-07-23 16:48:12] Calculating genes COEX normalization factor elapsed time: 1.08986163139343
[2026-07-23 16:48:12] Retrieving observed genes yes/yes contingency table
[2026-07-23 16:48:12] Observed genes contingency table elapsed time: 0.2014479637146
[2026-07-23 16:48:18] Calculate genes COEX elapsed time: 5.64612150192261
[2026-07-23 16:48:18] Total calculations elapsed time: 7.10349106788635
[2026-07-23 16:48:18] Calculate genes COEX (torch) on device cpu: DONE
[2026-07-23 16:48:19] Only genes' COEX elapsed time: 7.94850993156433
[2026-07-23 16:48:19] Dataset analysis elapsed time: 14.2264392375946
[2026-07-23 16:48:19] COTAN dataset analysis: DONE
[2026-07-23 16:48:19] Checking uniformity for the cluster '02_03_04-merge-merge_08-merge' with 963 cells
[2026-07-23 16:48:19] Calculate GDI dataframe: START
[2026-07-23 16:48:19] Using S
[2026-07-23 16:48:19] Calculating S: START
[2026-07-23 16:48:23] Calculating S: DONE
[2026-07-23 16:48:23] Calculate `GDI`: START
[2026-07-23 16:48:23] Effective number of cores used: 80
[2026-07-23 16:48:23] Effective number of cores used: 80
[2026-07-23 16:48:23] Executing 11 genes batches
[2026-07-23 16:48:26] Total calculations elapsed time: 3.55262732505798
[2026-07-23 16:48:26] Calculate `GDI`: DONE
[2026-07-23 16:48:28] Total calculations elapsed time: 8.06481194496155
[2026-07-23 16:48:28] Calculate GDI dataframe: DONE
[2026-07-23 16:48:28] Clean plots: START
[2026-07-23 16:48:28] Total calculations elapsed time: 0.0241231918334961
[2026-07-23 16:48:28] Clean plots: DONE
[2026-07-23 16:48:28] GDI plot
[2026-07-23 16:48:28] Removed 0 low GDI genes (such as the fully-expressed) in GDI plot
[2026-07-23 16:48:29] Cluster 02_03_04-merge-merge_08-merge, with size 963, is not uniform
[2026-07-23 16:48:29] Cluster 02_03_04-merge-merge_08-merge's shift to uniformity: 0.0723910863083947
[2026-07-23 16:48:29] class = SimpleGDIUniformityCheck, check.isCheckAbove = FALSE, check.GDIThreshold = 1.4, check.maxRatioBeyond = 0.01, check.maxRankBeyond = 0, check.fractionBeyond = 0.0218016513591242, check.thresholdRank = 0, check.quantileAtRatio = 1.47239108630839, check.quantileAtRank = NaN, isUniform = FALSE, clusterSize = 963
[2026-07-23 16:48:30] Clusters 02_03_04-merge-merge and 08 cannot be merged
[2026-07-23 16:48:30] No clusters will be merged
[2026-07-23 16:48:30] None of the remaining tested cluster pairs could be merged
[2026-07-23 16:48:30] Executed all merges for threshold 1.4 out of 48 checks
[2026-07-23 16:48:30] Start merging nearest clusters - the main threshold is: 1.43
[2026-07-23 16:48:30] Start merging nearest clusters: iteration 7
[2026-07-23 16:48:30] Differential Expression Analysis - START
[2026-07-23 16:48:32] *[2026-07-23 16:48:32]  DEA on cluster '-1' with 21 cells
[2026-07-23 16:48:32] *[2026-07-23 16:48:32]  DEA on cluster '01' with 703 cells
[2026-07-23 16:48:32] *[2026-07-23 16:48:32]  DEA on cluster '02_03_04-merge-merge' with 634 cells
[2026-07-23 16:48:32] *[2026-07-23 16:48:32]  DEA on cluster '05' with 572 cells
[2026-07-23 16:48:32] *[2026-07-23 16:48:32]  DEA on cluster '06' with 53 cells
[2026-07-23 16:48:32] *[2026-07-23 16:48:32]  DEA on cluster '07' with 223 cells
[2026-07-23 16:48:32] *[2026-07-23 16:48:32]  DEA on cluster '08' with 329 cells
[2026-07-23 16:48:33] *[2026-07-23 16:48:33]  DEA on cluster '09' with 269 cells
[2026-07-23 16:48:33] *[2026-07-23 16:48:33]  DEA on cluster '10' with 51 cells
[2026-07-23 16:48:33] *[2026-07-23 16:48:33]  DEA on cluster '11_12-merge' with 279 cells
[2026-07-23 16:48:33] *[2026-07-23 16:48:33]  DEA on cluster '13' with 53 cells
[2026-07-23 16:48:33] *[2026-07-23 16:48:33]  DEA on cluster '14_15-merge_17-merge' with 575 cells
[2026-07-23 16:48:33] *[2026-07-23 16:48:33]  DEA on cluster '16' with 192 cells
[2026-07-23 16:48:33] *[2026-07-23 16:48:33]  DEA on cluster '18_19-merge' with 123 cells
[2026-07-23 16:48:33] 
[2026-07-23 16:48:33] Total calculations elapsed time: 2.64173531532288
[2026-07-23 16:48:33] Differential Expression Analysis - DONE
[2026-07-23 16:48:34] Updating check results for the 48 already tested pairs to align to new checker
[2026-07-23 16:48:34] 9 new clusters pairs to be tested for merging:
c("02_03_04-merge-merge", "05") c("01", "05") c("01", "02_03_04-merge-merge") c("-1", "11_12-merge") c("10", "14_15-merge_17-merge") c("05", "07") c("07", "08") c("02_03_04-merge-merge", "07") c("06", "09")
[2026-07-23 16:48:34] *[2026-07-23 16:48:34] 02_03_04-merge-merge_05-merge
[2026-07-23 16:48:34] Asked to drop 0 genes and 2871 cells
[2026-07-23 16:48:34] COTAN dataset analysis: START
[2026-07-23 16:48:34] Asked to drop 1342 genes and 0 cells
[2026-07-23 16:48:34] Genes/cells selection done: dropped [1342] genes and [0] cells
[2026-07-23 16:48:34] Working on [11505] genes and [1206] cells
[2026-07-23 16:48:35] Dataset cleaning elapsed time: 0.7906174659729
[2026-07-23 16:48:35] Estimate `dispersion`: START
[2026-07-23 16:48:35] Effective number of cores used: 80
[2026-07-23 16:48:35] Executing 12 genes batches
[2026-07-23 16:48:48] Total calculations elapsed time: 12.8251233100891
[2026-07-23 16:48:48] Estimate `dispersion`: DONE
[2026-07-23 16:48:48] While checking cluster uniformity Error: length(dispersion) not equal to getNumGenes(objCOTAN)

[2026-07-23 16:48:48] marking pair as not mergable
[2026-07-23 16:48:49] Clusters 02_03_04-merge-merge and 05 cannot be merged
[2026-07-23 16:48:49] *[2026-07-23 16:48:49] 01_05-merge
[2026-07-23 16:48:49] Asked to drop 0 genes and 2802 cells
[2026-07-23 16:48:49] COTAN dataset analysis: START
[2026-07-23 16:48:49] Asked to drop 1446 genes and 0 cells
[2026-07-23 16:48:49] Genes/cells selection done: dropped [1446] genes and [0] cells
[2026-07-23 16:48:49] Working on [11401] genes and [1275] cells
[2026-07-23 16:48:50] Dataset cleaning elapsed time: 0.835129737854004
[2026-07-23 16:48:50] Estimate `dispersion`: START
[2026-07-23 16:48:50] Effective number of cores used: 80
[2026-07-23 16:48:50] Executing 12 genes batches
[2026-07-23 16:49:02] Total calculations elapsed time: 12.7770087718964
[2026-07-23 16:49:02] Estimate `dispersion`: DONE
[2026-07-23 16:49:02] While checking cluster uniformity Error: length(dispersion) not equal to getNumGenes(objCOTAN)

[2026-07-23 16:49:02] marking pair as not mergable
[2026-07-23 16:49:03] Clusters 01 and 05 cannot be merged
[2026-07-23 16:49:03] *[2026-07-23 16:49:03] 01_02_03_04-merge-merge-merge
[2026-07-23 16:49:03] Asked to drop 0 genes and 2740 cells
[2026-07-23 16:49:03] COTAN dataset analysis: START
[2026-07-23 16:49:03] Asked to drop 1414 genes and 0 cells
[2026-07-23 16:49:03] Genes/cells selection done: dropped [1414] genes and [0] cells
[2026-07-23 16:49:03] Working on [11433] genes and [1337] cells
[2026-07-23 16:49:04] Dataset cleaning elapsed time: 0.779936075210571
[2026-07-23 16:49:04] Estimate `dispersion`: START
[2026-07-23 16:49:04] Effective number of cores used: 80
[2026-07-23 16:49:04] Executing 12 genes batches
[2026-07-23 16:49:17] Total calculations elapsed time: 12.7998869419098
[2026-07-23 16:49:17] Estimate `dispersion`: DONE
[2026-07-23 16:49:17] While checking cluster uniformity Error: length(dispersion) not equal to getNumGenes(objCOTAN)

[2026-07-23 16:49:17] marking pair as not mergable
[2026-07-23 16:49:17] Clusters 01 and 02_03_04-merge-merge cannot be merged
[2026-07-23 16:49:17] *[2026-07-23 16:49:17] -1_11_12-merge-merge
[2026-07-23 16:49:17] Asked to drop 0 genes and 3777 cells
[2026-07-23 16:49:17] COTAN dataset analysis: START
[2026-07-23 16:49:17] Asked to drop 6322 genes and 0 cells
[2026-07-23 16:49:17] Genes/cells selection done: dropped [6322] genes and [0] cells
[2026-07-23 16:49:17] Working on [6525] genes and [300] cells
[2026-07-23 16:49:18] Dataset cleaning elapsed time: 0.739753723144531
[2026-07-23 16:49:18] Estimate `dispersion`: START
[2026-07-23 16:49:18] Effective number of cores used: 80
[2026-07-23 16:49:18] Executing 7 genes batches
[2026-07-23 16:49:18] Parallel dispersion Newton-Raphson: used up to 8 iterations
[2026-07-23 16:49:19] Parallel dispersion Newton-Raphson: used up to 8 iterations
[2026-07-23 16:49:19] Parallel dispersion Newton-Raphson: used up to 7 iterations
[2026-07-23 16:49:19] Parallel dispersion Newton-Raphson: used up to 9 iterations
[2026-07-23 16:49:19] Parallel dispersion Newton-Raphson: used up to 7 iterations
[2026-07-23 16:49:19] Parallel dispersion Newton-Raphson: used up to 8 iterations
[2026-07-23 16:49:19] Parallel dispersion Newton-Raphson: used up to 7 iterations
[2026-07-23 16:49:22] Total calculations elapsed time: 3.94669985771179
[2026-07-23 16:49:22] Estimate `dispersion`: DONE
[2026-07-23 16:49:22] Estimate `dispersion`: DONE
[2026-07-23 16:49:22] `dispersion` | min: -0.673885274297436 | max: 365.74085685902 | % negative: 64.9348659003831
[2026-07-23 16:49:23] Model parameter estimation elapsed time: 4.69993281364441
[2026-07-23 16:49:23] COTAN genes' COEX estimation: START
[2026-07-23 16:49:23] Effective number of cores used: 80
[2026-07-23 16:49:23] Calculate genes COEX (torch) on device cpu: START
[2026-07-23 16:49:23] Retrieving expected genes contingency table
[2026-07-23 16:49:23] Expected genes contingency table elapsed time: 0.0335762500762939
[2026-07-23 16:49:23] Calculating genes COEX normalization factor
[2026-07-23 16:49:24] Calculating genes COEX normalization factor elapsed time: 0.881771087646484
[2026-07-23 16:49:24] Retrieving observed genes yes/yes contingency table
[2026-07-23 16:49:24] Observed genes contingency table elapsed time: 0.0295953750610352
[2026-07-23 16:49:26] Calculate genes COEX elapsed time: 2.23529624938965
[2026-07-23 16:49:26] Total calculations elapsed time: 3.18023896217346
[2026-07-23 16:49:26] Calculate genes COEX (torch) on device cpu: DONE
[2026-07-23 16:49:27] Only genes' COEX elapsed time: 4.02795433998108
[2026-07-23 16:49:27] Dataset analysis elapsed time: 9.46764087677002
[2026-07-23 16:49:27] COTAN dataset analysis: DONE
[2026-07-23 16:49:28] Checking uniformity for the cluster '-1_11_12-merge-merge' with 300 cells
[2026-07-23 16:49:28] Calculate GDI dataframe: START
[2026-07-23 16:49:28] Using S
[2026-07-23 16:49:28] Calculating S: START
[2026-07-23 16:49:29] Calculating S: DONE
[2026-07-23 16:49:29] Calculate `GDI`: START
[2026-07-23 16:49:29] Effective number of cores used: 80
[2026-07-23 16:49:29] Effective number of cores used: 80
[2026-07-23 16:49:29] Executing 7 genes batches
[2026-07-23 16:49:30] Total calculations elapsed time: 1.7229323387146
[2026-07-23 16:49:31] Calculate `GDI`: DONE
[2026-07-23 16:49:32] Total calculations elapsed time: 3.88141202926636
[2026-07-23 16:49:32] Calculate GDI dataframe: DONE
[2026-07-23 16:49:32] Clean plots: START
[2026-07-23 16:49:32] Total calculations elapsed time: 0.0241959095001221
[2026-07-23 16:49:32] Clean plots: DONE
[2026-07-23 16:49:32] GDI plot
[2026-07-23 16:49:32] Removed 0 low GDI genes (such as the fully-expressed) in GDI plot
[2026-07-23 16:49:33] Cluster -1_11_12-merge-merge, with size 300, is not uniform
[2026-07-23 16:49:33] Cluster -1_11_12-merge-merge's shift to uniformity: 2.07024079352841
[2026-07-23 16:49:33] class = SimpleGDIUniformityCheck, check.isCheckAbove = FALSE, check.GDIThreshold = 1.43, check.maxRatioBeyond = 0.01, check.maxRankBeyond = 0, check.fractionBeyond = 0.31448275862069, check.thresholdRank = 0, check.quantileAtRatio = 3.50024079352841, check.quantileAtRank = NaN, isUniform = FALSE, clusterSize = 300
[2026-07-23 16:49:34] Clusters -1 and 11_12-merge cannot be merged
[2026-07-23 16:49:34] *[2026-07-23 16:49:34] 10_14_15-merge_17-merge-merge
[2026-07-23 16:49:34] Asked to drop 0 genes and 3451 cells
[2026-07-23 16:49:34] COTAN dataset analysis: START
[2026-07-23 16:49:34] Asked to drop 6216 genes and 0 cells
[2026-07-23 16:49:34] Genes/cells selection done: dropped [6216] genes and [0] cells
[2026-07-23 16:49:34] Working on [6631] genes and [626] cells
[2026-07-23 16:49:35] Dataset cleaning elapsed time: 0.804585218429565
[2026-07-23 16:49:35] Estimate `dispersion`: START
[2026-07-23 16:49:35] Effective number of cores used: 80
[2026-07-23 16:49:35] Executing 7 genes batches
[2026-07-23 16:49:35] Parallel dispersion Newton-Raphson: used up to 6 iterations
[2026-07-23 16:49:35] Parallel dispersion Newton-Raphson: used up to 7 iterations
[2026-07-23 16:49:35] Parallel dispersion Newton-Raphson: used up to 6 iterations
[2026-07-23 16:49:36] Parallel dispersion Newton-Raphson: used up to 10 iterations
[2026-07-23 16:49:36] Parallel dispersion Newton-Raphson: used up to 7 iterations
[2026-07-23 16:49:36] Parallel dispersion Newton-Raphson: used up to 7 iterations
[2026-07-23 16:49:36] Parallel dispersion Newton-Raphson: used up to 7 iterations
[2026-07-23 16:49:39] Total calculations elapsed time: 3.98341870307922
[2026-07-23 16:49:39] Estimate `dispersion`: DONE
[2026-07-23 16:49:39] Estimate `dispersion`: DONE
[2026-07-23 16:49:39] `dispersion` | min: -0.155029701825975 | max: 853.855563425205 | % negative: 66.6716935605489
[2026-07-23 16:49:40] Model parameter estimation elapsed time: 4.81740236282349
[2026-07-23 16:49:40] COTAN genes' COEX estimation: START
[2026-07-23 16:49:40] Effective number of cores used: 80
[2026-07-23 16:49:40] Calculate genes COEX (torch) on device cpu: START
[2026-07-23 16:49:40] Retrieving expected genes contingency table
[2026-07-23 16:49:40] Expected genes contingency table elapsed time: 0.057905912399292
[2026-07-23 16:49:40] Calculating genes COEX normalization factor
[2026-07-23 16:49:41] Calculating genes COEX normalization factor elapsed time: 0.884999752044678
[2026-07-23 16:49:41] Retrieving observed genes yes/yes contingency table
[2026-07-23 16:49:41] Observed genes contingency table elapsed time: 0.0855419635772705
[2026-07-23 16:49:43] Calculate genes COEX elapsed time: 2.2636821269989
[2026-07-23 16:49:43] Total calculations elapsed time: 3.29212975502014
[2026-07-23 16:49:43] Calculate genes COEX (torch) on device cpu: DONE
[2026-07-23 16:49:44] Only genes' COEX elapsed time: 4.04976844787598
[2026-07-23 16:49:44] Dataset analysis elapsed time: 9.67175602912903
[2026-07-23 16:49:44] COTAN dataset analysis: DONE
[2026-07-23 16:49:44] Checking uniformity for the cluster '10_14_15-merge_17-merge-merge' with 626 cells
[2026-07-23 16:49:44] Calculate GDI dataframe: START
[2026-07-23 16:49:44] Using S
[2026-07-23 16:49:44] Calculating S: START
[2026-07-23 16:49:46] Calculating S: DONE
[2026-07-23 16:49:46] Calculate `GDI`: START
[2026-07-23 16:49:46] Effective number of cores used: 80
[2026-07-23 16:49:46] Effective number of cores used: 80
[2026-07-23 16:49:46] Executing 7 genes batches
[2026-07-23 16:49:47] Total calculations elapsed time: 1.89423537254333
[2026-07-23 16:49:47] Calculate `GDI`: DONE
[2026-07-23 16:49:49] Total calculations elapsed time: 4.23489427566528
[2026-07-23 16:49:49] Calculate GDI dataframe: DONE
[2026-07-23 16:49:49] Clean plots: START
[2026-07-23 16:49:49] Total calculations elapsed time: 0.0231461524963379
[2026-07-23 16:49:49] Clean plots: DONE
[2026-07-23 16:49:49] GDI plot
[2026-07-23 16:49:49] Removed 0 low GDI genes (such as the fully-expressed) in GDI plot
[2026-07-23 16:49:50] Cluster 10_14_15-merge_17-merge-merge, with size 626, is not uniform
[2026-07-23 16:49:50] Cluster 10_14_15-merge_17-merge-merge's shift to uniformity: 0.506557674583431
[2026-07-23 16:49:50] class = SimpleGDIUniformityCheck, check.isCheckAbove = FALSE, check.GDIThreshold = 1.43, check.maxRatioBeyond = 0.01, check.maxRankBeyond = 0, check.fractionBeyond = 0.0576082038908159, check.thresholdRank = 0, check.quantileAtRatio = 1.93655767458343, check.quantileAtRank = NaN, isUniform = FALSE, clusterSize = 626
[2026-07-23 16:49:51] Clusters 10 and 14_15-merge_17-merge cannot be merged
[2026-07-23 16:49:51] *[2026-07-23 16:49:51] 05_07-merge
[2026-07-23 16:49:51] Asked to drop 0 genes and 3282 cells
[2026-07-23 16:49:51] COTAN dataset analysis: START
[2026-07-23 16:49:51] Asked to drop 1379 genes and 0 cells
[2026-07-23 16:49:51] Genes/cells selection done: dropped [1379] genes and [0] cells
[2026-07-23 16:49:51] Working on [11468] genes and [795] cells
[2026-07-23 16:49:52] Dataset cleaning elapsed time: 0.844964265823364
[2026-07-23 16:49:52] Estimate `dispersion`: START
[2026-07-23 16:49:52] Effective number of cores used: 80
[2026-07-23 16:49:52] Executing 12 genes batches
[2026-07-23 16:49:52] Parallel dispersion Newton-Raphson: used up to 6 iterations
[2026-07-23 16:49:53] Parallel dispersion Newton-Raphson: used up to 7 iterations
[2026-07-23 16:49:53] Parallel dispersion Newton-Raphson: used up to 6 iterations
[2026-07-23 16:49:53] Parallel dispersion Newton-Raphson: used up to 7 iterations
[2026-07-23 16:49:53] Parallel dispersion Newton-Raphson: used up to 6 iterations
[2026-07-23 16:49:53] Parallel dispersion Newton-Raphson: used up to 6 iterations
[2026-07-23 16:49:53] Parallel dispersion Newton-Raphson: used up to 6 iterations
[2026-07-23 16:49:53] Parallel dispersion Newton-Raphson: used up to 6 iterations
[2026-07-23 16:49:53] Parallel dispersion Newton-Raphson: used up to 6 iterations
[2026-07-23 16:49:53] Parallel dispersion Newton-Raphson: used up to 6 iterations
[2026-07-23 16:49:54] Parallel dispersion Newton-Raphson: used up to 5 iterations
[2026-07-23 16:49:54] Parallel dispersion Newton-Raphson: used up to 7 iterations
[2026-07-23 16:49:57] Total calculations elapsed time: 4.79108715057373
[2026-07-23 16:49:57] Estimate `dispersion`: DONE
[2026-07-23 16:49:57] Estimate `dispersion`: DONE
[2026-07-23 16:49:57] `dispersion` | min: -0.213437588150977 | max: 556.827481552422 | % negative: 55.0837111963725
[2026-07-23 16:49:58] Model parameter estimation elapsed time: 5.64697289466858
[2026-07-23 16:49:58] COTAN genes' COEX estimation: START
[2026-07-23 16:49:58] Effective number of cores used: 80
[2026-07-23 16:49:58] Calculate genes COEX (torch) on device cpu: START
[2026-07-23 16:49:58] Retrieving expected genes contingency table
[2026-07-23 16:49:58] Expected genes contingency table elapsed time: 0.15660548210144
[2026-07-23 16:49:58] Calculating genes COEX normalization factor
[2026-07-23 16:49:59] Calculating genes COEX normalization factor elapsed time: 1.16405415534973
[2026-07-23 16:49:59] Retrieving observed genes yes/yes contingency table
[2026-07-23 16:49:59] Observed genes contingency table elapsed time: 0.251997470855713
[2026-07-23 16:50:05] Calculate genes COEX elapsed time: 6.22889614105225
[2026-07-23 16:50:05] Total calculations elapsed time: 7.80155324935913
[2026-07-23 16:50:05] Calculate genes COEX (torch) on device cpu: DONE
[2026-07-23 16:50:06] Only genes' COEX elapsed time: 8.54321432113647
[2026-07-23 16:50:06] Dataset analysis elapsed time: 15.0351514816284
[2026-07-23 16:50:06] COTAN dataset analysis: DONE
[2026-07-23 16:50:07] Checking uniformity for the cluster '05_07-merge' with 795 cells
[2026-07-23 16:50:07] Calculate GDI dataframe: START
[2026-07-23 16:50:07] Using S
[2026-07-23 16:50:07] Calculating S: START
[2026-07-23 16:50:11] Calculating S: DONE
[2026-07-23 16:50:11] Calculate `GDI`: START
[2026-07-23 16:50:11] Effective number of cores used: 80
[2026-07-23 16:50:11] Effective number of cores used: 80
[2026-07-23 16:50:11] Executing 12 genes batches
[2026-07-23 16:50:14] Total calculations elapsed time: 3.04094219207764
[2026-07-23 16:50:14] Calculate `GDI`: DONE
[2026-07-23 16:50:15] Total calculations elapsed time: 8.13989591598511
[2026-07-23 16:50:15] Calculate GDI dataframe: DONE
[2026-07-23 16:50:15] Clean plots: START
[2026-07-23 16:50:15] Total calculations elapsed time: 0.0249648094177246
[2026-07-23 16:50:15] Clean plots: DONE
[2026-07-23 16:50:15] GDI plot
[2026-07-23 16:50:15] Removed 0 low GDI genes (such as the fully-expressed) in GDI plot
[2026-07-23 16:50:17] Cluster 05_07-merge, with size 795, is uniform
[2026-07-23 16:50:17] Cluster 05_07-merge's shift to uniformity: -0.00631109556412546
[2026-07-23 16:50:17] class = SimpleGDIUniformityCheck, check.isCheckAbove = FALSE, check.GDIThreshold = 1.43, check.maxRatioBeyond = 0.01, check.maxRankBeyond = 0, check.fractionBeyond = 0.00915591210324381, check.thresholdRank = 0, check.quantileAtRatio = 1.42368890443587, check.quantileAtRank = NaN, isUniform = TRUE, clusterSize = 795
[2026-07-23 16:50:17] Clusters 05 and 07 can be merged
[2026-07-23 16:50:17] *[2026-07-23 16:50:17] 07_08-merge
[2026-07-23 16:50:17] Asked to drop 0 genes and 3525 cells
[2026-07-23 16:50:17] COTAN dataset analysis: START
[2026-07-23 16:50:17] Asked to drop 4379 genes and 0 cells
[2026-07-23 16:50:17] Genes/cells selection done: dropped [4379] genes and [0] cells
[2026-07-23 16:50:17] Working on [8468] genes and [552] cells
[2026-07-23 16:50:18] Dataset cleaning elapsed time: 0.805349826812744
[2026-07-23 16:50:18] Estimate `dispersion`: START
[2026-07-23 16:50:18] Effective number of cores used: 80
[2026-07-23 16:50:18] Executing 9 genes batches
[2026-07-23 16:50:19] Parallel dispersion Newton-Raphson: used up to 6 iterations
[2026-07-23 16:50:19] Parallel dispersion Newton-Raphson: used up to 6 iterations
[2026-07-23 16:50:19] Parallel dispersion Newton-Raphson: used up to 6 iterations
[2026-07-23 16:50:19] Parallel dispersion Newton-Raphson: used up to 6 iterations
[2026-07-23 16:50:19] Parallel dispersion Newton-Raphson: used up to 6 iterations
[2026-07-23 16:50:19] Parallel dispersion Newton-Raphson: used up to 6 iterations
[2026-07-23 16:50:19] Parallel dispersion Newton-Raphson: used up to 5 iterations
[2026-07-23 16:50:20] Parallel dispersion Newton-Raphson: used up to 5 iterations
[2026-07-23 16:50:20] Parallel dispersion Newton-Raphson: used up to 6 iterations
[2026-07-23 16:50:23] Total calculations elapsed time: 4.34693455696106
[2026-07-23 16:50:23] Estimate `dispersion`: DONE
[2026-07-23 16:50:23] Estimate `dispersion`: DONE
[2026-07-23 16:50:23] `dispersion` | min: -0.129098142983249 | max: 259.924476794703 | % negative: 64.3127066603684
[2026-07-23 16:50:23] Model parameter estimation elapsed time: 5.11641883850098
[2026-07-23 16:50:23] COTAN genes' COEX estimation: START
[2026-07-23 16:50:23] Effective number of cores used: 80
[2026-07-23 16:50:23] Calculate genes COEX (torch) on device cpu: START
[2026-07-23 16:50:23] Retrieving expected genes contingency table
[2026-07-23 16:50:23] Expected genes contingency table elapsed time: 0.0776660442352295
[2026-07-23 16:50:23] Calculating genes COEX normalization factor
[2026-07-23 16:50:24] Calculating genes COEX normalization factor elapsed time: 0.976821184158325
[2026-07-23 16:50:24] Retrieving observed genes yes/yes contingency table
[2026-07-23 16:50:24] Observed genes contingency table elapsed time: 0.0876147747039795
[2026-07-23 16:50:28] Calculate genes COEX elapsed time: 3.50184488296509
[2026-07-23 16:50:28] Total calculations elapsed time: 4.64394688606262
[2026-07-23 16:50:28] Calculate genes COEX (torch) on device cpu: DONE
[2026-07-23 16:50:29] Only genes' COEX elapsed time: 5.43611645698547
[2026-07-23 16:50:29] Dataset analysis elapsed time: 11.3578851222992
[2026-07-23 16:50:29] COTAN dataset analysis: DONE
[2026-07-23 16:50:30] Checking uniformity for the cluster '07_08-merge' with 552 cells
[2026-07-23 16:50:30] Calculate GDI dataframe: START
[2026-07-23 16:50:30] Using S
[2026-07-23 16:50:30] Calculating S: START
[2026-07-23 16:50:31] Calculating S: DONE
[2026-07-23 16:50:31] Calculate `GDI`: START
[2026-07-23 16:50:31] Effective number of cores used: 80
[2026-07-23 16:50:31] Effective number of cores used: 80
[2026-07-23 16:50:31] Executing 9 genes batches
[2026-07-23 16:50:34] Total calculations elapsed time: 2.51436448097229
[2026-07-23 16:50:34] Calculate `GDI`: DONE
[2026-07-23 16:50:36] Total calculations elapsed time: 6.21596503257751
[2026-07-23 16:50:36] Calculate GDI dataframe: DONE
[2026-07-23 16:50:36] Clean plots: START
[2026-07-23 16:50:36] Total calculations elapsed time: 0.0263042449951172
[2026-07-23 16:50:36] Clean plots: DONE
[2026-07-23 16:50:36] GDI plot
[2026-07-23 16:50:36] Removed 0 low GDI genes (such as the fully-expressed) in GDI plot
[2026-07-23 16:50:38] Cluster 07_08-merge, with size 552, is uniform
[2026-07-23 16:50:38] Cluster 07_08-merge's shift to uniformity: -0.0653869057478811
[2026-07-23 16:50:38] class = SimpleGDIUniformityCheck, check.isCheckAbove = FALSE, check.GDIThreshold = 1.43, check.maxRatioBeyond = 0.01, check.maxRankBeyond = 0, check.fractionBeyond = 0.00507794048181389, check.thresholdRank = 0, check.quantileAtRatio = 1.36461309425212, check.quantileAtRank = NaN, isUniform = TRUE, clusterSize = 552
[2026-07-23 16:50:39] Clusters 07 and 08 can be merged
[2026-07-23 16:50:39] *[2026-07-23 16:50:39] 02_03_04-merge-merge_07-merge
[2026-07-23 16:50:39] Asked to drop 0 genes and 3220 cells
[2026-07-23 16:50:39] COTAN dataset analysis: START
[2026-07-23 16:50:39] Asked to drop 2196 genes and 0 cells
[2026-07-23 16:50:39] Genes/cells selection done: dropped [2196] genes and [0] cells
[2026-07-23 16:50:39] Working on [10651] genes and [857] cells
[2026-07-23 16:50:39] Dataset cleaning elapsed time: 0.830599308013916
[2026-07-23 16:50:39] Estimate `dispersion`: START
[2026-07-23 16:50:39] Effective number of cores used: 80
[2026-07-23 16:50:39] Executing 11 genes batches
[2026-07-23 16:50:40] Parallel dispersion Newton-Raphson: used up to 6 iterations
[2026-07-23 16:50:40] Parallel dispersion Newton-Raphson: used up to 6 iterations
[2026-07-23 16:50:40] Parallel dispersion Newton-Raphson: used up to 6 iterations
[2026-07-23 16:50:40] Parallel dispersion Newton-Raphson: used up to 6 iterations
[2026-07-23 16:50:40] Parallel dispersion Newton-Raphson: used up to 6 iterations
[2026-07-23 16:50:40] Parallel dispersion Newton-Raphson: used up to 6 iterations
[2026-07-23 16:50:41] Parallel dispersion Newton-Raphson: used up to 6 iterations
[2026-07-23 16:50:41] Parallel dispersion Newton-Raphson: used up to 6 iterations
[2026-07-23 16:50:41] Parallel dispersion Newton-Raphson: used up to 6 iterations
[2026-07-23 16:50:41] Parallel dispersion Newton-Raphson: used up to 5 iterations
[2026-07-23 16:50:41] Parallel dispersion Newton-Raphson: used up to 7 iterations
[2026-07-23 16:50:44] Total calculations elapsed time: 4.73356008529663
[2026-07-23 16:50:44] Estimate `dispersion`: DONE
[2026-07-23 16:50:44] Estimate `dispersion`: DONE
[2026-07-23 16:50:44] `dispersion` | min: -0.153525000823847 | max: 435.532160035172 | % negative: 53.9855412637311
[2026-07-23 16:50:45] Model parameter estimation elapsed time: 5.52393984794617
[2026-07-23 16:50:45] COTAN genes' COEX estimation: START
[2026-07-23 16:50:45] Effective number of cores used: 80
[2026-07-23 16:50:45] Calculate genes COEX (torch) on device cpu: START
[2026-07-23 16:50:45] Retrieving expected genes contingency table
[2026-07-23 16:50:45] Expected genes contingency table elapsed time: 0.12794303894043
[2026-07-23 16:50:45] Calculating genes COEX normalization factor
[2026-07-23 16:50:46] Calculating genes COEX normalization factor elapsed time: 1.06509637832642
[2026-07-23 16:50:46] Retrieving observed genes yes/yes contingency table
[2026-07-23 16:50:46] Observed genes contingency table elapsed time: 0.146194458007812
[2026-07-23 16:50:52] Calculate genes COEX elapsed time: 5.40148758888245
[2026-07-23 16:50:52] Total calculations elapsed time: 6.7407214641571
[2026-07-23 16:50:52] Calculate genes COEX (torch) on device cpu: DONE
[2026-07-23 16:50:52] Only genes' COEX elapsed time: 7.51772141456604
[2026-07-23 16:50:52] Dataset analysis elapsed time: 13.8722605705261
[2026-07-23 16:50:52] COTAN dataset analysis: DONE
[2026-07-23 16:50:53] Checking uniformity for the cluster '02_03_04-merge-merge_07-merge' with 857 cells
[2026-07-23 16:50:53] Calculate GDI dataframe: START
[2026-07-23 16:50:53] Using S
[2026-07-23 16:50:53] Calculating S: START
[2026-07-23 16:50:56] Calculating S: DONE
[2026-07-23 16:50:56] Calculate `GDI`: START
[2026-07-23 16:50:56] Effective number of cores used: 80
[2026-07-23 16:50:56] Effective number of cores used: 80
[2026-07-23 16:50:56] Executing 11 genes batches
[2026-07-23 16:51:00] Total calculations elapsed time: 3.62777018547058
[2026-07-23 16:51:00] Calculate `GDI`: DONE
[2026-07-23 16:51:01] Total calculations elapsed time: 8.22198748588562
[2026-07-23 16:51:01] Calculate GDI dataframe: DONE
[2026-07-23 16:51:01] Clean plots: START
[2026-07-23 16:51:01] Total calculations elapsed time: 0.0254395008087158
[2026-07-23 16:51:01] Clean plots: DONE
[2026-07-23 16:51:01] GDI plot
[2026-07-23 16:51:01] Removed 0 low GDI genes (such as the fully-expressed) in GDI plot
[2026-07-23 16:51:03] Cluster 02_03_04-merge-merge_07-merge, with size 857, is not uniform
[2026-07-23 16:51:03] Cluster 02_03_04-merge-merge_07-merge's shift to uniformity: 0.000889625155042095
[2026-07-23 16:51:03] class = SimpleGDIUniformityCheck, check.isCheckAbove = FALSE, check.GDIThreshold = 1.43, check.maxRatioBeyond = 0.01, check.maxRankBeyond = 0, check.fractionBeyond = 0.0101398929677965, check.thresholdRank = 0, check.quantileAtRatio = 1.43088962515504, check.quantileAtRank = NaN, isUniform = FALSE, clusterSize = 857
[2026-07-23 16:51:04] Clusters 02_03_04-merge-merge and 07 cannot be merged
[2026-07-23 16:51:04] *[2026-07-23 16:51:04] 06_09-merge
[2026-07-23 16:51:04] Asked to drop 0 genes and 3755 cells
[2026-07-23 16:51:04] COTAN dataset analysis: START
[2026-07-23 16:51:04] Asked to drop 2064 genes and 0 cells
[2026-07-23 16:51:04] Genes/cells selection done: dropped [2064] genes and [0] cells
[2026-07-23 16:51:04] Working on [10783] genes and [322] cells
[2026-07-23 16:51:05] Dataset cleaning elapsed time: 0.809984922409058
[2026-07-23 16:51:05] Estimate `dispersion`: START
[2026-07-23 16:51:05] Effective number of cores used: 80
[2026-07-23 16:51:05] Executing 11 genes batches
[2026-07-23 16:51:05] Parallel dispersion Newton-Raphson: used up to 6 iterations
[2026-07-23 16:51:05] Parallel dispersion Newton-Raphson: used up to 6 iterations
[2026-07-23 16:51:05] Parallel dispersion Newton-Raphson: used up to 7 iterations
[2026-07-23 16:51:05] Parallel dispersion Newton-Raphson: used up to 6 iterations
[2026-07-23 16:51:06] Parallel dispersion Newton-Raphson: used up to 6 iterations
[2026-07-23 16:51:06] Parallel dispersion Newton-Raphson: used up to 6 iterations
[2026-07-23 16:51:06] Parallel dispersion Newton-Raphson: used up to 6 iterations
[2026-07-23 16:51:06] Parallel dispersion Newton-Raphson: used up to 7 iterations
[2026-07-23 16:51:06] Parallel dispersion Newton-Raphson: used up to 6 iterations
[2026-07-23 16:51:06] Parallel dispersion Newton-Raphson: used up to 6 iterations
[2026-07-23 16:51:06] Parallel dispersion Newton-Raphson: used up to 7 iterations
[2026-07-23 16:51:09] Total calculations elapsed time: 4.23532509803772
[2026-07-23 16:51:09] Estimate `dispersion`: DONE
[2026-07-23 16:51:09] Estimate `dispersion`: DONE
[2026-07-23 16:51:09] `dispersion` | min: -0.232472205949859 | max: 308.603465970266 | % negative: 60.6324770472039
[2026-07-23 16:51:10] Model parameter estimation elapsed time: 5.04640078544617
[2026-07-23 16:51:10] COTAN genes' COEX estimation: START
[2026-07-23 16:51:10] Effective number of cores used: 80
[2026-07-23 16:51:10] Calculate genes COEX (torch) on device cpu: START
[2026-07-23 16:51:10] Retrieving expected genes contingency table
[2026-07-23 16:51:10] Expected genes contingency table elapsed time: 0.0645549297332764
[2026-07-23 16:51:10] Calculating genes COEX normalization factor
[2026-07-23 16:51:11] Calculating genes COEX normalization factor elapsed time: 1.06258702278137
[2026-07-23 16:51:11] Retrieving observed genes yes/yes contingency table
[2026-07-23 16:51:11] Observed genes contingency table elapsed time: 0.0765707492828369
[2026-07-23 16:51:17] Calculate genes COEX elapsed time: 5.51934719085693
[2026-07-23 16:51:17] Total calculations elapsed time: 6.72305989265442
[2026-07-23 16:51:17] Calculate genes COEX (torch) on device cpu: DONE
[2026-07-23 16:51:17] Only genes' COEX elapsed time: 7.47901630401611
[2026-07-23 16:51:17] Dataset analysis elapsed time: 13.3354020118713
[2026-07-23 16:51:17] COTAN dataset analysis: DONE
[2026-07-23 16:51:18] Checking uniformity for the cluster '06_09-merge' with 322 cells
[2026-07-23 16:51:18] Calculate GDI dataframe: START
[2026-07-23 16:51:18] Using S
[2026-07-23 16:51:18] Calculating S: START
[2026-07-23 16:51:21] Calculating S: DONE
[2026-07-23 16:51:21] Calculate `GDI`: START
[2026-07-23 16:51:21] Effective number of cores used: 80
[2026-07-23 16:51:21] Effective number of cores used: 80
[2026-07-23 16:51:21] Executing 11 genes batches
[2026-07-23 16:51:24] Total calculations elapsed time: 2.79252696037292
[2026-07-23 16:51:24] Calculate `GDI`: DONE
[2026-07-23 16:51:25] Total calculations elapsed time: 7.32392978668213
[2026-07-23 16:51:25] Calculate GDI dataframe: DONE
[2026-07-23 16:51:25] Clean plots: START
[2026-07-23 16:51:25] Total calculations elapsed time: 0.0234167575836182
[2026-07-23 16:51:25] Clean plots: DONE
[2026-07-23 16:51:25] GDI plot
[2026-07-23 16:51:25] Removed 0 low GDI genes (such as the fully-expressed) in GDI plot
[2026-07-23 16:51:27] Cluster 06_09-merge, with size 322, is not uniform
[2026-07-23 16:51:27] Cluster 06_09-merge's shift to uniformity: 0.334561062452218
[2026-07-23 16:51:27] class = SimpleGDIUniformityCheck, check.isCheckAbove = FALSE, check.GDIThreshold = 1.43, check.maxRatioBeyond = 0.01, check.maxRankBeyond = 0, check.fractionBeyond = 0.0580543448020032, check.thresholdRank = 0, check.quantileAtRatio = 1.76456106245222, check.quantileAtRank = NaN, isUniform = FALSE, clusterSize = 322
[2026-07-23 16:51:28] Clusters 06 and 09 cannot be merged
[2026-07-23 16:51:28] Clusters 07 and 08 will be merged
[2026-07-23 16:51:28] One or both of the clusters ,  is no more in the clusterization
[2026-07-23 16:51:28] One or both of the clusters ,  is no more in the clusterization
[2026-07-23 16:51:28] Executed 1 merges
[2026-07-23 16:51:28] Loop calculations elapsed time: 177.765065908432
[2026-07-23 16:51:28] Start merging nearest clusters: iteration 8
[2026-07-23 16:51:28] Differential Expression Analysis - START
[2026-07-23 16:51:30] *[2026-07-23 16:51:30]  DEA on cluster '-1' with 21 cells
[2026-07-23 16:51:30] *[2026-07-23 16:51:30]  DEA on cluster '01' with 703 cells
[2026-07-23 16:51:30] *[2026-07-23 16:51:30]  DEA on cluster '02_03_04-merge-merge' with 634 cells
[2026-07-23 16:51:30] *[2026-07-23 16:51:30]  DEA on cluster '05' with 572 cells
[2026-07-23 16:51:30] *[2026-07-23 16:51:30]  DEA on cluster '06' with 53 cells
[2026-07-23 16:51:30] *[2026-07-23 16:51:30]  DEA on cluster '07_08-merge' with 552 cells
[2026-07-23 16:51:30] *[2026-07-23 16:51:30]  DEA on cluster '09' with 269 cells
[2026-07-23 16:51:30] *[2026-07-23 16:51:30]  DEA on cluster '10' with 51 cells
[2026-07-23 16:51:30] *[2026-07-23 16:51:30]  DEA on cluster '11_12-merge' with 279 cells
[2026-07-23 16:51:30] *[2026-07-23 16:51:30]  DEA on cluster '13' with 53 cells
[2026-07-23 16:51:30] *[2026-07-23 16:51:30]  DEA on cluster '14_15-merge_17-merge' with 575 cells
[2026-07-23 16:51:30] *[2026-07-23 16:51:30]  DEA on cluster '16' with 192 cells
[2026-07-23 16:51:31] *[2026-07-23 16:51:31]  DEA on cluster '18_19-merge' with 123 cells
[2026-07-23 16:51:31] 
[2026-07-23 16:51:31] Total calculations elapsed time: 2.61189842224121
[2026-07-23 16:51:31] Differential Expression Analysis - DONE
[2026-07-23 16:51:32] Updating check results for the 54 already tested pairs to align to new checker
[2026-07-23 16:51:32] 9 new clusters pairs to be tested for merging:
c("02_03_04-merge-merge", "05") c("01", "05") c("01", "02_03_04-merge-merge") c("07_08-merge", "09") c("02_03_04-merge-merge", "07_08-merge") c("05", "07_08-merge") c("-1", "10") c("10", "13") c("10", "16")
[2026-07-23 16:51:32] *[2026-07-23 16:51:32] 02_03_04-merge-merge_05-merge
[2026-07-23 16:51:32] Asked to drop 0 genes and 2871 cells
[2026-07-23 16:51:32] COTAN dataset analysis: START
[2026-07-23 16:51:32] Asked to drop 1342 genes and 0 cells
[2026-07-23 16:51:32] Genes/cells selection done: dropped [1342] genes and [0] cells
[2026-07-23 16:51:32] Working on [11505] genes and [1206] cells
[2026-07-23 16:51:33] Dataset cleaning elapsed time: 0.78567099571228
[2026-07-23 16:51:33] Estimate `dispersion`: START
[2026-07-23 16:51:33] Effective number of cores used: 80
[2026-07-23 16:51:33] Executing 12 genes batches
[2026-07-23 16:51:46] Total calculations elapsed time: 12.8246150016785
[2026-07-23 16:51:46] Estimate `dispersion`: DONE
[2026-07-23 16:51:46] While checking cluster uniformity Error: length(dispersion) not equal to getNumGenes(objCOTAN)

[2026-07-23 16:51:46] marking pair as not mergable
[2026-07-23 16:51:46] Clusters 02_03_04-merge-merge and 05 cannot be merged
[2026-07-23 16:51:46] *[2026-07-23 16:51:46] 01_05-merge
[2026-07-23 16:51:46] Asked to drop 0 genes and 2802 cells
[2026-07-23 16:51:46] COTAN dataset analysis: START
[2026-07-23 16:51:46] Asked to drop 1446 genes and 0 cells
[2026-07-23 16:51:46] Genes/cells selection done: dropped [1446] genes and [0] cells
[2026-07-23 16:51:46] Working on [11401] genes and [1275] cells
[2026-07-23 16:51:47] Dataset cleaning elapsed time: 0.78504753112793
[2026-07-23 16:51:47] Estimate `dispersion`: START
[2026-07-23 16:51:47] Effective number of cores used: 80
[2026-07-23 16:51:47] Executing 12 genes batches
[2026-07-23 16:52:00] Total calculations elapsed time: 12.8086185455322
[2026-07-23 16:52:00] Estimate `dispersion`: DONE
[2026-07-23 16:52:00] While checking cluster uniformity Error: length(dispersion) not equal to getNumGenes(objCOTAN)

[2026-07-23 16:52:00] marking pair as not mergable
[2026-07-23 16:52:01] Clusters 01 and 05 cannot be merged
[2026-07-23 16:52:01] *[2026-07-23 16:52:01] 01_02_03_04-merge-merge-merge
[2026-07-23 16:52:01] Asked to drop 0 genes and 2740 cells
[2026-07-23 16:52:01] COTAN dataset analysis: START
[2026-07-23 16:52:01] Asked to drop 1414 genes and 0 cells
[2026-07-23 16:52:01] Genes/cells selection done: dropped [1414] genes and [0] cells
[2026-07-23 16:52:01] Working on [11433] genes and [1337] cells
[2026-07-23 16:52:02] Dataset cleaning elapsed time: 0.796311140060425
[2026-07-23 16:52:02] Estimate `dispersion`: START
[2026-07-23 16:52:02] Effective number of cores used: 80
[2026-07-23 16:52:02] Executing 12 genes batches
[2026-07-23 16:52:14] Total calculations elapsed time: 12.7958962917328
[2026-07-23 16:52:14] Estimate `dispersion`: DONE
[2026-07-23 16:52:14] While checking cluster uniformity Error: length(dispersion) not equal to getNumGenes(objCOTAN)

[2026-07-23 16:52:14] marking pair as not mergable
[2026-07-23 16:52:15] Clusters 01 and 02_03_04-merge-merge cannot be merged
[2026-07-23 16:52:15] *[2026-07-23 16:52:15] 07_08-merge_09-merge
[2026-07-23 16:52:15] Asked to drop 0 genes and 3256 cells
[2026-07-23 16:52:15] COTAN dataset analysis: START
[2026-07-23 16:52:15] Asked to drop 2170 genes and 0 cells
[2026-07-23 16:52:15] Genes/cells selection done: dropped [2170] genes and [0] cells
[2026-07-23 16:52:15] Working on [10677] genes and [821] cells
[2026-07-23 16:52:16] Dataset cleaning elapsed time: 0.761917352676392
[2026-07-23 16:52:16] Estimate `dispersion`: START
[2026-07-23 16:52:16] Effective number of cores used: 80
[2026-07-23 16:52:16] Executing 11 genes batches
[2026-07-23 16:52:16] Parallel dispersion Newton-Raphson: used up to 6 iterations
[2026-07-23 16:52:16] Parallel dispersion Newton-Raphson: used up to 6 iterations
[2026-07-23 16:52:17] Parallel dispersion Newton-Raphson: used up to 6 iterations
[2026-07-23 16:52:17] Parallel dispersion Newton-Raphson: used up to 6 iterations
[2026-07-23 16:52:17] Parallel dispersion Newton-Raphson: used up to 6 iterations
[2026-07-23 16:52:17] Parallel dispersion Newton-Raphson: used up to 6 iterations
[2026-07-23 16:52:17] Parallel dispersion Newton-Raphson: used up to 6 iterations
[2026-07-23 16:52:17] Parallel dispersion Newton-Raphson: used up to 7 iterations
[2026-07-23 16:52:17] Parallel dispersion Newton-Raphson: used up to 5 iterations
[2026-07-23 16:52:18] Parallel dispersion Newton-Raphson: used up to 6 iterations
[2026-07-23 16:52:18] Parallel dispersion Newton-Raphson: used up to 6 iterations
[2026-07-23 16:52:20] Total calculations elapsed time: 4.31556105613708
[2026-07-23 16:52:20] Estimate `dispersion`: DONE
[2026-07-23 16:52:20] Estimate `dispersion`: DONE
[2026-07-23 16:52:20] `dispersion` | min: -0.162330312246562 | max: 452.055013028706 | % negative: 58.5745059473635
[2026-07-23 16:52:21] Model parameter estimation elapsed time: 5.0557587146759
[2026-07-23 16:52:21] COTAN genes' COEX estimation: START
[2026-07-23 16:52:21] Effective number of cores used: 80
[2026-07-23 16:52:21] Calculate genes COEX (torch) on device cpu: START
[2026-07-23 16:52:21] Retrieving expected genes contingency table
[2026-07-23 16:52:21] Expected genes contingency table elapsed time: 0.110346555709839
[2026-07-23 16:52:21] Calculating genes COEX normalization factor
[2026-07-23 16:52:22] Calculating genes COEX normalization factor elapsed time: 1.06176376342773
[2026-07-23 16:52:22] Retrieving observed genes yes/yes contingency table
[2026-07-23 16:52:22] Observed genes contingency table elapsed time: 0.153605699539185
[2026-07-23 16:52:27] Calculate genes COEX elapsed time: 5.17650771141052
[2026-07-23 16:52:27] Total calculations elapsed time: 6.50222373008728
[2026-07-23 16:52:27] Calculate genes COEX (torch) on device cpu: DONE
[2026-07-23 16:52:28] Only genes' COEX elapsed time: 7.24177765846252
[2026-07-23 16:52:28] Dataset analysis elapsed time: 13.0594537258148
[2026-07-23 16:52:28] COTAN dataset analysis: DONE
[2026-07-23 16:52:29] Checking uniformity for the cluster '07_08-merge_09-merge' with 821 cells
[2026-07-23 16:52:29] Calculate GDI dataframe: START
[2026-07-23 16:52:29] Using S
[2026-07-23 16:52:29] Calculating S: START
[2026-07-23 16:52:32] Calculating S: DONE
[2026-07-23 16:52:32] Calculate `GDI`: START
[2026-07-23 16:52:32] Effective number of cores used: 80
[2026-07-23 16:52:32] Effective number of cores used: 80
[2026-07-23 16:52:32] Executing 11 genes batches
[2026-07-23 16:52:35] Total calculations elapsed time: 2.80372595787048
[2026-07-23 16:52:35] Calculate `GDI`: DONE
[2026-07-23 16:52:36] Total calculations elapsed time: 7.05188465118408
[2026-07-23 16:52:36] Calculate GDI dataframe: DONE
[2026-07-23 16:52:36] Clean plots: START
[2026-07-23 16:52:36] Total calculations elapsed time: 0.0232067108154297
[2026-07-23 16:52:36] Clean plots: DONE
[2026-07-23 16:52:36] GDI plot
[2026-07-23 16:52:36] Removed 0 low GDI genes (such as the fully-expressed) in GDI plot
[2026-07-23 16:52:37] Cluster 07_08-merge_09-merge, with size 821, is not uniform
[2026-07-23 16:52:37] Cluster 07_08-merge_09-merge's shift to uniformity: 0.00891488690995534
[2026-07-23 16:52:37] class = SimpleGDIUniformityCheck, check.isCheckAbove = FALSE, check.GDIThreshold = 1.43, check.maxRatioBeyond = 0.01, check.maxRankBeyond = 0, check.fractionBeyond = 0.0106771565046361, check.thresholdRank = 0, check.quantileAtRatio = 1.43891488690996, check.quantileAtRank = NaN, isUniform = FALSE, clusterSize = 821
[2026-07-23 16:52:38] Clusters 07_08-merge and 09 cannot be merged
[2026-07-23 16:52:38] *[2026-07-23 16:52:38] 02_03_04-merge-merge_07_08-merge-merge
[2026-07-23 16:52:38] Asked to drop 0 genes and 2891 cells
[2026-07-23 16:52:38] COTAN dataset analysis: START
[2026-07-23 16:52:38] Asked to drop 2208 genes and 0 cells
[2026-07-23 16:52:38] Genes/cells selection done: dropped [2208] genes and [0] cells
[2026-07-23 16:52:38] Working on [10639] genes and [1186] cells
[2026-07-23 16:52:39] Dataset cleaning elapsed time: 0.884983539581299
[2026-07-23 16:52:39] Estimate `dispersion`: START
[2026-07-23 16:52:39] Effective number of cores used: 80
[2026-07-23 16:52:39] Executing 11 genes batches
[2026-07-23 16:52:52] Total calculations elapsed time: 12.8727157115936
[2026-07-23 16:52:52] Estimate `dispersion`: DONE
[2026-07-23 16:52:52] While checking cluster uniformity Error: length(dispersion) not equal to getNumGenes(objCOTAN)

[2026-07-23 16:52:52] marking pair as not mergable
[2026-07-23 16:52:53] Clusters 02_03_04-merge-merge and 07_08-merge cannot be merged
[2026-07-23 16:52:53] *[2026-07-23 16:52:53] 05_07_08-merge-merge
[2026-07-23 16:52:53] Asked to drop 0 genes and 2953 cells
[2026-07-23 16:52:53] COTAN dataset analysis: START
[2026-07-23 16:52:53] Asked to drop 1463 genes and 0 cells
[2026-07-23 16:52:53] Genes/cells selection done: dropped [1463] genes and [0] cells
[2026-07-23 16:52:53] Working on [11384] genes and [1124] cells
[2026-07-23 16:52:54] Dataset cleaning elapsed time: 0.813066959381104
[2026-07-23 16:52:54] Estimate `dispersion`: START
[2026-07-23 16:52:54] Effective number of cores used: 80
[2026-07-23 16:52:54] Executing 12 genes batches
[2026-07-23 16:53:07] Total calculations elapsed time: 12.8101387023926
[2026-07-23 16:53:07] Estimate `dispersion`: DONE
[2026-07-23 16:53:07] While checking cluster uniformity Error: length(dispersion) not equal to getNumGenes(objCOTAN)

[2026-07-23 16:53:07] marking pair as not mergable
[2026-07-23 16:53:07] Clusters 05 and 07_08-merge cannot be merged
[2026-07-23 16:53:07] *[2026-07-23 16:53:07] -1_10-merge
[2026-07-23 16:53:07] Asked to drop 0 genes and 4005 cells
[2026-07-23 16:53:07] COTAN dataset analysis: START
[2026-07-23 16:53:07] Asked to drop 3939 genes and 0 cells
[2026-07-23 16:53:07] Genes/cells selection done: dropped [3939] genes and [0] cells
[2026-07-23 16:53:07] Working on [8908] genes and [72] cells
[2026-07-23 16:53:08] Dataset cleaning elapsed time: 0.794496059417725
[2026-07-23 16:53:08] Estimate `dispersion`: START
[2026-07-23 16:53:08] Effective number of cores used: 80
[2026-07-23 16:53:08] Executing 9 genes batches
[2026-07-23 16:53:08] Parallel dispersion Newton-Raphson: used up to 7 iterations
[2026-07-23 16:53:08] Parallel dispersion Newton-Raphson: used up to 7 iterations
[2026-07-23 16:53:09] Parallel dispersion Newton-Raphson: used up to 6 iterations
[2026-07-23 16:53:09] Parallel dispersion Newton-Raphson: used up to 6 iterations
[2026-07-23 16:53:09] Parallel dispersion Newton-Raphson: used up to 8 iterations
[2026-07-23 16:53:09] Parallel dispersion Newton-Raphson: used up to 7 iterations
[2026-07-23 16:53:09] Parallel dispersion Newton-Raphson: used up to 7 iterations
[2026-07-23 16:53:09] Parallel dispersion Newton-Raphson: used up to 6 iterations
[2026-07-23 16:53:09] Parallel dispersion Newton-Raphson: used up to 6 iterations
[2026-07-23 16:53:12] Total calculations elapsed time: 4.23121356964111
[2026-07-23 16:53:12] Estimate `dispersion`: DONE
[2026-07-23 16:53:12] Estimate `dispersion`: DONE
[2026-07-23 16:53:12] `dispersion` | min: -0.437086548572416 | max: 157.164966326555 | % negative: 69.8361023798833
[2026-07-23 16:53:13] Model parameter estimation elapsed time: 5.22871613502502
[2026-07-23 16:53:13] COTAN genes' COEX estimation: START
[2026-07-23 16:53:13] Effective number of cores used: 80
[2026-07-23 16:53:13] Calculate genes COEX (torch) on device cpu: START
[2026-07-23 16:53:13] Retrieving expected genes contingency table
[2026-07-23 16:53:13] Expected genes contingency table elapsed time: 0.0464751720428467
[2026-07-23 16:53:13] Calculating genes COEX normalization factor
[2026-07-23 16:53:14] Calculating genes COEX normalization factor elapsed time: 0.974867820739746
[2026-07-23 16:53:14] Retrieving observed genes yes/yes contingency table
[2026-07-23 16:53:14] Observed genes contingency table elapsed time: 0.0320546627044678
[2026-07-23 16:53:18] Calculate genes COEX elapsed time: 3.8472638130188
[2026-07-23 16:53:18] Total calculations elapsed time: 4.90066146850586
[2026-07-23 16:53:18] Calculate genes COEX (torch) on device cpu: DONE
[2026-07-23 16:53:19] Only genes' COEX elapsed time: 5.69531583786011
[2026-07-23 16:53:19] Dataset analysis elapsed time: 11.7185280323029
[2026-07-23 16:53:19] COTAN dataset analysis: DONE
[2026-07-23 16:53:20] Checking uniformity for the cluster '-1_10-merge' with 72 cells
[2026-07-23 16:53:20] Calculate GDI dataframe: START
[2026-07-23 16:53:20] Using S
[2026-07-23 16:53:20] Calculating S: START
[2026-07-23 16:53:22] Calculating S: DONE
[2026-07-23 16:53:22] Calculate `GDI`: START
[2026-07-23 16:53:22] Effective number of cores used: 80
[2026-07-23 16:53:22] Effective number of cores used: 80
[2026-07-23 16:53:22] Executing 9 genes batches
[2026-07-23 16:53:25] Total calculations elapsed time: 2.70023012161255
[2026-07-23 16:53:25] Calculate `GDI`: DONE
[2026-07-23 16:53:26] Total calculations elapsed time: 6.57885241508484
[2026-07-23 16:53:26] Calculate GDI dataframe: DONE
[2026-07-23 16:53:26] Clean plots: START
[2026-07-23 16:53:26] Total calculations elapsed time: 0.0258512496948242
[2026-07-23 16:53:26] Clean plots: DONE
[2026-07-23 16:53:26] GDI plot
[2026-07-23 16:53:26] Removed 0 low GDI genes (such as the fully-expressed) in GDI plot
[2026-07-23 16:53:28] Cluster -1_10-merge, with size 72, is not uniform
[2026-07-23 16:53:28] Cluster -1_10-merge's shift to uniformity: 0.816968298830009
[2026-07-23 16:53:28] class = SimpleGDIUniformityCheck, check.isCheckAbove = FALSE, check.GDIThreshold = 1.43, check.maxRatioBeyond = 0.01, check.maxRankBeyond = 0, check.fractionBeyond = 0.127974854063763, check.thresholdRank = 0, check.quantileAtRatio = 2.24696829883001, check.quantileAtRank = NaN, isUniform = FALSE, clusterSize = 72
[2026-07-23 16:53:29] Clusters -1 and 10 cannot be merged
[2026-07-23 16:53:29] *[2026-07-23 16:53:29] 10_13-merge
[2026-07-23 16:53:29] Asked to drop 0 genes and 3973 cells
[2026-07-23 16:53:29] COTAN dataset analysis: START
[2026-07-23 16:53:29] Asked to drop 3803 genes and 0 cells
[2026-07-23 16:53:29] Genes/cells selection done: dropped [3803] genes and [0] cells
[2026-07-23 16:53:29] Working on [9044] genes and [104] cells
[2026-07-23 16:53:30] Dataset cleaning elapsed time: 0.790558815002441
[2026-07-23 16:53:30] Estimate `dispersion`: START
[2026-07-23 16:53:30] Effective number of cores used: 80
[2026-07-23 16:53:30] Executing 9 genes batches
[2026-07-23 16:53:30] Parallel dispersion Newton-Raphson: used up to 7 iterations
[2026-07-23 16:53:30] Parallel dispersion Newton-Raphson: used up to 7 iterations
[2026-07-23 16:53:30] Parallel dispersion Newton-Raphson: used up to 7 iterations
[2026-07-23 16:53:30] Parallel dispersion Newton-Raphson: used up to 7 iterations
[2026-07-23 16:53:30] Parallel dispersion Newton-Raphson: used up to 9 iterations
[2026-07-23 16:53:30] Parallel dispersion Newton-Raphson: used up to 6 iterations
[2026-07-23 16:53:31] Parallel dispersion Newton-Raphson: used up to 7 iterations
[2026-07-23 16:53:31] Parallel dispersion Newton-Raphson: used up to 6 iterations
[2026-07-23 16:53:31] Parallel dispersion Newton-Raphson: used up to 6 iterations
[2026-07-23 16:53:34] Total calculations elapsed time: 4.23765635490417
[2026-07-23 16:53:34] Estimate `dispersion`: DONE
[2026-07-23 16:53:34] Estimate `dispersion`: DONE
[2026-07-23 16:53:34] `dispersion` | min: -0.334085046508277 | max: 406.610518824068 | % negative: 75.3427686864219
[2026-07-23 16:53:35] Model parameter estimation elapsed time: 5.04906225204468
[2026-07-23 16:53:35] COTAN genes' COEX estimation: START
[2026-07-23 16:53:35] Effective number of cores used: 80
[2026-07-23 16:53:35] Calculate genes COEX (torch) on device cpu: START
[2026-07-23 16:53:35] Retrieving expected genes contingency table
[2026-07-23 16:53:35] Expected genes contingency table elapsed time: 0.041182279586792
[2026-07-23 16:53:35] Calculating genes COEX normalization factor
[2026-07-23 16:53:36] Calculating genes COEX normalization factor elapsed time: 0.975354433059692
[2026-07-23 16:53:36] Retrieving observed genes yes/yes contingency table
[2026-07-23 16:53:36] Observed genes contingency table elapsed time: 0.0477418899536133
[2026-07-23 16:53:40] Calculate genes COEX elapsed time: 3.99236512184143
[2026-07-23 16:53:40] Total calculations elapsed time: 5.05664372444153
[2026-07-23 16:53:40] Calculate genes COEX (torch) on device cpu: DONE
[2026-07-23 16:53:40] Only genes' COEX elapsed time: 5.79927206039429
[2026-07-23 16:53:40] Dataset analysis elapsed time: 11.6388931274414
[2026-07-23 16:53:40] COTAN dataset analysis: DONE
[2026-07-23 16:53:41] Checking uniformity for the cluster '10_13-merge' with 104 cells
[2026-07-23 16:53:41] Calculate GDI dataframe: START
[2026-07-23 16:53:41] Using S
[2026-07-23 16:53:41] Calculating S: START
[2026-07-23 16:53:43] Calculating S: DONE
[2026-07-23 16:53:43] Calculate `GDI`: START
[2026-07-23 16:53:43] Effective number of cores used: 80
[2026-07-23 16:53:43] Effective number of cores used: 80
[2026-07-23 16:53:43] Executing 9 genes batches
[2026-07-23 16:53:46] Total calculations elapsed time: 2.77737641334534
[2026-07-23 16:53:46] Calculate `GDI`: DONE
[2026-07-23 16:53:47] Total calculations elapsed time: 6.17630457878113
[2026-07-23 16:53:47] Calculate GDI dataframe: DONE
[2026-07-23 16:53:47] Clean plots: START
[2026-07-23 16:53:47] Total calculations elapsed time: 0.0233752727508545
[2026-07-23 16:53:47] Clean plots: DONE
[2026-07-23 16:53:47] GDI plot
[2026-07-23 16:53:47] Removed 0 low GDI genes (such as the fully-expressed) in GDI plot
[2026-07-23 16:53:49] Cluster 10_13-merge, with size 104, is uniform
[2026-07-23 16:53:49] Cluster 10_13-merge's shift to uniformity: -0.0557905108783792
[2026-07-23 16:53:49] class = SimpleGDIUniformityCheck, check.isCheckAbove = FALSE, check.GDIThreshold = 1.43, check.maxRatioBeyond = 0.01, check.maxRankBeyond = 0, check.fractionBeyond = 0.00807164971251659, check.thresholdRank = 0, check.quantileAtRatio = 1.37420948912162, check.quantileAtRank = NaN, isUniform = TRUE, clusterSize = 104
[2026-07-23 16:53:50] Clusters 10 and 13 can be merged
[2026-07-23 16:53:50] *[2026-07-23 16:53:50] 10_16-merge
[2026-07-23 16:53:50] Asked to drop 0 genes and 3834 cells
[2026-07-23 16:53:50] COTAN dataset analysis: START
[2026-07-23 16:53:50] Asked to drop 7579 genes and 0 cells
[2026-07-23 16:53:50] Genes/cells selection done: dropped [7579] genes and [0] cells
[2026-07-23 16:53:50] Working on [5268] genes and [243] cells
[2026-07-23 16:53:51] Dataset cleaning elapsed time: 0.750640153884888
[2026-07-23 16:53:51] Estimate `dispersion`: START
[2026-07-23 16:53:51] Effective number of cores used: 80
[2026-07-23 16:53:51] Executing 6 genes batches
[2026-07-23 16:53:51] Parallel dispersion Newton-Raphson: used up to 6 iterations
[2026-07-23 16:53:51] Parallel dispersion Newton-Raphson: used up to 6 iterations
[2026-07-23 16:53:51] Parallel dispersion Newton-Raphson: used up to 6 iterations
[2026-07-23 16:53:51] Parallel dispersion Newton-Raphson: used up to 7 iterations
[2026-07-23 16:53:51] Parallel dispersion Newton-Raphson: used up to 7 iterations
[2026-07-23 16:53:52] Parallel dispersion Newton-Raphson: used up to 7 iterations
[2026-07-23 16:53:54] Total calculations elapsed time: 3.8026864528656
[2026-07-23 16:53:54] Estimate `dispersion`: DONE
[2026-07-23 16:53:54] Estimate `dispersion`: DONE
[2026-07-23 16:53:54] `dispersion` | min: -0.334456031521573 | max: 140.641912771005 | % negative: 71.336370539104
[2026-07-23 16:53:55] Model parameter estimation elapsed time: 4.62615036964417
[2026-07-23 16:53:55] COTAN genes' COEX estimation: START
[2026-07-23 16:53:55] Effective number of cores used: 80
[2026-07-23 16:53:55] Calculate genes COEX (torch) on device cpu: START
[2026-07-23 16:53:55] Retrieving expected genes contingency table
[2026-07-23 16:53:55] Expected genes contingency table elapsed time: 0.034766674041748
[2026-07-23 16:53:55] Calculating genes COEX normalization factor
[2026-07-23 16:53:56] Calculating genes COEX normalization factor elapsed time: 0.819987773895264
[2026-07-23 16:53:56] Retrieving observed genes yes/yes contingency table
[2026-07-23 16:53:56] Observed genes contingency table elapsed time: 0.0255806446075439
[2026-07-23 16:53:58] Calculate genes COEX elapsed time: 1.64209413528442
[2026-07-23 16:53:58] Total calculations elapsed time: 2.52242922782898
[2026-07-23 16:53:58] Calculate genes COEX (torch) on device cpu: DONE
[2026-07-23 16:53:59] Only genes' COEX elapsed time: 3.25648522377014
[2026-07-23 16:53:59] Dataset analysis elapsed time: 8.63327574729919
[2026-07-23 16:53:59] COTAN dataset analysis: DONE
[2026-07-23 16:53:59] Checking uniformity for the cluster '10_16-merge' with 243 cells
[2026-07-23 16:53:59] Calculate GDI dataframe: START
[2026-07-23 16:53:59] Using S
[2026-07-23 16:53:59] Calculating S: START
[2026-07-23 16:54:00] Calculating S: DONE
[2026-07-23 16:54:00] Calculate `GDI`: START
[2026-07-23 16:54:00] Effective number of cores used: 80
[2026-07-23 16:54:00] Effective number of cores used: 80
[2026-07-23 16:54:00] Executing 6 genes batches
[2026-07-23 16:54:01] Total calculations elapsed time: 1.33542442321777
[2026-07-23 16:54:01] Calculate `GDI`: DONE
[2026-07-23 16:54:02] Total calculations elapsed time: 3.16769218444824
[2026-07-23 16:54:02] Calculate GDI dataframe: DONE
[2026-07-23 16:54:02] Clean plots: START
[2026-07-23 16:54:02] Total calculations elapsed time: 0.0232789516448975
[2026-07-23 16:54:02] Clean plots: DONE
[2026-07-23 16:54:02] GDI plot
[2026-07-23 16:54:02] Removed 0 low GDI genes (such as the fully-expressed) in GDI plot
[2026-07-23 16:54:04] Cluster 10_16-merge, with size 243, is not uniform
[2026-07-23 16:54:04] Cluster 10_16-merge's shift to uniformity: 0.62333180962749
[2026-07-23 16:54:04] class = SimpleGDIUniformityCheck, check.isCheckAbove = FALSE, check.GDIThreshold = 1.43, check.maxRatioBeyond = 0.01, check.maxRankBeyond = 0, check.fractionBeyond = 0.101176917236143, check.thresholdRank = 0, check.quantileAtRatio = 2.05333180962749, check.quantileAtRank = NaN, isUniform = FALSE, clusterSize = 243
[2026-07-23 16:54:05] Clusters 10 and 16 cannot be merged
[2026-07-23 16:54:05] Clusters 13 and 10 will be merged
[2026-07-23 16:54:05] Executed 1 merges
[2026-07-23 16:54:05] Loop calculations elapsed time: 156.949913978577
[2026-07-23 16:54:05] Start merging nearest clusters: iteration 9
[2026-07-23 16:54:05] Differential Expression Analysis - START
[2026-07-23 16:54:07] *[2026-07-23 16:54:07]  DEA on cluster '-1' with 21 cells
[2026-07-23 16:54:07] *[2026-07-23 16:54:07]  DEA on cluster '01' with 703 cells
[2026-07-23 16:54:07] *[2026-07-23 16:54:07]  DEA on cluster '02_03_04-merge-merge' with 634 cells
[2026-07-23 16:54:07] *[2026-07-23 16:54:07]  DEA on cluster '05' with 572 cells
[2026-07-23 16:54:07] *[2026-07-23 16:54:07]  DEA on cluster '06' with 53 cells
[2026-07-23 16:54:07] *[2026-07-23 16:54:07]  DEA on cluster '07_08-merge' with 552 cells
[2026-07-23 16:54:07] *[2026-07-23 16:54:07]  DEA on cluster '09' with 269 cells
[2026-07-23 16:54:07] *[2026-07-23 16:54:07]  DEA on cluster '10_13-merge' with 104 cells
[2026-07-23 16:54:07] *[2026-07-23 16:54:07]  DEA on cluster '11_12-merge' with 279 cells
[2026-07-23 16:54:07] *[2026-07-23 16:54:07]  DEA on cluster '14_15-merge_17-merge' with 575 cells
[2026-07-23 16:54:07] *[2026-07-23 16:54:07]  DEA on cluster '16' with 192 cells
[2026-07-23 16:54:07] *[2026-07-23 16:54:07]  DEA on cluster '18_19-merge' with 123 cells
[2026-07-23 16:54:07] 
[2026-07-23 16:54:07] Total calculations elapsed time: 2.58497381210327
[2026-07-23 16:54:07] Differential Expression Analysis - DONE
[2026-07-23 16:54:09] Updating check results for the 60 already tested pairs to align to new checker
[2026-07-23 16:54:09] 9 new clusters pairs to be tested for merging:
c("10_13-merge", "14_15-merge_17-merge") c("10_13-merge", "11_12-merge") c("02_03_04-merge-merge", "05") c("01", "05") c("01", "02_03_04-merge-merge") c("10_13-merge", "18_19-merge") c("-1", "10_13-merge") c("10_13-merge", "16") c("02_03_04-merge-merge", "07_08-merge")
[2026-07-23 16:54:09] *[2026-07-23 16:54:09] 10_13-merge_14_15-merge_17-merge-merge
[2026-07-23 16:54:09] Asked to drop 0 genes and 3398 cells
[2026-07-23 16:54:09] COTAN dataset analysis: START
[2026-07-23 16:54:09] Asked to drop 5396 genes and 0 cells
[2026-07-23 16:54:09] Genes/cells selection done: dropped [5396] genes and [0] cells
[2026-07-23 16:54:09] Working on [7451] genes and [679] cells
[2026-07-23 16:54:10] Dataset cleaning elapsed time: 0.746350765228271
[2026-07-23 16:54:10] Estimate `dispersion`: START
[2026-07-23 16:54:10] Effective number of cores used: 80
[2026-07-23 16:54:10] Executing 8 genes batches
[2026-07-23 16:54:10] Parallel dispersion Newton-Raphson: used up to 6 iterations
[2026-07-23 16:54:10] Parallel dispersion Newton-Raphson: used up to 7 iterations
[2026-07-23 16:54:10] Parallel dispersion Newton-Raphson: used up to 6 iterations
[2026-07-23 16:54:10] Parallel dispersion Newton-Raphson: used up to 10 iterations
[2026-07-23 16:54:10] Parallel dispersion Newton-Raphson: used up to 7 iterations
[2026-07-23 16:54:11] Parallel dispersion Newton-Raphson: used up to 7 iterations
[2026-07-23 16:54:11] Parallel dispersion Newton-Raphson: used up to 7 iterations
[2026-07-23 16:54:11] Parallel dispersion Newton-Raphson: used up to 7 iterations
[2026-07-23 16:54:14] Total calculations elapsed time: 4.15789031982422
[2026-07-23 16:54:14] Estimate `dispersion`: DONE
[2026-07-23 16:54:14] Estimate `dispersion`: DONE
[2026-07-23 16:54:14] `dispersion` | min: -0.207024199531225 | max: 554.234929279975 | % negative: 63.8840424104147
[2026-07-23 16:54:15] Model parameter estimation elapsed time: 5.00798153877258
[2026-07-23 16:54:15] COTAN genes' COEX estimation: START
[2026-07-23 16:54:15] Effective number of cores used: 80
[2026-07-23 16:54:15] Calculate genes COEX (torch) on device cpu: START
[2026-07-23 16:54:15] Retrieving expected genes contingency table
[2026-07-23 16:54:15] Expected genes contingency table elapsed time: 0.0625553131103516
[2026-07-23 16:54:15] Calculating genes COEX normalization factor
[2026-07-23 16:54:16] Calculating genes COEX normalization factor elapsed time: 0.91436767578125
[2026-07-23 16:54:16] Retrieving observed genes yes/yes contingency table
[2026-07-23 16:54:16] Observed genes contingency table elapsed time: 0.083712100982666
[2026-07-23 16:54:18] Calculate genes COEX elapsed time: 2.72395968437195
[2026-07-23 16:54:18] Total calculations elapsed time: 3.78459477424622
[2026-07-23 16:54:18] Calculate genes COEX (torch) on device cpu: DONE
[2026-07-23 16:54:19] Only genes' COEX elapsed time: 4.60394263267517
[2026-07-23 16:54:19] Dataset analysis elapsed time: 10.358274936676
[2026-07-23 16:54:19] COTAN dataset analysis: DONE
[2026-07-23 16:54:20] Checking uniformity for the cluster '10_13-merge_14_15-merge_17-merge-merge' with 679 cells
[2026-07-23 16:54:20] Calculate GDI dataframe: START
[2026-07-23 16:54:20] Using S
[2026-07-23 16:54:20] Calculating S: START
[2026-07-23 16:54:21] Calculating S: DONE
[2026-07-23 16:54:21] Calculate `GDI`: START
[2026-07-23 16:54:21] Effective number of cores used: 80
[2026-07-23 16:54:21] Effective number of cores used: 80
[2026-07-23 16:54:21] Executing 8 genes batches
[2026-07-23 16:54:23] Total calculations elapsed time: 2.10701775550842
[2026-07-23 16:54:23] Calculate `GDI`: DONE
[2026-07-23 16:54:25] Total calculations elapsed time: 4.60792970657349
[2026-07-23 16:54:25] Calculate GDI dataframe: DONE
[2026-07-23 16:54:25] Clean plots: START
[2026-07-23 16:54:25] Total calculations elapsed time: 0.0234565734863281
[2026-07-23 16:54:25] Clean plots: DONE
[2026-07-23 16:54:25] GDI plot
[2026-07-23 16:54:25] Removed 0 low GDI genes (such as the fully-expressed) in GDI plot
[2026-07-23 16:54:26] Cluster 10_13-merge_14_15-merge_17-merge-merge, with size 679, is not uniform
[2026-07-23 16:54:26] Cluster 10_13-merge_14_15-merge_17-merge-merge's shift to uniformity: 0.578033015325881
[2026-07-23 16:54:26] class = SimpleGDIUniformityCheck, check.isCheckAbove = FALSE, check.GDIThreshold = 1.43, check.maxRatioBeyond = 0.01, check.maxRankBeyond = 0, check.fractionBeyond = 0.0708629714132331, check.thresholdRank = 0, check.quantileAtRatio = 2.00803301532588, check.quantileAtRank = NaN, isUniform = FALSE, clusterSize = 679
[2026-07-23 16:54:27] Clusters 10_13-merge and 14_15-merge_17-merge cannot be merged
[2026-07-23 16:54:27] *[2026-07-23 16:54:27] 10_13-merge_11_12-merge-merge
[2026-07-23 16:54:27] Asked to drop 0 genes and 3694 cells
[2026-07-23 16:54:27] COTAN dataset analysis: START
[2026-07-23 16:54:27] Asked to drop 4958 genes and 0 cells
[2026-07-23 16:54:27] Genes/cells selection done: dropped [4958] genes and [0] cells
[2026-07-23 16:54:27] Working on [7889] genes and [383] cells
[2026-07-23 16:54:28] Dataset cleaning elapsed time: 0.743402481079102
[2026-07-23 16:54:28] Estimate `dispersion`: START
[2026-07-23 16:54:28] Effective number of cores used: 80
[2026-07-23 16:54:28] Executing 8 genes batches
[2026-07-23 16:54:28] Parallel dispersion Newton-Raphson: used up to 7 iterations
[2026-07-23 16:54:28] Parallel dispersion Newton-Raphson: used up to 6 iterations
[2026-07-23 16:54:28] Parallel dispersion Newton-Raphson: used up to 6 iterations
[2026-07-23 16:54:28] Parallel dispersion Newton-Raphson: used up to 6 iterations
[2026-07-23 16:54:28] Parallel dispersion Newton-Raphson: used up to 7 iterations
[2026-07-23 16:54:29] Parallel dispersion Newton-Raphson: used up to 7 iterations
[2026-07-23 16:54:29] Parallel dispersion Newton-Raphson: used up to 7 iterations
[2026-07-23 16:54:29] Parallel dispersion Newton-Raphson: used up to 7 iterations
[2026-07-23 16:54:32] Total calculations elapsed time: 4.005042552948
[2026-07-23 16:54:32] Estimate `dispersion`: DONE
[2026-07-23 16:54:32] Estimate `dispersion`: DONE
[2026-07-23 16:54:32] `dispersion` | min: -0.316440139919206 | max: 442.939718744714 | % negative: 67.9173532767144
[2026-07-23 16:54:32] Model parameter estimation elapsed time: 4.74236512184143
[2026-07-23 16:54:32] COTAN genes' COEX estimation: START
[2026-07-23 16:54:32] Effective number of cores used: 80
[2026-07-23 16:54:32] Calculate genes COEX (torch) on device cpu: START
[2026-07-23 16:54:32] Retrieving expected genes contingency table
[2026-07-23 16:54:32] Expected genes contingency table elapsed time: 0.0452303886413574
[2026-07-23 16:54:32] Calculating genes COEX normalization factor
[2026-07-23 16:54:33] Calculating genes COEX normalization factor elapsed time: 0.943261384963989
[2026-07-23 16:54:33] Retrieving observed genes yes/yes contingency table
[2026-07-23 16:54:33] Observed genes contingency table elapsed time: 0.0629169940948486
[2026-07-23 16:54:36] Calculate genes COEX elapsed time: 3.0020604133606
[2026-07-23 16:54:36] Total calculations elapsed time: 4.05346918106079
[2026-07-23 16:54:36] Calculate genes COEX (torch) on device cpu: DONE
[2026-07-23 16:54:37] Only genes' COEX elapsed time: 4.7932870388031
[2026-07-23 16:54:37] Dataset analysis elapsed time: 10.2790546417236
[2026-07-23 16:54:37] COTAN dataset analysis: DONE
[2026-07-23 16:54:38] Checking uniformity for the cluster '10_13-merge_11_12-merge-merge' with 383 cells
[2026-07-23 16:54:38] Calculate GDI dataframe: START
[2026-07-23 16:54:38] Using S
[2026-07-23 16:54:38] Calculating S: START
[2026-07-23 16:54:39] Calculating S: DONE
[2026-07-23 16:54:39] Calculate `GDI`: START
[2026-07-23 16:54:39] Effective number of cores used: 80
[2026-07-23 16:54:39] Effective number of cores used: 80
[2026-07-23 16:54:39] Executing 8 genes batches
[2026-07-23 16:54:42] Total calculations elapsed time: 2.13421106338501
[2026-07-23 16:54:42] Calculate `GDI`: DONE
[2026-07-23 16:54:43] Total calculations elapsed time: 4.84486937522888
[2026-07-23 16:54:43] Calculate GDI dataframe: DONE
[2026-07-23 16:54:43] Clean plots: START
[2026-07-23 16:54:43] Total calculations elapsed time: 0.0234081745147705
[2026-07-23 16:54:43] Clean plots: DONE
[2026-07-23 16:54:43] GDI plot
[2026-07-23 16:54:43] Removed 0 low GDI genes (such as the fully-expressed) in GDI plot
[2026-07-23 16:54:44] Cluster 10_13-merge_11_12-merge-merge, with size 383, is not uniform
[2026-07-23 16:54:44] Cluster 10_13-merge_11_12-merge-merge's shift to uniformity: 0.494733592836718
[2026-07-23 16:54:44] class = SimpleGDIUniformityCheck, check.isCheckAbove = FALSE, check.GDIThreshold = 1.43, check.maxRatioBeyond = 0.01, check.maxRankBeyond = 0, check.fractionBeyond = 0.0622385600202814, check.thresholdRank = 0, check.quantileAtRatio = 1.92473359283672, check.quantileAtRank = NaN, isUniform = FALSE, clusterSize = 383
[2026-07-23 16:54:45] Clusters 10_13-merge and 11_12-merge cannot be merged
[2026-07-23 16:54:45] *[2026-07-23 16:54:45] 02_03_04-merge-merge_05-merge
[2026-07-23 16:54:45] Asked to drop 0 genes and 2871 cells
[2026-07-23 16:54:45] COTAN dataset analysis: START
[2026-07-23 16:54:45] Asked to drop 1342 genes and 0 cells
[2026-07-23 16:54:45] Genes/cells selection done: dropped [1342] genes and [0] cells
[2026-07-23 16:54:45] Working on [11505] genes and [1206] cells
[2026-07-23 16:54:46] Dataset cleaning elapsed time: 0.883363246917725
[2026-07-23 16:54:46] Estimate `dispersion`: START
[2026-07-23 16:54:46] Effective number of cores used: 80
[2026-07-23 16:54:46] Executing 12 genes batches
[2026-07-23 16:54:59] Total calculations elapsed time: 12.7995629310608
[2026-07-23 16:54:59] Estimate `dispersion`: DONE
[2026-07-23 16:54:59] While checking cluster uniformity Error: length(dispersion) not equal to getNumGenes(objCOTAN)

[2026-07-23 16:54:59] marking pair as not mergable
[2026-07-23 16:54:59] Clusters 02_03_04-merge-merge and 05 cannot be merged
[2026-07-23 16:54:59] *[2026-07-23 16:54:59] 01_05-merge
[2026-07-23 16:54:59] Asked to drop 0 genes and 2802 cells
[2026-07-23 16:54:59] COTAN dataset analysis: START
[2026-07-23 16:54:59] Asked to drop 1446 genes and 0 cells
[2026-07-23 16:54:59] Genes/cells selection done: dropped [1446] genes and [0] cells
[2026-07-23 16:54:59] Working on [11401] genes and [1275] cells
[2026-07-23 16:55:00] Dataset cleaning elapsed time: 0.827786684036255
[2026-07-23 16:55:00] Estimate `dispersion`: START
[2026-07-23 16:55:00] Effective number of cores used: 80
[2026-07-23 16:55:00] Executing 12 genes batches
[2026-07-23 16:55:13] Total calculations elapsed time: 12.8029448986053
[2026-07-23 16:55:13] Estimate `dispersion`: DONE
[2026-07-23 16:55:13] While checking cluster uniformity Error: length(dispersion) not equal to getNumGenes(objCOTAN)

[2026-07-23 16:55:13] marking pair as not mergable
[2026-07-23 16:55:14] Clusters 01 and 05 cannot be merged
[2026-07-23 16:55:14] *[2026-07-23 16:55:14] 01_02_03_04-merge-merge-merge
[2026-07-23 16:55:14] Asked to drop 0 genes and 2740 cells
[2026-07-23 16:55:14] COTAN dataset analysis: START
[2026-07-23 16:55:14] Asked to drop 1414 genes and 0 cells
[2026-07-23 16:55:14] Genes/cells selection done: dropped [1414] genes and [0] cells
[2026-07-23 16:55:14] Working on [11433] genes and [1337] cells
[2026-07-23 16:55:15] Dataset cleaning elapsed time: 0.836889028549194
[2026-07-23 16:55:15] Estimate `dispersion`: START
[2026-07-23 16:55:15] Effective number of cores used: 80
[2026-07-23 16:55:15] Executing 12 genes batches
[2026-07-23 16:55:27] Total calculations elapsed time: 12.7997014522552
[2026-07-23 16:55:27] Estimate `dispersion`: DONE
[2026-07-23 16:55:27] While checking cluster uniformity Error: length(dispersion) not equal to getNumGenes(objCOTAN)

[2026-07-23 16:55:27] marking pair as not mergable
[2026-07-23 16:55:28] Clusters 01 and 02_03_04-merge-merge cannot be merged
[2026-07-23 16:55:28] *[2026-07-23 16:55:28] 10_13-merge_18_19-merge-merge
[2026-07-23 16:55:28] Asked to drop 0 genes and 3850 cells
[2026-07-23 16:55:28] COTAN dataset analysis: START
[2026-07-23 16:55:28] Asked to drop 4752 genes and 0 cells
[2026-07-23 16:55:28] Genes/cells selection done: dropped [4752] genes and [0] cells
[2026-07-23 16:55:28] Working on [8095] genes and [227] cells
[2026-07-23 16:55:29] Dataset cleaning elapsed time: 0.73065972328186
[2026-07-23 16:55:29] Estimate `dispersion`: START
[2026-07-23 16:55:29] Effective number of cores used: 80
[2026-07-23 16:55:29] Executing 8 genes batches
[2026-07-23 16:55:29] Parallel dispersion Newton-Raphson: used up to 7 iterations
[2026-07-23 16:55:29] Parallel dispersion Newton-Raphson: used up to 6 iterations
[2026-07-23 16:55:29] Parallel dispersion Newton-Raphson: used up to 6 iterations
[2026-07-23 16:55:30] Parallel dispersion Newton-Raphson: used up to 8 iterations
[2026-07-23 16:55:30] Parallel dispersion Newton-Raphson: used up to 6 iterations
[2026-07-23 16:55:30] Parallel dispersion Newton-Raphson: used up to 6 iterations
[2026-07-23 16:55:30] Parallel dispersion Newton-Raphson: used up to 6 iterations
[2026-07-23 16:55:30] Parallel dispersion Newton-Raphson: used up to 6 iterations
[2026-07-23 16:55:33] Total calculations elapsed time: 3.71024060249329
[2026-07-23 16:55:33] Estimate `dispersion`: DONE
[2026-07-23 16:55:33] Estimate `dispersion`: DONE
[2026-07-23 16:55:33] `dispersion` | min: -0.178738515198723 | max: 340.470816950339 | % negative: 63.1871525633107
[2026-07-23 16:55:33] Model parameter estimation elapsed time: 4.51824879646301
[2026-07-23 16:55:33] COTAN genes' COEX estimation: START
[2026-07-23 16:55:33] Effective number of cores used: 80
[2026-07-23 16:55:33] Calculate genes COEX (torch) on device cpu: START
[2026-07-23 16:55:33] Retrieving expected genes contingency table
[2026-07-23 16:55:33] Expected genes contingency table elapsed time: 0.0446541309356689
[2026-07-23 16:55:33] Calculating genes COEX normalization factor
[2026-07-23 16:55:34] Calculating genes COEX normalization factor elapsed time: 0.923160791397095
[2026-07-23 16:55:34] Retrieving observed genes yes/yes contingency table
[2026-07-23 16:55:34] Observed genes contingency table elapsed time: 0.0553452968597412
[2026-07-23 16:55:38] Calculate genes COEX elapsed time: 3.08763790130615
[2026-07-23 16:55:38] Total calculations elapsed time: 4.11079812049866
[2026-07-23 16:55:38] Calculate genes COEX (torch) on device cpu: DONE
[2026-07-23 16:55:38] Only genes' COEX elapsed time: 4.89448165893555
[2026-07-23 16:55:38] Dataset analysis elapsed time: 10.1433901786804
[2026-07-23 16:55:38] COTAN dataset analysis: DONE
[2026-07-23 16:55:39] Checking uniformity for the cluster '10_13-merge_18_19-merge-merge' with 227 cells
[2026-07-23 16:55:39] Calculate GDI dataframe: START
[2026-07-23 16:55:39] Using S
[2026-07-23 16:55:39] Calculating S: START
[2026-07-23 16:55:41] Calculating S: DONE
[2026-07-23 16:55:41] Calculate `GDI`: START
[2026-07-23 16:55:41] Effective number of cores used: 80
[2026-07-23 16:55:41] Effective number of cores used: 80
[2026-07-23 16:55:41] Executing 8 genes batches
[2026-07-23 16:55:43] Total calculations elapsed time: 2.19261336326599
[2026-07-23 16:55:43] Calculate `GDI`: DONE
[2026-07-23 16:55:44] Total calculations elapsed time: 5.08818674087524
[2026-07-23 16:55:44] Calculate GDI dataframe: DONE
[2026-07-23 16:55:44] Clean plots: START
[2026-07-23 16:55:44] Total calculations elapsed time: 0.0235788822174072
[2026-07-23 16:55:44] Clean plots: DONE
[2026-07-23 16:55:44] GDI plot
[2026-07-23 16:55:44] Removed 0 low GDI genes (such as the fully-expressed) in GDI plot
[2026-07-23 16:55:46] Cluster 10_13-merge_18_19-merge-merge, with size 227, is not uniform
[2026-07-23 16:55:46] Cluster 10_13-merge_18_19-merge-merge's shift to uniformity: 0.480223178981289
[2026-07-23 16:55:46] class = SimpleGDIUniformityCheck, check.isCheckAbove = FALSE, check.GDIThreshold = 1.43, check.maxRatioBeyond = 0.01, check.maxRankBeyond = 0, check.fractionBeyond = 0.0778258184064237, check.thresholdRank = 0, check.quantileAtRatio = 1.91022317898129, check.quantileAtRank = NaN, isUniform = FALSE, clusterSize = 227
[2026-07-23 16:55:47] Clusters 10_13-merge and 18_19-merge cannot be merged
[2026-07-23 16:55:47] *[2026-07-23 16:55:47] -1_10_13-merge-merge
[2026-07-23 16:55:47] Asked to drop 0 genes and 3952 cells
[2026-07-23 16:55:47] COTAN dataset analysis: START
[2026-07-23 16:55:47] Asked to drop 2728 genes and 0 cells
[2026-07-23 16:55:47] Genes/cells selection done: dropped [2728] genes and [0] cells
[2026-07-23 16:55:47] Working on [10119] genes and [125] cells
[2026-07-23 16:55:47] Dataset cleaning elapsed time: 0.801321744918823
[2026-07-23 16:55:47] Estimate `dispersion`: START
[2026-07-23 16:55:47] Effective number of cores used: 80
[2026-07-23 16:55:47] Executing 10 genes batches
[2026-07-23 16:55:48] Parallel dispersion Newton-Raphson: used up to 7 iterations
[2026-07-23 16:55:48] Parallel dispersion Newton-Raphson: used up to 6 iterations
[2026-07-23 16:55:48] Parallel dispersion Newton-Raphson: used up to 7 iterations
[2026-07-23 16:55:48] Parallel dispersion Newton-Raphson: used up to 6 iterations
[2026-07-23 16:55:48] Parallel dispersion Newton-Raphson: used up to 9 iterations
[2026-07-23 16:55:48] Parallel dispersion Newton-Raphson: used up to 6 iterations
[2026-07-23 16:55:48] Parallel dispersion Newton-Raphson: used up to 6 iterations
[2026-07-23 16:55:49] Parallel dispersion Newton-Raphson: used up to 7 iterations
[2026-07-23 16:55:49] Parallel dispersion Newton-Raphson: used up to 6 iterations
[2026-07-23 16:55:49] Parallel dispersion Newton-Raphson: used up to 6 iterations
[2026-07-23 16:55:52] Total calculations elapsed time: 4.38825559616089
[2026-07-23 16:55:52] Estimate `dispersion`: DONE
[2026-07-23 16:55:52] Estimate `dispersion`: DONE
[2026-07-23 16:55:52] `dispersion` | min: -0.514474758773339 | max: 471.163048548848 | % negative: 67.6252594129855
[2026-07-23 16:55:53] Model parameter estimation elapsed time: 5.17516541481018
[2026-07-23 16:55:53] COTAN genes' COEX estimation: START
[2026-07-23 16:55:53] Effective number of cores used: 80
[2026-07-23 16:55:53] Calculate genes COEX (torch) on device cpu: START
[2026-07-23 16:55:53] Retrieving expected genes contingency table
[2026-07-23 16:55:53] Expected genes contingency table elapsed time: 0.065809965133667
[2026-07-23 16:55:53] Calculating genes COEX normalization factor
[2026-07-23 16:55:54] Calculating genes COEX normalization factor elapsed time: 1.06519985198975
[2026-07-23 16:55:54] Retrieving observed genes yes/yes contingency table
[2026-07-23 16:55:54] Observed genes contingency table elapsed time: 0.048079252243042
[2026-07-23 16:55:59] Calculate genes COEX elapsed time: 4.86349868774414
[2026-07-23 16:55:59] Total calculations elapsed time: 6.0425877571106
[2026-07-23 16:55:59] Calculate genes COEX (torch) on device cpu: DONE
[2026-07-23 16:55:59] Only genes' COEX elapsed time: 6.84533548355103
[2026-07-23 16:55:59] Dataset analysis elapsed time: 12.82182264328
[2026-07-23 16:55:59] COTAN dataset analysis: DONE
[2026-07-23 16:56:00] Checking uniformity for the cluster '-1_10_13-merge-merge' with 125 cells
[2026-07-23 16:56:00] Calculate GDI dataframe: START
[2026-07-23 16:56:00] Using S
[2026-07-23 16:56:00] Calculating S: START
[2026-07-23 16:56:03] Calculating S: DONE
[2026-07-23 16:56:03] Calculate `GDI`: START
[2026-07-23 16:56:03] Effective number of cores used: 80
[2026-07-23 16:56:03] Effective number of cores used: 80
[2026-07-23 16:56:03] Executing 10 genes batches
[2026-07-23 16:56:06] Total calculations elapsed time: 3.16018867492676
[2026-07-23 16:56:06] Calculate `GDI`: DONE
[2026-07-23 16:56:07] Total calculations elapsed time: 7.15571308135986
[2026-07-23 16:56:07] Calculate GDI dataframe: DONE
[2026-07-23 16:56:07] Clean plots: START
[2026-07-23 16:56:07] Total calculations elapsed time: 0.0233871936798096
[2026-07-23 16:56:07] Clean plots: DONE
[2026-07-23 16:56:07] GDI plot
[2026-07-23 16:56:07] Removed 0 low GDI genes (such as the fully-expressed) in GDI plot
[2026-07-23 16:56:09] Cluster -1_10_13-merge-merge, with size 125, is not uniform
[2026-07-23 16:56:09] Cluster -1_10_13-merge-merge's shift to uniformity: 0.999920803116419
[2026-07-23 16:56:09] class = SimpleGDIUniformityCheck, check.isCheckAbove = FALSE, check.GDIThreshold = 1.43, check.maxRatioBeyond = 0.01, check.maxRankBeyond = 0, check.fractionBeyond = 0.122838225121059, check.thresholdRank = 0, check.quantileAtRatio = 2.42992080311642, check.quantileAtRank = NaN, isUniform = FALSE, clusterSize = 125
[2026-07-23 16:56:10] Clusters -1 and 10_13-merge cannot be merged
[2026-07-23 16:56:10] *[2026-07-23 16:56:10] 10_13-merge_16-merge
[2026-07-23 16:56:10] Asked to drop 0 genes and 3781 cells
[2026-07-23 16:56:10] COTAN dataset analysis: START
[2026-07-23 16:56:10] Asked to drop 5822 genes and 0 cells
[2026-07-23 16:56:10] Genes/cells selection done: dropped [5822] genes and [0] cells
[2026-07-23 16:56:10] Working on [7025] genes and [296] cells
[2026-07-23 16:56:10] Dataset cleaning elapsed time: 0.797823429107666
[2026-07-23 16:56:10] Estimate `dispersion`: START
[2026-07-23 16:56:10] Effective number of cores used: 80
[2026-07-23 16:56:10] Executing 7 genes batches
[2026-07-23 16:56:11] Parallel dispersion Newton-Raphson: used up to 6 iterations
[2026-07-23 16:56:11] Parallel dispersion Newton-Raphson: used up to 6 iterations
[2026-07-23 16:56:11] Parallel dispersion Newton-Raphson: used up to 6 iterations
[2026-07-23 16:56:11] Parallel dispersion Newton-Raphson: used up to 7 iterations
[2026-07-23 16:56:11] Parallel dispersion Newton-Raphson: used up to 6 iterations
[2026-07-23 16:56:11] Parallel dispersion Newton-Raphson: used up to 6 iterations
[2026-07-23 16:56:12] Parallel dispersion Newton-Raphson: used up to 7 iterations
[2026-07-23 16:56:14] Total calculations elapsed time: 3.61469197273254
[2026-07-23 16:56:14] Estimate `dispersion`: DONE
[2026-07-23 16:56:14] Estimate `dispersion`: DONE
[2026-07-23 16:56:14] `dispersion` | min: -0.204284531009652 | max: 274.585751658229 | % negative: 68.270462633452
[2026-07-23 16:56:15] Model parameter estimation elapsed time: 4.36638474464417
[2026-07-23 16:56:15] COTAN genes' COEX estimation: START
[2026-07-23 16:56:15] Effective number of cores used: 80
[2026-07-23 16:56:15] Calculate genes COEX (torch) on device cpu: START
[2026-07-23 16:56:15] Retrieving expected genes contingency table
[2026-07-23 16:56:15] Expected genes contingency table elapsed time: 0.0434865951538086
[2026-07-23 16:56:15] Calculating genes COEX normalization factor
[2026-07-23 16:56:16] Calculating genes COEX normalization factor elapsed time: 0.890961647033691
[2026-07-23 16:56:16] Retrieving observed genes yes/yes contingency table
[2026-07-23 16:56:16] Observed genes contingency table elapsed time: 0.0603928565979004
[2026-07-23 16:56:18] Calculate genes COEX elapsed time: 2.54444217681885
[2026-07-23 16:56:18] Total calculations elapsed time: 3.53928327560425
[2026-07-23 16:56:18] Calculate genes COEX (torch) on device cpu: DONE
[2026-07-23 16:56:19] Only genes' COEX elapsed time: 4.3921070098877
[2026-07-23 16:56:19] Dataset analysis elapsed time: 9.55631518363953
[2026-07-23 16:56:19] COTAN dataset analysis: DONE
[2026-07-23 16:56:20] Checking uniformity for the cluster '10_13-merge_16-merge' with 296 cells
[2026-07-23 16:56:20] Calculate GDI dataframe: START
[2026-07-23 16:56:20] Using S
[2026-07-23 16:56:20] Calculating S: START
[2026-07-23 16:56:21] Calculating S: DONE
[2026-07-23 16:56:21] Calculate `GDI`: START
[2026-07-23 16:56:21] Effective number of cores used: 80
[2026-07-23 16:56:21] Effective number of cores used: 80
[2026-07-23 16:56:21] Executing 7 genes batches
[2026-07-23 16:56:23] Total calculations elapsed time: 1.85678696632385
[2026-07-23 16:56:23] Calculate `GDI`: DONE
[2026-07-23 16:56:24] Total calculations elapsed time: 4.31363463401794
[2026-07-23 16:56:24] Calculate GDI dataframe: DONE
[2026-07-23 16:56:24] Clean plots: START
[2026-07-23 16:56:24] Total calculations elapsed time: 0.0175702571868896
[2026-07-23 16:56:24] Clean plots: DONE
[2026-07-23 16:56:24] GDI plot
[2026-07-23 16:56:24] Removed 0 low GDI genes (such as the fully-expressed) in GDI plot
[2026-07-23 16:56:26] Cluster 10_13-merge_16-merge, with size 296, is not uniform
[2026-07-23 16:56:26] Cluster 10_13-merge_16-merge's shift to uniformity: 0.521793769451976
[2026-07-23 16:56:26] class = SimpleGDIUniformityCheck, check.isCheckAbove = FALSE, check.GDIThreshold = 1.43, check.maxRatioBeyond = 0.01, check.maxRankBeyond = 0, check.fractionBeyond = 0.0808540925266904, check.thresholdRank = 0, check.quantileAtRatio = 1.95179376945198, check.quantileAtRank = NaN, isUniform = FALSE, clusterSize = 296
[2026-07-23 16:56:27] Clusters 10_13-merge and 16 cannot be merged
[2026-07-23 16:56:27] *[2026-07-23 16:56:27] 02_03_04-merge-merge_07_08-merge-merge
[2026-07-23 16:56:27] Asked to drop 0 genes and 2891 cells
[2026-07-23 16:56:27] COTAN dataset analysis: START
[2026-07-23 16:56:27] Asked to drop 2208 genes and 0 cells
[2026-07-23 16:56:27] Genes/cells selection done: dropped [2208] genes and [0] cells
[2026-07-23 16:56:27] Working on [10639] genes and [1186] cells
[2026-07-23 16:56:28] Dataset cleaning elapsed time: 0.887281894683838
[2026-07-23 16:56:28] Estimate `dispersion`: START
[2026-07-23 16:56:28] Effective number of cores used: 80
[2026-07-23 16:56:28] Executing 11 genes batches
[2026-07-23 16:56:40] Total calculations elapsed time: 12.8653075695038
[2026-07-23 16:56:40] Estimate `dispersion`: DONE
[2026-07-23 16:56:40] While checking cluster uniformity Error: length(dispersion) not equal to getNumGenes(objCOTAN)

[2026-07-23 16:56:40] marking pair as not mergable
[2026-07-23 16:56:41] Clusters 02_03_04-merge-merge and 07_08-merge cannot be merged
[2026-07-23 16:56:41] No clusters will be merged
[2026-07-23 16:56:41] None of the remaining tested cluster pairs could be merged
[2026-07-23 16:56:41] Executed all merges for threshold 1.43 out of 65 checks
[2026-07-23 16:56:41] The final merged clusterization contains [12] different clusters: -1, 01, 02_03_04-merge-merge, 05, 06, 07_08-merge, 09, 10_13-merge, 11_12-merge, 14_15-merge_17-merge, 16, 18_19-merge
[2026-07-23 16:56:41] Differential Expression Analysis - START
[2026-07-23 16:56:43] *[2026-07-23 16:56:43]  DEA on cluster '-1' with 21 cells
[2026-07-23 16:56:43] *[2026-07-23 16:56:43]  DEA on cluster '02' with 703 cells
[2026-07-23 16:56:43] *[2026-07-23 16:56:43]  DEA on cluster '03' with 634 cells
[2026-07-23 16:56:43] *[2026-07-23 16:56:43]  DEA on cluster '04' with 572 cells
[2026-07-23 16:56:43] *[2026-07-23 16:56:43]  DEA on cluster '05' with 53 cells
[2026-07-23 16:56:43] *[2026-07-23 16:56:43]  DEA on cluster '06' with 552 cells
[2026-07-23 16:56:44] *[2026-07-23 16:56:44]  DEA on cluster '07' with 269 cells
[2026-07-23 16:56:44] *[2026-07-23 16:56:44]  DEA on cluster '08' with 104 cells
[2026-07-23 16:56:44] *[2026-07-23 16:56:44]  DEA on cluster '09' with 279 cells
[2026-07-23 16:56:44] *[2026-07-23 16:56:44]  DEA on cluster '10' with 575 cells
[2026-07-23 16:56:44] *[2026-07-23 16:56:44]  DEA on cluster '11' with 192 cells
[2026-07-23 16:56:44] *[2026-07-23 16:56:44]  DEA on cluster '12' with 123 cells
[2026-07-23 16:56:44] 
[2026-07-23 16:56:44] Total calculations elapsed time: 2.55672550201416
[2026-07-23 16:56:44] Differential Expression Analysis - DONE
[2026-07-23 16:56:44] Applied reordering to clusterization is:
[2026-07-23 16:56:44] 02  ->  09, 03  ->  10, 04  ->  11, 05  ->  12, 06  ->  07, 07  ->  08, 08  ->  03, 09  ->  02, 10  ->  04, 11  ->  05, 12  ->  06, -1  ->  -1
[2026-07-23 16:56:44] Total calculations elapsed time: 1498.69546699524
[2026-07-23 16:56:44] Merging cells' uniform clustering: DONE
[2026-07-23 16:56:44] ⇡   ✔ Done.
[2026-07-23 16:56:44] ┃   ❖ Adding 'merged' clusterization to the COTAN object...
[2026-07-23 16:56:44] ┃   ┏━━ SAVE OBJECT
[2026-07-23 16:56:44] ┃   ┃    » Saving object at: /data/lorenzo_delitala/data/project_files/ding/cortex_2/plots/clustered.transcript.rds
[2026-07-23 16:58:28] ┃   ┗━━
[2026-07-23 16:58:28] ┃    » Generated 20 uniform clusters.
[2026-07-23 16:58:28] ┃    » Clusters reduced from 20 to 12 after merging.
[2026-07-23 16:58:28] ┗━━
