[2026-07-24 11:20:44] ⇡   ✔ Done.
[2026-07-24 11:20:44] ┃   ❖ Setting up conflict resolution (zeallot)...
[2026-07-24 11:20:44] ┃   ❖ Setting up parallel processing...
[2026-07-24 11:20:44] ┃    » Logging level set to: 3
[2026-07-24 11:20:44] ┃    » Logging path set to: /data/lorenzo_delitala/data/project_files/ding/cortex_2/logs/cluster.gene_1.log
[2026-07-24 11:20:44] ┗━━
[2026-07-24 11:20:44] ❖ Loading Cotan object with coex, p-value and gdi...
[2026-07-24 11:21:10] ┏━━ PERFORM UNIFORM CLUSTERING
[2026-07-24 11:21:10] ┃   ❖ Starting Step 1/2: Splitting clusters...
[2026-07-24 11:21:10] ⇣   ▶ cellsUniformClustering()
[2026-07-24 11:21:10]       ◦ GDIThreshold: NaN ◦ cores: 40 ◦ optimizeForSpeed: TRUE ◦ deviceStr: cpu ◦ saveObj: TRUE ◦ outDir: /data/lorenzo_delitala/data/project_files/ding/cortex_2/plots ◦ checker: NULL ◦ initialResolution: 0.8 ◦ maxIterations: 25 ◦ useDEA: TRUE ◦ distance: NULL ◦ useCoexEigen: FALSE ◦ dataMethod:  ◦ genesSel: HVG_Seurat ◦ numGenes: 2000 ◦ numReducedComp: 25 ◦ hclustMethod: ward.D2 ◦ initialClusters: NULL ◦ minimumUTClusterSize: 50 ◦ initialIteration: 1
[2026-07-24 11:21:10] Creating cells' uniform clustering: START
[2026-07-24 11:21:10] In iteration 1 [2026-07-24 11:21:10] the number of cells to re-cluster is 4091 cells belonging to 0 clusters
[2026-07-24 11:21:10] Asked to drop no genes or cells
[2026-07-24 11:21:10] Creating new clusterization: START
[2026-07-24 11:21:10] Elaborating Reduced dimensionality Data Matrix - START
[2026-07-24 11:21:10] Running genes' selection: START
[2026-07-24 11:21:13] Selected 2000 genes using HVG_Seurat selector
[2026-07-24 11:21:13] Running genes' selection: DONE
[2026-07-24 11:21:16] Elaborating PCA - START
[2026-07-24 11:21:17] Elaborating PCA - DONE
[2026-07-24 11:21:18] Total calculations elapsed time: 7.27479982376099
[2026-07-24 11:21:18] Elaborating Reduced dimensionality Data Matrix - DONE
[2026-07-24 11:21:19] Used resolution for Seurat clusterization is: 0.8
[2026-07-24 11:21:19] Total calculations elapsed time: 8.85982489585876
[2026-07-24 11:21:19] Creating new clusterization: DONE
[2026-07-24 11:21:20] Creating PDF UMAP in file:  /data/lorenzo_delitala/data/project_files/ding/cortex_2/plots/Ding_Cortex2_Gene/reclustering/pdf_umap_1.pdf
[2026-07-24 11:21:20] UMAP plot: START
[2026-07-24 11:21:20] Calculating UMAP: START
[2026-07-24 11:21:29] Calculating UMAP: DONE
[2026-07-24 11:21:29] Total calculations elapsed time: 9.27139091491699
[2026-07-24 11:21:29] UMAP plot: DONE
[2026-07-24 11:21:29] UMAP plot: START
[2026-07-24 11:21:29] Calculating UMAP: START
[2026-07-24 11:21:39] Calculating UMAP: DONE
[2026-07-24 11:21:39] Total calculations elapsed time: 9.23632550239563
[2026-07-24 11:21:39] UMAP plot: DONE
[2026-07-24 11:21:39] *[2026-07-24 11:21:39]  checking uniformity of cluster '0' of 22 clusters
[2026-07-24 11:21:39] Asked to drop 0 genes and 3676 cells
[2026-07-24 11:21:39] COTAN dataset analysis: START
[2026-07-24 11:21:39] Asked to drop 812 genes and 0 cells
[2026-07-24 11:21:39] Genes/cells selection done: dropped [812] genes and [0] cells
[2026-07-24 11:21:39] Working on [17321] genes and [415] cells
[2026-07-24 11:21:40] Dataset cleaning elapsed time: 0.776986122131348
[2026-07-24 11:21:40] Estimate `dispersion`: START
[2026-07-24 11:21:40] Effective number of cores used: 40
[2026-07-24 11:21:42] Executing 17 genes batches
[2026-07-24 11:21:42] Parallel dispersion Newton-Raphson: used up to 6 iterations
[2026-07-24 11:21:43] Parallel dispersion Newton-Raphson: used up to 6 iterations
[2026-07-24 11:21:43] Parallel dispersion Newton-Raphson: used up to 6 iterations
[2026-07-24 11:21:43] Parallel dispersion Newton-Raphson: used up to 5 iterations
[2026-07-24 11:21:43] Parallel dispersion Newton-Raphson: used up to 6 iterations
[2026-07-24 11:21:43] Parallel dispersion Newton-Raphson: used up to 6 iterations
[2026-07-24 11:21:43] Parallel dispersion Newton-Raphson: used up to 7 iterations
[2026-07-24 11:21:43] Parallel dispersion Newton-Raphson: used up to 5 iterations
[2026-07-24 11:21:43] Parallel dispersion Newton-Raphson: used up to 7 iterations
[2026-07-24 11:21:44] Parallel dispersion Newton-Raphson: used up to 6 iterations
[2026-07-24 11:21:44] Parallel dispersion Newton-Raphson: used up to 6 iterations
[2026-07-24 11:21:44] Parallel dispersion Newton-Raphson: used up to 6 iterations
[2026-07-24 11:21:44] Parallel dispersion Newton-Raphson: used up to 7 iterations
[2026-07-24 11:21:44] Parallel dispersion Newton-Raphson: used up to 6 iterations
[2026-07-24 11:21:44] Parallel dispersion Newton-Raphson: used up to 5 iterations
[2026-07-24 11:21:44] Parallel dispersion Newton-Raphson: used up to 6 iterations
[2026-07-24 11:21:45] Parallel dispersion Newton-Raphson: used up to 5 iterations
[2026-07-24 11:21:47] Total calculations elapsed time: 7.48661780357361
[2026-07-24 11:21:47] Estimate `dispersion`: DONE
[2026-07-24 11:21:47] Estimate `dispersion`: DONE
[2026-07-24 11:21:47] `dispersion` | min: -0.118811893698271 | max: 317.431788159845 | % negative: 47.4914843253854
[2026-07-24 11:21:48] Model parameter estimation elapsed time: 8.23888492584229
[2026-07-24 11:21:48] COTAN genes' COEX estimation: START
[2026-07-24 11:21:48] Effective number of cores used: 40
[2026-07-24 11:21:48] Calculate genes COEX (torch) on device cpu: START
[2026-07-24 11:21:48] Retrieving expected genes contingency table
[2026-07-24 11:21:48] Expected genes contingency table elapsed time: 0.258062601089478
[2026-07-24 11:21:48] Calculating genes COEX normalization factor
[2026-07-24 11:21:50] Calculating genes COEX normalization factor elapsed time: 1.69587063789368
[2026-07-24 11:21:50] Retrieving observed genes yes/yes contingency table
[2026-07-24 11:21:50] Observed genes contingency table elapsed time: 0.245402812957764
[2026-07-24 11:22:06] Calculate genes COEX elapsed time: 15.8603739738464
[2026-07-24 11:22:06] Total calculations elapsed time: 18.0597100257874
[2026-07-24 11:22:06] Calculate genes COEX (torch) on device cpu: DONE
[2026-07-24 11:22:07] Only genes' COEX elapsed time: 18.8347361087799
[2026-07-24 11:22:07] Dataset analysis elapsed time: 27.8506071567535
[2026-07-24 11:22:07] COTAN dataset analysis: DONE
[2026-07-24 11:22:08] Checking uniformity for the cluster '01_0000' with 415 cells
[2026-07-24 11:22:08] Calculate GDI dataframe: START
[2026-07-24 11:22:08] Using S
[2026-07-24 11:22:08] Calculating S: START
[2026-07-24 11:22:16] Calculating S: DONE
[2026-07-24 11:22:16] Calculate `GDI`: START
[2026-07-24 11:22:16] Effective number of cores used: 40
[2026-07-24 11:22:16] Effective number of cores used: 40
[2026-07-24 11:22:16] Executing 17 genes batches
[2026-07-24 11:22:23] Total calculations elapsed time: 6.64025664329529
[2026-07-24 11:22:23] Calculate `GDI`: DONE
[2026-07-24 11:22:25] Total calculations elapsed time: 16.8237206935883
[2026-07-24 11:22:25] Calculate GDI dataframe: DONE
[2026-07-24 11:22:25] Clean plots: START
[2026-07-24 11:22:25] Total calculations elapsed time: 0.0249125957489014
[2026-07-24 11:22:25] Clean plots: DONE
[2026-07-24 11:22:25] GDI plot
[2026-07-24 11:22:25] Removed 16 low GDI genes (such as the fully-expressed) in GDI plot
[2026-07-24 11:22:27] Cluster 01_0000, with size 415, is not uniform
[2026-07-24 11:22:27] Cluster 01_0000's shift to uniformity: 0.013832058916776
[2026-07-24 11:22:27] class = SimpleGDIUniformityCheck, check.isCheckAbove = FALSE, check.GDIThreshold = 1.4, check.maxRatioBeyond = 0.01, check.maxRankBeyond = 0, check.fractionBeyond = 0.0143756134172392, check.thresholdRank = 0, check.quantileAtRatio = 1.41383205891678, check.quantileAtRank = NaN, isUniform = FALSE, clusterSize = 415
[2026-07-24 11:22:27] cluster 01_0000 has too high GDI: will be reclustered!
[2026-07-24 11:22:27] 
[2026-07-24 11:22:28] *[2026-07-24 11:22:28]  checking uniformity of cluster '1' of 22 clusters
[2026-07-24 11:22:28] Asked to drop 0 genes and 3699 cells
[2026-07-24 11:22:28] COTAN dataset analysis: START
[2026-07-24 11:22:28] Asked to drop 3431 genes and 0 cells
[2026-07-24 11:22:28] Genes/cells selection done: dropped [3431] genes and [0] cells
[2026-07-24 11:22:28] Working on [14702] genes and [392] cells
[2026-07-24 11:22:28] Dataset cleaning elapsed time: 0.830065727233887
[2026-07-24 11:22:28] Estimate `dispersion`: START
[2026-07-24 11:22:28] Effective number of cores used: 40
[2026-07-24 11:22:28] Executing 15 genes batches
[2026-07-24 11:22:29] Parallel dispersion Newton-Raphson: used up to 7 iterations
[2026-07-24 11:22:29] Parallel dispersion Newton-Raphson: used up to 7 iterations
[2026-07-24 11:22:29] Parallel dispersion Newton-Raphson: used up to 6 iterations
[2026-07-24 11:22:29] Parallel dispersion Newton-Raphson: used up to 5 iterations
[2026-07-24 11:22:29] Parallel dispersion Newton-Raphson: used up to 6 iterations
[2026-07-24 11:22:30] Parallel dispersion Newton-Raphson: used up to 5 iterations
[2026-07-24 11:22:30] Parallel dispersion Newton-Raphson: used up to 5 iterations
[2026-07-24 11:22:30] Parallel dispersion Newton-Raphson: used up to 6 iterations
[2026-07-24 11:22:30] Parallel dispersion Newton-Raphson: used up to 6 iterations
[2026-07-24 11:22:30] Parallel dispersion Newton-Raphson: used up to 6 iterations
[2026-07-24 11:22:30] Parallel dispersion Newton-Raphson: used up to 7 iterations
[2026-07-24 11:22:30] Parallel dispersion Newton-Raphson: used up to 7 iterations
[2026-07-24 11:22:31] Parallel dispersion Newton-Raphson: used up to 10 iterations
[2026-07-24 11:22:31] Parallel dispersion Newton-Raphson: used up to 6 iterations
[2026-07-24 11:22:31] Parallel dispersion Newton-Raphson: used up to 5 iterations
[2026-07-24 11:22:34] Total calculations elapsed time: 5.4733772277832
[2026-07-24 11:22:34] Estimate `dispersion`: DONE
[2026-07-24 11:22:34] Estimate `dispersion`: DONE
[2026-07-24 11:22:34] `dispersion` | min: -0.140980569549552 | max: 358.491598199163 | % negative: 59.6789552441845
[2026-07-24 11:22:35] Model parameter estimation elapsed time: 6.3513560295105
[2026-07-24 11:22:35] COTAN genes' COEX estimation: START
[2026-07-24 11:22:35] Effective number of cores used: 40
[2026-07-24 11:22:35] Calculate genes COEX (torch) on device cpu: START
[2026-07-24 11:22:35] Retrieving expected genes contingency table
[2026-07-24 11:22:35] Expected genes contingency table elapsed time: 0.153276681900024
[2026-07-24 11:22:35] Calculating genes COEX normalization factor
[2026-07-24 11:22:36] Calculating genes COEX normalization factor elapsed time: 1.50545430183411
[2026-07-24 11:22:36] Retrieving observed genes yes/yes contingency table
[2026-07-24 11:22:37] Observed genes contingency table elapsed time: 0.186336040496826
[2026-07-24 11:22:47] Calculate genes COEX elapsed time: 9.90324282646179
[2026-07-24 11:22:47] Total calculations elapsed time: 11.7483098506927
[2026-07-24 11:22:47] Calculate genes COEX (torch) on device cpu: DONE
[2026-07-24 11:22:47] Only genes' COEX elapsed time: 12.4830594062805
[2026-07-24 11:22:47] Dataset analysis elapsed time: 19.6644811630249
[2026-07-24 11:22:47] COTAN dataset analysis: DONE
[2026-07-24 11:22:48] Checking uniformity for the cluster '01_0001' with 392 cells
[2026-07-24 11:22:48] Calculate GDI dataframe: START
[2026-07-24 11:22:48] Using S
[2026-07-24 11:22:48] Calculating S: START
[2026-07-24 11:22:54] Calculating S: DONE
[2026-07-24 11:22:54] Calculate `GDI`: START
[2026-07-24 11:22:54] Effective number of cores used: 40
[2026-07-24 11:22:54] Effective number of cores used: 40
[2026-07-24 11:22:54] Executing 15 genes batches
[2026-07-24 11:22:59] Total calculations elapsed time: 4.32833886146545
[2026-07-24 11:22:59] Calculate `GDI`: DONE
[2026-07-24 11:23:00] Total calculations elapsed time: 12.1445710659027
[2026-07-24 11:23:00] Calculate GDI dataframe: DONE
[2026-07-24 11:23:00] Clean plots: START
[2026-07-24 11:23:00] Total calculations elapsed time: 0.0228846073150635
[2026-07-24 11:23:00] Clean plots: DONE
[2026-07-24 11:23:00] GDI plot
[2026-07-24 11:23:00] Removed 0 low GDI genes (such as the fully-expressed) in GDI plot
[2026-07-24 11:23:02] Cluster 01_0001, with size 392, is uniform
[2026-07-24 11:23:02] Cluster 01_0001's shift to uniformity: -0.0601277018181636
[2026-07-24 11:23:02] class = SimpleGDIUniformityCheck, check.isCheckAbove = FALSE, check.GDIThreshold = 1.4, check.maxRatioBeyond = 0.01, check.maxRankBeyond = 0, check.fractionBeyond = 0.00217657461569854, check.thresholdRank = 0, check.quantileAtRatio = 1.33987229818184, check.quantileAtRank = NaN, isUniform = TRUE, clusterSize = 392
[2026-07-24 11:23:02] cluster 01_0001 is uniform
[2026-07-24 11:23:02] 
[2026-07-24 11:23:03] *[2026-07-24 11:23:03]  checking uniformity of cluster '2' of 22 clusters
[2026-07-24 11:23:03] Asked to drop 0 genes and 3723 cells
[2026-07-24 11:23:03] COTAN dataset analysis: START
[2026-07-24 11:23:03] Asked to drop 729 genes and 0 cells
[2026-07-24 11:23:03] Genes/cells selection done: dropped [729] genes and [0] cells
[2026-07-24 11:23:03] Working on [17404] genes and [368] cells
[2026-07-24 11:23:04] Dataset cleaning elapsed time: 0.937530517578125
[2026-07-24 11:23:04] Estimate `dispersion`: START
[2026-07-24 11:23:04] Effective number of cores used: 40
[2026-07-24 11:23:04] Executing 17 genes batches
[2026-07-24 11:23:04] Parallel dispersion Newton-Raphson: used up to 6 iterations
[2026-07-24 11:23:05] Parallel dispersion Newton-Raphson: used up to 7 iterations
[2026-07-24 11:23:05] Parallel dispersion Newton-Raphson: used up to 5 iterations
[2026-07-24 11:23:05] Parallel dispersion Newton-Raphson: used up to 6 iterations
[2026-07-24 11:23:05] Parallel dispersion Newton-Raphson: used up to 5 iterations
[2026-07-24 11:23:05] Parallel dispersion Newton-Raphson: used up to 6 iterations
[2026-07-24 11:23:05] Parallel dispersion Newton-Raphson: used up to 5 iterations
[2026-07-24 11:23:05] Parallel dispersion Newton-Raphson: used up to 6 iterations
[2026-07-24 11:23:05] Parallel dispersion Newton-Raphson: used up to 6 iterations
[2026-07-24 11:23:06] Parallel dispersion Newton-Raphson: used up to 5 iterations
[2026-07-24 11:23:06] Parallel dispersion Newton-Raphson: used up to 6 iterations
[2026-07-24 11:23:06] Parallel dispersion Newton-Raphson: used up to 6 iterations
[2026-07-24 11:23:06] Parallel dispersion Newton-Raphson: used up to 7 iterations
[2026-07-24 11:23:06] Parallel dispersion Newton-Raphson: used up to 6 iterations
[2026-07-24 11:23:06] Parallel dispersion Newton-Raphson: used up to 6 iterations
[2026-07-24 11:23:07] Parallel dispersion Newton-Raphson: used up to 5 iterations
[2026-07-24 11:23:07] Parallel dispersion Newton-Raphson: used up to 6 iterations
[2026-07-24 11:23:09] Total calculations elapsed time: 5.11176609992981
[2026-07-24 11:23:09] Estimate `dispersion`: DONE
[2026-07-24 11:23:09] Estimate `dispersion`: DONE
[2026-07-24 11:23:09] `dispersion` | min: -0.186327306863921 | max: 327.467192403356 | % negative: 46.5984831073316
[2026-07-24 11:23:10] Model parameter estimation elapsed time: 5.91094660758972
[2026-07-24 11:23:10] COTAN genes' COEX estimation: START
[2026-07-24 11:23:10] Effective number of cores used: 40
[2026-07-24 11:23:10] Calculate genes COEX (torch) on device cpu: START
[2026-07-24 11:23:10] Retrieving expected genes contingency table
[2026-07-24 11:23:10] Expected genes contingency table elapsed time: 0.188900232315063
[2026-07-24 11:23:10] Calculating genes COEX normalization factor
[2026-07-24 11:23:12] Calculating genes COEX normalization factor elapsed time: 1.85054206848145
[2026-07-24 11:23:12] Retrieving observed genes yes/yes contingency table
[2026-07-24 11:23:12] Observed genes contingency table elapsed time: 0.229540348052979
[2026-07-24 11:23:26] Calculate genes COEX elapsed time: 13.5697729587555
[2026-07-24 11:23:26] Total calculations elapsed time: 15.838755607605
[2026-07-24 11:23:26] Calculate genes COEX (torch) on device cpu: DONE
[2026-07-24 11:23:27] Only genes' COEX elapsed time: 16.5998210906982
[2026-07-24 11:23:27] Dataset analysis elapsed time: 23.4482982158661
[2026-07-24 11:23:27] COTAN dataset analysis: DONE
[2026-07-24 11:23:27] Checking uniformity for the cluster '01_0002' with 368 cells
[2026-07-24 11:23:27] Calculate GDI dataframe: START
[2026-07-24 11:23:27] Using S
[2026-07-24 11:23:27] Calculating S: START
[2026-07-24 11:23:36] Calculating S: DONE
[2026-07-24 11:23:36] Calculate `GDI`: START
[2026-07-24 11:23:36] Effective number of cores used: 40
[2026-07-24 11:23:36] Effective number of cores used: 40
[2026-07-24 11:23:36] Executing 17 genes batches
[2026-07-24 11:23:43] Total calculations elapsed time: 6.36815118789673
[2026-07-24 11:23:43] Calculate `GDI`: DONE
[2026-07-24 11:23:44] Total calculations elapsed time: 17.1202647686005
[2026-07-24 11:23:44] Calculate GDI dataframe: DONE
[2026-07-24 11:23:44] Clean plots: START
[2026-07-24 11:23:45] Total calculations elapsed time: 0.023463249206543
[2026-07-24 11:23:45] Clean plots: DONE
[2026-07-24 11:23:45] GDI plot
[2026-07-24 11:23:45] Removed 15 low GDI genes (such as the fully-expressed) in GDI plot
[2026-07-24 11:23:47] Cluster 01_0002, with size 368, is not uniform
[2026-07-24 11:23:47] Cluster 01_0002's shift to uniformity: 0.0848093295753574
[2026-07-24 11:23:47] class = SimpleGDIUniformityCheck, check.isCheckAbove = FALSE, check.GDIThreshold = 1.4, check.maxRatioBeyond = 0.01, check.maxRankBeyond = 0, check.fractionBeyond = 0.0386118133762354, check.thresholdRank = 0, check.quantileAtRatio = 1.48480932957536, check.quantileAtRank = NaN, isUniform = FALSE, clusterSize = 368
[2026-07-24 11:23:47] cluster 01_0002 has too high GDI: will be reclustered!
[2026-07-24 11:23:47] 
[2026-07-24 11:23:47] *[2026-07-24 11:23:47]  checking uniformity of cluster '3' of 22 clusters
[2026-07-24 11:23:47] Asked to drop 0 genes and 3743 cells
[2026-07-24 11:23:48] COTAN dataset analysis: START
[2026-07-24 11:23:48] Asked to drop 1746 genes and 0 cells
[2026-07-24 11:23:48] Genes/cells selection done: dropped [1746] genes and [0] cells
[2026-07-24 11:23:48] Working on [16387] genes and [348] cells
[2026-07-24 11:23:48] Dataset cleaning elapsed time: 0.836828947067261
[2026-07-24 11:23:48] Estimate `dispersion`: START
[2026-07-24 11:23:48] Effective number of cores used: 40
[2026-07-24 11:23:48] Executing 17 genes batches
[2026-07-24 11:23:49] Parallel dispersion Newton-Raphson: used up to 6 iterations
[2026-07-24 11:23:49] Parallel dispersion Newton-Raphson: used up to 6 iterations
[2026-07-24 11:23:49] Parallel dispersion Newton-Raphson: used up to 6 iterations
[2026-07-24 11:23:49] Parallel dispersion Newton-Raphson: used up to 5 iterations
[2026-07-24 11:23:49] Parallel dispersion Newton-Raphson: used up to 6 iterations
[2026-07-24 11:23:49] Parallel dispersion Newton-Raphson: used up to 5 iterations
[2026-07-24 11:23:50] Parallel dispersion Newton-Raphson: used up to 6 iterations
[2026-07-24 11:23:50] Parallel dispersion Newton-Raphson: used up to 6 iterations
[2026-07-24 11:23:50] Parallel dispersion Newton-Raphson: used up to 6 iterations
[2026-07-24 11:23:50] Parallel dispersion Newton-Raphson: used up to 6 iterations
[2026-07-24 11:23:50] Parallel dispersion Newton-Raphson: used up to 6 iterations
[2026-07-24 11:23:50] Parallel dispersion Newton-Raphson: used up to 6 iterations
[2026-07-24 11:23:50] Parallel dispersion Newton-Raphson: used up to 6 iterations
[2026-07-24 11:23:51] Parallel dispersion Newton-Raphson: used up to 6 iterations
[2026-07-24 11:23:51] Parallel dispersion Newton-Raphson: used up to 6 iterations
[2026-07-24 11:23:51] Parallel dispersion Newton-Raphson: used up to 5 iterations
[2026-07-24 11:23:51] Parallel dispersion Newton-Raphson: used up to 5 iterations
[2026-07-24 11:23:54] Total calculations elapsed time: 5.63868856430054
[2026-07-24 11:23:54] Estimate `dispersion`: DONE
[2026-07-24 11:23:54] Estimate `dispersion`: DONE
[2026-07-24 11:23:54] `dispersion` | min: -0.239414414172816 | max: 208.335945894403 | % negative: 53.0054311344358
[2026-07-24 11:23:55] Model parameter estimation elapsed time: 6.42062139511108
[2026-07-24 11:23:55] COTAN genes' COEX estimation: START
[2026-07-24 11:23:55] Effective number of cores used: 40
[2026-07-24 11:23:55] Calculate genes COEX (torch) on device cpu: START
[2026-07-24 11:23:55] Retrieving expected genes contingency table
[2026-07-24 11:23:55] Expected genes contingency table elapsed time: 0.167283773422241
[2026-07-24 11:23:55] Calculating genes COEX normalization factor
[2026-07-24 11:23:57] Calculating genes COEX normalization factor elapsed time: 1.58059978485107
[2026-07-24 11:23:57] Retrieving observed genes yes/yes contingency table
[2026-07-24 11:23:57] Observed genes contingency table elapsed time: 0.170309066772461
[2026-07-24 11:24:08] Calculate genes COEX elapsed time: 11.5594146251678
[2026-07-24 11:24:08] Total calculations elapsed time: 13.4776072502136
[2026-07-24 11:24:08] Calculate genes COEX (torch) on device cpu: DONE
[2026-07-24 11:24:09] Only genes' COEX elapsed time: 14.2059473991394
[2026-07-24 11:24:09] Dataset analysis elapsed time: 21.4633977413177
[2026-07-24 11:24:09] COTAN dataset analysis: DONE
[2026-07-24 11:24:10] Checking uniformity for the cluster '01_0003' with 348 cells
[2026-07-24 11:24:10] Calculate GDI dataframe: START
[2026-07-24 11:24:10] Using S
[2026-07-24 11:24:10] Calculating S: START
[2026-07-24 11:24:18] Calculating S: DONE
[2026-07-24 11:24:18] Calculate `GDI`: START
[2026-07-24 11:24:18] Effective number of cores used: 40
[2026-07-24 11:24:18] Effective number of cores used: 40
[2026-07-24 11:24:18] Executing 17 genes batches
[2026-07-24 11:24:23] Total calculations elapsed time: 5.9764940738678
[2026-07-24 11:24:23] Calculate `GDI`: DONE
[2026-07-24 11:24:26] Total calculations elapsed time: 15.837982416153
[2026-07-24 11:24:26] Calculate GDI dataframe: DONE
[2026-07-24 11:24:26] Clean plots: START
[2026-07-24 11:24:26] Total calculations elapsed time: 0.0257394313812256
[2026-07-24 11:24:26] Clean plots: DONE
[2026-07-24 11:24:26] GDI plot
[2026-07-24 11:24:26] Removed 16 low GDI genes (such as the fully-expressed) in GDI plot
[2026-07-24 11:24:28] Cluster 01_0003, with size 348, is uniform
[2026-07-24 11:24:28] Cluster 01_0003's shift to uniformity: -0.0428572081173053
[2026-07-24 11:24:28] class = SimpleGDIUniformityCheck, check.isCheckAbove = FALSE, check.GDIThreshold = 1.4, check.maxRatioBeyond = 0.01, check.maxRankBeyond = 0, check.fractionBeyond = 0.00189174345517788, check.thresholdRank = 0, check.quantileAtRatio = 1.35714279188269, check.quantileAtRank = NaN, isUniform = TRUE, clusterSize = 348
[2026-07-24 11:24:28] cluster 01_0003 is uniform
[2026-07-24 11:24:28] 
[2026-07-24 11:24:29] *[2026-07-24 11:24:29]  checking uniformity of cluster '4' of 22 clusters
[2026-07-24 11:24:29] Asked to drop 0 genes and 3753 cells
[2026-07-24 11:24:29] COTAN dataset analysis: START
[2026-07-24 11:24:29] Asked to drop 1550 genes and 0 cells
[2026-07-24 11:24:29] Genes/cells selection done: dropped [1550] genes and [0] cells
[2026-07-24 11:24:29] Working on [16583] genes and [338] cells
[2026-07-24 11:24:30] Dataset cleaning elapsed time: 0.901327133178711
[2026-07-24 11:24:30] Estimate `dispersion`: START
[2026-07-24 11:24:30] Effective number of cores used: 40
[2026-07-24 11:24:30] Executing 17 genes batches
[2026-07-24 11:24:30] Parallel dispersion Newton-Raphson: used up to 5 iterations
[2026-07-24 11:24:30] Parallel dispersion Newton-Raphson: used up to 6 iterations
[2026-07-24 11:24:31] Parallel dispersion Newton-Raphson: used up to 5 iterations
[2026-07-24 11:24:31] Parallel dispersion Newton-Raphson: used up to 5 iterations
[2026-07-24 11:24:31] Parallel dispersion Newton-Raphson: used up to 6 iterations
[2026-07-24 11:24:31] Parallel dispersion Newton-Raphson: used up to 6 iterations
[2026-07-24 11:24:31] Parallel dispersion Newton-Raphson: used up to 6 iterations
[2026-07-24 11:24:31] Parallel dispersion Newton-Raphson: used up to 6 iterations
[2026-07-24 11:24:31] Parallel dispersion Newton-Raphson: used up to 6 iterations
[2026-07-24 11:24:32] Parallel dispersion Newton-Raphson: used up to 5 iterations
[2026-07-24 11:24:32] Parallel dispersion Newton-Raphson: used up to 5 iterations
[2026-07-24 11:24:32] Parallel dispersion Newton-Raphson: used up to 5 iterations
[2026-07-24 11:24:32] Parallel dispersion Newton-Raphson: used up to 7 iterations
[2026-07-24 11:24:32] Parallel dispersion Newton-Raphson: used up to 6 iterations
[2026-07-24 11:24:32] Parallel dispersion Newton-Raphson: used up to 6 iterations
[2026-07-24 11:24:32] Parallel dispersion Newton-Raphson: used up to 5 iterations
[2026-07-24 11:24:33] Parallel dispersion Newton-Raphson: used up to 6 iterations
[2026-07-24 11:24:35] Total calculations elapsed time: 5.35761618614197
[2026-07-24 11:24:35] Estimate `dispersion`: DONE
[2026-07-24 11:24:35] Estimate `dispersion`: DONE
[2026-07-24 11:24:35] `dispersion` | min: -0.329698231130054 | max: 262.006648241773 | % negative: 51.5286739431948
[2026-07-24 11:24:36] Model parameter estimation elapsed time: 6.14637351036072
[2026-07-24 11:24:36] COTAN genes' COEX estimation: START
[2026-07-24 11:24:36] Effective number of cores used: 40
[2026-07-24 11:24:36] Calculate genes COEX (torch) on device cpu: START
[2026-07-24 11:24:36] Retrieving expected genes contingency table
[2026-07-24 11:24:36] Expected genes contingency table elapsed time: 0.165017366409302
[2026-07-24 11:24:36] Calculating genes COEX normalization factor
[2026-07-24 11:24:38] Calculating genes COEX normalization factor elapsed time: 1.57874989509583
[2026-07-24 11:24:38] Retrieving observed genes yes/yes contingency table
[2026-07-24 11:24:38] Observed genes contingency table elapsed time: 0.177031278610229
[2026-07-24 11:24:50] Calculate genes COEX elapsed time: 12.3126516342163
[2026-07-24 11:24:50] Total calculations elapsed time: 14.2334501743317
[2026-07-24 11:24:50] Calculate genes COEX (torch) on device cpu: DONE
[2026-07-24 11:24:51] Only genes' COEX elapsed time: 15.0163552761078
[2026-07-24 11:24:51] Dataset analysis elapsed time: 22.0640559196472
[2026-07-24 11:24:51] COTAN dataset analysis: DONE
[2026-07-24 11:24:52] Checking uniformity for the cluster '01_0004' with 338 cells
[2026-07-24 11:24:52] Calculate GDI dataframe: START
[2026-07-24 11:24:52] Using S
[2026-07-24 11:24:52] Calculating S: START
[2026-07-24 11:25:00] Calculating S: DONE
[2026-07-24 11:25:00] Calculate `GDI`: START
[2026-07-24 11:25:00] Effective number of cores used: 40
[2026-07-24 11:25:00] Effective number of cores used: 40
[2026-07-24 11:25:00] Executing 17 genes batches
[2026-07-24 11:25:06] Total calculations elapsed time: 6.01242661476135
[2026-07-24 11:25:06] Calculate `GDI`: DONE
[2026-07-24 11:25:07] Total calculations elapsed time: 15.6580185890198
[2026-07-24 11:25:07] Calculate GDI dataframe: DONE
[2026-07-24 11:25:07] Clean plots: START
[2026-07-24 11:25:07] Total calculations elapsed time: 0.0229690074920654
[2026-07-24 11:25:07] Clean plots: DONE
[2026-07-24 11:25:07] GDI plot
[2026-07-24 11:25:07] Removed 17 low GDI genes (such as the fully-expressed) in GDI plot
[2026-07-24 11:25:10] Cluster 01_0004, with size 338, is uniform
[2026-07-24 11:25:10] Cluster 01_0004's shift to uniformity: -0.0335263227911573
[2026-07-24 11:25:10] class = SimpleGDIUniformityCheck, check.isCheckAbove = FALSE, check.GDIThreshold = 1.4, check.maxRatioBeyond = 0.01, check.maxRankBeyond = 0, check.fractionBeyond = 0.00349755773985407, check.thresholdRank = 0, check.quantileAtRatio = 1.36647367720884, check.quantileAtRank = NaN, isUniform = TRUE, clusterSize = 338
[2026-07-24 11:25:10] cluster 01_0004 is uniform
[2026-07-24 11:25:10] 
[2026-07-24 11:25:10] *[2026-07-24 11:25:10]  checking uniformity of cluster '5' of 22 clusters
[2026-07-24 11:25:10] Asked to drop 0 genes and 3805 cells
[2026-07-24 11:25:10] COTAN dataset analysis: START
[2026-07-24 11:25:10] Asked to drop 4976 genes and 0 cells
[2026-07-24 11:25:11] Genes/cells selection done: dropped [4976] genes and [0] cells
[2026-07-24 11:25:11] Working on [13157] genes and [286] cells
[2026-07-24 11:25:11] Dataset cleaning elapsed time: 0.82122015953064
[2026-07-24 11:25:11] Estimate `dispersion`: START
[2026-07-24 11:25:11] Effective number of cores used: 40
[2026-07-24 11:25:11] Executing 13 genes batches
[2026-07-24 11:25:12] Parallel dispersion Newton-Raphson: used up to 5 iterations
[2026-07-24 11:25:12] Parallel dispersion Newton-Raphson: used up to 6 iterations
[2026-07-24 11:25:12] Parallel dispersion Newton-Raphson: used up to 5 iterations
[2026-07-24 11:25:12] Parallel dispersion Newton-Raphson: used up to 5 iterations
[2026-07-24 11:25:12] Parallel dispersion Newton-Raphson: used up to 5 iterations
[2026-07-24 11:25:12] Parallel dispersion Newton-Raphson: used up to 5 iterations
[2026-07-24 11:25:12] Parallel dispersion Newton-Raphson: used up to 5 iterations
[2026-07-24 11:25:13] Parallel dispersion Newton-Raphson: used up to 5 iterations
[2026-07-24 11:25:13] Parallel dispersion Newton-Raphson: used up to 5 iterations
[2026-07-24 11:25:13] Parallel dispersion Newton-Raphson: used up to 5 iterations
[2026-07-24 11:25:13] Parallel dispersion Newton-Raphson: used up to 6 iterations
[2026-07-24 11:25:13] Parallel dispersion Newton-Raphson: used up to 6 iterations
[2026-07-24 11:25:13] Parallel dispersion Newton-Raphson: used up to 6 iterations
[2026-07-24 11:25:16] Total calculations elapsed time: 4.59083580970764
[2026-07-24 11:25:16] Estimate `dispersion`: DONE
[2026-07-24 11:25:16] Estimate `dispersion`: DONE
[2026-07-24 11:25:16] `dispersion` | min: -0.14632624180134 | max: 210.944166747456 | % negative: 62.1950292619898
[2026-07-24 11:25:17] Model parameter estimation elapsed time: 5.44032692909241
[2026-07-24 11:25:17] COTAN genes' COEX estimation: START
[2026-07-24 11:25:17] Effective number of cores used: 40
[2026-07-24 11:25:17] Calculate genes COEX (torch) on device cpu: START
[2026-07-24 11:25:17] Retrieving expected genes contingency table
[2026-07-24 11:25:17] Expected genes contingency table elapsed time: 0.104212999343872
[2026-07-24 11:25:17] Calculating genes COEX normalization factor
[2026-07-24 11:25:18] Calculating genes COEX normalization factor elapsed time: 1.27916860580444
[2026-07-24 11:25:18] Retrieving observed genes yes/yes contingency table
[2026-07-24 11:25:18] Observed genes contingency table elapsed time: 0.0996229648590088
[2026-07-24 11:25:26] Calculate genes COEX elapsed time: 8.05951380729675
[2026-07-24 11:25:26] Total calculations elapsed time: 9.54251837730408
[2026-07-24 11:25:26] Calculate genes COEX (torch) on device cpu: DONE
[2026-07-24 11:25:27] Only genes' COEX elapsed time: 10.2793917655945
[2026-07-24 11:25:27] Dataset analysis elapsed time: 16.5409388542175
[2026-07-24 11:25:27] COTAN dataset analysis: DONE
[2026-07-24 11:25:28] Checking uniformity for the cluster '01_0005' with 286 cells
[2026-07-24 11:25:28] Calculate GDI dataframe: START
[2026-07-24 11:25:28] Using S
[2026-07-24 11:25:28] Calculating S: START
[2026-07-24 11:25:33] Calculating S: DONE
[2026-07-24 11:25:33] Calculate `GDI`: START
[2026-07-24 11:25:33] Effective number of cores used: 40
[2026-07-24 11:25:33] Effective number of cores used: 40
[2026-07-24 11:25:33] Executing 13 genes batches
[2026-07-24 11:25:37] Total calculations elapsed time: 4.6789026260376
[2026-07-24 11:25:37] Calculate `GDI`: DONE
[2026-07-24 11:25:39] Total calculations elapsed time: 11.0753893852234
[2026-07-24 11:25:39] Calculate GDI dataframe: DONE
[2026-07-24 11:25:39] Clean plots: START
[2026-07-24 11:25:39] Total calculations elapsed time: 0.0276374816894531
[2026-07-24 11:25:39] Clean plots: DONE
[2026-07-24 11:25:39] GDI plot
[2026-07-24 11:25:39] Removed 1 low GDI genes (such as the fully-expressed) in GDI plot
[2026-07-24 11:25:41] Cluster 01_0005, with size 286, is not uniform
[2026-07-24 11:25:41] Cluster 01_0005's shift to uniformity: 0.034551142721867
[2026-07-24 11:25:41] class = SimpleGDIUniformityCheck, check.isCheckAbove = FALSE, check.GDIThreshold = 1.4, check.maxRatioBeyond = 0.01, check.maxRankBeyond = 0, check.fractionBeyond = 0.0169491525423729, check.thresholdRank = 0, check.quantileAtRatio = 1.43455114272187, check.quantileAtRank = NaN, isUniform = FALSE, clusterSize = 286
[2026-07-24 11:25:41] cluster 01_0005 has too high GDI: will be reclustered!
[2026-07-24 11:25:41] 
[2026-07-24 11:25:42] *[2026-07-24 11:25:42]  checking uniformity of cluster '6' of 22 clusters
[2026-07-24 11:25:42] Asked to drop 0 genes and 3826 cells
[2026-07-24 11:25:42] COTAN dataset analysis: START
[2026-07-24 11:25:42] Asked to drop 1557 genes and 0 cells
[2026-07-24 11:25:42] Genes/cells selection done: dropped [1557] genes and [0] cells
[2026-07-24 11:25:42] Working on [16576] genes and [265] cells
[2026-07-24 11:25:42] Dataset cleaning elapsed time: 0.804593086242676
[2026-07-24 11:25:42] Estimate `dispersion`: START
[2026-07-24 11:25:42] Effective number of cores used: 40
[2026-07-24 11:25:43] Executing 17 genes batches
[2026-07-24 11:25:43] Parallel dispersion Newton-Raphson: used up to 6 iterations
[2026-07-24 11:25:43] Parallel dispersion Newton-Raphson: used up to 6 iterations
[2026-07-24 11:25:43] Parallel dispersion Newton-Raphson: used up to 5 iterations
[2026-07-24 11:25:43] Parallel dispersion Newton-Raphson: used up to 6 iterations
[2026-07-24 11:25:43] Parallel dispersion Newton-Raphson: used up to 6 iterations
[2026-07-24 11:25:43] Parallel dispersion Newton-Raphson: used up to 6 iterations
[2026-07-24 11:25:44] Parallel dispersion Newton-Raphson: used up to 6 iterations
[2026-07-24 11:25:44] Parallel dispersion Newton-Raphson: used up to 5 iterations
[2026-07-24 11:25:44] Parallel dispersion Newton-Raphson: used up to 7 iterations
[2026-07-24 11:25:44] Parallel dispersion Newton-Raphson: used up to 5 iterations
[2026-07-24 11:25:44] Parallel dispersion Newton-Raphson: used up to 5 iterations
[2026-07-24 11:25:44] Parallel dispersion Newton-Raphson: used up to 5 iterations
[2026-07-24 11:25:44] Parallel dispersion Newton-Raphson: used up to 7 iterations
[2026-07-24 11:25:45] Parallel dispersion Newton-Raphson: used up to 5 iterations
[2026-07-24 11:25:45] Parallel dispersion Newton-Raphson: used up to 6 iterations
[2026-07-24 11:25:45] Parallel dispersion Newton-Raphson: used up to 5 iterations
[2026-07-24 11:25:45] Parallel dispersion Newton-Raphson: used up to 5 iterations
[2026-07-24 11:25:47] Total calculations elapsed time: 4.96195697784424
[2026-07-24 11:25:47] Estimate `dispersion`: DONE
[2026-07-24 11:25:47] Estimate `dispersion`: DONE
[2026-07-24 11:25:47] `dispersion` | min: -0.170055760176707 | max: 339.66175714771 | % negative: 49.933638996139
[2026-07-24 11:25:48] Model parameter estimation elapsed time: 5.68646287918091
[2026-07-24 11:25:48] COTAN genes' COEX estimation: START
[2026-07-24 11:25:48] Effective number of cores used: 40
[2026-07-24 11:25:48] Calculate genes COEX (torch) on device cpu: START
[2026-07-24 11:25:48] Retrieving expected genes contingency table
[2026-07-24 11:25:48] Expected genes contingency table elapsed time: 0.12505841255188
[2026-07-24 11:25:48] Calculating genes COEX normalization factor
[2026-07-24 11:25:50] Calculating genes COEX normalization factor elapsed time: 1.56621098518372
[2026-07-24 11:25:50] Retrieving observed genes yes/yes contingency table
[2026-07-24 11:25:50] Observed genes contingency table elapsed time: 0.126095533370972
[2026-07-24 11:26:02] Calculate genes COEX elapsed time: 12.1759026050568
[2026-07-24 11:26:02] Total calculations elapsed time: 13.9932675361633
[2026-07-24 11:26:02] Calculate genes COEX (torch) on device cpu: DONE
[2026-07-24 11:26:03] Only genes' COEX elapsed time: 14.7309753894806
[2026-07-24 11:26:03] Dataset analysis elapsed time: 21.2220313549042
[2026-07-24 11:26:03] COTAN dataset analysis: DONE
[2026-07-24 11:26:04] Checking uniformity for the cluster '01_0006' with 265 cells
[2026-07-24 11:26:04] Calculate GDI dataframe: START
[2026-07-24 11:26:04] Using S
[2026-07-24 11:26:04] Calculating S: START
[2026-07-24 11:26:12] Calculating S: DONE
[2026-07-24 11:26:12] Calculate `GDI`: START
[2026-07-24 11:26:12] Effective number of cores used: 40
[2026-07-24 11:26:12] Effective number of cores used: 40
[2026-07-24 11:26:12] Executing 17 genes batches
[2026-07-24 11:26:17] Total calculations elapsed time: 5.13224411010742
[2026-07-24 11:26:17] Calculate `GDI`: DONE
[2026-07-24 11:26:18] Total calculations elapsed time: 14.5529518127441
[2026-07-24 11:26:18] Calculate GDI dataframe: DONE
[2026-07-24 11:26:18] Clean plots: START
[2026-07-24 11:26:18] Total calculations elapsed time: 0.0225489139556885
[2026-07-24 11:26:18] Clean plots: DONE
[2026-07-24 11:26:18] GDI plot
[2026-07-24 11:26:18] Removed 15 low GDI genes (such as the fully-expressed) in GDI plot
[2026-07-24 11:26:20] Cluster 01_0006, with size 265, is uniform
[2026-07-24 11:26:20] Cluster 01_0006's shift to uniformity: -0.0140395868989018
[2026-07-24 11:26:20] class = SimpleGDIUniformityCheck, check.isCheckAbove = FALSE, check.GDIThreshold = 1.4, check.maxRatioBeyond = 0.01, check.maxRankBeyond = 0, check.fractionBeyond = 0.00723938223938224, check.thresholdRank = 0, check.quantileAtRatio = 1.3859604131011, check.quantileAtRank = NaN, isUniform = TRUE, clusterSize = 265
[2026-07-24 11:26:20] cluster 01_0006 is uniform
[2026-07-24 11:26:20] 
[2026-07-24 11:26:21] *[2026-07-24 11:26:21]  checking uniformity of cluster '7' of 22 clusters
[2026-07-24 11:26:21] Asked to drop 0 genes and 3838 cells
[2026-07-24 11:26:21] COTAN dataset analysis: START
[2026-07-24 11:26:21] Asked to drop 2480 genes and 0 cells
[2026-07-24 11:26:21] Genes/cells selection done: dropped [2480] genes and [0] cells
[2026-07-24 11:26:21] Working on [15653] genes and [253] cells
[2026-07-24 11:26:22] Dataset cleaning elapsed time: 0.87743878364563
[2026-07-24 11:26:22] Estimate `dispersion`: START
[2026-07-24 11:26:22] Effective number of cores used: 40
[2026-07-24 11:26:22] Executing 16 genes batches
[2026-07-24 11:26:22] Parallel dispersion Newton-Raphson: used up to 5 iterations
[2026-07-24 11:26:22] Parallel dispersion Newton-Raphson: used up to 6 iterations
[2026-07-24 11:26:22] Parallel dispersion Newton-Raphson: used up to 6 iterations
[2026-07-24 11:26:23] Parallel dispersion Newton-Raphson: used up to 8 iterations
[2026-07-24 11:26:23] Parallel dispersion Newton-Raphson: used up to 6 iterations
[2026-07-24 11:26:23] Parallel dispersion Newton-Raphson: used up to 6 iterations
[2026-07-24 11:26:23] Parallel dispersion Newton-Raphson: used up to 5 iterations
[2026-07-24 11:26:23] Parallel dispersion Newton-Raphson: used up to 6 iterations
[2026-07-24 11:26:23] Parallel dispersion Newton-Raphson: used up to 5 iterations
[2026-07-24 11:26:23] Parallel dispersion Newton-Raphson: used up to 5 iterations
[2026-07-24 11:26:24] Parallel dispersion Newton-Raphson: used up to 6 iterations
[2026-07-24 11:26:24] Parallel dispersion Newton-Raphson: used up to 6 iterations
[2026-07-24 11:26:24] Parallel dispersion Newton-Raphson: used up to 7 iterations
[2026-07-24 11:26:24] Parallel dispersion Newton-Raphson: used up to 7 iterations
[2026-07-24 11:26:24] Parallel dispersion Newton-Raphson: used up to 5 iterations
[2026-07-24 11:26:24] Parallel dispersion Newton-Raphson: used up to 5 iterations
[2026-07-24 11:26:27] Total calculations elapsed time: 5.26040172576904
[2026-07-24 11:26:27] Estimate `dispersion`: DONE
[2026-07-24 11:26:27] Estimate `dispersion`: DONE
[2026-07-24 11:26:27] `dispersion` | min: -0.198468248267584 | max: 288.238650072267 | % negative: 53.5680061330096
[2026-07-24 11:26:28] Model parameter estimation elapsed time: 6.11351346969604
[2026-07-24 11:26:28] COTAN genes' COEX estimation: START
[2026-07-24 11:26:28] Effective number of cores used: 40
[2026-07-24 11:26:28] Calculate genes COEX (torch) on device cpu: START
[2026-07-24 11:26:28] Retrieving expected genes contingency table
[2026-07-24 11:26:28] Expected genes contingency table elapsed time: 0.119439363479614
[2026-07-24 11:26:28] Calculating genes COEX normalization factor
[2026-07-24 11:26:30] Calculating genes COEX normalization factor elapsed time: 1.50707793235779
[2026-07-24 11:26:30] Retrieving observed genes yes/yes contingency table
[2026-07-24 11:26:30] Observed genes contingency table elapsed time: 0.113800287246704
[2026-07-24 11:26:41] Calculate genes COEX elapsed time: 11.3129034042358
[2026-07-24 11:26:41] Total calculations elapsed time: 13.0532209873199
[2026-07-24 11:26:41] Calculate genes COEX (torch) on device cpu: DONE
[2026-07-24 11:26:42] Only genes' COEX elapsed time: 13.8439953327179
[2026-07-24 11:26:42] Dataset analysis elapsed time: 20.8349475860596
[2026-07-24 11:26:42] COTAN dataset analysis: DONE
[2026-07-24 11:26:43] Checking uniformity for the cluster '01_0007' with 253 cells
[2026-07-24 11:26:43] Calculate GDI dataframe: START
[2026-07-24 11:26:43] Using S
[2026-07-24 11:26:43] Calculating S: START
[2026-07-24 11:26:50] Calculating S: DONE
[2026-07-24 11:26:50] Calculate `GDI`: START
[2026-07-24 11:26:50] Effective number of cores used: 40
[2026-07-24 11:26:50] Effective number of cores used: 40
[2026-07-24 11:26:50] Executing 16 genes batches
[2026-07-24 11:26:55] Total calculations elapsed time: 4.68184781074524
[2026-07-24 11:26:55] Calculate `GDI`: DONE
[2026-07-24 11:26:56] Total calculations elapsed time: 13.4082865715027
[2026-07-24 11:26:56] Calculate GDI dataframe: DONE
[2026-07-24 11:26:56] Clean plots: START
[2026-07-24 11:26:56] Total calculations elapsed time: 0.024071216583252
[2026-07-24 11:26:56] Clean plots: DONE
[2026-07-24 11:26:56] GDI plot
[2026-07-24 11:26:56] Removed 10 low GDI genes (such as the fully-expressed) in GDI plot
[2026-07-24 11:26:58] Cluster 01_0007, with size 253, is uniform
[2026-07-24 11:26:58] Cluster 01_0007's shift to uniformity: -0.000251545152804011
[2026-07-24 11:26:58] class = SimpleGDIUniformityCheck, check.isCheckAbove = FALSE, check.GDIThreshold = 1.4, check.maxRatioBeyond = 0.01, check.maxRankBeyond = 0, check.fractionBeyond = 0.00996614067590877, check.thresholdRank = 0, check.quantileAtRatio = 1.3997484548472, check.quantileAtRank = NaN, isUniform = TRUE, clusterSize = 253
[2026-07-24 11:26:58] cluster 01_0007 is uniform
[2026-07-24 11:26:58] 
[2026-07-24 11:26:59] *[2026-07-24 11:26:59]  checking uniformity of cluster '8' of 22 clusters
[2026-07-24 11:26:59] Asked to drop 0 genes and 3897 cells
[2026-07-24 11:26:59] COTAN dataset analysis: START
[2026-07-24 11:26:59] Asked to drop 8354 genes and 0 cells
[2026-07-24 11:26:59] Genes/cells selection done: dropped [8354] genes and [0] cells
[2026-07-24 11:26:59] Working on [9779] genes and [194] cells
[2026-07-24 11:27:00] Dataset cleaning elapsed time: 0.801841974258423
[2026-07-24 11:27:00] Estimate `dispersion`: START
[2026-07-24 11:27:00] Effective number of cores used: 40
[2026-07-24 11:27:00] Executing 10 genes batches
[2026-07-24 11:27:00] Parallel dispersion Newton-Raphson: used up to 6 iterations
[2026-07-24 11:27:00] Parallel dispersion Newton-Raphson: used up to 6 iterations
[2026-07-24 11:27:00] Parallel dispersion Newton-Raphson: used up to 6 iterations
[2026-07-24 11:27:00] Parallel dispersion Newton-Raphson: used up to 6 iterations
[2026-07-24 11:27:00] Parallel dispersion Newton-Raphson: used up to 5 iterations
[2026-07-24 11:27:00] Parallel dispersion Newton-Raphson: used up to 5 iterations
[2026-07-24 11:27:01] Parallel dispersion Newton-Raphson: used up to 6 iterations
[2026-07-24 11:27:01] Parallel dispersion Newton-Raphson: used up to 7 iterations
[2026-07-24 11:27:01] Parallel dispersion Newton-Raphson: used up to 7 iterations
[2026-07-24 11:27:01] Parallel dispersion Newton-Raphson: used up to 7 iterations
[2026-07-24 11:27:04] Total calculations elapsed time: 4.34838461875916
[2026-07-24 11:27:04] Estimate `dispersion`: DONE
[2026-07-24 11:27:04] Estimate `dispersion`: DONE
[2026-07-24 11:27:04] `dispersion` | min: -0.124059926159493 | max: 236.711290264207 | % negative: 73.9952960425401
[2026-07-24 11:27:05] Model parameter estimation elapsed time: 5.15108394622803
[2026-07-24 11:27:05] COTAN genes' COEX estimation: START
[2026-07-24 11:27:05] Effective number of cores used: 40
[2026-07-24 11:27:05] Calculate genes COEX (torch) on device cpu: START
[2026-07-24 11:27:05] Retrieving expected genes contingency table
[2026-07-24 11:27:05] Expected genes contingency table elapsed time: 0.0621242523193359
[2026-07-24 11:27:05] Calculating genes COEX normalization factor
[2026-07-24 11:27:06] Calculating genes COEX normalization factor elapsed time: 1.03405928611755
[2026-07-24 11:27:06] Retrieving observed genes yes/yes contingency table
[2026-07-24 11:27:06] Observed genes contingency table elapsed time: 0.0553431510925293
[2026-07-24 11:27:10] Calculate genes COEX elapsed time: 4.51858019828796
[2026-07-24 11:27:10] Total calculations elapsed time: 5.67010688781738
[2026-07-24 11:27:10] Calculate genes COEX (torch) on device cpu: DONE
[2026-07-24 11:27:11] Only genes' COEX elapsed time: 6.45385313034058
[2026-07-24 11:27:11] Dataset analysis elapsed time: 12.406779050827
[2026-07-24 11:27:11] COTAN dataset analysis: DONE
[2026-07-24 11:27:12] Checking uniformity for the cluster '01_0008' with 194 cells
[2026-07-24 11:27:12] Calculate GDI dataframe: START
[2026-07-24 11:27:12] Using S
[2026-07-24 11:27:12] Calculating S: START
[2026-07-24 11:27:14] Calculating S: DONE
[2026-07-24 11:27:14] Calculate `GDI`: START
[2026-07-24 11:27:14] Effective number of cores used: 40
[2026-07-24 11:27:14] Effective number of cores used: 40
[2026-07-24 11:27:14] Executing 10 genes batches
[2026-07-24 11:27:17] Total calculations elapsed time: 2.94952511787415
[2026-07-24 11:27:17] Calculate `GDI`: DONE
[2026-07-24 11:27:19] Total calculations elapsed time: 7.25916242599487
[2026-07-24 11:27:19] Calculate GDI dataframe: DONE
[2026-07-24 11:27:19] Clean plots: START
[2026-07-24 11:27:19] Total calculations elapsed time: 0.0257623195648193
[2026-07-24 11:27:19] Clean plots: DONE
[2026-07-24 11:27:19] GDI plot
[2026-07-24 11:27:19] Removed 0 low GDI genes (such as the fully-expressed) in GDI plot
[2026-07-24 11:27:21] Cluster 01_0008, with size 194, is uniform
[2026-07-24 11:27:21] Cluster 01_0008's shift to uniformity: -0.179261203132453
[2026-07-24 11:27:21] class = SimpleGDIUniformityCheck, check.isCheckAbove = FALSE, check.GDIThreshold = 1.4, check.maxRatioBeyond = 0.01, check.maxRankBeyond = 0, check.fractionBeyond = 0, check.thresholdRank = 0, check.quantileAtRatio = 1.22073879686755, check.quantileAtRank = NaN, isUniform = TRUE, clusterSize = 194
[2026-07-24 11:27:21] cluster 01_0008 is uniform
[2026-07-24 11:27:21] 
[2026-07-24 11:27:22] *[2026-07-24 11:27:22]  checking uniformity of cluster '9' of 22 clusters
[2026-07-24 11:27:22] Asked to drop 0 genes and 3904 cells
[2026-07-24 11:27:22] COTAN dataset analysis: START
[2026-07-24 11:27:22] Asked to drop 2433 genes and 0 cells
[2026-07-24 11:27:22] Genes/cells selection done: dropped [2433] genes and [0] cells
[2026-07-24 11:27:22] Working on [15700] genes and [187] cells
[2026-07-24 11:27:23] Dataset cleaning elapsed time: 0.839853286743164
[2026-07-24 11:27:23] Estimate `dispersion`: START
[2026-07-24 11:27:23] Effective number of cores used: 40
[2026-07-24 11:27:23] Executing 16 genes batches
[2026-07-24 11:27:23] Parallel dispersion Newton-Raphson: used up to 5 iterations
[2026-07-24 11:27:23] Parallel dispersion Newton-Raphson: used up to 6 iterations
[2026-07-24 11:27:24] Parallel dispersion Newton-Raphson: used up to 5 iterations
[2026-07-24 11:27:24] Parallel dispersion Newton-Raphson: used up to 5 iterations
[2026-07-24 11:27:24] Parallel dispersion Newton-Raphson: used up to 5 iterations
[2026-07-24 11:27:24] Parallel dispersion Newton-Raphson: used up to 5 iterations
[2026-07-24 11:27:24] Parallel dispersion Newton-Raphson: used up to 6 iterations
[2026-07-24 11:27:24] Parallel dispersion Newton-Raphson: used up to 6 iterations
[2026-07-24 11:27:24] Parallel dispersion Newton-Raphson: used up to 5 iterations
[2026-07-24 11:27:24] Parallel dispersion Newton-Raphson: used up to 5 iterations
[2026-07-24 11:27:25] Parallel dispersion Newton-Raphson: used up to 5 iterations
[2026-07-24 11:27:25] Parallel dispersion Newton-Raphson: used up to 6 iterations
[2026-07-24 11:27:25] Parallel dispersion Newton-Raphson: used up to 6 iterations
[2026-07-24 11:27:25] Parallel dispersion Newton-Raphson: used up to 6 iterations
[2026-07-24 11:27:25] Parallel dispersion Newton-Raphson: used up to 5 iterations
[2026-07-24 11:27:25] Parallel dispersion Newton-Raphson: used up to 6 iterations
[2026-07-24 11:27:28] Total calculations elapsed time: 4.89560317993164
[2026-07-24 11:27:28] Estimate `dispersion`: DONE
[2026-07-24 11:27:28] Estimate `dispersion`: DONE
[2026-07-24 11:27:28] `dispersion` | min: -0.230486832309383 | max: 121.946061870186 | % negative: 53.8343949044586
[2026-07-24 11:27:29] Model parameter estimation elapsed time: 5.70588541030884
[2026-07-24 11:27:29] COTAN genes' COEX estimation: START
[2026-07-24 11:27:29] Effective number of cores used: 40
[2026-07-24 11:27:29] Calculate genes COEX (torch) on device cpu: START
[2026-07-24 11:27:29] Retrieving expected genes contingency table
[2026-07-24 11:27:29] Expected genes contingency table elapsed time: 0.118240118026733
[2026-07-24 11:27:29] Calculating genes COEX normalization factor
[2026-07-24 11:27:30] Calculating genes COEX normalization factor elapsed time: 1.46438694000244
[2026-07-24 11:27:30] Retrieving observed genes yes/yes contingency table
[2026-07-24 11:27:30] Observed genes contingency table elapsed time: 0.118096590042114
[2026-07-24 11:27:42] Calculate genes COEX elapsed time: 11.4872975349426
[2026-07-24 11:27:42] Total calculations elapsed time: 13.1880211830139
[2026-07-24 11:27:42] Calculate genes COEX (torch) on device cpu: DONE
[2026-07-24 11:27:43] Only genes' COEX elapsed time: 13.9221792221069
[2026-07-24 11:27:43] Dataset analysis elapsed time: 20.4679179191589
[2026-07-24 11:27:43] COTAN dataset analysis: DONE
[2026-07-24 11:27:43] Checking uniformity for the cluster '01_0009' with 187 cells
[2026-07-24 11:27:43] Calculate GDI dataframe: START
[2026-07-24 11:27:43] Using S
[2026-07-24 11:27:43] Calculating S: START
[2026-07-24 11:27:51] Calculating S: DONE
[2026-07-24 11:27:51] Calculate `GDI`: START
[2026-07-24 11:27:51] Effective number of cores used: 40
[2026-07-24 11:27:51] Effective number of cores used: 40
[2026-07-24 11:27:51] Executing 16 genes batches
[2026-07-24 11:27:55] Total calculations elapsed time: 4.49443936347961
[2026-07-24 11:27:55] Calculate `GDI`: DONE
[2026-07-24 11:27:57] Total calculations elapsed time: 13.9619901180267
[2026-07-24 11:27:57] Calculate GDI dataframe: DONE
[2026-07-24 11:27:57] Clean plots: START
[2026-07-24 11:27:57] Total calculations elapsed time: 0.0234382152557373
[2026-07-24 11:27:57] Clean plots: DONE
[2026-07-24 11:27:57] GDI plot
[2026-07-24 11:27:57] Removed 23 low GDI genes (such as the fully-expressed) in GDI plot
[2026-07-24 11:27:59] Cluster 01_0009, with size 187, is uniform
[2026-07-24 11:27:59] Cluster 01_0009's shift to uniformity: -0.0256523480192348
[2026-07-24 11:27:59] class = SimpleGDIUniformityCheck, check.isCheckAbove = FALSE, check.GDIThreshold = 1.4, check.maxRatioBeyond = 0.01, check.maxRankBeyond = 0, check.fractionBeyond = 0.0056687898089172, check.thresholdRank = 0, check.quantileAtRatio = 1.37434765198077, check.quantileAtRank = NaN, isUniform = TRUE, clusterSize = 187
[2026-07-24 11:27:59] cluster 01_0009 is uniform
[2026-07-24 11:27:59] 
[2026-07-24 11:28:00] *[2026-07-24 11:28:00]  checking uniformity of cluster '10' of 22 clusters
[2026-07-24 11:28:00] Asked to drop 0 genes and 3946 cells
[2026-07-24 11:28:00] COTAN dataset analysis: START
[2026-07-24 11:28:00] Asked to drop 1741 genes and 0 cells
[2026-07-24 11:28:00] Genes/cells selection done: dropped [1741] genes and [0] cells
[2026-07-24 11:28:00] Working on [16392] genes and [145] cells
[2026-07-24 11:28:01] Dataset cleaning elapsed time: 0.88336968421936
[2026-07-24 11:28:01] Estimate `dispersion`: START
[2026-07-24 11:28:01] Effective number of cores used: 40
[2026-07-24 11:28:01] Executing 17 genes batches
[2026-07-24 11:28:01] Parallel dispersion Newton-Raphson: used up to 6 iterations
[2026-07-24 11:28:01] Parallel dispersion Newton-Raphson: used up to 7 iterations
[2026-07-24 11:28:02] Parallel dispersion Newton-Raphson: used up to 5 iterations
[2026-07-24 11:28:02] Parallel dispersion Newton-Raphson: used up to 6 iterations
[2026-07-24 11:28:02] Parallel dispersion Newton-Raphson: used up to 6 iterations
[2026-07-24 11:28:02] Parallel dispersion Newton-Raphson: used up to 6 iterations
[2026-07-24 11:28:02] Parallel dispersion Newton-Raphson: used up to 6 iterations
[2026-07-24 11:28:02] Parallel dispersion Newton-Raphson: used up to 7 iterations
[2026-07-24 11:28:02] Parallel dispersion Newton-Raphson: used up to 6 iterations
[2026-07-24 11:28:03] Parallel dispersion Newton-Raphson: used up to 5 iterations
[2026-07-24 11:28:03] Parallel dispersion Newton-Raphson: used up to 5 iterations
[2026-07-24 11:28:03] Parallel dispersion Newton-Raphson: used up to 5 iterations
[2026-07-24 11:28:03] Parallel dispersion Newton-Raphson: used up to 7 iterations
[2026-07-24 11:28:03] Parallel dispersion Newton-Raphson: used up to 5 iterations
[2026-07-24 11:28:03] Parallel dispersion Newton-Raphson: used up to 6 iterations
[2026-07-24 11:28:03] Parallel dispersion Newton-Raphson: used up to 6 iterations
[2026-07-24 11:28:04] Parallel dispersion Newton-Raphson: used up to 6 iterations
[2026-07-24 11:28:06] Total calculations elapsed time: 4.95569443702698
[2026-07-24 11:28:06] Estimate `dispersion`: DONE
[2026-07-24 11:28:06] Estimate `dispersion`: DONE
[2026-07-24 11:28:06] `dispersion` | min: -0.606389664154945 | max: 257.037130275754 | % negative: 60.84065397755
[2026-07-24 11:28:07] Model parameter estimation elapsed time: 5.68980240821838
[2026-07-24 11:28:07] COTAN genes' COEX estimation: START
[2026-07-24 11:28:07] Effective number of cores used: 40
[2026-07-24 11:28:07] Calculate genes COEX (torch) on device cpu: START
[2026-07-24 11:28:07] Retrieving expected genes contingency table
[2026-07-24 11:28:07] Expected genes contingency table elapsed time: 0.103912353515625
[2026-07-24 11:28:07] Calculating genes COEX normalization factor
[2026-07-24 11:28:08] Calculating genes COEX normalization factor elapsed time: 1.55226612091064
[2026-07-24 11:28:08] Retrieving observed genes yes/yes contingency table
[2026-07-24 11:28:08] Observed genes contingency table elapsed time: 0.10527777671814
[2026-07-24 11:28:20] Calculate genes COEX elapsed time: 11.7155673503876
[2026-07-24 11:28:20] Total calculations elapsed time: 13.477023601532
[2026-07-24 11:28:20] Calculate genes COEX (torch) on device cpu: DONE
[2026-07-24 11:28:21] Only genes' COEX elapsed time: 14.2507901191711
[2026-07-24 11:28:21] Dataset analysis elapsed time: 20.8239622116089
[2026-07-24 11:28:21] COTAN dataset analysis: DONE
[2026-07-24 11:28:22] Checking uniformity for the cluster '01_0010' with 145 cells
[2026-07-24 11:28:22] Calculate GDI dataframe: START
[2026-07-24 11:28:22] Using S
[2026-07-24 11:28:22] Calculating S: START
[2026-07-24 11:28:29] Calculating S: DONE
[2026-07-24 11:28:29] Calculate `GDI`: START
[2026-07-24 11:28:29] Effective number of cores used: 40
[2026-07-24 11:28:29] Effective number of cores used: 40
[2026-07-24 11:28:29] Executing 17 genes batches
[2026-07-24 11:28:35] Total calculations elapsed time: 5.72154140472412
[2026-07-24 11:28:35] Calculate `GDI`: DONE
[2026-07-24 11:28:37] Total calculations elapsed time: 14.8551955223083
[2026-07-24 11:28:37] Calculate GDI dataframe: DONE
[2026-07-24 11:28:37] Clean plots: START
[2026-07-24 11:28:37] Total calculations elapsed time: 0.0225479602813721
[2026-07-24 11:28:37] Clean plots: DONE
[2026-07-24 11:28:37] GDI plot
[2026-07-24 11:28:37] Removed 12 low GDI genes (such as the fully-expressed) in GDI plot
[2026-07-24 11:28:39] Cluster 01_0010, with size 145, is uniform
[2026-07-24 11:28:39] Cluster 01_0010's shift to uniformity: -0.012667071956044
[2026-07-24 11:28:39] class = SimpleGDIUniformityCheck, check.isCheckAbove = FALSE, check.GDIThreshold = 1.4, check.maxRatioBeyond = 0.01, check.maxRankBeyond = 0, check.fractionBeyond = 0.00707662274280137, check.thresholdRank = 0, check.quantileAtRatio = 1.38733292804396, check.quantileAtRank = NaN, isUniform = TRUE, clusterSize = 145
[2026-07-24 11:28:39] cluster 01_0010 is uniform
[2026-07-24 11:28:39] 
[2026-07-24 11:28:40] *[2026-07-24 11:28:40]  checking uniformity of cluster '11' of 22 clusters
[2026-07-24 11:28:40] Asked to drop 0 genes and 3953 cells
[2026-07-24 11:28:40] COTAN dataset analysis: START
[2026-07-24 11:28:40] Asked to drop 1947 genes and 0 cells
[2026-07-24 11:28:40] Genes/cells selection done: dropped [1947] genes and [0] cells
[2026-07-24 11:28:40] Working on [16186] genes and [138] cells
[2026-07-24 11:28:40] Dataset cleaning elapsed time: 0.802938938140869
[2026-07-24 11:28:40] Estimate `dispersion`: START
[2026-07-24 11:28:40] Effective number of cores used: 40
[2026-07-24 11:28:40] Executing 16 genes batches
[2026-07-24 11:28:41] Parallel dispersion Newton-Raphson: used up to 7 iterations
[2026-07-24 11:28:41] Parallel dispersion Newton-Raphson: used up to 6 iterations
[2026-07-24 11:28:41] Parallel dispersion Newton-Raphson: used up to 6 iterations
[2026-07-24 11:28:41] Parallel dispersion Newton-Raphson: used up to 5 iterations
[2026-07-24 11:28:41] Parallel dispersion Newton-Raphson: used up to 6 iterations
[2026-07-24 11:28:41] Parallel dispersion Newton-Raphson: used up to 8 iterations
[2026-07-24 11:28:41] Parallel dispersion Newton-Raphson: used up to 6 iterations
[2026-07-24 11:28:42] Parallel dispersion Newton-Raphson: used up to 5 iterations
[2026-07-24 11:28:42] Parallel dispersion Newton-Raphson: used up to 5 iterations
[2026-07-24 11:28:42] Parallel dispersion Newton-Raphson: used up to 5 iterations
[2026-07-24 11:28:42] Parallel dispersion Newton-Raphson: used up to 5 iterations
[2026-07-24 11:28:42] Parallel dispersion Newton-Raphson: used up to 6 iterations
[2026-07-24 11:28:42] Parallel dispersion Newton-Raphson: used up to 6 iterations
[2026-07-24 11:28:42] Parallel dispersion Newton-Raphson: used up to 6 iterations
[2026-07-24 11:28:43] Parallel dispersion Newton-Raphson: used up to 7 iterations
[2026-07-24 11:28:43] Parallel dispersion Newton-Raphson: used up to 6 iterations
[2026-07-24 11:28:45] Total calculations elapsed time: 5.04951024055481
[2026-07-24 11:28:45] Estimate `dispersion`: DONE
[2026-07-24 11:28:45] Estimate `dispersion`: DONE
[2026-07-24 11:28:45] `dispersion` | min: -0.212245898961552 | max: 503.531180798478 | % negative: 60.5955764240702
[2026-07-24 11:28:46] Model parameter estimation elapsed time: 5.84123826026917
[2026-07-24 11:28:46] COTAN genes' COEX estimation: START
[2026-07-24 11:28:46] Effective number of cores used: 40
[2026-07-24 11:28:46] Calculate genes COEX (torch) on device cpu: START
[2026-07-24 11:28:46] Retrieving expected genes contingency table
[2026-07-24 11:28:46] Expected genes contingency table elapsed time: 0.0964071750640869
[2026-07-24 11:28:46] Calculating genes COEX normalization factor
[2026-07-24 11:28:48] Calculating genes COEX normalization factor elapsed time: 1.47495150566101
[2026-07-24 11:28:48] Retrieving observed genes yes/yes contingency table
[2026-07-24 11:28:48] Observed genes contingency table elapsed time: 0.114009380340576
[2026-07-24 11:29:00] Calculate genes COEX elapsed time: 12.1881804466248
[2026-07-24 11:29:00] Total calculations elapsed time: 13.8735485076904
[2026-07-24 11:29:00] Calculate genes COEX (torch) on device cpu: DONE
[2026-07-24 11:29:01] Only genes' COEX elapsed time: 14.7015769481659
[2026-07-24 11:29:01] Dataset analysis elapsed time: 21.3457541465759
[2026-07-24 11:29:01] COTAN dataset analysis: DONE
[2026-07-24 11:29:02] Checking uniformity for the cluster '01_0011' with 138 cells
[2026-07-24 11:29:02] Calculate GDI dataframe: START
[2026-07-24 11:29:02] Using S
[2026-07-24 11:29:02] Calculating S: START
[2026-07-24 11:29:09] Calculating S: DONE
[2026-07-24 11:29:09] Calculate `GDI`: START
[2026-07-24 11:29:09] Effective number of cores used: 40
[2026-07-24 11:29:09] Effective number of cores used: 40
[2026-07-24 11:29:09] Executing 16 genes batches
[2026-07-24 11:29:14] Total calculations elapsed time: 4.73701596260071
[2026-07-24 11:29:14] Calculate `GDI`: DONE
[2026-07-24 11:29:15] Total calculations elapsed time: 13.6257903575897
[2026-07-24 11:29:15] Calculate GDI dataframe: DONE
[2026-07-24 11:29:15] Clean plots: START
[2026-07-24 11:29:15] Total calculations elapsed time: 0.0229752063751221
[2026-07-24 11:29:15] Clean plots: DONE
[2026-07-24 11:29:15] GDI plot
[2026-07-24 11:29:15] Removed 4 low GDI genes (such as the fully-expressed) in GDI plot
[2026-07-24 11:29:17] Cluster 01_0011, with size 138, is uniform
[2026-07-24 11:29:17] Cluster 01_0011's shift to uniformity: -0.0951900566153521
[2026-07-24 11:29:17] class = SimpleGDIUniformityCheck, check.isCheckAbove = FALSE, check.GDIThreshold = 1.4, check.maxRatioBeyond = 0.01, check.maxRankBeyond = 0, check.fractionBeyond = 0.000123563573458544, check.thresholdRank = 0, check.quantileAtRatio = 1.30480994338465, check.quantileAtRank = NaN, isUniform = TRUE, clusterSize = 138
[2026-07-24 11:29:17] cluster 01_0011 is uniform
[2026-07-24 11:29:17] 
[2026-07-24 11:29:18] *[2026-07-24 11:29:18]  checking uniformity of cluster '12' of 22 clusters
[2026-07-24 11:29:18] Asked to drop 0 genes and 3958 cells
[2026-07-24 11:29:18] COTAN dataset analysis: START
[2026-07-24 11:29:18] Asked to drop 1899 genes and 0 cells
[2026-07-24 11:29:18] Genes/cells selection done: dropped [1899] genes and [0] cells
[2026-07-24 11:29:18] Working on [16234] genes and [133] cells
[2026-07-24 11:29:19] Dataset cleaning elapsed time: 0.848248243331909
[2026-07-24 11:29:19] Estimate `dispersion`: START
[2026-07-24 11:29:19] Effective number of cores used: 40
[2026-07-24 11:29:19] Executing 16 genes batches
[2026-07-24 11:29:19] Parallel dispersion Newton-Raphson: used up to 7 iterations
[2026-07-24 11:29:19] Parallel dispersion Newton-Raphson: used up to 6 iterations
[2026-07-24 11:29:20] Parallel dispersion Newton-Raphson: used up to 6 iterations
[2026-07-24 11:29:20] Parallel dispersion Newton-Raphson: used up to 6 iterations
[2026-07-24 11:29:20] Parallel dispersion Newton-Raphson: used up to 6 iterations
[2026-07-24 11:29:20] Parallel dispersion Newton-Raphson: used up to 6 iterations
[2026-07-24 11:29:20] Parallel dispersion Newton-Raphson: used up to 5 iterations
[2026-07-24 11:29:20] Parallel dispersion Newton-Raphson: used up to 7 iterations
[2026-07-24 11:29:20] Parallel dispersion Newton-Raphson: used up to 6 iterations
[2026-07-24 11:29:21] Parallel dispersion Newton-Raphson: used up to 5 iterations
[2026-07-24 11:29:21] Parallel dispersion Newton-Raphson: used up to 5 iterations
[2026-07-24 11:29:21] Parallel dispersion Newton-Raphson: used up to 7 iterations
[2026-07-24 11:29:21] Parallel dispersion Newton-Raphson: used up to 6 iterations
[2026-07-24 11:29:21] Parallel dispersion Newton-Raphson: used up to 7 iterations
[2026-07-24 11:29:21] Parallel dispersion Newton-Raphson: used up to 7 iterations
[2026-07-24 11:29:22] Parallel dispersion Newton-Raphson: used up to 5 iterations
[2026-07-24 11:29:24] Total calculations elapsed time: 5.39860272407532
[2026-07-24 11:29:24] Estimate `dispersion`: DONE
[2026-07-24 11:29:24] Estimate `dispersion`: DONE
[2026-07-24 11:29:24] `dispersion` | min: -0.308044392872532 | max: 339.31725793411 | % negative: 61.6299125292596
[2026-07-24 11:29:25] Model parameter estimation elapsed time: 6.18903422355652
[2026-07-24 11:29:25] COTAN genes' COEX estimation: START
[2026-07-24 11:29:25] Effective number of cores used: 40
[2026-07-24 11:29:25] Calculate genes COEX (torch) on device cpu: START
[2026-07-24 11:29:25] Retrieving expected genes contingency table
[2026-07-24 11:29:25] Expected genes contingency table elapsed time: 0.103624820709229
[2026-07-24 11:29:25] Calculating genes COEX normalization factor
[2026-07-24 11:29:27] Calculating genes COEX normalization factor elapsed time: 1.53343224525452
[2026-07-24 11:29:27] Retrieving observed genes yes/yes contingency table
[2026-07-24 11:29:27] Observed genes contingency table elapsed time: 0.10954213142395
[2026-07-24 11:29:39] Calculate genes COEX elapsed time: 12.0561468601227
[2026-07-24 11:29:39] Total calculations elapsed time: 13.8027460575104
[2026-07-24 11:29:39] Calculate genes COEX (torch) on device cpu: DONE
[2026-07-24 11:29:40] Only genes' COEX elapsed time: 14.5929131507874
[2026-07-24 11:29:40] Dataset analysis elapsed time: 21.6301956176758
[2026-07-24 11:29:40] COTAN dataset analysis: DONE
[2026-07-24 11:29:41] Checking uniformity for the cluster '01_0012' with 133 cells
[2026-07-24 11:29:41] Calculate GDI dataframe: START
[2026-07-24 11:29:41] Using S
[2026-07-24 11:29:41] Calculating S: START
[2026-07-24 11:29:49] Calculating S: DONE
[2026-07-24 11:29:49] Calculate `GDI`: START
[2026-07-24 11:29:49] Effective number of cores used: 40
[2026-07-24 11:29:49] Effective number of cores used: 40
[2026-07-24 11:29:49] Executing 16 genes batches
[2026-07-24 11:29:53] Total calculations elapsed time: 4.79416942596436
[2026-07-24 11:29:53] Calculate `GDI`: DONE
[2026-07-24 11:29:55] Total calculations elapsed time: 14.0907497406006
[2026-07-24 11:29:55] Calculate GDI dataframe: DONE
[2026-07-24 11:29:55] Clean plots: START
[2026-07-24 11:29:55] Total calculations elapsed time: 0.0255651473999023
[2026-07-24 11:29:55] Clean plots: DONE
[2026-07-24 11:29:55] GDI plot
[2026-07-24 11:29:55] Removed 8 low GDI genes (such as the fully-expressed) in GDI plot
[2026-07-24 11:29:57] Cluster 01_0012, with size 133, is uniform
[2026-07-24 11:29:57] Cluster 01_0012's shift to uniformity: -0.0717474513960399
[2026-07-24 11:29:57] class = SimpleGDIUniformityCheck, check.isCheckAbove = FALSE, check.GDIThreshold = 1.4, check.maxRatioBeyond = 0.01, check.maxRankBeyond = 0, check.fractionBeyond = 0.00117038314648269, check.thresholdRank = 0, check.quantileAtRatio = 1.32825254860396, check.quantileAtRank = NaN, isUniform = TRUE, clusterSize = 133
[2026-07-24 11:29:57] cluster 01_0012 is uniform
[2026-07-24 11:29:57] 
[2026-07-24 11:29:57] *[2026-07-24 11:29:57]  checking uniformity of cluster '13' of 22 clusters
[2026-07-24 11:29:57] Asked to drop 0 genes and 3960 cells
[2026-07-24 11:29:57] COTAN dataset analysis: START
[2026-07-24 11:29:57] Asked to drop 4232 genes and 0 cells
[2026-07-24 11:29:57] Genes/cells selection done: dropped [4232] genes and [0] cells
[2026-07-24 11:29:57] Working on [13901] genes and [131] cells
[2026-07-24 11:29:58] Dataset cleaning elapsed time: 0.859622240066528
[2026-07-24 11:29:58] Estimate `dispersion`: START
[2026-07-24 11:29:58] Effective number of cores used: 40
[2026-07-24 11:29:58] Executing 14 genes batches
[2026-07-24 11:29:59] Parallel dispersion Newton-Raphson: used up to 5 iterations
[2026-07-24 11:29:59] Parallel dispersion Newton-Raphson: used up to 7 iterations
[2026-07-24 11:29:59] Parallel dispersion Newton-Raphson: used up to 6 iterations
[2026-07-24 11:29:59] Parallel dispersion Newton-Raphson: used up to 6 iterations
[2026-07-24 11:29:59] Parallel dispersion Newton-Raphson: used up to 5 iterations
[2026-07-24 11:29:59] Parallel dispersion Newton-Raphson: used up to 5 iterations
[2026-07-24 11:29:59] Parallel dispersion Newton-Raphson: used up to 6 iterations
[2026-07-24 11:30:00] Parallel dispersion Newton-Raphson: used up to 6 iterations
[2026-07-24 11:30:00] Parallel dispersion Newton-Raphson: used up to 5 iterations
[2026-07-24 11:30:00] Parallel dispersion Newton-Raphson: used up to 5 iterations
[2026-07-24 11:30:00] Parallel dispersion Newton-Raphson: used up to 6 iterations
[2026-07-24 11:30:00] Parallel dispersion Newton-Raphson: used up to 5 iterations
[2026-07-24 11:30:00] Parallel dispersion Newton-Raphson: used up to 7 iterations
[2026-07-24 11:30:00] Parallel dispersion Newton-Raphson: used up to 6 iterations
[2026-07-24 11:30:03] Total calculations elapsed time: 4.58559226989746
[2026-07-24 11:30:03] Estimate `dispersion`: DONE
[2026-07-24 11:30:03] Estimate `dispersion`: DONE
[2026-07-24 11:30:03] `dispersion` | min: -0.220783200884478 | max: 372.801435162667 | % negative: 75.0881231566074
[2026-07-24 11:30:04] Model parameter estimation elapsed time: 5.37205290794373
[2026-07-24 11:30:04] COTAN genes' COEX estimation: START
[2026-07-24 11:30:04] Effective number of cores used: 40
[2026-07-24 11:30:04] Calculate genes COEX (torch) on device cpu: START
[2026-07-24 11:30:04] Retrieving expected genes contingency table
[2026-07-24 11:30:04] Expected genes contingency table elapsed time: 0.0794711112976074
[2026-07-24 11:30:04] Calculating genes COEX normalization factor
[2026-07-24 11:30:05] Calculating genes COEX normalization factor elapsed time: 1.31317186355591
[2026-07-24 11:30:05] Retrieving observed genes yes/yes contingency table
[2026-07-24 11:30:05] Observed genes contingency table elapsed time: 0.0817615985870361
[2026-07-24 11:30:14] Calculate genes COEX elapsed time: 8.9700973033905
[2026-07-24 11:30:14] Total calculations elapsed time: 10.4445018768311
[2026-07-24 11:30:14] Calculate genes COEX (torch) on device cpu: DONE
[2026-07-24 11:30:15] Only genes' COEX elapsed time: 11.1828486919403
[2026-07-24 11:30:15] Dataset analysis elapsed time: 17.4145238399506
[2026-07-24 11:30:15] COTAN dataset analysis: DONE
[2026-07-24 11:30:16] Checking uniformity for the cluster '01_0013' with 131 cells
[2026-07-24 11:30:16] Calculate GDI dataframe: START
[2026-07-24 11:30:16] Using S
[2026-07-24 11:30:16] Calculating S: START
[2026-07-24 11:30:21] Calculating S: DONE
[2026-07-24 11:30:21] Calculate `GDI`: START
[2026-07-24 11:30:21] Effective number of cores used: 40
[2026-07-24 11:30:21] Effective number of cores used: 40
[2026-07-24 11:30:21] Executing 14 genes batches
[2026-07-24 11:30:26] Total calculations elapsed time: 4.84177613258362
[2026-07-24 11:30:26] Calculate `GDI`: DONE
[2026-07-24 11:30:28] Total calculations elapsed time: 12.3740937709808
[2026-07-24 11:30:28] Calculate GDI dataframe: DONE
[2026-07-24 11:30:28] Clean plots: START
[2026-07-24 11:30:28] Total calculations elapsed time: 0.0255541801452637
[2026-07-24 11:30:28] Clean plots: DONE
[2026-07-24 11:30:28] GDI plot
[2026-07-24 11:30:28] Removed 1 low GDI genes (such as the fully-expressed) in GDI plot
[2026-07-24 11:30:30] Cluster 01_0013, with size 131, is uniform
[2026-07-24 11:30:30] Cluster 01_0013's shift to uniformity: -0.198220695715029
[2026-07-24 11:30:30] class = SimpleGDIUniformityCheck, check.isCheckAbove = FALSE, check.GDIThreshold = 1.4, check.maxRatioBeyond = 0.01, check.maxRankBeyond = 0, check.fractionBeyond = 0, check.thresholdRank = 0, check.quantileAtRatio = 1.20177930428497, check.quantileAtRank = NaN, isUniform = TRUE, clusterSize = 131
[2026-07-24 11:30:30] cluster 01_0013 is uniform
[2026-07-24 11:30:30] 
[2026-07-24 11:30:31] *[2026-07-24 11:30:31]  checking uniformity of cluster '14' of 22 clusters
[2026-07-24 11:30:31] Asked to drop 0 genes and 3979 cells
[2026-07-24 11:30:31] COTAN dataset analysis: START
[2026-07-24 11:30:31] Asked to drop 4442 genes and 0 cells
[2026-07-24 11:30:31] Genes/cells selection done: dropped [4442] genes and [0] cells
[2026-07-24 11:30:31] Working on [13691] genes and [112] cells
[2026-07-24 11:30:32] Dataset cleaning elapsed time: 0.777432441711426
[2026-07-24 11:30:32] Estimate `dispersion`: START
[2026-07-24 11:30:32] Effective number of cores used: 40
[2026-07-24 11:30:32] Executing 14 genes batches
[2026-07-24 11:30:32] Parallel dispersion Newton-Raphson: used up to 8 iterations
[2026-07-24 11:30:32] Parallel dispersion Newton-Raphson: used up to 6 iterations
[2026-07-24 11:30:32] Parallel dispersion Newton-Raphson: used up to 6 iterations
[2026-07-24 11:30:33] Parallel dispersion Newton-Raphson: used up to 7 iterations
[2026-07-24 11:30:33] Parallel dispersion Newton-Raphson: used up to 6 iterations
[2026-07-24 11:30:33] Parallel dispersion Newton-Raphson: used up to 8 iterations
[2026-07-24 11:30:33] Parallel dispersion Newton-Raphson: used up to 7 iterations
[2026-07-24 11:30:33] Parallel dispersion Newton-Raphson: used up to 7 iterations
[2026-07-24 11:30:33] Parallel dispersion Newton-Raphson: used up to 7 iterations
[2026-07-24 11:30:33] Parallel dispersion Newton-Raphson: used up to 7 iterations
[2026-07-24 11:30:34] Parallel dispersion Newton-Raphson: used up to 7 iterations
[2026-07-24 11:30:34] Parallel dispersion Newton-Raphson: used up to 7 iterations
[2026-07-24 11:30:34] Parallel dispersion Newton-Raphson: used up to 9 iterations
[2026-07-24 11:30:34] Parallel dispersion Newton-Raphson: used up to 6 iterations
[2026-07-24 11:30:36] Total calculations elapsed time: 4.47436261177063
[2026-07-24 11:30:36] Estimate `dispersion`: DONE
[2026-07-24 11:30:36] Estimate `dispersion`: DONE
[2026-07-24 11:30:36] `dispersion` | min: -0.439786630725904 | max: 334.025597042421 | % negative: 66.5254546782558
[2026-07-24 11:30:37] Model parameter estimation elapsed time: 5.36529660224915
[2026-07-24 11:30:37] COTAN genes' COEX estimation: START
[2026-07-24 11:30:37] Effective number of cores used: 40
[2026-07-24 11:30:37] Calculate genes COEX (torch) on device cpu: START
[2026-07-24 11:30:37] Retrieving expected genes contingency table
[2026-07-24 11:30:37] Expected genes contingency table elapsed time: 0.0982685089111328
[2026-07-24 11:30:37] Calculating genes COEX normalization factor
[2026-07-24 11:30:39] Calculating genes COEX normalization factor elapsed time: 1.30859780311584
[2026-07-24 11:30:39] Retrieving observed genes yes/yes contingency table
[2026-07-24 11:30:39] Observed genes contingency table elapsed time: 0.0737135410308838
[2026-07-24 11:30:47] Calculate genes COEX elapsed time: 8.57961130142212
[2026-07-24 11:30:47] Total calculations elapsed time: 10.06019115448
[2026-07-24 11:30:47] Calculate genes COEX (torch) on device cpu: DONE
[2026-07-24 11:30:48] Only genes' COEX elapsed time: 10.7987236976624
[2026-07-24 11:30:48] Dataset analysis elapsed time: 16.9414527416229
[2026-07-24 11:30:48] COTAN dataset analysis: DONE
[2026-07-24 11:30:49] Checking uniformity for the cluster '01_0014' with 112 cells
[2026-07-24 11:30:49] Calculate GDI dataframe: START
[2026-07-24 11:30:49] Using S
[2026-07-24 11:30:49] Calculating S: START
[2026-07-24 11:30:54] Calculating S: DONE
[2026-07-24 11:30:54] Calculate `GDI`: START
[2026-07-24 11:30:54] Effective number of cores used: 40
[2026-07-24 11:30:54] Effective number of cores used: 40
[2026-07-24 11:30:54] Executing 14 genes batches
[2026-07-24 11:30:59] Total calculations elapsed time: 4.84929919242859
[2026-07-24 11:30:59] Calculate `GDI`: DONE
[2026-07-24 11:31:00] Total calculations elapsed time: 11.5884914398193
[2026-07-24 11:31:00] Calculate GDI dataframe: DONE
[2026-07-24 11:31:00] Clean plots: START
[2026-07-24 11:31:01] Total calculations elapsed time: 0.0226435661315918
[2026-07-24 11:31:01] Clean plots: DONE
[2026-07-24 11:31:01] GDI plot
[2026-07-24 11:31:01] Removed 0 low GDI genes (such as the fully-expressed) in GDI plot
[2026-07-24 11:31:03] Cluster 01_0014, with size 112, is not uniform
[2026-07-24 11:31:03] Cluster 01_0014's shift to uniformity: 0.121316936409608
[2026-07-24 11:31:03] class = SimpleGDIUniformityCheck, check.isCheckAbove = FALSE, check.GDIThreshold = 1.4, check.maxRatioBeyond = 0.01, check.maxRankBeyond = 0, check.fractionBeyond = 0.0403184573807611, check.thresholdRank = 0, check.quantileAtRatio = 1.52131693640961, check.quantileAtRank = NaN, isUniform = FALSE, clusterSize = 112
[2026-07-24 11:31:03] cluster 01_0014 has too high GDI: will be reclustered!
[2026-07-24 11:31:03] 
[2026-07-24 11:31:03] *[2026-07-24 11:31:03]  checking uniformity of cluster '15' of 22 clusters
[2026-07-24 11:31:03] Asked to drop 0 genes and 4013 cells
[2026-07-24 11:31:03] COTAN dataset analysis: START
[2026-07-24 11:31:03] Asked to drop 3957 genes and 0 cells
[2026-07-24 11:31:03] Genes/cells selection done: dropped [3957] genes and [0] cells
[2026-07-24 11:31:03] Working on [14176] genes and [78] cells
[2026-07-24 11:31:04] Dataset cleaning elapsed time: 0.799990892410278
[2026-07-24 11:31:04] Estimate `dispersion`: START
[2026-07-24 11:31:04] Effective number of cores used: 40
[2026-07-24 11:31:04] Executing 14 genes batches
[2026-07-24 11:31:04] Parallel dispersion Newton-Raphson: used up to 6 iterations
[2026-07-24 11:31:04] Parallel dispersion Newton-Raphson: used up to 7 iterations
[2026-07-24 11:31:05] Parallel dispersion Newton-Raphson: used up to 6 iterations
[2026-07-24 11:31:05] Parallel dispersion Newton-Raphson: used up to 6 iterations
[2026-07-24 11:31:05] Parallel dispersion Newton-Raphson: used up to 6 iterations
[2026-07-24 11:31:05] Parallel dispersion Newton-Raphson: used up to 5 iterations
[2026-07-24 11:31:05] Parallel dispersion Newton-Raphson: used up to 5 iterations
[2026-07-24 11:31:05] Parallel dispersion Newton-Raphson: used up to 6 iterations
[2026-07-24 11:31:05] Parallel dispersion Newton-Raphson: used up to 6 iterations
[2026-07-24 11:31:05] Parallel dispersion Newton-Raphson: used up to 5 iterations
[2026-07-24 11:31:06] Parallel dispersion Newton-Raphson: used up to 7 iterations
[2026-07-24 11:31:06] Parallel dispersion Newton-Raphson: used up to 6 iterations
[2026-07-24 11:31:06] Parallel dispersion Newton-Raphson: used up to 6 iterations
[2026-07-24 11:31:06] Parallel dispersion Newton-Raphson: used up to 5 iterations
[2026-07-24 11:31:09] Total calculations elapsed time: 4.45779490470886
[2026-07-24 11:31:09] Estimate `dispersion`: DONE
[2026-07-24 11:31:09] Estimate `dispersion`: DONE
[2026-07-24 11:31:09] `dispersion` | min: -0.402110097612624 | max: 236.439555510379 | % negative: 69.772855530474
[2026-07-24 11:31:09] Model parameter estimation elapsed time: 5.26349139213562
[2026-07-24 11:31:09] COTAN genes' COEX estimation: START
[2026-07-24 11:31:09] Effective number of cores used: 40
[2026-07-24 11:31:09] Calculate genes COEX (torch) on device cpu: START
[2026-07-24 11:31:09] Retrieving expected genes contingency table
[2026-07-24 11:31:09] Expected genes contingency table elapsed time: 0.0782859325408936
[2026-07-24 11:31:09] Calculating genes COEX normalization factor
[2026-07-24 11:31:11] Calculating genes COEX normalization factor elapsed time: 1.31501793861389
[2026-07-24 11:31:11] Retrieving observed genes yes/yes contingency table
[2026-07-24 11:31:11] Observed genes contingency table elapsed time: 0.0776944160461426
[2026-07-24 11:31:19] Calculate genes COEX elapsed time: 8.61234283447266
[2026-07-24 11:31:19] Total calculations elapsed time: 10.0833411216736
[2026-07-24 11:31:19] Calculate genes COEX (torch) on device cpu: DONE
[2026-07-24 11:31:20] Only genes' COEX elapsed time: 10.8205845355988
[2026-07-24 11:31:20] Dataset analysis elapsed time: 16.8840668201447
[2026-07-24 11:31:20] COTAN dataset analysis: DONE
[2026-07-24 11:31:21] Checking uniformity for the cluster '01_0015' with 78 cells
[2026-07-24 11:31:21] Calculate GDI dataframe: START
[2026-07-24 11:31:21] Using S
[2026-07-24 11:31:21] Calculating S: START
[2026-07-24 11:31:26] Calculating S: DONE
[2026-07-24 11:31:26] Calculate `GDI`: START
[2026-07-24 11:31:26] Effective number of cores used: 40
[2026-07-24 11:31:26] Effective number of cores used: 40
[2026-07-24 11:31:26] Executing 14 genes batches
[2026-07-24 11:31:31] Total calculations elapsed time: 4.97509288787842
[2026-07-24 11:31:31] Calculate `GDI`: DONE
[2026-07-24 11:31:33] Total calculations elapsed time: 12.0425968170166
[2026-07-24 11:31:33] Calculate GDI dataframe: DONE
[2026-07-24 11:31:33] Clean plots: START
[2026-07-24 11:31:33] Total calculations elapsed time: 0.023198127746582
[2026-07-24 11:31:33] Clean plots: DONE
[2026-07-24 11:31:33] GDI plot
[2026-07-24 11:31:33] Removed 12 low GDI genes (such as the fully-expressed) in GDI plot
[2026-07-24 11:31:35] Cluster 01_0015, with size 78, is uniform
[2026-07-24 11:31:35] Cluster 01_0015's shift to uniformity: -0.0959756407205483
[2026-07-24 11:31:35] class = SimpleGDIUniformityCheck, check.isCheckAbove = FALSE, check.GDIThreshold = 1.4, check.maxRatioBeyond = 0.01, check.maxRankBeyond = 0, check.fractionBeyond = 0.000775959367945824, check.thresholdRank = 0, check.quantileAtRatio = 1.30402435927945, check.quantileAtRank = NaN, isUniform = TRUE, clusterSize = 78
[2026-07-24 11:31:35] cluster 01_0015 is uniform
[2026-07-24 11:31:35] 
[2026-07-24 11:31:36] *[2026-07-24 11:31:36]  checking uniformity of cluster '16' of 22 clusters
[2026-07-24 11:31:36] Asked to drop 0 genes and 4013 cells
[2026-07-24 11:31:36] COTAN dataset analysis: START
[2026-07-24 11:31:36] Asked to drop 3770 genes and 0 cells
[2026-07-24 11:31:36] Genes/cells selection done: dropped [3770] genes and [0] cells
[2026-07-24 11:31:36] Working on [14363] genes and [78] cells
[2026-07-24 11:31:37] Dataset cleaning elapsed time: 0.803106307983398
[2026-07-24 11:31:37] Estimate `dispersion`: START
[2026-07-24 11:31:37] Effective number of cores used: 40
[2026-07-24 11:31:37] Executing 15 genes batches
[2026-07-24 11:31:37] Parallel dispersion Newton-Raphson: used up to 7 iterations
[2026-07-24 11:31:37] Parallel dispersion Newton-Raphson: used up to 7 iterations
[2026-07-24 11:31:37] Parallel dispersion Newton-Raphson: used up to 6 iterations
[2026-07-24 11:31:37] Parallel dispersion Newton-Raphson: used up to 6 iterations
[2026-07-24 11:31:37] Parallel dispersion Newton-Raphson: used up to 6 iterations
[2026-07-24 11:31:38] Parallel dispersion Newton-Raphson: used up to 6 iterations
[2026-07-24 11:31:38] Parallel dispersion Newton-Raphson: used up to 5 iterations
[2026-07-24 11:31:38] Parallel dispersion Newton-Raphson: used up to 7 iterations
[2026-07-24 11:31:38] Parallel dispersion Newton-Raphson: used up to 5 iterations
[2026-07-24 11:31:38] Parallel dispersion Newton-Raphson: used up to 5 iterations
[2026-07-24 11:31:38] Parallel dispersion Newton-Raphson: used up to 6 iterations
[2026-07-24 11:31:38] Parallel dispersion Newton-Raphson: used up to 7 iterations
[2026-07-24 11:31:39] Parallel dispersion Newton-Raphson: used up to 6 iterations
[2026-07-24 11:31:39] Parallel dispersion Newton-Raphson: used up to 5 iterations
[2026-07-24 11:31:39] Parallel dispersion Newton-Raphson: used up to 6 iterations
[2026-07-24 11:31:41] Total calculations elapsed time: 4.73675632476807
[2026-07-24 11:31:41] Estimate `dispersion`: DONE
[2026-07-24 11:31:41] Estimate `dispersion`: DONE
[2026-07-24 11:31:41] `dispersion` | min: -0.722675855321152 | max: 234.037008043459 | % negative: 69.4632040660029
[2026-07-24 11:31:42] Model parameter estimation elapsed time: 5.54861068725586
[2026-07-24 11:31:42] COTAN genes' COEX estimation: START
[2026-07-24 11:31:42] Effective number of cores used: 40
[2026-07-24 11:31:42] Calculate genes COEX (torch) on device cpu: START
[2026-07-24 11:31:42] Retrieving expected genes contingency table
[2026-07-24 11:31:42] Expected genes contingency table elapsed time: 0.077000617980957
[2026-07-24 11:31:42] Calculating genes COEX normalization factor
[2026-07-24 11:31:44] Calculating genes COEX normalization factor elapsed time: 1.34170269966125
[2026-07-24 11:31:44] Retrieving observed genes yes/yes contingency table
[2026-07-24 11:31:44] Observed genes contingency table elapsed time: 0.0732805728912354
[2026-07-24 11:31:53] Calculate genes COEX elapsed time: 9.5290195941925
[2026-07-24 11:31:53] Total calculations elapsed time: 11.021003484726
[2026-07-24 11:31:53] Calculate genes COEX (torch) on device cpu: DONE
[2026-07-24 11:31:54] Only genes' COEX elapsed time: 11.7892205715179
[2026-07-24 11:31:54] Dataset analysis elapsed time: 18.1409375667572
[2026-07-24 11:31:54] COTAN dataset analysis: DONE
[2026-07-24 11:31:55] Checking uniformity for the cluster '01_0016' with 78 cells
[2026-07-24 11:31:55] Calculate GDI dataframe: START
[2026-07-24 11:31:55] Using S
[2026-07-24 11:31:55] Calculating S: START
[2026-07-24 11:32:01] Calculating S: DONE
[2026-07-24 11:32:01] Calculate `GDI`: START
[2026-07-24 11:32:01] Effective number of cores used: 40
[2026-07-24 11:32:01] Effective number of cores used: 40
[2026-07-24 11:32:01] Executing 15 genes batches
[2026-07-24 11:32:06] Total calculations elapsed time: 5.62043976783752
[2026-07-24 11:32:06] Calculate `GDI`: DONE
[2026-07-24 11:32:08] Total calculations elapsed time: 13.0688478946686
[2026-07-24 11:32:08] Calculate GDI dataframe: DONE
[2026-07-24 11:32:08] Clean plots: START
[2026-07-24 11:32:08] Total calculations elapsed time: 0.0228643417358398
[2026-07-24 11:32:08] Clean plots: DONE
[2026-07-24 11:32:08] GDI plot
[2026-07-24 11:32:08] Removed 19 low GDI genes (such as the fully-expressed) in GDI plot
[2026-07-24 11:32:10] Cluster 01_0016, with size 78, is uniform
[2026-07-24 11:32:10] Cluster 01_0016's shift to uniformity: -0.0975707085694253
[2026-07-24 11:32:10] class = SimpleGDIUniformityCheck, check.isCheckAbove = FALSE, check.GDIThreshold = 1.4, check.maxRatioBeyond = 0.01, check.maxRankBeyond = 0, check.fractionBeyond = 0.000835480052913737, check.thresholdRank = 0, check.quantileAtRatio = 1.30242929143057, check.quantileAtRank = NaN, isUniform = TRUE, clusterSize = 78
[2026-07-24 11:32:10] cluster 01_0016 is uniform
[2026-07-24 11:32:10] 
[2026-07-24 11:32:11] *[2026-07-24 11:32:11]  checking uniformity of cluster '17' of 22 clusters
[2026-07-24 11:32:11] Asked to drop 0 genes and 4035 cells
[2026-07-24 11:32:11] COTAN dataset analysis: START
[2026-07-24 11:32:11] Asked to drop 4288 genes and 0 cells
[2026-07-24 11:32:11] Genes/cells selection done: dropped [4288] genes and [0] cells
[2026-07-24 11:32:11] Working on [13845] genes and [56] cells
[2026-07-24 11:32:11] Dataset cleaning elapsed time: 0.74677562713623
[2026-07-24 11:32:11] Estimate `dispersion`: START
[2026-07-24 11:32:11] Effective number of cores used: 40
[2026-07-24 11:32:11] Executing 14 genes batches
[2026-07-24 11:32:12] Parallel dispersion Newton-Raphson: used up to 6 iterations
[2026-07-24 11:32:12] Parallel dispersion Newton-Raphson: used up to 7 iterations
[2026-07-24 11:32:12] Parallel dispersion Newton-Raphson: used up to 6 iterations
[2026-07-24 11:32:12] Parallel dispersion Newton-Raphson: used up to 6 iterations
[2026-07-24 11:32:12] Parallel dispersion Newton-Raphson: used up to 7 iterations
[2026-07-24 11:32:12] Parallel dispersion Newton-Raphson: used up to 7 iterations
[2026-07-24 11:32:12] Parallel dispersion Newton-Raphson: used up to 6 iterations
[2026-07-24 11:32:12] Parallel dispersion Newton-Raphson: used up to 7 iterations
[2026-07-24 11:32:13] Parallel dispersion Newton-Raphson: used up to 6 iterations
[2026-07-24 11:32:13] Parallel dispersion Newton-Raphson: used up to 6 iterations
[2026-07-24 11:32:13] Parallel dispersion Newton-Raphson: used up to 6 iterations
[2026-07-24 11:32:13] Parallel dispersion Newton-Raphson: used up to 6 iterations
[2026-07-24 11:32:13] Parallel dispersion Newton-Raphson: used up to 6 iterations
[2026-07-24 11:32:13] Parallel dispersion Newton-Raphson: used up to 5 iterations
[2026-07-24 11:32:16] Total calculations elapsed time: 4.68109178543091
[2026-07-24 11:32:16] Estimate `dispersion`: DONE
[2026-07-24 11:32:16] Estimate `dispersion`: DONE
[2026-07-24 11:32:16] `dispersion` | min: -0.469446215656541 | max: 156.554764679476 | % negative: 69.5052365474901
[2026-07-24 11:32:17] Model parameter estimation elapsed time: 5.41337394714355
[2026-07-24 11:32:17] COTAN genes' COEX estimation: START
[2026-07-24 11:32:17] Effective number of cores used: 40
[2026-07-24 11:32:17] Calculate genes COEX (torch) on device cpu: START
[2026-07-24 11:32:17] Retrieving expected genes contingency table
[2026-07-24 11:32:17] Expected genes contingency table elapsed time: 0.0751717090606689
[2026-07-24 11:32:17] Calculating genes COEX normalization factor
[2026-07-24 11:32:18] Calculating genes COEX normalization factor elapsed time: 1.3092622756958
[2026-07-24 11:32:18] Retrieving observed genes yes/yes contingency table
[2026-07-24 11:32:18] Observed genes contingency table elapsed time: 0.0724492073059082
[2026-07-24 11:32:27] Calculate genes COEX elapsed time: 9.16148638725281
[2026-07-24 11:32:27] Total calculations elapsed time: 10.6183695793152
[2026-07-24 11:32:27] Calculate genes COEX (torch) on device cpu: DONE
[2026-07-24 11:32:28] Only genes' COEX elapsed time: 11.355256319046
[2026-07-24 11:32:28] Dataset analysis elapsed time: 17.5154058933258
[2026-07-24 11:32:28] COTAN dataset analysis: DONE
[2026-07-24 11:32:29] Checking uniformity for the cluster '01_0017' with 56 cells
[2026-07-24 11:32:29] Calculate GDI dataframe: START
[2026-07-24 11:32:29] Using S
[2026-07-24 11:32:29] Calculating S: START
[2026-07-24 11:32:34] Calculating S: DONE
[2026-07-24 11:32:34] Calculate `GDI`: START
[2026-07-24 11:32:34] Effective number of cores used: 40
[2026-07-24 11:32:34] Effective number of cores used: 40
[2026-07-24 11:32:34] Executing 14 genes batches
[2026-07-24 11:32:40] Total calculations elapsed time: 5.63842916488647
[2026-07-24 11:32:40] Calculate `GDI`: DONE
[2026-07-24 11:32:42] Total calculations elapsed time: 12.6971790790558
[2026-07-24 11:32:42] Calculate GDI dataframe: DONE
[2026-07-24 11:32:42] Clean plots: START
[2026-07-24 11:32:42] Total calculations elapsed time: 0.0230381488800049
[2026-07-24 11:32:42] Clean plots: DONE
[2026-07-24 11:32:42] GDI plot
[2026-07-24 11:32:42] Removed 20 low GDI genes (such as the fully-expressed) in GDI plot
[2026-07-24 11:32:44] Cluster 01_0017, with size 56, is uniform
[2026-07-24 11:32:44] Cluster 01_0017's shift to uniformity: -0.102254952838158
[2026-07-24 11:32:44] class = SimpleGDIUniformityCheck, check.isCheckAbove = FALSE, check.GDIThreshold = 1.4, check.maxRatioBeyond = 0.01, check.maxRankBeyond = 0, check.fractionBeyond = 0.000361141206211629, check.thresholdRank = 0, check.quantileAtRatio = 1.29774504716184, check.quantileAtRank = NaN, isUniform = TRUE, clusterSize = 56
[2026-07-24 11:32:44] cluster 01_0017 is uniform
[2026-07-24 11:32:44] 
[2026-07-24 11:32:44] *[2026-07-24 11:32:44]  checking uniformity of cluster '18' of 22 clusters
[2026-07-24 11:32:44] cluster 01_0018 has too few cells: will be reclustered!
[2026-07-24 11:32:44] *[2026-07-24 11:32:44]  checking uniformity of cluster '19' of 22 clusters
[2026-07-24 11:32:44] cluster 01_0019 has too few cells: will be reclustered!
[2026-07-24 11:32:44] *[2026-07-24 11:32:44]  checking uniformity of cluster '20' of 22 clusters
[2026-07-24 11:32:44] cluster 01_0020 has too few cells: will be reclustered!
[2026-07-24 11:32:44] *[2026-07-24 11:32:44]  checking uniformity of cluster '21' of 22 clusters
[2026-07-24 11:32:44] cluster 01_0021 has too few cells: will be reclustered!
[2026-07-24 11:32:44] 
[2026-07-24 11:32:44] Found 14 uniform and  8 non-uniform clusters
[2026-07-24 11:32:45] Loop calculations elapsed time: 694.912820577621
[2026-07-24 11:32:45] In iteration 2 [2026-07-24 11:32:45] the number of cells to re-cluster is 1355 cells belonging to 8 clusters
[2026-07-24 11:32:45] Asked to drop 0 genes and 2736 cells
[2026-07-24 11:32:45] Creating new clusterization: START
[2026-07-24 11:32:45] Elaborating Reduced dimensionality Data Matrix - START
[2026-07-24 11:32:45] Running genes' selection: START
[2026-07-24 11:32:47] Selected 2000 genes using HVG_Seurat selector
[2026-07-24 11:32:47] Running genes' selection: DONE
[2026-07-24 11:32:49] Elaborating PCA - START
[2026-07-24 11:32:49] Elaborating PCA - DONE
[2026-07-24 11:32:50] Total calculations elapsed time: 4.22747039794922
[2026-07-24 11:32:50] Elaborating Reduced dimensionality Data Matrix - DONE
[2026-07-24 11:32:50] Used resolution for Seurat clusterization is: 0.8
[2026-07-24 11:32:50] Total calculations elapsed time: 4.98210763931274
[2026-07-24 11:32:50] Creating new clusterization: DONE
[2026-07-24 11:32:51] Creating PDF UMAP in file:  /data/lorenzo_delitala/data/project_files/ding/cortex_2/plots/Ding_Cortex2_Gene/reclustering/pdf_umap_2.pdf
[2026-07-24 11:32:51] UMAP plot: START
[2026-07-24 11:32:51] Calculating UMAP: START
[2026-07-24 11:32:56] Calculating UMAP: DONE
[2026-07-24 11:32:56] Total calculations elapsed time: 5.03397941589355
[2026-07-24 11:32:56] UMAP plot: DONE
[2026-07-24 11:32:56] UMAP plot: START
[2026-07-24 11:32:56] Calculating UMAP: START
[2026-07-24 11:33:01] Calculating UMAP: DONE
[2026-07-24 11:33:01] Total calculations elapsed time: 5.26096272468567
[2026-07-24 11:33:01] UMAP plot: DONE
[2026-07-24 11:33:02] *[2026-07-24 11:33:02]  checking uniformity of cluster '0' of 12 clusters
[2026-07-24 11:33:02] Asked to drop 0 genes and 3703 cells
[2026-07-24 11:33:02] COTAN dataset analysis: START
[2026-07-24 11:33:02] Asked to drop 928 genes and 0 cells
[2026-07-24 11:33:02] Genes/cells selection done: dropped [928] genes and [0] cells
[2026-07-24 11:33:02] Working on [17205] genes and [388] cells
[2026-07-24 11:33:03] Dataset cleaning elapsed time: 0.819895029067993
[2026-07-24 11:33:03] Estimate `dispersion`: START
[2026-07-24 11:33:03] Effective number of cores used: 40
[2026-07-24 11:33:03] Executing 17 genes batches
[2026-07-24 11:33:03] Parallel dispersion Newton-Raphson: used up to 6 iterations
[2026-07-24 11:33:03] Parallel dispersion Newton-Raphson: used up to 6 iterations
[2026-07-24 11:33:03] Parallel dispersion Newton-Raphson: used up to 5 iterations
[2026-07-24 11:33:03] Parallel dispersion Newton-Raphson: used up to 5 iterations
[2026-07-24 11:33:03] Parallel dispersion Newton-Raphson: used up to 6 iterations
[2026-07-24 11:33:03] Parallel dispersion Newton-Raphson: used up to 5 iterations
[2026-07-24 11:33:04] Parallel dispersion Newton-Raphson: used up to 6 iterations
[2026-07-24 11:33:04] Parallel dispersion Newton-Raphson: used up to 5 iterations
[2026-07-24 11:33:04] Parallel dispersion Newton-Raphson: used up to 6 iterations
[2026-07-24 11:33:04] Parallel dispersion Newton-Raphson: used up to 5 iterations
[2026-07-24 11:33:04] Parallel dispersion Newton-Raphson: used up to 6 iterations
[2026-07-24 11:33:04] Parallel dispersion Newton-Raphson: used up to 6 iterations
[2026-07-24 11:33:04] Parallel dispersion Newton-Raphson: used up to 7 iterations
[2026-07-24 11:33:05] Parallel dispersion Newton-Raphson: used up to 6 iterations
[2026-07-24 11:33:05] Parallel dispersion Newton-Raphson: used up to 5 iterations
[2026-07-24 11:33:05] Parallel dispersion Newton-Raphson: used up to 6 iterations
[2026-07-24 11:33:05] Parallel dispersion Newton-Raphson: used up to 5 iterations
[2026-07-24 11:33:07] Total calculations elapsed time: 4.83159780502319
[2026-07-24 11:33:07] Estimate `dispersion`: DONE
[2026-07-24 11:33:07] Estimate `dispersion`: DONE
[2026-07-24 11:33:07] `dispersion` | min: -0.132441254044845 | max: 296.911828070803 | % negative: 48.4103458297007
[2026-07-24 11:33:08] Model parameter estimation elapsed time: 5.56228709220886
[2026-07-24 11:33:08] COTAN genes' COEX estimation: START
[2026-07-24 11:33:08] Effective number of cores used: 40
[2026-07-24 11:33:08] Calculate genes COEX (torch) on device cpu: START
[2026-07-24 11:33:08] Retrieving expected genes contingency table
[2026-07-24 11:33:08] Expected genes contingency table elapsed time: 0.183125972747803
[2026-07-24 11:33:08] Calculating genes COEX normalization factor
[2026-07-24 11:33:10] Calculating genes COEX normalization factor elapsed time: 1.62713479995728
[2026-07-24 11:33:10] Retrieving observed genes yes/yes contingency table
[2026-07-24 11:33:10] Observed genes contingency table elapsed time: 0.221662044525146
[2026-07-24 11:33:23] Calculate genes COEX elapsed time: 13.0197367668152
[2026-07-24 11:33:23] Total calculations elapsed time: 15.0516595840454
[2026-07-24 11:33:23] Calculate genes COEX (torch) on device cpu: DONE
[2026-07-24 11:33:24] Only genes' COEX elapsed time: 15.7833104133606
[2026-07-24 11:33:24] Dataset analysis elapsed time: 22.1654925346375
[2026-07-24 11:33:24] COTAN dataset analysis: DONE
[2026-07-24 11:33:25] Checking uniformity for the cluster '02_0000' with 388 cells
[2026-07-24 11:33:25] Calculate GDI dataframe: START
[2026-07-24 11:33:25] Using S
[2026-07-24 11:33:25] Calculating S: START
[2026-07-24 11:33:34] Calculating S: DONE
[2026-07-24 11:33:34] Calculate `GDI`: START
[2026-07-24 11:33:34] Effective number of cores used: 40
[2026-07-24 11:33:34] Effective number of cores used: 40
[2026-07-24 11:33:34] Executing 17 genes batches
[2026-07-24 11:33:39] Total calculations elapsed time: 5.32211399078369
[2026-07-24 11:33:39] Calculate `GDI`: DONE
[2026-07-24 11:33:40] Total calculations elapsed time: 15.5014457702637
[2026-07-24 11:33:40] Calculate GDI dataframe: DONE
[2026-07-24 11:33:40] Clean plots: START
[2026-07-24 11:33:40] Total calculations elapsed time: 0.0230772495269775
[2026-07-24 11:33:40] Clean plots: DONE
[2026-07-24 11:33:40] GDI plot
[2026-07-24 11:33:40] Removed 16 low GDI genes (such as the fully-expressed) in GDI plot
[2026-07-24 11:33:42] Cluster 02_0000, with size 388, is not uniform
[2026-07-24 11:33:42] Cluster 02_0000's shift to uniformity: 0.00419455192102824
[2026-07-24 11:33:42] class = SimpleGDIUniformityCheck, check.isCheckAbove = FALSE, check.GDIThreshold = 1.4, check.maxRatioBeyond = 0.01, check.maxRankBeyond = 0, check.fractionBeyond = 0.011333914559721, check.thresholdRank = 0, check.quantileAtRatio = 1.40419455192103, check.quantileAtRank = NaN, isUniform = FALSE, clusterSize = 388
[2026-07-24 11:33:42] cluster 02_0000 has too high GDI: will be reclustered!
[2026-07-24 11:33:42] 
[2026-07-24 11:33:43] *[2026-07-24 11:33:43]  checking uniformity of cluster '1' of 12 clusters
[2026-07-24 11:33:43] Asked to drop 0 genes and 3807 cells
[2026-07-24 11:33:43] COTAN dataset analysis: START
[2026-07-24 11:33:43] Asked to drop 5054 genes and 0 cells
[2026-07-24 11:33:43] Genes/cells selection done: dropped [5054] genes and [0] cells
[2026-07-24 11:33:43] Working on [13079] genes and [284] cells
[2026-07-24 11:33:44] Dataset cleaning elapsed time: 0.79160475730896
[2026-07-24 11:33:44] Estimate `dispersion`: START
[2026-07-24 11:33:44] Effective number of cores used: 40
[2026-07-24 11:33:44] Executing 13 genes batches
[2026-07-24 11:33:44] Parallel dispersion Newton-Raphson: used up to 5 iterations
[2026-07-24 11:33:44] Parallel dispersion Newton-Raphson: used up to 6 iterations
[2026-07-24 11:33:44] Parallel dispersion Newton-Raphson: used up to 5 iterations
[2026-07-24 11:33:45] Parallel dispersion Newton-Raphson: used up to 5 iterations
[2026-07-24 11:33:45] Parallel dispersion Newton-Raphson: used up to 6 iterations
[2026-07-24 11:33:45] Parallel dispersion Newton-Raphson: used up to 5 iterations
[2026-07-24 11:33:45] Parallel dispersion Newton-Raphson: used up to 5 iterations
[2026-07-24 11:33:45] Parallel dispersion Newton-Raphson: used up to 5 iterations
[2026-07-24 11:33:45] Parallel dispersion Newton-Raphson: used up to 5 iterations
[2026-07-24 11:33:45] Parallel dispersion Newton-Raphson: used up to 5 iterations
[2026-07-24 11:33:46] Parallel dispersion Newton-Raphson: used up to 6 iterations
[2026-07-24 11:33:46] Parallel dispersion Newton-Raphson: used up to 6 iterations
[2026-07-24 11:33:46] Parallel dispersion Newton-Raphson: used up to 6 iterations
[2026-07-24 11:33:49] Total calculations elapsed time: 5.02029252052307
[2026-07-24 11:33:49] Estimate `dispersion`: DONE
[2026-07-24 11:33:49] Estimate `dispersion`: DONE
[2026-07-24 11:33:49] `dispersion` | min: -0.147199891452279 | max: 209.843916768672 | % negative: 62.6882789204068
[2026-07-24 11:33:50] Model parameter estimation elapsed time: 5.86251401901245
[2026-07-24 11:33:50] COTAN genes' COEX estimation: START
[2026-07-24 11:33:50] Effective number of cores used: 40
[2026-07-24 11:33:50] Calculate genes COEX (torch) on device cpu: START
[2026-07-24 11:33:50] Retrieving expected genes contingency table
[2026-07-24 11:33:50] Expected genes contingency table elapsed time: 0.0898582935333252
[2026-07-24 11:33:50] Calculating genes COEX normalization factor
[2026-07-24 11:33:51] Calculating genes COEX normalization factor elapsed time: 1.28737282752991
[2026-07-24 11:33:51] Retrieving observed genes yes/yes contingency table
[2026-07-24 11:33:51] Observed genes contingency table elapsed time: 0.116287708282471
[2026-07-24 11:33:59] Calculate genes COEX elapsed time: 7.79459524154663
[2026-07-24 11:33:59] Total calculations elapsed time: 9.28811407089233
[2026-07-24 11:33:59] Calculate genes COEX (torch) on device cpu: DONE
[2026-07-24 11:34:00] Only genes' COEX elapsed time: 10.0157363414764
[2026-07-24 11:34:00] Dataset analysis elapsed time: 16.6698551177979
[2026-07-24 11:34:00] COTAN dataset analysis: DONE
[2026-07-24 11:34:01] Checking uniformity for the cluster '02_0001' with 284 cells
[2026-07-24 11:34:01] Calculate GDI dataframe: START
[2026-07-24 11:34:01] Using S
[2026-07-24 11:34:01] Calculating S: START
[2026-07-24 11:34:05] Calculating S: DONE
[2026-07-24 11:34:05] Calculate `GDI`: START
[2026-07-24 11:34:05] Effective number of cores used: 40
[2026-07-24 11:34:05] Effective number of cores used: 40
[2026-07-24 11:34:05] Executing 13 genes batches
[2026-07-24 11:34:10] Total calculations elapsed time: 4.75506997108459
[2026-07-24 11:34:10] Calculate `GDI`: DONE
[2026-07-24 11:34:12] Total calculations elapsed time: 11.6358294487
[2026-07-24 11:34:12] Calculate GDI dataframe: DONE
[2026-07-24 11:34:12] Clean plots: START
[2026-07-24 11:34:12] Total calculations elapsed time: 0.0234167575836182
[2026-07-24 11:34:12] Clean plots: DONE
[2026-07-24 11:34:12] GDI plot
[2026-07-24 11:34:12] Removed 1 low GDI genes (such as the fully-expressed) in GDI plot
[2026-07-24 11:34:14] Cluster 02_0001, with size 284, is not uniform
[2026-07-24 11:34:14] Cluster 02_0001's shift to uniformity: 0.0185680621109667
[2026-07-24 11:34:14] class = SimpleGDIUniformityCheck, check.isCheckAbove = FALSE, check.GDIThreshold = 1.4, check.maxRatioBeyond = 0.01, check.maxRankBeyond = 0, check.fractionBeyond = 0.0124627265081428, check.thresholdRank = 0, check.quantileAtRatio = 1.41856806211097, check.quantileAtRank = NaN, isUniform = FALSE, clusterSize = 284
[2026-07-24 11:34:14] cluster 02_0001 has too high GDI: will be reclustered!
[2026-07-24 11:34:14] 
[2026-07-24 11:34:15] *[2026-07-24 11:34:15]  checking uniformity of cluster '2' of 12 clusters
[2026-07-24 11:34:15] Asked to drop 0 genes and 3885 cells
[2026-07-24 11:34:15] COTAN dataset analysis: START
[2026-07-24 11:34:15] Asked to drop 1639 genes and 0 cells
[2026-07-24 11:34:15] Genes/cells selection done: dropped [1639] genes and [0] cells
[2026-07-24 11:34:15] Working on [16494] genes and [206] cells
[2026-07-24 11:34:16] Dataset cleaning elapsed time: 0.864303350448608
[2026-07-24 11:34:16] Estimate `dispersion`: START
[2026-07-24 11:34:16] Effective number of cores used: 40
[2026-07-24 11:34:16] Executing 17 genes batches
[2026-07-24 11:34:16] Parallel dispersion Newton-Raphson: used up to 6 iterations
[2026-07-24 11:34:16] Parallel dispersion Newton-Raphson: used up to 8 iterations
[2026-07-24 11:34:17] Parallel dispersion Newton-Raphson: used up to 6 iterations
[2026-07-24 11:34:17] Parallel dispersion Newton-Raphson: used up to 6 iterations
[2026-07-24 11:34:17] Parallel dispersion Newton-Raphson: used up to 7 iterations
[2026-07-24 11:34:17] Parallel dispersion Newton-Raphson: used up to 6 iterations
[2026-07-24 11:34:17] Parallel dispersion Newton-Raphson: used up to 6 iterations
[2026-07-24 11:34:17] Parallel dispersion Newton-Raphson: used up to 6 iterations
[2026-07-24 11:34:18] Parallel dispersion Newton-Raphson: used up to 6 iterations
[2026-07-24 11:34:18] Parallel dispersion Newton-Raphson: used up to 5 iterations
[2026-07-24 11:34:18] Parallel dispersion Newton-Raphson: used up to 5 iterations
[2026-07-24 11:34:18] Parallel dispersion Newton-Raphson: used up to 6 iterations
[2026-07-24 11:34:18] Parallel dispersion Newton-Raphson: used up to 7 iterations
[2026-07-24 11:34:18] Parallel dispersion Newton-Raphson: used up to 5 iterations
[2026-07-24 11:34:19] Parallel dispersion Newton-Raphson: used up to 6 iterations
[2026-07-24 11:34:19] Parallel dispersion Newton-Raphson: used up to 5 iterations
[2026-07-24 11:34:19] Parallel dispersion Newton-Raphson: used up to 5 iterations
[2026-07-24 11:34:22] Total calculations elapsed time: 5.79282140731812
[2026-07-24 11:34:22] Estimate `dispersion`: DONE
[2026-07-24 11:34:22] Estimate `dispersion`: DONE
[2026-07-24 11:34:22] `dispersion` | min: -0.291700652881261 | max: 204.93933545691 | % negative: 50.7639141506002
[2026-07-24 11:34:23] Model parameter estimation elapsed time: 6.85804867744446
[2026-07-24 11:34:23] COTAN genes' COEX estimation: START
[2026-07-24 11:34:23] Effective number of cores used: 40
[2026-07-24 11:34:23] Calculate genes COEX (torch) on device cpu: START
[2026-07-24 11:34:23] Retrieving expected genes contingency table
[2026-07-24 11:34:23] Expected genes contingency table elapsed time: 0.122793436050415
[2026-07-24 11:34:23] Calculating genes COEX normalization factor
[2026-07-24 11:34:25] Calculating genes COEX normalization factor elapsed time: 1.60181427001953
[2026-07-24 11:34:25] Retrieving observed genes yes/yes contingency table
[2026-07-24 11:34:25] Observed genes contingency table elapsed time: 0.125715255737305
[2026-07-24 11:34:39] Calculate genes COEX elapsed time: 14.0868093967438
[2026-07-24 11:34:39] Total calculations elapsed time: 15.937132358551
[2026-07-24 11:34:39] Calculate genes COEX (torch) on device cpu: DONE
[2026-07-24 11:34:40] Only genes' COEX elapsed time: 16.6843869686127
[2026-07-24 11:34:40] Dataset analysis elapsed time: 24.4067389965057
[2026-07-24 11:34:40] COTAN dataset analysis: DONE
[2026-07-24 11:34:40] Checking uniformity for the cluster '02_0002' with 206 cells
[2026-07-24 11:34:40] Calculate GDI dataframe: START
[2026-07-24 11:34:40] Using S
[2026-07-24 11:34:40] Calculating S: START
[2026-07-24 11:34:49] Calculating S: DONE
[2026-07-24 11:34:49] Calculate `GDI`: START
[2026-07-24 11:34:49] Effective number of cores used: 40
[2026-07-24 11:34:49] Effective number of cores used: 40
[2026-07-24 11:34:49] Executing 17 genes batches
[2026-07-24 11:34:55] Total calculations elapsed time: 6.32530379295349
[2026-07-24 11:34:55] Calculate `GDI`: DONE
[2026-07-24 11:34:57] Total calculations elapsed time: 16.3775651454926
[2026-07-24 11:34:57] Calculate GDI dataframe: DONE
[2026-07-24 11:34:57] Clean plots: START
[2026-07-24 11:34:57] Total calculations elapsed time: 0.0232422351837158
[2026-07-24 11:34:57] Clean plots: DONE
[2026-07-24 11:34:57] GDI plot
[2026-07-24 11:34:57] Removed 20 low GDI genes (such as the fully-expressed) in GDI plot
[2026-07-24 11:34:59] Cluster 02_0002, with size 206, is not uniform
[2026-07-24 11:34:59] Cluster 02_0002's shift to uniformity: 0.0890535737149363
[2026-07-24 11:34:59] class = SimpleGDIUniformityCheck, check.isCheckAbove = FALSE, check.GDIThreshold = 1.4, check.maxRatioBeyond = 0.01, check.maxRankBeyond = 0, check.fractionBeyond = 0.0397720383169637, check.thresholdRank = 0, check.quantileAtRatio = 1.48905357371494, check.quantileAtRank = NaN, isUniform = FALSE, clusterSize = 206
[2026-07-24 11:34:59] cluster 02_0002 has too high GDI: will be reclustered!
[2026-07-24 11:34:59] 
[2026-07-24 11:35:00] *[2026-07-24 11:35:00]  checking uniformity of cluster '3' of 12 clusters
[2026-07-24 11:35:00] Asked to drop 0 genes and 3979 cells
[2026-07-24 11:35:00] COTAN dataset analysis: START
[2026-07-24 11:35:00] Asked to drop 4632 genes and 0 cells
[2026-07-24 11:35:00] Genes/cells selection done: dropped [4632] genes and [0] cells
[2026-07-24 11:35:00] Working on [13501] genes and [112] cells
[2026-07-24 11:35:01] Dataset cleaning elapsed time: 0.799037933349609
[2026-07-24 11:35:01] Estimate `dispersion`: START
[2026-07-24 11:35:01] Effective number of cores used: 40
[2026-07-24 11:35:01] Executing 14 genes batches
[2026-07-24 11:35:01] Parallel dispersion Newton-Raphson: used up to 8 iterations
[2026-07-24 11:35:01] Parallel dispersion Newton-Raphson: used up to 6 iterations
[2026-07-24 11:35:01] Parallel dispersion Newton-Raphson: used up to 6 iterations
[2026-07-24 11:35:01] Parallel dispersion Newton-Raphson: used up to 7 iterations
[2026-07-24 11:35:02] Parallel dispersion Newton-Raphson: used up to 5 iterations
[2026-07-24 11:35:02] Parallel dispersion Newton-Raphson: used up to 7 iterations
[2026-07-24 11:35:02] Parallel dispersion Newton-Raphson: used up to 7 iterations
[2026-07-24 11:35:02] Parallel dispersion Newton-Raphson: used up to 7 iterations
[2026-07-24 11:35:02] Parallel dispersion Newton-Raphson: used up to 7 iterations
[2026-07-24 11:35:02] Parallel dispersion Newton-Raphson: used up to 6 iterations
[2026-07-24 11:35:03] Parallel dispersion Newton-Raphson: used up to 7 iterations
[2026-07-24 11:35:03] Parallel dispersion Newton-Raphson: used up to 7 iterations
[2026-07-24 11:35:03] Parallel dispersion Newton-Raphson: used up to 9 iterations
[2026-07-24 11:35:03] Parallel dispersion Newton-Raphson: used up to 6 iterations
[2026-07-24 11:35:06] Total calculations elapsed time: 5.51985788345337
[2026-07-24 11:35:06] Estimate `dispersion`: DONE
[2026-07-24 11:35:06] Estimate `dispersion`: DONE
[2026-07-24 11:35:06] `dispersion` | min: -0.362579974088039 | max: 352.666388107915 | % negative: 68.3801199911118
[2026-07-24 11:35:07] Model parameter estimation elapsed time: 6.31358909606934
[2026-07-24 11:35:07] COTAN genes' COEX estimation: START
[2026-07-24 11:35:07] Effective number of cores used: 40
[2026-07-24 11:35:07] Calculate genes COEX (torch) on device cpu: START
[2026-07-24 11:35:07] Retrieving expected genes contingency table
[2026-07-24 11:35:07] Expected genes contingency table elapsed time: 0.0888903141021729
[2026-07-24 11:35:07] Calculating genes COEX normalization factor
[2026-07-24 11:35:08] Calculating genes COEX normalization factor elapsed time: 1.2844660282135
[2026-07-24 11:35:08] Retrieving observed genes yes/yes contingency table
[2026-07-24 11:35:08] Observed genes contingency table elapsed time: 0.0810236930847168
[2026-07-24 11:35:17] Calculate genes COEX elapsed time: 8.57352685928345
[2026-07-24 11:35:17] Total calculations elapsed time: 10.0279068946838
[2026-07-24 11:35:17] Calculate genes COEX (torch) on device cpu: DONE
[2026-07-24 11:35:18] Only genes' COEX elapsed time: 10.7979493141174
[2026-07-24 11:35:18] Dataset analysis elapsed time: 17.9105763435364
[2026-07-24 11:35:18] COTAN dataset analysis: DONE
[2026-07-24 11:35:18] Checking uniformity for the cluster '02_0003' with 112 cells
[2026-07-24 11:35:18] Calculate GDI dataframe: START
[2026-07-24 11:35:18] Using S
[2026-07-24 11:35:18] Calculating S: START
[2026-07-24 11:35:24] Calculating S: DONE
[2026-07-24 11:35:24] Calculate `GDI`: START
[2026-07-24 11:35:24] Effective number of cores used: 40
[2026-07-24 11:35:24] Effective number of cores used: 40
[2026-07-24 11:35:24] Executing 14 genes batches
[2026-07-24 11:35:29] Total calculations elapsed time: 5.80029082298279
[2026-07-24 11:35:29] Calculate `GDI`: DONE
[2026-07-24 11:35:32] Total calculations elapsed time: 13.254732131958
[2026-07-24 11:35:32] Calculate GDI dataframe: DONE
[2026-07-24 11:35:32] Clean plots: START
[2026-07-24 11:35:32] Total calculations elapsed time: 0.0239453315734863
[2026-07-24 11:35:32] Clean plots: DONE
[2026-07-24 11:35:32] GDI plot
[2026-07-24 11:35:32] Removed 0 low GDI genes (such as the fully-expressed) in GDI plot
[2026-07-24 11:35:34] Cluster 02_0003, with size 112, is not uniform
[2026-07-24 11:35:35] Cluster 02_0003's shift to uniformity: 0.0908592358008171
[2026-07-24 11:35:35] class = SimpleGDIUniformityCheck, check.isCheckAbove = FALSE, check.GDIThreshold = 1.4, check.maxRatioBeyond = 0.01, check.maxRankBeyond = 0, check.fractionBeyond = 0.0297755721798385, check.thresholdRank = 0, check.quantileAtRatio = 1.49085923580082, check.quantileAtRank = NaN, isUniform = FALSE, clusterSize = 112
[2026-07-24 11:35:35] cluster 02_0003 has too high GDI: will be reclustered!
[2026-07-24 11:35:35] 
[2026-07-24 11:35:35] *[2026-07-24 11:35:35]  checking uniformity of cluster '4' of 12 clusters
[2026-07-24 11:35:35] Asked to drop 0 genes and 4012 cells
[2026-07-24 11:35:35] COTAN dataset analysis: START
[2026-07-24 11:35:35] Asked to drop 2435 genes and 0 cells
[2026-07-24 11:35:35] Genes/cells selection done: dropped [2435] genes and [0] cells
[2026-07-24 11:35:35] Working on [15698] genes and [79] cells
[2026-07-24 11:35:36] Dataset cleaning elapsed time: 0.82997465133667
[2026-07-24 11:35:36] Estimate `dispersion`: START
[2026-07-24 11:35:36] Effective number of cores used: 40
[2026-07-24 11:35:36] Executing 16 genes batches
[2026-07-24 11:35:36] Parallel dispersion Newton-Raphson: used up to 6 iterations
[2026-07-24 11:35:37] Parallel dispersion Newton-Raphson: used up to 6 iterations
[2026-07-24 11:35:37] Parallel dispersion Newton-Raphson: used up to 6 iterations
[2026-07-24 11:35:37] Parallel dispersion Newton-Raphson: used up to 6 iterations
[2026-07-24 11:35:37] Parallel dispersion Newton-Raphson: used up to 6 iterations
[2026-07-24 11:35:37] Parallel dispersion Newton-Raphson: used up to 5 iterations
[2026-07-24 11:35:37] Parallel dispersion Newton-Raphson: used up to 6 iterations
[2026-07-24 11:35:38] Parallel dispersion Newton-Raphson: used up to 5 iterations
[2026-07-24 11:35:38] Parallel dispersion Newton-Raphson: used up to 5 iterations
[2026-07-24 11:35:38] Parallel dispersion Newton-Raphson: used up to 6 iterations
[2026-07-24 11:35:38] Parallel dispersion Newton-Raphson: used up to 5 iterations
[2026-07-24 11:35:38] Parallel dispersion Newton-Raphson: used up to 6 iterations
[2026-07-24 11:35:38] Parallel dispersion Newton-Raphson: used up to 7 iterations
[2026-07-24 11:35:39] Parallel dispersion Newton-Raphson: used up to 7 iterations
[2026-07-24 11:35:39] Parallel dispersion Newton-Raphson: used up to 6 iterations
[2026-07-24 11:35:39] Parallel dispersion Newton-Raphson: used up to 6 iterations
[2026-07-24 11:35:42] Total calculations elapsed time: 5.58354878425598
[2026-07-24 11:35:42] Estimate `dispersion`: DONE
[2026-07-24 11:35:42] Estimate `dispersion`: DONE
[2026-07-24 11:35:42] `dispersion` | min: -0.655003808472974 | max: 143.683590999775 | % negative: 64.2884443878201
[2026-07-24 11:35:43] Model parameter estimation elapsed time: 6.44298195838928
[2026-07-24 11:35:43] COTAN genes' COEX estimation: START
[2026-07-24 11:35:43] Effective number of cores used: 40
[2026-07-24 11:35:43] Calculate genes COEX (torch) on device cpu: START
[2026-07-24 11:35:43] Retrieving expected genes contingency table
[2026-07-24 11:35:43] Expected genes contingency table elapsed time: 0.0936298370361328
[2026-07-24 11:35:43] Calculating genes COEX normalization factor
[2026-07-24 11:35:44] Calculating genes COEX normalization factor elapsed time: 1.51043391227722
[2026-07-24 11:35:44] Retrieving observed genes yes/yes contingency table
[2026-07-24 11:35:44] Observed genes contingency table elapsed time: 0.091273307800293
[2026-07-24 11:35:56] Calculate genes COEX elapsed time: 11.6444556713104
[2026-07-24 11:35:56] Total calculations elapsed time: 13.3397927284241
[2026-07-24 11:35:56] Calculate genes COEX (torch) on device cpu: DONE
[2026-07-24 11:35:57] Only genes' COEX elapsed time: 14.138249874115
[2026-07-24 11:35:57] Dataset analysis elapsed time: 21.4112064838409
[2026-07-24 11:35:57] COTAN dataset analysis: DONE
[2026-07-24 11:35:58] Checking uniformity for the cluster '02_0004' with 79 cells
[2026-07-24 11:35:58] Calculate GDI dataframe: START
[2026-07-24 11:35:58] Using S
[2026-07-24 11:35:58] Calculating S: START
[2026-07-24 11:36:05] Calculating S: DONE
[2026-07-24 11:36:05] Calculate `GDI`: START
[2026-07-24 11:36:05] Effective number of cores used: 40
[2026-07-24 11:36:05] Effective number of cores used: 40
[2026-07-24 11:36:05] Executing 16 genes batches
[2026-07-24 11:36:11] Total calculations elapsed time: 5.51248693466187
[2026-07-24 11:36:11] Calculate `GDI`: DONE
[2026-07-24 11:36:12] Total calculations elapsed time: 14.3627815246582
[2026-07-24 11:36:12] Calculate GDI dataframe: DONE
[2026-07-24 11:36:12] Clean plots: START
[2026-07-24 11:36:12] Total calculations elapsed time: 0.0231637954711914
[2026-07-24 11:36:12] Clean plots: DONE
[2026-07-24 11:36:12] GDI plot
[2026-07-24 11:36:12] Removed 48 low GDI genes (such as the fully-expressed) in GDI plot
[2026-07-24 11:36:14] Cluster 02_0004, with size 79, is uniform
[2026-07-24 11:36:14] Cluster 02_0004's shift to uniformity: -0.0893026595581949
[2026-07-24 11:36:14] class = SimpleGDIUniformityCheck, check.isCheckAbove = FALSE, check.GDIThreshold = 1.4, check.maxRatioBeyond = 0.01, check.maxRankBeyond = 0, check.fractionBeyond = 0.000828130972098357, check.thresholdRank = 0, check.quantileAtRatio = 1.3106973404418, check.quantileAtRank = NaN, isUniform = TRUE, clusterSize = 79
[2026-07-24 11:36:14] cluster 02_0004 is uniform
[2026-07-24 11:36:14] 
[2026-07-24 11:36:15] *[2026-07-24 11:36:15]  checking uniformity of cluster '5' of 12 clusters
[2026-07-24 11:36:15] Asked to drop 0 genes and 4027 cells
[2026-07-24 11:36:15] COTAN dataset analysis: START
[2026-07-24 11:36:15] Asked to drop 2402 genes and 0 cells
[2026-07-24 11:36:15] Genes/cells selection done: dropped [2402] genes and [0] cells
[2026-07-24 11:36:15] Working on [15731] genes and [64] cells
[2026-07-24 11:36:16] Dataset cleaning elapsed time: 0.759653091430664
[2026-07-24 11:36:16] Estimate `dispersion`: START
[2026-07-24 11:36:16] Effective number of cores used: 40
[2026-07-24 11:36:16] Executing 16 genes batches
[2026-07-24 11:36:16] Parallel dispersion Newton-Raphson: used up to 6 iterations
[2026-07-24 11:36:16] Parallel dispersion Newton-Raphson: used up to 6 iterations
[2026-07-24 11:36:16] Parallel dispersion Newton-Raphson: used up to 5 iterations
[2026-07-24 11:36:16] Parallel dispersion Newton-Raphson: used up to 6 iterations
[2026-07-24 11:36:17] Parallel dispersion Newton-Raphson: used up to 6 iterations
[2026-07-24 11:36:17] Parallel dispersion Newton-Raphson: used up to 7 iterations
[2026-07-24 11:36:17] Parallel dispersion Newton-Raphson: used up to 6 iterations
[2026-07-24 11:36:17] Parallel dispersion Newton-Raphson: used up to 6 iterations
[2026-07-24 11:36:17] Parallel dispersion Newton-Raphson: used up to 6 iterations
[2026-07-24 11:36:17] Parallel dispersion Newton-Raphson: used up to 5 iterations
[2026-07-24 11:36:18] Parallel dispersion Newton-Raphson: used up to 6 iterations
[2026-07-24 11:36:18] Parallel dispersion Newton-Raphson: used up to 6 iterations
[2026-07-24 11:36:18] Parallel dispersion Newton-Raphson: used up to 5 iterations
[2026-07-24 11:36:18] Parallel dispersion Newton-Raphson: used up to 5 iterations
[2026-07-24 11:36:18] Parallel dispersion Newton-Raphson: used up to 6 iterations
[2026-07-24 11:36:19] Parallel dispersion Newton-Raphson: used up to 6 iterations
[2026-07-24 11:36:21] Total calculations elapsed time: 5.67431902885437
[2026-07-24 11:36:21] Estimate `dispersion`: DONE
[2026-07-24 11:36:21] Estimate `dispersion`: DONE
[2026-07-24 11:36:21] `dispersion` | min: -0.536217812139645 | max: 160.122832174407 | % negative: 61.0514271184286
[2026-07-24 11:36:22] Model parameter estimation elapsed time: 6.4165403842926
[2026-07-24 11:36:22] COTAN genes' COEX estimation: START
[2026-07-24 11:36:22] Effective number of cores used: 40
[2026-07-24 11:36:22] Calculate genes COEX (torch) on device cpu: START
[2026-07-24 11:36:22] Retrieving expected genes contingency table
[2026-07-24 11:36:22] Expected genes contingency table elapsed time: 0.0958883762359619
[2026-07-24 11:36:22] Calculating genes COEX normalization factor
[2026-07-24 11:36:24] Calculating genes COEX normalization factor elapsed time: 1.47623443603516
[2026-07-24 11:36:24] Retrieving observed genes yes/yes contingency table
[2026-07-24 11:36:24] Observed genes contingency table elapsed time: 0.0881171226501465
[2026-07-24 11:36:35] Calculate genes COEX elapsed time: 11.6837966442108
[2026-07-24 11:36:35] Total calculations elapsed time: 13.3440365791321
[2026-07-24 11:36:35] Calculate genes COEX (torch) on device cpu: DONE
[2026-07-24 11:36:36] Only genes' COEX elapsed time: 14.1955554485321
[2026-07-24 11:36:36] Dataset analysis elapsed time: 21.3717489242554
[2026-07-24 11:36:36] COTAN dataset analysis: DONE
[2026-07-24 11:36:37] Checking uniformity for the cluster '02_0005' with 64 cells
[2026-07-24 11:36:37] Calculate GDI dataframe: START
[2026-07-24 11:36:37] Using S
[2026-07-24 11:36:37] Calculating S: START
[2026-07-24 11:36:44] Calculating S: DONE
[2026-07-24 11:36:44] Calculate `GDI`: START
[2026-07-24 11:36:44] Effective number of cores used: 40
[2026-07-24 11:36:44] Effective number of cores used: 40
[2026-07-24 11:36:44] Executing 16 genes batches
[2026-07-24 11:36:50] Total calculations elapsed time: 5.57723236083984
[2026-07-24 11:36:50] Calculate `GDI`: DONE
[2026-07-24 11:36:52] Total calculations elapsed time: 15.0416281223297
[2026-07-24 11:36:52] Calculate GDI dataframe: DONE
[2026-07-24 11:36:52] Clean plots: START
[2026-07-24 11:36:52] Total calculations elapsed time: 0.0234227180480957
[2026-07-24 11:36:52] Clean plots: DONE
[2026-07-24 11:36:52] GDI plot
[2026-07-24 11:36:52] Removed 48 low GDI genes (such as the fully-expressed) in GDI plot
[2026-07-24 11:36:54] Cluster 02_0005, with size 64, is uniform
[2026-07-24 11:36:54] Cluster 02_0005's shift to uniformity: -0.0287133356332903
[2026-07-24 11:36:54] class = SimpleGDIUniformityCheck, check.isCheckAbove = FALSE, check.GDIThreshold = 1.4, check.maxRatioBeyond = 0.01, check.maxRankBeyond = 0, check.fractionBeyond = 0.00514906871781832, check.thresholdRank = 0, check.quantileAtRatio = 1.37128666436671, check.quantileAtRank = NaN, isUniform = TRUE, clusterSize = 64
[2026-07-24 11:36:54] cluster 02_0005 is uniform
[2026-07-24 11:36:54] 
[2026-07-24 11:36:55] *[2026-07-24 11:36:55]  checking uniformity of cluster '6' of 12 clusters
[2026-07-24 11:36:55] cluster 02_0006 has too few cells: will be reclustered!
[2026-07-24 11:36:55] *[2026-07-24 11:36:55]  checking uniformity of cluster '7' of 12 clusters
[2026-07-24 11:36:55] cluster 02_0007 has too few cells: will be reclustered!
[2026-07-24 11:36:55] *[2026-07-24 11:36:55]  checking uniformity of cluster '8' of 12 clusters
[2026-07-24 11:36:55] cluster 02_0008 has too few cells: will be reclustered!
[2026-07-24 11:36:55] *[2026-07-24 11:36:55]  checking uniformity of cluster '9' of 12 clusters
[2026-07-24 11:36:55] cluster 02_0009 has too few cells: will be reclustered!
[2026-07-24 11:36:55] *[2026-07-24 11:36:55]  checking uniformity of cluster '10' of 12 clusters
[2026-07-24 11:36:55] cluster 02_0010 has too few cells: will be reclustered!
[2026-07-24 11:36:55] *[2026-07-24 11:36:55]  checking uniformity of cluster '11' of 12 clusters
[2026-07-24 11:36:55] cluster 02_0011 has too few cells: will be reclustered!
[2026-07-24 11:36:55] 
[2026-07-24 11:36:55] Found 2 uniform and  10 non-uniform clusters
[2026-07-24 11:36:56] Loop calculations elapsed time: 250.834169149399
[2026-07-24 11:36:56] In iteration 3 [2026-07-24 11:36:56] the number of cells to re-cluster is 1212 cells belonging to 10 clusters
[2026-07-24 11:36:56] Asked to drop 0 genes and 2879 cells
[2026-07-24 11:36:56] Creating new clusterization: START
[2026-07-24 11:36:56] Elaborating Reduced dimensionality Data Matrix - START
[2026-07-24 11:36:56] Running genes' selection: START
[2026-07-24 11:36:58] Selected 2000 genes using HVG_Seurat selector
[2026-07-24 11:36:58] Running genes' selection: DONE
[2026-07-24 11:36:59] Elaborating PCA - START
[2026-07-24 11:37:00] Elaborating PCA - DONE
[2026-07-24 11:37:01] Total calculations elapsed time: 4.61618518829346
[2026-07-24 11:37:01] Elaborating Reduced dimensionality Data Matrix - DONE
[2026-07-24 11:37:01] Number of clusters is too small. Reclustering at resolution higher than: 0.8
[2026-07-24 11:37:02] Used resolution for Seurat clusterization is: 1.3
[2026-07-24 11:37:02] Total calculations elapsed time: 5.42224502563477
[2026-07-24 11:37:02] Creating new clusterization: DONE
[2026-07-24 11:37:03] Creating PDF UMAP in file:  /data/lorenzo_delitala/data/project_files/ding/cortex_2/plots/Ding_Cortex2_Gene/reclustering/pdf_umap_3.pdf
[2026-07-24 11:37:03] UMAP plot: START
[2026-07-24 11:37:03] Calculating UMAP: START
[2026-07-24 11:37:08] Calculating UMAP: DONE
[2026-07-24 11:37:08] Total calculations elapsed time: 5.16599416732788
[2026-07-24 11:37:08] UMAP plot: DONE
[2026-07-24 11:37:08] UMAP plot: START
[2026-07-24 11:37:08] Calculating UMAP: START
[2026-07-24 11:37:13] Calculating UMAP: DONE
[2026-07-24 11:37:13] Total calculations elapsed time: 5.10428261756897
[2026-07-24 11:37:13] UMAP plot: DONE
[2026-07-24 11:37:13] *[2026-07-24 11:37:13]  checking uniformity of cluster '0' of 13 clusters
[2026-07-24 11:37:13] Asked to drop 0 genes and 3872 cells
[2026-07-24 11:37:13] COTAN dataset analysis: START
[2026-07-24 11:37:13] Asked to drop 6430 genes and 0 cells
[2026-07-24 11:37:13] Genes/cells selection done: dropped [6430] genes and [0] cells
[2026-07-24 11:37:13] Working on [11703] genes and [219] cells
[2026-07-24 11:37:14] Dataset cleaning elapsed time: 0.822788238525391
[2026-07-24 11:37:14] Estimate `dispersion`: START
[2026-07-24 11:37:14] Effective number of cores used: 40
[2026-07-24 11:37:14] Executing 12 genes batches
[2026-07-24 11:37:14] Parallel dispersion Newton-Raphson: used up to 5 iterations
[2026-07-24 11:37:15] Parallel dispersion Newton-Raphson: used up to 6 iterations
[2026-07-24 11:37:15] Parallel dispersion Newton-Raphson: used up to 5 iterations
[2026-07-24 11:37:15] Parallel dispersion Newton-Raphson: used up to 6 iterations
[2026-07-24 11:37:15] Parallel dispersion Newton-Raphson: used up to 5 iterations
[2026-07-24 11:37:15] Parallel dispersion Newton-Raphson: used up to 5 iterations
[2026-07-24 11:37:15] Parallel dispersion Newton-Raphson: used up to 5 iterations
[2026-07-24 11:37:15] Parallel dispersion Newton-Raphson: used up to 5 iterations
[2026-07-24 11:37:15] Parallel dispersion Newton-Raphson: used up to 5 iterations
[2026-07-24 11:37:16] Parallel dispersion Newton-Raphson: used up to 6 iterations
[2026-07-24 11:37:16] Parallel dispersion Newton-Raphson: used up to 5 iterations
[2026-07-24 11:37:16] Parallel dispersion Newton-Raphson: used up to 6 iterations
[2026-07-24 11:37:18] Total calculations elapsed time: 4.17190003395081
[2026-07-24 11:37:18] Estimate `dispersion`: DONE
[2026-07-24 11:37:18] Estimate `dispersion`: DONE
[2026-07-24 11:37:18] `dispersion` | min: -0.143000358756669 | max: 165.743939887255 | % negative: 67.4784243356404
[2026-07-24 11:37:19] Model parameter estimation elapsed time: 4.97447776794434
[2026-07-24 11:37:19] COTAN genes' COEX estimation: START
[2026-07-24 11:37:19] Effective number of cores used: 40
[2026-07-24 11:37:19] Calculate genes COEX (torch) on device cpu: START
[2026-07-24 11:37:19] Retrieving expected genes contingency table
[2026-07-24 11:37:19] Expected genes contingency table elapsed time: 0.0747802257537842
[2026-07-24 11:37:19] Calculating genes COEX normalization factor
[2026-07-24 11:37:20] Calculating genes COEX normalization factor elapsed time: 1.16278910636902
[2026-07-24 11:37:20] Retrieving observed genes yes/yes contingency table
[2026-07-24 11:37:21] Observed genes contingency table elapsed time: 0.0818877220153809
[2026-07-24 11:37:27] Calculate genes COEX elapsed time: 6.2536952495575
[2026-07-24 11:37:27] Total calculations elapsed time: 7.57315230369568
[2026-07-24 11:37:27] Calculate genes COEX (torch) on device cpu: DONE
[2026-07-24 11:37:27] Only genes' COEX elapsed time: 8.30174160003662
[2026-07-24 11:37:27] Dataset analysis elapsed time: 14.0990076065063
[2026-07-24 11:37:27] COTAN dataset analysis: DONE
[2026-07-24 11:37:28] Checking uniformity for the cluster '03_0000' with 219 cells
[2026-07-24 11:37:28] Calculate GDI dataframe: START
[2026-07-24 11:37:28] Using S
[2026-07-24 11:37:28] Calculating S: START
[2026-07-24 11:37:32] Calculating S: DONE
[2026-07-24 11:37:32] Calculate `GDI`: START
[2026-07-24 11:37:32] Effective number of cores used: 40
[2026-07-24 11:37:32] Effective number of cores used: 40
[2026-07-24 11:37:32] Executing 12 genes batches
[2026-07-24 11:37:36] Total calculations elapsed time: 3.57901906967163
[2026-07-24 11:37:36] Calculate `GDI`: DONE
[2026-07-24 11:37:37] Total calculations elapsed time: 8.73213028907776
[2026-07-24 11:37:37] Calculate GDI dataframe: DONE
[2026-07-24 11:37:37] Clean plots: START
[2026-07-24 11:37:37] Total calculations elapsed time: 0.0230352878570557
[2026-07-24 11:37:37] Clean plots: DONE
[2026-07-24 11:37:37] GDI plot
[2026-07-24 11:37:37] Removed 1 low GDI genes (such as the fully-expressed) in GDI plot
[2026-07-24 11:37:39] Cluster 03_0000, with size 219, is uniform
[2026-07-24 11:37:39] Cluster 03_0000's shift to uniformity: -0.095112464404481
[2026-07-24 11:37:39] class = SimpleGDIUniformityCheck, check.isCheckAbove = FALSE, check.GDIThreshold = 1.4, check.maxRatioBeyond = 0.01, check.maxRankBeyond = 0, check.fractionBeyond = 0.000769033581133043, check.thresholdRank = 0, check.quantileAtRatio = 1.30488753559552, check.quantileAtRank = NaN, isUniform = TRUE, clusterSize = 219
[2026-07-24 11:37:39] cluster 03_0000 is uniform
[2026-07-24 11:37:39] 
[2026-07-24 11:37:40] *[2026-07-24 11:37:40]  checking uniformity of cluster '1' of 13 clusters
[2026-07-24 11:37:40] Asked to drop 0 genes and 3882 cells
[2026-07-24 11:37:40] COTAN dataset analysis: START
[2026-07-24 11:37:40] Asked to drop 1599 genes and 0 cells
[2026-07-24 11:37:40] Genes/cells selection done: dropped [1599] genes and [0] cells
[2026-07-24 11:37:40] Working on [16534] genes and [209] cells
[2026-07-24 11:37:41] Dataset cleaning elapsed time: 0.883571863174438
[2026-07-24 11:37:41] Estimate `dispersion`: START
[2026-07-24 11:37:41] Effective number of cores used: 40
[2026-07-24 11:37:41] Executing 17 genes batches
[2026-07-24 11:37:41] Parallel dispersion Newton-Raphson: used up to 6 iterations
[2026-07-24 11:37:41] Parallel dispersion Newton-Raphson: used up to 8 iterations
[2026-07-24 11:37:41] Parallel dispersion Newton-Raphson: used up to 6 iterations
[2026-07-24 11:37:41] Parallel dispersion Newton-Raphson: used up to 6 iterations
[2026-07-24 11:37:41] Parallel dispersion Newton-Raphson: used up to 7 iterations
[2026-07-24 11:37:41] Parallel dispersion Newton-Raphson: used up to 6 iterations
[2026-07-24 11:37:42] Parallel dispersion Newton-Raphson: used up to 6 iterations
[2026-07-24 11:37:42] Parallel dispersion Newton-Raphson: used up to 6 iterations
[2026-07-24 11:37:42] Parallel dispersion Newton-Raphson: used up to 6 iterations
[2026-07-24 11:37:42] Parallel dispersion Newton-Raphson: used up to 5 iterations
[2026-07-24 11:37:42] Parallel dispersion Newton-Raphson: used up to 5 iterations
[2026-07-24 11:37:42] Parallel dispersion Newton-Raphson: used up to 6 iterations
[2026-07-24 11:37:42] Parallel dispersion Newton-Raphson: used up to 7 iterations
[2026-07-24 11:37:42] Parallel dispersion Newton-Raphson: used up to 5 iterations
[2026-07-24 11:37:43] Parallel dispersion Newton-Raphson: used up to 6 iterations
[2026-07-24 11:37:43] Parallel dispersion Newton-Raphson: used up to 6 iterations
[2026-07-24 11:37:43] Parallel dispersion Newton-Raphson: used up to 5 iterations
[2026-07-24 11:37:46] Total calculations elapsed time: 5.02023649215698
[2026-07-24 11:37:46] Estimate `dispersion`: DONE
[2026-07-24 11:37:46] Estimate `dispersion`: DONE
[2026-07-24 11:37:46] `dispersion` | min: -0.293411224564107 | max: 154.574114585922 | % negative: 50.7378734728438
[2026-07-24 11:37:46] Model parameter estimation elapsed time: 5.81129026412964
[2026-07-24 11:37:46] COTAN genes' COEX estimation: START
[2026-07-24 11:37:46] Effective number of cores used: 40
[2026-07-24 11:37:46] Calculate genes COEX (torch) on device cpu: START
[2026-07-24 11:37:46] Retrieving expected genes contingency table
[2026-07-24 11:37:46] Expected genes contingency table elapsed time: 0.124241352081299
[2026-07-24 11:37:46] Calculating genes COEX normalization factor
[2026-07-24 11:37:48] Calculating genes COEX normalization factor elapsed time: 1.82589507102966
[2026-07-24 11:37:48] Retrieving observed genes yes/yes contingency table
[2026-07-24 11:37:48] Observed genes contingency table elapsed time: 0.129642963409424
[2026-07-24 11:38:01] Calculate genes COEX elapsed time: 12.7720267772675
[2026-07-24 11:38:01] Total calculations elapsed time: 14.8518061637878
[2026-07-24 11:38:01] Calculate genes COEX (torch) on device cpu: DONE
[2026-07-24 11:38:02] Only genes' COEX elapsed time: 15.6501123905182
[2026-07-24 11:38:02] Dataset analysis elapsed time: 22.3449745178223
[2026-07-24 11:38:02] COTAN dataset analysis: DONE
[2026-07-24 11:38:03] Checking uniformity for the cluster '03_0001' with 209 cells
[2026-07-24 11:38:03] Calculate GDI dataframe: START
[2026-07-24 11:38:03] Using S
[2026-07-24 11:38:03] Calculating S: START
[2026-07-24 11:38:11] Calculating S: DONE
[2026-07-24 11:38:11] Calculate `GDI`: START
[2026-07-24 11:38:11] Effective number of cores used: 40
[2026-07-24 11:38:11] Effective number of cores used: 40
[2026-07-24 11:38:11] Executing 17 genes batches
[2026-07-24 11:38:16] Total calculations elapsed time: 5.15175366401672
[2026-07-24 11:38:16] Calculate `GDI`: DONE
[2026-07-24 11:38:17] Total calculations elapsed time: 14.7185645103455
[2026-07-24 11:38:17] Calculate GDI dataframe: DONE
[2026-07-24 11:38:17] Clean plots: START
[2026-07-24 11:38:17] Total calculations elapsed time: 0.0225658416748047
[2026-07-24 11:38:17] Clean plots: DONE
[2026-07-24 11:38:17] GDI plot
[2026-07-24 11:38:18] Removed 20 low GDI genes (such as the fully-expressed) in GDI plot
[2026-07-24 11:38:19] Cluster 03_0001, with size 209, is not uniform
[2026-07-24 11:38:19] Cluster 03_0001's shift to uniformity: 0.0823955062863337
[2026-07-24 11:38:19] class = SimpleGDIUniformityCheck, check.isCheckAbove = FALSE, check.GDIThreshold = 1.4, check.maxRatioBeyond = 0.01, check.maxRankBeyond = 0, check.fractionBeyond = 0.0383452280149994, check.thresholdRank = 0, check.quantileAtRatio = 1.48239550628633, check.quantileAtRank = NaN, isUniform = FALSE, clusterSize = 209
[2026-07-24 11:38:19] cluster 03_0001 has too high GDI: will be reclustered!
[2026-07-24 11:38:19] 
[2026-07-24 11:38:20] *[2026-07-24 11:38:20]  checking uniformity of cluster '2' of 13 clusters
[2026-07-24 11:38:20] Asked to drop 0 genes and 3919 cells
[2026-07-24 11:38:20] COTAN dataset analysis: START
[2026-07-24 11:38:20] Asked to drop 2574 genes and 0 cells
[2026-07-24 11:38:20] Genes/cells selection done: dropped [2574] genes and [0] cells
[2026-07-24 11:38:20] Working on [15559] genes and [172] cells
[2026-07-24 11:38:21] Dataset cleaning elapsed time: 0.845768928527832
[2026-07-24 11:38:21] Estimate `dispersion`: START
[2026-07-24 11:38:21] Effective number of cores used: 40
[2026-07-24 11:38:21] Executing 16 genes batches
[2026-07-24 11:38:21] Parallel dispersion Newton-Raphson: used up to 6 iterations
[2026-07-24 11:38:22] Parallel dispersion Newton-Raphson: used up to 6 iterations
[2026-07-24 11:38:22] Parallel dispersion Newton-Raphson: used up to 6 iterations
[2026-07-24 11:38:22] Parallel dispersion Newton-Raphson: used up to 5 iterations
[2026-07-24 11:38:22] Parallel dispersion Newton-Raphson: used up to 5 iterations
[2026-07-24 11:38:22] Parallel dispersion Newton-Raphson: used up to 6 iterations
[2026-07-24 11:38:22] Parallel dispersion Newton-Raphson: used up to 6 iterations
[2026-07-24 11:38:22] Parallel dispersion Newton-Raphson: used up to 5 iterations
[2026-07-24 11:38:22] Parallel dispersion Newton-Raphson: used up to 6 iterations
[2026-07-24 11:38:23] Parallel dispersion Newton-Raphson: used up to 5 iterations
[2026-07-24 11:38:23] Parallel dispersion Newton-Raphson: used up to 6 iterations
[2026-07-24 11:38:23] Parallel dispersion Newton-Raphson: used up to 6 iterations
[2026-07-24 11:38:23] Parallel dispersion Newton-Raphson: used up to 7 iterations
[2026-07-24 11:38:23] Parallel dispersion Newton-Raphson: used up to 6 iterations
[2026-07-24 11:38:23] Parallel dispersion Newton-Raphson: used up to 6 iterations
[2026-07-24 11:38:23] Parallel dispersion Newton-Raphson: used up to 5 iterations
[2026-07-24 11:38:26] Total calculations elapsed time: 5.24490284919739
[2026-07-24 11:38:26] Estimate `dispersion`: DONE
[2026-07-24 11:38:26] Estimate `dispersion`: DONE
[2026-07-24 11:38:26] `dispersion` | min: -0.263230056265702 | max: 130.140505513392 | % negative: 54.1744328041648
[2026-07-24 11:38:27] Model parameter estimation elapsed time: 6.05337357521057
[2026-07-24 11:38:27] COTAN genes' COEX estimation: START
[2026-07-24 11:38:27] Effective number of cores used: 40
[2026-07-24 11:38:27] Calculate genes COEX (torch) on device cpu: START
[2026-07-24 11:38:27] Retrieving expected genes contingency table
[2026-07-24 11:38:27] Expected genes contingency table elapsed time: 0.098440408706665
[2026-07-24 11:38:27] Calculating genes COEX normalization factor
[2026-07-24 11:38:29] Calculating genes COEX normalization factor elapsed time: 1.43634629249573
[2026-07-24 11:38:29] Retrieving observed genes yes/yes contingency table
[2026-07-24 11:38:29] Observed genes contingency table elapsed time: 0.107515573501587
[2026-07-24 11:38:40] Calculate genes COEX elapsed time: 11.106094121933
[2026-07-24 11:38:40] Total calculations elapsed time: 12.748396396637
[2026-07-24 11:38:40] Calculate genes COEX (torch) on device cpu: DONE
[2026-07-24 11:38:41] Only genes' COEX elapsed time: 13.5403053760529
[2026-07-24 11:38:41] Dataset analysis elapsed time: 20.4394478797913
[2026-07-24 11:38:41] COTAN dataset analysis: DONE
[2026-07-24 11:38:42] Checking uniformity for the cluster '03_0002' with 172 cells
[2026-07-24 11:38:42] Calculate GDI dataframe: START
[2026-07-24 11:38:42] Using S
[2026-07-24 11:38:42] Calculating S: START
[2026-07-24 11:38:49] Calculating S: DONE
[2026-07-24 11:38:49] Calculate `GDI`: START
[2026-07-24 11:38:49] Effective number of cores used: 40
[2026-07-24 11:38:49] Effective number of cores used: 40
[2026-07-24 11:38:49] Executing 16 genes batches
[2026-07-24 11:38:54] Total calculations elapsed time: 4.7504026889801
[2026-07-24 11:38:54] Calculate `GDI`: DONE
[2026-07-24 11:38:55] Total calculations elapsed time: 13.3809380531311
[2026-07-24 11:38:55] Calculate GDI dataframe: DONE
[2026-07-24 11:38:55] Clean plots: START
[2026-07-24 11:38:55] Total calculations elapsed time: 0.0237510204315186
[2026-07-24 11:38:55] Clean plots: DONE
[2026-07-24 11:38:55] GDI plot
[2026-07-24 11:38:55] Removed 30 low GDI genes (such as the fully-expressed) in GDI plot
[2026-07-24 11:38:57] Cluster 03_0002, with size 172, is not uniform
[2026-07-24 11:38:57] Cluster 03_0002's shift to uniformity: 0.0189483656408003
[2026-07-24 11:38:57] class = SimpleGDIUniformityCheck, check.isCheckAbove = FALSE, check.GDIThreshold = 1.4, check.maxRatioBeyond = 0.01, check.maxRankBeyond = 0, check.fractionBeyond = 0.015039526961887, check.thresholdRank = 0, check.quantileAtRatio = 1.4189483656408, check.quantileAtRank = NaN, isUniform = FALSE, clusterSize = 172
[2026-07-24 11:38:57] cluster 03_0002 has too high GDI: will be reclustered!
[2026-07-24 11:38:57] 
[2026-07-24 11:38:58] *[2026-07-24 11:38:58]  checking uniformity of cluster '3' of 13 clusters
[2026-07-24 11:38:58] Asked to drop 0 genes and 3948 cells
[2026-07-24 11:38:58] COTAN dataset analysis: START
[2026-07-24 11:38:58] Asked to drop 1380 genes and 0 cells
[2026-07-24 11:38:58] Genes/cells selection done: dropped [1380] genes and [0] cells
[2026-07-24 11:38:58] Working on [16753] genes and [143] cells
[2026-07-24 11:38:59] Dataset cleaning elapsed time: 0.822288036346436
[2026-07-24 11:38:59] Estimate `dispersion`: START
[2026-07-24 11:38:59] Effective number of cores used: 40
[2026-07-24 11:38:59] Executing 17 genes batches
[2026-07-24 11:38:59] Parallel dispersion Newton-Raphson: used up to 6 iterations
[2026-07-24 11:38:59] Parallel dispersion Newton-Raphson: used up to 7 iterations
[2026-07-24 11:38:59] Parallel dispersion Newton-Raphson: used up to 6 iterations
[2026-07-24 11:38:59] Parallel dispersion Newton-Raphson: used up to 6 iterations
[2026-07-24 11:38:59] Parallel dispersion Newton-Raphson: used up to 6 iterations
[2026-07-24 11:39:00] Parallel dispersion Newton-Raphson: used up to 5 iterations
[2026-07-24 11:39:00] Parallel dispersion Newton-Raphson: used up to 6 iterations
[2026-07-24 11:39:00] Parallel dispersion Newton-Raphson: used up to 5 iterations
[2026-07-24 11:39:00] Parallel dispersion Newton-Raphson: used up to 6 iterations
[2026-07-24 11:39:00] Parallel dispersion Newton-Raphson: used up to 6 iterations
[2026-07-24 11:39:00] Parallel dispersion Newton-Raphson: used up to 5 iterations
[2026-07-24 11:39:00] Parallel dispersion Newton-Raphson: used up to 5 iterations
[2026-07-24 11:39:01] Parallel dispersion Newton-Raphson: used up to 7 iterations
[2026-07-24 11:39:01] Parallel dispersion Newton-Raphson: used up to 6 iterations
[2026-07-24 11:39:01] Parallel dispersion Newton-Raphson: used up to 6 iterations
[2026-07-24 11:39:01] Parallel dispersion Newton-Raphson: used up to 6 iterations
[2026-07-24 11:39:01] Parallel dispersion Newton-Raphson: used up to 5 iterations
[2026-07-24 11:39:04] Total calculations elapsed time: 5.70586657524109
[2026-07-24 11:39:04] Estimate `dispersion`: DONE
[2026-07-24 11:39:04] Estimate `dispersion`: DONE
[2026-07-24 11:39:04] `dispersion` | min: -0.28108586219385 | max: 260.099944341947 | % negative: 59.7863069301021
[2026-07-24 11:39:06] Model parameter estimation elapsed time: 6.9288010597229
[2026-07-24 11:39:06] COTAN genes' COEX estimation: START
[2026-07-24 11:39:06] Effective number of cores used: 40
[2026-07-24 11:39:06] Calculate genes COEX (torch) on device cpu: START
[2026-07-24 11:39:06] Retrieving expected genes contingency table
[2026-07-24 11:39:06] Expected genes contingency table elapsed time: 0.124973773956299
[2026-07-24 11:39:06] Calculating genes COEX normalization factor
[2026-07-24 11:39:08] Calculating genes COEX normalization factor elapsed time: 2.05633616447449
[2026-07-24 11:39:08] Retrieving observed genes yes/yes contingency table
[2026-07-24 11:39:08] Observed genes contingency table elapsed time: 0.113412857055664
[2026-07-24 11:39:21] Calculate genes COEX elapsed time: 13.5352389812469
[2026-07-24 11:39:21] Total calculations elapsed time: 15.8299617767334
[2026-07-24 11:39:21] Calculate genes COEX (torch) on device cpu: DONE
[2026-07-24 11:39:22] Only genes' COEX elapsed time: 16.6285586357117
[2026-07-24 11:39:22] Dataset analysis elapsed time: 24.379647731781
[2026-07-24 11:39:22] COTAN dataset analysis: DONE
[2026-07-24 11:39:23] Checking uniformity for the cluster '03_0003' with 143 cells
[2026-07-24 11:39:23] Calculate GDI dataframe: START
[2026-07-24 11:39:23] Using S
[2026-07-24 11:39:23] Calculating S: START
[2026-07-24 11:39:31] Calculating S: DONE
[2026-07-24 11:39:31] Calculate `GDI`: START
[2026-07-24 11:39:31] Effective number of cores used: 40
[2026-07-24 11:39:31] Effective number of cores used: 40
[2026-07-24 11:39:31] Executing 17 genes batches
[2026-07-24 11:39:38] Total calculations elapsed time: 6.20279550552368
[2026-07-24 11:39:38] Calculate `GDI`: DONE
[2026-07-24 11:39:39] Total calculations elapsed time: 16.1436195373535
[2026-07-24 11:39:39] Calculate GDI dataframe: DONE
[2026-07-24 11:39:39] Clean plots: START
[2026-07-24 11:39:39] Total calculations elapsed time: 0.0241246223449707
[2026-07-24 11:39:39] Clean plots: DONE
[2026-07-24 11:39:39] GDI plot
[2026-07-24 11:39:39] Removed 35 low GDI genes (such as the fully-expressed) in GDI plot
[2026-07-24 11:39:41] Cluster 03_0003, with size 143, is uniform
[2026-07-24 11:39:41] Cluster 03_0003's shift to uniformity: -0.0746607593948676
[2026-07-24 11:39:41] class = SimpleGDIUniformityCheck, check.isCheckAbove = FALSE, check.GDIThreshold = 1.4, check.maxRatioBeyond = 0.01, check.maxRankBeyond = 0, check.fractionBeyond = 0.000955052826359458, check.thresholdRank = 0, check.quantileAtRatio = 1.32533924060513, check.quantileAtRank = NaN, isUniform = TRUE, clusterSize = 143
[2026-07-24 11:39:41] cluster 03_0003 is uniform
[2026-07-24 11:39:41] 
[2026-07-24 11:39:42] *[2026-07-24 11:39:42]  checking uniformity of cluster '4' of 13 clusters
[2026-07-24 11:39:42] Asked to drop 0 genes and 3991 cells
[2026-07-24 11:39:42] COTAN dataset analysis: START
[2026-07-24 11:39:42] Asked to drop 2348 genes and 0 cells
[2026-07-24 11:39:42] Genes/cells selection done: dropped [2348] genes and [0] cells
[2026-07-24 11:39:42] Working on [15785] genes and [100] cells
[2026-07-24 11:39:43] Dataset cleaning elapsed time: 0.825860977172852
[2026-07-24 11:39:43] Estimate `dispersion`: START
[2026-07-24 11:39:43] Effective number of cores used: 40
[2026-07-24 11:39:43] Executing 16 genes batches
[2026-07-24 11:39:43] Parallel dispersion Newton-Raphson: used up to 6 iterations
[2026-07-24 11:39:43] Parallel dispersion Newton-Raphson: used up to 6 iterations
[2026-07-24 11:39:43] Parallel dispersion Newton-Raphson: used up to 6 iterations
[2026-07-24 11:39:43] Parallel dispersion Newton-Raphson: used up to 6 iterations
[2026-07-24 11:39:44] Parallel dispersion Newton-Raphson: used up to 5 iterations
[2026-07-24 11:39:44] Parallel dispersion Newton-Raphson: used up to 6 iterations
[2026-07-24 11:39:44] Parallel dispersion Newton-Raphson: used up to 7 iterations
[2026-07-24 11:39:44] Parallel dispersion Newton-Raphson: used up to 7 iterations
[2026-07-24 11:39:44] Parallel dispersion Newton-Raphson: used up to 5 iterations
[2026-07-24 11:39:44] Parallel dispersion Newton-Raphson: used up to 6 iterations
[2026-07-24 11:39:45] Parallel dispersion Newton-Raphson: used up to 6 iterations
[2026-07-24 11:39:45] Parallel dispersion Newton-Raphson: used up to 7 iterations
[2026-07-24 11:39:45] Parallel dispersion Newton-Raphson: used up to 6 iterations
[2026-07-24 11:39:45] Parallel dispersion Newton-Raphson: used up to 6 iterations
[2026-07-24 11:39:45] Parallel dispersion Newton-Raphson: used up to 6 iterations
[2026-07-24 11:39:45] Parallel dispersion Newton-Raphson: used up to 5 iterations
[2026-07-24 11:39:48] Total calculations elapsed time: 5.35356068611145
[2026-07-24 11:39:48] Estimate `dispersion`: DONE
[2026-07-24 11:39:48] Estimate `dispersion`: DONE
[2026-07-24 11:39:48] `dispersion` | min: -0.275818878297822 | max: 224.396125091009 | % negative: 63.0345264491606
[2026-07-24 11:39:49] Model parameter estimation elapsed time: 6.13781952857971
[2026-07-24 11:39:49] COTAN genes' COEX estimation: START
[2026-07-24 11:39:49] Effective number of cores used: 40
[2026-07-24 11:39:49] Calculate genes COEX (torch) on device cpu: START
[2026-07-24 11:39:49] Retrieving expected genes contingency table
[2026-07-24 11:39:49] Expected genes contingency table elapsed time: 0.108303070068359
[2026-07-24 11:39:49] Calculating genes COEX normalization factor
[2026-07-24 11:39:51] Calculating genes COEX normalization factor elapsed time: 1.48111987113953
[2026-07-24 11:39:51] Retrieving observed genes yes/yes contingency table
[2026-07-24 11:39:51] Observed genes contingency table elapsed time: 0.0935990810394287
[2026-07-24 11:40:02] Calculate genes COEX elapsed time: 11.3708081245422
[2026-07-24 11:40:02] Total calculations elapsed time: 13.0538301467896
[2026-07-24 11:40:02] Calculate genes COEX (torch) on device cpu: DONE
[2026-07-24 11:40:03] Only genes' COEX elapsed time: 13.852694272995
[2026-07-24 11:40:03] Dataset analysis elapsed time: 20.8163747787476
[2026-07-24 11:40:03] COTAN dataset analysis: DONE
[2026-07-24 11:40:04] Checking uniformity for the cluster '03_0004' with 100 cells
[2026-07-24 11:40:04] Calculate GDI dataframe: START
[2026-07-24 11:40:04] Using S
[2026-07-24 11:40:04] Calculating S: START
[2026-07-24 11:40:11] Calculating S: DONE
[2026-07-24 11:40:11] Calculate `GDI`: START
[2026-07-24 11:40:11] Effective number of cores used: 40
[2026-07-24 11:40:11] Effective number of cores used: 40
[2026-07-24 11:40:11] Executing 16 genes batches
[2026-07-24 11:40:16] Total calculations elapsed time: 4.83301472663879
[2026-07-24 11:40:16] Calculate `GDI`: DONE
[2026-07-24 11:40:17] Total calculations elapsed time: 13.6950125694275
[2026-07-24 11:40:17] Calculate GDI dataframe: DONE
[2026-07-24 11:40:17] Clean plots: START
[2026-07-24 11:40:17] Total calculations elapsed time: 0.0231237411499023
[2026-07-24 11:40:17] Clean plots: DONE
[2026-07-24 11:40:17] GDI plot
[2026-07-24 11:40:17] Removed 25 low GDI genes (such as the fully-expressed) in GDI plot
[2026-07-24 11:40:19] Cluster 03_0004, with size 100, is uniform
[2026-07-24 11:40:19] Cluster 03_0004's shift to uniformity: -0.103385936344782
[2026-07-24 11:40:19] class = SimpleGDIUniformityCheck, check.isCheckAbove = FALSE, check.GDIThreshold = 1.4, check.maxRatioBeyond = 0.01, check.maxRankBeyond = 0, check.fractionBeyond = 0.000253405131453912, check.thresholdRank = 0, check.quantileAtRatio = 1.29661406365522, check.quantileAtRank = NaN, isUniform = TRUE, clusterSize = 100
[2026-07-24 11:40:19] cluster 03_0004 is uniform
[2026-07-24 11:40:19] 
[2026-07-24 11:40:20] *[2026-07-24 11:40:20]  checking uniformity of cluster '5' of 13 clusters
[2026-07-24 11:40:20] Asked to drop 0 genes and 4010 cells
[2026-07-24 11:40:20] COTAN dataset analysis: START
[2026-07-24 11:40:20] Asked to drop 5019 genes and 0 cells
[2026-07-24 11:40:20] Genes/cells selection done: dropped [5019] genes and [0] cells
[2026-07-24 11:40:20] Working on [13114] genes and [81] cells
[2026-07-24 11:40:21] Dataset cleaning elapsed time: 0.80226731300354
[2026-07-24 11:40:21] Estimate `dispersion`: START
[2026-07-24 11:40:21] Effective number of cores used: 40
[2026-07-24 11:40:21] Executing 13 genes batches
[2026-07-24 11:40:21] Parallel dispersion Newton-Raphson: used up to 8 iterations
[2026-07-24 11:40:21] Parallel dispersion Newton-Raphson: used up to 6 iterations
[2026-07-24 11:40:21] Parallel dispersion Newton-Raphson: used up to 6 iterations
[2026-07-24 11:40:22] Parallel dispersion Newton-Raphson: used up to 7 iterations
[2026-07-24 11:40:22] Parallel dispersion Newton-Raphson: used up to 6 iterations
[2026-07-24 11:40:22] Parallel dispersion Newton-Raphson: used up to 6 iterations
[2026-07-24 11:40:22] Parallel dispersion Newton-Raphson: used up to 7 iterations
[2026-07-24 11:40:22] Parallel dispersion Newton-Raphson: used up to 7 iterations
[2026-07-24 11:40:22] Parallel dispersion Newton-Raphson: used up to 6 iterations
[2026-07-24 11:40:22] Parallel dispersion Newton-Raphson: used up to 6 iterations
[2026-07-24 11:40:23] Parallel dispersion Newton-Raphson: used up to 7 iterations
[2026-07-24 11:40:23] Parallel dispersion Newton-Raphson: used up to 9 iterations
[2026-07-24 11:40:23] Parallel dispersion Newton-Raphson: used up to 8 iterations
[2026-07-24 11:40:25] Total calculations elapsed time: 4.4613938331604
[2026-07-24 11:40:25] Estimate `dispersion`: DONE
[2026-07-24 11:40:25] Estimate `dispersion`: DONE
[2026-07-24 11:40:25] `dispersion` | min: -0.451327771090544 | max: 265.587634472556 | % negative: 68.8119566875095
[2026-07-24 11:40:26] Model parameter estimation elapsed time: 5.28221321105957
[2026-07-24 11:40:26] COTAN genes' COEX estimation: START
[2026-07-24 11:40:26] Effective number of cores used: 40
[2026-07-24 11:40:26] Calculate genes COEX (torch) on device cpu: START
[2026-07-24 11:40:26] Retrieving expected genes contingency table
[2026-07-24 11:40:26] Expected genes contingency table elapsed time: 0.0746469497680664
[2026-07-24 11:40:26] Calculating genes COEX normalization factor
[2026-07-24 11:40:28] Calculating genes COEX normalization factor elapsed time: 1.29451012611389
[2026-07-24 11:40:28] Retrieving observed genes yes/yes contingency table
[2026-07-24 11:40:28] Observed genes contingency table elapsed time: 0.0746469497680664
[2026-07-24 11:40:36] Calculate genes COEX elapsed time: 8.20940613746643
[2026-07-24 11:40:36] Total calculations elapsed time: 9.65321016311646
[2026-07-24 11:40:36] Calculate genes COEX (torch) on device cpu: DONE
[2026-07-24 11:40:37] Only genes' COEX elapsed time: 10.3884670734406
[2026-07-24 11:40:37] Dataset analysis elapsed time: 16.4729475975037
[2026-07-24 11:40:37] COTAN dataset analysis: DONE
[2026-07-24 11:40:37] Checking uniformity for the cluster '03_0005' with 81 cells
[2026-07-24 11:40:37] Calculate GDI dataframe: START
[2026-07-24 11:40:37] Using S
[2026-07-24 11:40:37] Calculating S: START
[2026-07-24 11:40:42] Calculating S: DONE
[2026-07-24 11:40:42] Calculate `GDI`: START
[2026-07-24 11:40:42] Effective number of cores used: 40
[2026-07-24 11:40:42] Effective number of cores used: 40
[2026-07-24 11:40:42] Executing 13 genes batches
[2026-07-24 11:40:47] Total calculations elapsed time: 4.48986005783081
[2026-07-24 11:40:47] Calculate `GDI`: DONE
[2026-07-24 11:40:48] Total calculations elapsed time: 10.9339232444763
[2026-07-24 11:40:48] Calculate GDI dataframe: DONE
[2026-07-24 11:40:48] Clean plots: START
[2026-07-24 11:40:48] Total calculations elapsed time: 0.0269172191619873
[2026-07-24 11:40:48] Clean plots: DONE
[2026-07-24 11:40:48] GDI plot
[2026-07-24 11:40:48] Removed 1 low GDI genes (such as the fully-expressed) in GDI plot
[2026-07-24 11:40:50] Cluster 03_0005, with size 81, is not uniform
[2026-07-24 11:40:50] Cluster 03_0005's shift to uniformity: 0.0393730984906477
[2026-07-24 11:40:50] class = SimpleGDIUniformityCheck, check.isCheckAbove = FALSE, check.GDIThreshold = 1.4, check.maxRatioBeyond = 0.01, check.maxRankBeyond = 0, check.fractionBeyond = 0.0169284733872198, check.thresholdRank = 0, check.quantileAtRatio = 1.43937309849065, check.quantileAtRank = NaN, isUniform = FALSE, clusterSize = 81
[2026-07-24 11:40:50] cluster 03_0005 has too high GDI: will be reclustered!
[2026-07-24 11:40:50] 
[2026-07-24 11:40:51] *[2026-07-24 11:40:51]  checking uniformity of cluster '6' of 13 clusters
[2026-07-24 11:40:51] Asked to drop 0 genes and 4027 cells
[2026-07-24 11:40:51] COTAN dataset analysis: START
[2026-07-24 11:40:51] Asked to drop 5776 genes and 0 cells
[2026-07-24 11:40:51] Genes/cells selection done: dropped [5776] genes and [0] cells
[2026-07-24 11:40:51] Working on [12357] genes and [64] cells
[2026-07-24 11:40:52] Dataset cleaning elapsed time: 0.795512914657593
[2026-07-24 11:40:52] Estimate `dispersion`: START
[2026-07-24 11:40:52] Effective number of cores used: 40
[2026-07-24 11:40:52] Executing 13 genes batches
[2026-07-24 11:40:52] Parallel dispersion Newton-Raphson: used up to 5 iterations
[2026-07-24 11:40:52] Parallel dispersion Newton-Raphson: used up to 6 iterations
[2026-07-24 11:40:52] Parallel dispersion Newton-Raphson: used up to 5 iterations
[2026-07-24 11:40:52] Parallel dispersion Newton-Raphson: used up to 6 iterations
[2026-07-24 11:40:53] Parallel dispersion Newton-Raphson: used up to 5 iterations
[2026-07-24 11:40:53] Parallel dispersion Newton-Raphson: used up to 5 iterations
[2026-07-24 11:40:53] Parallel dispersion Newton-Raphson: used up to 6 iterations
[2026-07-24 11:40:53] Parallel dispersion Newton-Raphson: used up to 5 iterations
[2026-07-24 11:40:53] Parallel dispersion Newton-Raphson: used up to 6 iterations
[2026-07-24 11:40:53] Parallel dispersion Newton-Raphson: used up to 5 iterations
[2026-07-24 11:40:53] Parallel dispersion Newton-Raphson: used up to 6 iterations
[2026-07-24 11:40:54] Parallel dispersion Newton-Raphson: used up to 7 iterations
[2026-07-24 11:40:54] Parallel dispersion Newton-Raphson: used up to 5 iterations
[2026-07-24 11:40:57] Total calculations elapsed time: 4.69184851646423
[2026-07-24 11:40:57] Estimate `dispersion`: DONE
[2026-07-24 11:40:57] Estimate `dispersion`: DONE
[2026-07-24 11:40:57] `dispersion` | min: -0.420291283489909 | max: 143.665699961847 | % negative: 74.022821073076
[2026-07-24 11:40:57] Model parameter estimation elapsed time: 5.51427435874939
[2026-07-24 11:40:57] COTAN genes' COEX estimation: START
[2026-07-24 11:40:57] Effective number of cores used: 40
[2026-07-24 11:40:57] Calculate genes COEX (torch) on device cpu: START
[2026-07-24 11:40:57] Retrieving expected genes contingency table
[2026-07-24 11:40:57] Expected genes contingency table elapsed time: 0.0687696933746338
[2026-07-24 11:40:57] Calculating genes COEX normalization factor
[2026-07-24 11:40:59] Calculating genes COEX normalization factor elapsed time: 1.21152710914612
[2026-07-24 11:40:59] Retrieving observed genes yes/yes contingency table
[2026-07-24 11:40:59] Observed genes contingency table elapsed time: 0.0578844547271729
[2026-07-24 11:41:06] Calculate genes COEX elapsed time: 7.25493812561035
[2026-07-24 11:41:06] Total calculations elapsed time: 8.59311938285828
[2026-07-24 11:41:06] Calculate genes COEX (torch) on device cpu: DONE
[2026-07-24 11:41:07] Only genes' COEX elapsed time: 9.3327465057373
[2026-07-24 11:41:07] Dataset analysis elapsed time: 15.6425337791443
[2026-07-24 11:41:07] COTAN dataset analysis: DONE
[2026-07-24 11:41:07] Checking uniformity for the cluster '03_0006' with 64 cells
[2026-07-24 11:41:07] Calculate GDI dataframe: START
[2026-07-24 11:41:07] Using S
[2026-07-24 11:41:07] Calculating S: START
[2026-07-24 11:41:12] Calculating S: DONE
[2026-07-24 11:41:12] Calculate `GDI`: START
[2026-07-24 11:41:12] Effective number of cores used: 40
[2026-07-24 11:41:12] Effective number of cores used: 40
[2026-07-24 11:41:12] Executing 13 genes batches
[2026-07-24 11:41:16] Total calculations elapsed time: 4.16789674758911
[2026-07-24 11:41:16] Calculate `GDI`: DONE
[2026-07-24 11:41:17] Total calculations elapsed time: 9.94369888305664
[2026-07-24 11:41:17] Calculate GDI dataframe: DONE
[2026-07-24 11:41:17] Clean plots: START
[2026-07-24 11:41:17] Total calculations elapsed time: 0.0229754447937012
[2026-07-24 11:41:17] Clean plots: DONE
[2026-07-24 11:41:17] GDI plot
[2026-07-24 11:41:17] Removed 8 low GDI genes (such as the fully-expressed) in GDI plot
[2026-07-24 11:41:19] Cluster 03_0006, with size 64, is uniform
[2026-07-24 11:41:19] Cluster 03_0006's shift to uniformity: -0.159912526528238
[2026-07-24 11:41:19] class = SimpleGDIUniformityCheck, check.isCheckAbove = FALSE, check.GDIThreshold = 1.4, check.maxRatioBeyond = 0.01, check.maxRankBeyond = 0, check.fractionBeyond = 0, check.thresholdRank = 0, check.quantileAtRatio = 1.24008747347176, check.quantileAtRank = NaN, isUniform = TRUE, clusterSize = 64
[2026-07-24 11:41:19] cluster 03_0006 is uniform
[2026-07-24 11:41:19] 
[2026-07-24 11:41:20] *[2026-07-24 11:41:20]  checking uniformity of cluster '7' of 13 clusters
[2026-07-24 11:41:20] cluster 03_0007 has too few cells: will be reclustered!
[2026-07-24 11:41:20] *[2026-07-24 11:41:20]  checking uniformity of cluster '8' of 13 clusters
[2026-07-24 11:41:20] cluster 03_0008 has too few cells: will be reclustered!
[2026-07-24 11:41:20] *[2026-07-24 11:41:20]  checking uniformity of cluster '9' of 13 clusters
[2026-07-24 11:41:20] cluster 03_0009 has too few cells: will be reclustered!
[2026-07-24 11:41:20] *[2026-07-24 11:41:20]  checking uniformity of cluster '10' of 13 clusters
[2026-07-24 11:41:20] cluster 03_0010 has too few cells: will be reclustered!
[2026-07-24 11:41:20] *[2026-07-24 11:41:20]  checking uniformity of cluster '11' of 13 clusters
[2026-07-24 11:41:20] cluster 03_0011 has too few cells: will be reclustered!
[2026-07-24 11:41:20] *[2026-07-24 11:41:20]  checking uniformity of cluster '12' of 13 clusters
[2026-07-24 11:41:20] cluster 03_0012 has too few cells: will be reclustered!
[2026-07-24 11:41:20] 
[2026-07-24 11:41:20] Found 4 uniform and  9 non-uniform clusters
[2026-07-24 11:41:21] Loop calculations elapsed time: 264.868397951126
[2026-07-24 11:41:21] In iteration 4 [2026-07-24 11:41:21] the number of cells to re-cluster is 686 cells belonging to 9 clusters
[2026-07-24 11:41:21] Asked to drop 0 genes and 3405 cells
[2026-07-24 11:41:21] Creating new clusterization: START
[2026-07-24 11:41:21] Elaborating Reduced dimensionality Data Matrix - START
[2026-07-24 11:41:21] Running genes' selection: START
[2026-07-24 11:41:23] Selected 2000 genes using HVG_Seurat selector
[2026-07-24 11:41:23] Running genes' selection: DONE
[2026-07-24 11:41:24] Elaborating PCA - START
[2026-07-24 11:41:24] Elaborating PCA - DONE
[2026-07-24 11:41:25] Total calculations elapsed time: 3.66963505744934
[2026-07-24 11:41:25] Elaborating Reduced dimensionality Data Matrix - DONE
[2026-07-24 11:41:25] Number of clusters is too small. Reclustering at resolution higher than: 0.8
[2026-07-24 11:41:25] Used resolution for Seurat clusterization is: 1.3
[2026-07-24 11:41:25] Total calculations elapsed time: 4.25398135185242
[2026-07-24 11:41:25] Creating new clusterization: DONE
[2026-07-24 11:41:26] Creating PDF UMAP in file:  /data/lorenzo_delitala/data/project_files/ding/cortex_2/plots/Ding_Cortex2_Gene/reclustering/pdf_umap_4.pdf
[2026-07-24 11:41:26] UMAP plot: START
[2026-07-24 11:41:26] Calculating UMAP: START
[2026-07-24 11:41:30] Calculating UMAP: DONE
[2026-07-24 11:41:30] Total calculations elapsed time: 4.14269065856934
[2026-07-24 11:41:30] UMAP plot: DONE
[2026-07-24 11:41:30] UMAP plot: START
[2026-07-24 11:41:30] Calculating UMAP: START
[2026-07-24 11:41:34] Calculating UMAP: DONE
[2026-07-24 11:41:34] Total calculations elapsed time: 4.0454363822937
[2026-07-24 11:41:34] UMAP plot: DONE
[2026-07-24 11:41:35] *[2026-07-24 11:41:35]  checking uniformity of cluster '0' of 11 clusters
[2026-07-24 11:41:35] Asked to drop 0 genes and 3932 cells
[2026-07-24 11:41:35] COTAN dataset analysis: START
[2026-07-24 11:41:35] Asked to drop 1435 genes and 0 cells
[2026-07-24 11:41:35] Genes/cells selection done: dropped [1435] genes and [0] cells
[2026-07-24 11:41:35] Working on [16698] genes and [159] cells
[2026-07-24 11:41:35] Dataset cleaning elapsed time: 0.779064893722534
[2026-07-24 11:41:35] Estimate `dispersion`: START
[2026-07-24 11:41:35] Effective number of cores used: 40
[2026-07-24 11:41:35] Executing 17 genes batches
[2026-07-24 11:41:36] Parallel dispersion Newton-Raphson: used up to 5 iterations
[2026-07-24 11:41:36] Parallel dispersion Newton-Raphson: used up to 6 iterations
[2026-07-24 11:41:36] Parallel dispersion Newton-Raphson: used up to 5 iterations
[2026-07-24 11:41:36] Parallel dispersion Newton-Raphson: used up to 5 iterations
[2026-07-24 11:41:36] Parallel dispersion Newton-Raphson: used up to 6 iterations
[2026-07-24 11:41:36] Parallel dispersion Newton-Raphson: used up to 5 iterations
[2026-07-24 11:41:36] Parallel dispersion Newton-Raphson: used up to 5 iterations
[2026-07-24 11:41:36] Parallel dispersion Newton-Raphson: used up to 5 iterations
[2026-07-24 11:41:37] Parallel dispersion Newton-Raphson: used up to 5 iterations
[2026-07-24 11:41:37] Parallel dispersion Newton-Raphson: used up to 5 iterations
[2026-07-24 11:41:37] Parallel dispersion Newton-Raphson: used up to 5 iterations
[2026-07-24 11:41:37] Parallel dispersion Newton-Raphson: used up to 6 iterations
[2026-07-24 11:41:37] Parallel dispersion Newton-Raphson: used up to 7 iterations
[2026-07-24 11:41:37] Parallel dispersion Newton-Raphson: used up to 6 iterations
[2026-07-24 11:41:37] Parallel dispersion Newton-Raphson: used up to 5 iterations
[2026-07-24 11:41:37] Parallel dispersion Newton-Raphson: used up to 6 iterations
[2026-07-24 11:41:38] Parallel dispersion Newton-Raphson: used up to 5 iterations
[2026-07-24 11:41:40] Total calculations elapsed time: 4.68411016464233
[2026-07-24 11:41:40] Estimate `dispersion`: DONE
[2026-07-24 11:41:40] Estimate `dispersion`: DONE
[2026-07-24 11:41:40] `dispersion` | min: -0.322962685009048 | max: 291.875663814432 | % negative: 60.1389387950653
[2026-07-24 11:41:41] Model parameter estimation elapsed time: 5.41384506225586
[2026-07-24 11:41:41] COTAN genes' COEX estimation: START
[2026-07-24 11:41:41] Effective number of cores used: 40
[2026-07-24 11:41:41] Calculate genes COEX (torch) on device cpu: START
[2026-07-24 11:41:41] Retrieving expected genes contingency table
[2026-07-24 11:41:41] Expected genes contingency table elapsed time: 0.114832639694214
[2026-07-24 11:41:41] Calculating genes COEX normalization factor
[2026-07-24 11:41:42] Calculating genes COEX normalization factor elapsed time: 1.56166982650757
[2026-07-24 11:41:42] Retrieving observed genes yes/yes contingency table
[2026-07-24 11:41:43] Observed genes contingency table elapsed time: 0.119515419006348
[2026-07-24 11:41:56] Calculate genes COEX elapsed time: 12.9986562728882
[2026-07-24 11:41:56] Total calculations elapsed time: 14.7946741580963
[2026-07-24 11:41:56] Calculate genes COEX (torch) on device cpu: DONE
[2026-07-24 11:41:56] Only genes' COEX elapsed time: 15.5842034816742
[2026-07-24 11:41:56] Dataset analysis elapsed time: 21.7771134376526
[2026-07-24 11:41:56] COTAN dataset analysis: DONE
[2026-07-24 11:41:57] Checking uniformity for the cluster '04_0000' with 159 cells
[2026-07-24 11:41:57] Calculate GDI dataframe: START
[2026-07-24 11:41:57] Using S
[2026-07-24 11:41:57] Calculating S: START
[2026-07-24 11:42:05] Calculating S: DONE
[2026-07-24 11:42:05] Calculate `GDI`: START
[2026-07-24 11:42:05] Effective number of cores used: 40
[2026-07-24 11:42:05] Effective number of cores used: 40
[2026-07-24 11:42:05] Executing 17 genes batches
[2026-07-24 11:42:10] Total calculations elapsed time: 4.81328678131104
[2026-07-24 11:42:10] Calculate `GDI`: DONE
[2026-07-24 11:42:12] Total calculations elapsed time: 14.4866647720337
[2026-07-24 11:42:12] Calculate GDI dataframe: DONE
[2026-07-24 11:42:12] Clean plots: START
[2026-07-24 11:42:12] Total calculations elapsed time: 0.0227053165435791
[2026-07-24 11:42:12] Clean plots: DONE
[2026-07-24 11:42:12] GDI plot
[2026-07-24 11:42:12] Removed 30 low GDI genes (such as the fully-expressed) in GDI plot
[2026-07-24 11:42:14] Cluster 04_0000, with size 159, is uniform
[2026-07-24 11:42:14] Cluster 04_0000's shift to uniformity: -0.109626583977747
[2026-07-24 11:42:14] class = SimpleGDIUniformityCheck, check.isCheckAbove = FALSE, check.GDIThreshold = 1.4, check.maxRatioBeyond = 0.01, check.maxRankBeyond = 0, check.fractionBeyond = 0.000239549646664271, check.thresholdRank = 0, check.quantileAtRatio = 1.29037341602225, check.quantileAtRank = NaN, isUniform = TRUE, clusterSize = 159
[2026-07-24 11:42:14] cluster 04_0000 is uniform
[2026-07-24 11:42:14] 
[2026-07-24 11:42:14] *[2026-07-24 11:42:14]  checking uniformity of cluster '1' of 11 clusters
[2026-07-24 11:42:14] Asked to drop 0 genes and 3979 cells
[2026-07-24 11:42:14] COTAN dataset analysis: START
[2026-07-24 11:42:14] Asked to drop 1944 genes and 0 cells
[2026-07-24 11:42:14] Genes/cells selection done: dropped [1944] genes and [0] cells
[2026-07-24 11:42:14] Working on [16189] genes and [112] cells
[2026-07-24 11:42:15] Dataset cleaning elapsed time: 0.865157127380371
[2026-07-24 11:42:15] Estimate `dispersion`: START
[2026-07-24 11:42:15] Effective number of cores used: 40
[2026-07-24 11:42:15] Executing 16 genes batches
[2026-07-24 11:42:16] Parallel dispersion Newton-Raphson: used up to 5 iterations
[2026-07-24 11:42:16] Parallel dispersion Newton-Raphson: used up to 6 iterations
[2026-07-24 11:42:16] Parallel dispersion Newton-Raphson: used up to 6 iterations
[2026-07-24 11:42:16] Parallel dispersion Newton-Raphson: used up to 6 iterations
[2026-07-24 11:42:16] Parallel dispersion Newton-Raphson: used up to 5 iterations
[2026-07-24 11:42:16] Parallel dispersion Newton-Raphson: used up to 5 iterations
[2026-07-24 11:42:16] Parallel dispersion Newton-Raphson: used up to 6 iterations
[2026-07-24 11:42:16] Parallel dispersion Newton-Raphson: used up to 5 iterations
[2026-07-24 11:42:17] Parallel dispersion Newton-Raphson: used up to 5 iterations
[2026-07-24 11:42:17] Parallel dispersion Newton-Raphson: used up to 5 iterations
[2026-07-24 11:42:17] Parallel dispersion Newton-Raphson: used up to 6 iterations
[2026-07-24 11:42:17] Parallel dispersion Newton-Raphson: used up to 8 iterations
[2026-07-24 11:42:17] Parallel dispersion Newton-Raphson: used up to 6 iterations
[2026-07-24 11:42:17] Parallel dispersion Newton-Raphson: used up to 6 iterations
[2026-07-24 11:42:18] Parallel dispersion Newton-Raphson: used up to 5 iterations
[2026-07-24 11:42:18] Parallel dispersion Newton-Raphson: used up to 5 iterations
[2026-07-24 11:42:21] Total calculations elapsed time: 5.21516561508179
[2026-07-24 11:42:21] Estimate `dispersion`: DONE
[2026-07-24 11:42:21] Estimate `dispersion`: DONE
[2026-07-24 11:42:21] `dispersion` | min: -0.634013447495492 | max: 359.758366402008 | % negative: 62.5918833776021
[2026-07-24 11:42:21] Model parameter estimation elapsed time: 6.03092885017395
[2026-07-24 11:42:21] COTAN genes' COEX estimation: START
[2026-07-24 11:42:21] Effective number of cores used: 40
[2026-07-24 11:42:21] Calculate genes COEX (torch) on device cpu: START
[2026-07-24 11:42:21] Retrieving expected genes contingency table
[2026-07-24 11:42:21] Expected genes contingency table elapsed time: 0.104387283325195
[2026-07-24 11:42:21] Calculating genes COEX normalization factor
[2026-07-24 11:42:23] Calculating genes COEX normalization factor elapsed time: 1.81981945037842
[2026-07-24 11:42:23] Retrieving observed genes yes/yes contingency table
[2026-07-24 11:42:23] Observed genes contingency table elapsed time: 0.0992791652679443
[2026-07-24 11:42:35] Calculate genes COEX elapsed time: 11.8724467754364
[2026-07-24 11:42:35] Total calculations elapsed time: 13.895932674408
[2026-07-24 11:42:35] Calculate genes COEX (torch) on device cpu: DONE
[2026-07-24 11:42:36] Only genes' COEX elapsed time: 14.6472060680389
[2026-07-24 11:42:36] Dataset analysis elapsed time: 21.5432920455933
[2026-07-24 11:42:36] COTAN dataset analysis: DONE
[2026-07-24 11:42:37] Checking uniformity for the cluster '04_0001' with 112 cells
[2026-07-24 11:42:37] Calculate GDI dataframe: START
[2026-07-24 11:42:37] Using S
[2026-07-24 11:42:37] Calculating S: START
[2026-07-24 11:42:44] Calculating S: DONE
[2026-07-24 11:42:44] Calculate `GDI`: START
[2026-07-24 11:42:44] Effective number of cores used: 40
[2026-07-24 11:42:44] Effective number of cores used: 40
[2026-07-24 11:42:44] Executing 16 genes batches
[2026-07-24 11:42:50] Total calculations elapsed time: 5.40386056900024
[2026-07-24 11:42:50] Calculate `GDI`: DONE
[2026-07-24 11:42:51] Total calculations elapsed time: 14.5175189971924
[2026-07-24 11:42:51] Calculate GDI dataframe: DONE
[2026-07-24 11:42:51] Clean plots: START
[2026-07-24 11:42:51] Total calculations elapsed time: 0.0230898857116699
[2026-07-24 11:42:51] Clean plots: DONE
[2026-07-24 11:42:51] GDI plot
[2026-07-24 11:42:51] Removed 27 low GDI genes (such as the fully-expressed) in GDI plot
[2026-07-24 11:42:53] Cluster 04_0001, with size 112, is uniform
[2026-07-24 11:42:53] Cluster 04_0001's shift to uniformity: -0.0876866873984412
[2026-07-24 11:42:53] class = SimpleGDIUniformityCheck, check.isCheckAbove = FALSE, check.GDIThreshold = 1.4, check.maxRatioBeyond = 0.01, check.maxRankBeyond = 0, check.fractionBeyond = 0.000864784730372475, check.thresholdRank = 0, check.quantileAtRatio = 1.31231331260156, check.quantileAtRank = NaN, isUniform = TRUE, clusterSize = 112
[2026-07-24 11:42:53] cluster 04_0001 is uniform
[2026-07-24 11:42:53] 
[2026-07-24 11:42:54] *[2026-07-24 11:42:54]  checking uniformity of cluster '2' of 11 clusters
[2026-07-24 11:42:54] Asked to drop 0 genes and 3991 cells
[2026-07-24 11:42:54] COTAN dataset analysis: START
[2026-07-24 11:42:54] Asked to drop 1184 genes and 0 cells
[2026-07-24 11:42:54] Genes/cells selection done: dropped [1184] genes and [0] cells
[2026-07-24 11:42:54] Working on [16949] genes and [100] cells
[2026-07-24 11:42:55] Dataset cleaning elapsed time: 0.832226753234863
[2026-07-24 11:42:55] Estimate `dispersion`: START
[2026-07-24 11:42:55] Effective number of cores used: 40
[2026-07-24 11:42:55] Executing 17 genes batches
[2026-07-24 11:42:55] Parallel dispersion Newton-Raphson: used up to 7 iterations
[2026-07-24 11:42:55] Parallel dispersion Newton-Raphson: used up to 7 iterations
[2026-07-24 11:42:56] Parallel dispersion Newton-Raphson: used up to 6 iterations
[2026-07-24 11:42:56] Parallel dispersion Newton-Raphson: used up to 6 iterations
[2026-07-24 11:42:56] Parallel dispersion Newton-Raphson: used up to 7 iterations
[2026-07-24 11:42:56] Parallel dispersion Newton-Raphson: used up to 6 iterations
[2026-07-24 11:42:56] Parallel dispersion Newton-Raphson: used up to 6 iterations
[2026-07-24 11:42:56] Parallel dispersion Newton-Raphson: used up to 7 iterations
[2026-07-24 11:42:56] Parallel dispersion Newton-Raphson: used up to 6 iterations
[2026-07-24 11:42:57] Parallel dispersion Newton-Raphson: used up to 6 iterations
[2026-07-24 11:42:57] Parallel dispersion Newton-Raphson: used up to 7 iterations
[2026-07-24 11:42:57] Parallel dispersion Newton-Raphson: used up to 6 iterations
[2026-07-24 11:42:57] Parallel dispersion Newton-Raphson: used up to 7 iterations
[2026-07-24 11:42:57] Parallel dispersion Newton-Raphson: used up to 6 iterations
[2026-07-24 11:42:57] Parallel dispersion Newton-Raphson: used up to 6 iterations
[2026-07-24 11:42:57] Parallel dispersion Newton-Raphson: used up to 6 iterations
[2026-07-24 11:42:58] Parallel dispersion Newton-Raphson: used up to 5 iterations
[2026-07-24 11:43:01] Total calculations elapsed time: 5.4876070022583
[2026-07-24 11:43:01] Estimate `dispersion`: DONE
[2026-07-24 11:43:01] Estimate `dispersion`: DONE
[2026-07-24 11:43:01] `dispersion` | min: -0.674250024740217 | max: 251.535768819663 | % negative: 55.7968021712195
[2026-07-24 11:43:01] Model parameter estimation elapsed time: 6.30232286453247
[2026-07-24 11:43:01] COTAN genes' COEX estimation: START
[2026-07-24 11:43:01] Effective number of cores used: 40
[2026-07-24 11:43:01] Calculate genes COEX (torch) on device cpu: START
[2026-07-24 11:43:01] Retrieving expected genes contingency table
[2026-07-24 11:43:01] Expected genes contingency table elapsed time: 0.114588022232056
[2026-07-24 11:43:01] Calculating genes COEX normalization factor
[2026-07-24 11:43:03] Calculating genes COEX normalization factor elapsed time: 1.60259866714478
[2026-07-24 11:43:03] Retrieving observed genes yes/yes contingency table
[2026-07-24 11:43:03] Observed genes contingency table elapsed time: 0.11438250541687
[2026-07-24 11:43:16] Calculate genes COEX elapsed time: 13.1608054637909
[2026-07-24 11:43:16] Total calculations elapsed time: 14.9923746585846
[2026-07-24 11:43:16] Calculate genes COEX (torch) on device cpu: DONE
[2026-07-24 11:43:17] Only genes' COEX elapsed time: 15.7280986309052
[2026-07-24 11:43:17] Dataset analysis elapsed time: 22.8626482486725
[2026-07-24 11:43:17] COTAN dataset analysis: DONE
[2026-07-24 11:43:18] Checking uniformity for the cluster '04_0002' with 100 cells
[2026-07-24 11:43:18] Calculate GDI dataframe: START
[2026-07-24 11:43:18] Using S
[2026-07-24 11:43:18] Calculating S: START
[2026-07-24 11:43:26] Calculating S: DONE
[2026-07-24 11:43:26] Calculate `GDI`: START
[2026-07-24 11:43:26] Effective number of cores used: 40
[2026-07-24 11:43:26] Effective number of cores used: 40
[2026-07-24 11:43:26] Executing 17 genes batches
[2026-07-24 11:43:32] Total calculations elapsed time: 6.16696214675903
[2026-07-24 11:43:32] Calculate `GDI`: DONE
[2026-07-24 11:43:34] Total calculations elapsed time: 16.2182741165161
[2026-07-24 11:43:34] Calculate GDI dataframe: DONE
[2026-07-24 11:43:34] Clean plots: START
[2026-07-24 11:43:34] Total calculations elapsed time: 0.0259382724761963
[2026-07-24 11:43:34] Clean plots: DONE
[2026-07-24 11:43:34] GDI plot
[2026-07-24 11:43:34] Removed 50 low GDI genes (such as the fully-expressed) in GDI plot
[2026-07-24 11:43:36] Cluster 04_0002, with size 100, is not uniform
[2026-07-24 11:43:36] Cluster 04_0002's shift to uniformity: 0.0468529219968343
[2026-07-24 11:43:36] class = SimpleGDIUniformityCheck, check.isCheckAbove = FALSE, check.GDIThreshold = 1.4, check.maxRatioBeyond = 0.01, check.maxRankBeyond = 0, check.fractionBeyond = 0.0224792023128208, check.thresholdRank = 0, check.quantileAtRatio = 1.44685292199683, check.quantileAtRank = NaN, isUniform = FALSE, clusterSize = 100
[2026-07-24 11:43:36] cluster 04_0002 has too high GDI: will be reclustered!
[2026-07-24 11:43:36] 
[2026-07-24 11:43:37] *[2026-07-24 11:43:37]  checking uniformity of cluster '3' of 11 clusters
[2026-07-24 11:43:37] Asked to drop 0 genes and 4010 cells
[2026-07-24 11:43:37] COTAN dataset analysis: START
[2026-07-24 11:43:37] Asked to drop 5026 genes and 0 cells
[2026-07-24 11:43:37] Genes/cells selection done: dropped [5026] genes and [0] cells
[2026-07-24 11:43:37] Working on [13107] genes and [81] cells
[2026-07-24 11:43:38] Dataset cleaning elapsed time: 0.770739555358887
[2026-07-24 11:43:38] Estimate `dispersion`: START
[2026-07-24 11:43:38] Effective number of cores used: 40
[2026-07-24 11:43:38] Executing 13 genes batches
[2026-07-24 11:43:38] Parallel dispersion Newton-Raphson: used up to 8 iterations
[2026-07-24 11:43:38] Parallel dispersion Newton-Raphson: used up to 6 iterations
[2026-07-24 11:43:38] Parallel dispersion Newton-Raphson: used up to 6 iterations
[2026-07-24 11:43:38] Parallel dispersion Newton-Raphson: used up to 7 iterations
[2026-07-24 11:43:39] Parallel dispersion Newton-Raphson: used up to 6 iterations
[2026-07-24 11:43:39] Parallel dispersion Newton-Raphson: used up to 6 iterations
[2026-07-24 11:43:39] Parallel dispersion Newton-Raphson: used up to 7 iterations
[2026-07-24 11:43:39] Parallel dispersion Newton-Raphson: used up to 7 iterations
[2026-07-24 11:43:39] Parallel dispersion Newton-Raphson: used up to 6 iterations
[2026-07-24 11:43:39] Parallel dispersion Newton-Raphson: used up to 6 iterations
[2026-07-24 11:43:39] Parallel dispersion Newton-Raphson: used up to 7 iterations
[2026-07-24 11:43:40] Parallel dispersion Newton-Raphson: used up to 9 iterations
[2026-07-24 11:43:40] Parallel dispersion Newton-Raphson: used up to 8 iterations
[2026-07-24 11:43:43] Total calculations elapsed time: 4.97773623466492
[2026-07-24 11:43:43] Estimate `dispersion`: DONE
[2026-07-24 11:43:43] Estimate `dispersion`: DONE
[2026-07-24 11:43:43] `dispersion` | min: -0.45958628494533 | max: 265.375033913527 | % negative: 68.8410772869459
[2026-07-24 11:43:44] Model parameter estimation elapsed time: 6.160813331604
[2026-07-24 11:43:44] COTAN genes' COEX estimation: START
[2026-07-24 11:43:44] Effective number of cores used: 40
[2026-07-24 11:43:44] Calculate genes COEX (torch) on device cpu: START
[2026-07-24 11:43:44] Retrieving expected genes contingency table
[2026-07-24 11:43:44] Expected genes contingency table elapsed time: 0.0782716274261475
[2026-07-24 11:43:44] Calculating genes COEX normalization factor
[2026-07-24 11:43:46] Calculating genes COEX normalization factor elapsed time: 1.64432406425476
[2026-07-24 11:43:46] Retrieving observed genes yes/yes contingency table
[2026-07-24 11:43:46] Observed genes contingency table elapsed time: 0.0844283103942871
[2026-07-24 11:43:55] Calculate genes COEX elapsed time: 8.75216174125671
[2026-07-24 11:43:55] Total calculations elapsed time: 10.5591857433319
[2026-07-24 11:43:55] Calculate genes COEX (torch) on device cpu: DONE
[2026-07-24 11:43:55] Only genes' COEX elapsed time: 11.3731851577759
[2026-07-24 11:43:55] Dataset analysis elapsed time: 18.3047380447388
[2026-07-24 11:43:55] COTAN dataset analysis: DONE
[2026-07-24 11:43:56] Checking uniformity for the cluster '04_0003' with 81 cells
[2026-07-24 11:43:56] Calculate GDI dataframe: START
[2026-07-24 11:43:56] Using S
[2026-07-24 11:43:56] Calculating S: START
[2026-07-24 11:44:01] Calculating S: DONE
[2026-07-24 11:44:01] Calculate `GDI`: START
[2026-07-24 11:44:01] Effective number of cores used: 40
[2026-07-24 11:44:01] Effective number of cores used: 40
[2026-07-24 11:44:01] Executing 13 genes batches
[2026-07-24 11:44:06] Total calculations elapsed time: 4.68950700759888
[2026-07-24 11:44:06] Calculate `GDI`: DONE
[2026-07-24 11:44:07] Total calculations elapsed time: 11.3321845531464
[2026-07-24 11:44:07] Calculate GDI dataframe: DONE
[2026-07-24 11:44:07] Clean plots: START
[2026-07-24 11:44:07] Total calculations elapsed time: 0.0236222743988037
[2026-07-24 11:44:07] Clean plots: DONE
[2026-07-24 11:44:07] GDI plot
[2026-07-24 11:44:07] Removed 0 low GDI genes (such as the fully-expressed) in GDI plot
[2026-07-24 11:44:09] Cluster 04_0003, with size 81, is not uniform
[2026-07-24 11:44:09] Cluster 04_0003's shift to uniformity: 0.0432605755035733
[2026-07-24 11:44:09] class = SimpleGDIUniformityCheck, check.isCheckAbove = FALSE, check.GDIThreshold = 1.4, check.maxRatioBeyond = 0.01, check.maxRankBeyond = 0, check.fractionBeyond = 0.017242694743267, check.thresholdRank = 0, check.quantileAtRatio = 1.44326057550357, check.quantileAtRank = NaN, isUniform = FALSE, clusterSize = 81
[2026-07-24 11:44:09] cluster 04_0003 has too high GDI: will be reclustered!
[2026-07-24 11:44:09] 
[2026-07-24 11:44:10] *[2026-07-24 11:44:10]  checking uniformity of cluster '4' of 11 clusters
[2026-07-24 11:44:10] cluster 04_0004 has too few cells: will be reclustered!
[2026-07-24 11:44:10] *[2026-07-24 11:44:10]  checking uniformity of cluster '5' of 11 clusters
[2026-07-24 11:44:10] cluster 04_0005 has too few cells: will be reclustered!
[2026-07-24 11:44:10] *[2026-07-24 11:44:10]  checking uniformity of cluster '6' of 11 clusters
[2026-07-24 11:44:10] cluster 04_0006 has too few cells: will be reclustered!
[2026-07-24 11:44:10] *[2026-07-24 11:44:10]  checking uniformity of cluster '7' of 11 clusters
[2026-07-24 11:44:10] cluster 04_0007 has too few cells: will be reclustered!
[2026-07-24 11:44:10] *[2026-07-24 11:44:10]  checking uniformity of cluster '8' of 11 clusters
[2026-07-24 11:44:10] cluster 04_0008 has too few cells: will be reclustered!
[2026-07-24 11:44:10] *[2026-07-24 11:44:10]  checking uniformity of cluster '9' of 11 clusters
[2026-07-24 11:44:10] cluster 04_0009 has too few cells: will be reclustered!
[2026-07-24 11:44:10] *[2026-07-24 11:44:10]  checking uniformity of cluster '10' of 11 clusters
[2026-07-24 11:44:10] cluster 04_0010 has too few cells: will be reclustered!
[2026-07-24 11:44:10] 
[2026-07-24 11:44:10] Found 2 uniform and  9 non-uniform clusters
[2026-07-24 11:44:11] Loop calculations elapsed time: 170.077788591385
[2026-07-24 11:44:11] In iteration 5 [2026-07-24 11:44:11] the number of cells to re-cluster is 415 cells belonging to 9 clusters
[2026-07-24 11:44:11] Asked to drop 0 genes and 3676 cells
[2026-07-24 11:44:11] Creating new clusterization: START
[2026-07-24 11:44:11] Elaborating Reduced dimensionality Data Matrix - START
[2026-07-24 11:44:11] Running genes' selection: START
[2026-07-24 11:44:12] Selected 2000 genes using HVG_Seurat selector
[2026-07-24 11:44:12] Running genes' selection: DONE
[2026-07-24 11:44:13] Elaborating PCA - START
[2026-07-24 11:44:14] Elaborating PCA - DONE
[2026-07-24 11:44:14] Total calculations elapsed time: 3.37222909927368
[2026-07-24 11:44:14] Elaborating Reduced dimensionality Data Matrix - DONE
[2026-07-24 11:44:15] Number of clusters is too small. Reclustering at resolution higher than: 0.8
[2026-07-24 11:44:15] Number of clusters is too small. Reclustering at resolution higher than: 1.3
[2026-07-24 11:44:15] Number of clusters is too small. Reclustering at resolution higher than: 1.8
[2026-07-24 11:44:15] Number of clusters is too small. Reclustering at resolution higher than: 2.3
[2026-07-24 11:44:15] Number of clusters is too small. Reclustering at resolution higher than: 2.8
[2026-07-24 11:44:15] Used resolution for Seurat clusterization is: 3.3
[2026-07-24 11:44:15] Total calculations elapsed time: 4.05692338943481
[2026-07-24 11:44:15] Creating new clusterization: DONE
[2026-07-24 11:44:16] Creating PDF UMAP in file:  /data/lorenzo_delitala/data/project_files/ding/cortex_2/plots/Ding_Cortex2_Gene/reclustering/pdf_umap_5.pdf
[2026-07-24 11:44:16] UMAP plot: START
[2026-07-24 11:44:16] Calculating UMAP: START
[2026-07-24 11:44:20] Calculating UMAP: DONE
[2026-07-24 11:44:20] Total calculations elapsed time: 3.71422910690308
[2026-07-24 11:44:20] UMAP plot: DONE
[2026-07-24 11:44:20] UMAP plot: START
[2026-07-24 11:44:20] Calculating UMAP: START
[2026-07-24 11:44:23] Calculating UMAP: DONE
[2026-07-24 11:44:23] Total calculations elapsed time: 3.6340126991272
[2026-07-24 11:44:23] UMAP plot: DONE
[2026-07-24 11:44:24] All clusters in iteration  5 have too few cells
[2026-07-24 11:44:24] 
[2026-07-24 11:44:24] Found 0 uniform and  12 non-uniform clusters
[2026-07-24 11:44:24] Max resolution reached
[2026-07-24 11:44:24] Trying to recluster remaining cells from scratch
[2026-07-24 11:44:24] Loop calculations elapsed time: 13.3919682502747
[2026-07-24 11:44:24] In iteration 6 [2026-07-24 11:44:24] the number of cells to re-cluster is 415 cells belonging to 0 clusters
[2026-07-24 11:44:24] Asked to drop 0 genes and 3676 cells
[2026-07-24 11:44:24] Creating new clusterization: START
[2026-07-24 11:44:24] Elaborating Reduced dimensionality Data Matrix - START
[2026-07-24 11:44:24] Running genes' selection: START
[2026-07-24 11:44:26] Selected 2000 genes using HVG_Seurat selector
[2026-07-24 11:44:26] Running genes' selection: DONE
[2026-07-24 11:44:27] Elaborating PCA - START
[2026-07-24 11:44:27] Elaborating PCA - DONE
[2026-07-24 11:44:28] Total calculations elapsed time: 3.52214384078979
[2026-07-24 11:44:28] Elaborating Reduced dimensionality Data Matrix - DONE
[2026-07-24 11:44:28] Used resolution for Seurat clusterization is: 0.8
[2026-07-24 11:44:28] Total calculations elapsed time: 3.99901962280273
[2026-07-24 11:44:28] Creating new clusterization: DONE
[2026-07-24 11:44:29] Creating PDF UMAP in file:  /data/lorenzo_delitala/data/project_files/ding/cortex_2/plots/Ding_Cortex2_Gene/reclustering/pdf_umap_6.pdf
[2026-07-24 11:44:29] UMAP plot: START
[2026-07-24 11:44:29] Calculating UMAP: START
[2026-07-24 11:44:33] Calculating UMAP: DONE
[2026-07-24 11:44:33] Total calculations elapsed time: 3.58668088912964
[2026-07-24 11:44:33] UMAP plot: DONE
[2026-07-24 11:44:33] UMAP plot: START
[2026-07-24 11:44:33] Calculating UMAP: START
[2026-07-24 11:44:36] Calculating UMAP: DONE
[2026-07-24 11:44:36] Total calculations elapsed time: 3.58230376243591
[2026-07-24 11:44:36] UMAP plot: DONE
[2026-07-24 11:44:37] *[2026-07-24 11:44:37]  checking uniformity of cluster '0' of 8 clusters
[2026-07-24 11:44:37] Asked to drop 0 genes and 3979 cells
[2026-07-24 11:44:37] COTAN dataset analysis: START
[2026-07-24 11:44:37] Asked to drop 987 genes and 0 cells
[2026-07-24 11:44:37] Genes/cells selection done: dropped [987] genes and [0] cells
[2026-07-24 11:44:37] Working on [17146] genes and [112] cells
[2026-07-24 11:44:37] Dataset cleaning elapsed time: 0.769189119338989
[2026-07-24 11:44:37] Estimate `dispersion`: START
[2026-07-24 11:44:37] Effective number of cores used: 40
[2026-07-24 11:44:37] Executing 17 genes batches
[2026-07-24 11:44:38] Parallel dispersion Newton-Raphson: used up to 6 iterations
[2026-07-24 11:44:38] Parallel dispersion Newton-Raphson: used up to 7 iterations
[2026-07-24 11:44:38] Parallel dispersion Newton-Raphson: used up to 6 iterations
[2026-07-24 11:44:38] Parallel dispersion Newton-Raphson: used up to 6 iterations
[2026-07-24 11:44:38] Parallel dispersion Newton-Raphson: used up to 7 iterations
[2026-07-24 11:44:38] Parallel dispersion Newton-Raphson: used up to 6 iterations
[2026-07-24 11:44:38] Parallel dispersion Newton-Raphson: used up to 6 iterations
[2026-07-24 11:44:38] Parallel dispersion Newton-Raphson: used up to 7 iterations
[2026-07-24 11:44:39] Parallel dispersion Newton-Raphson: used up to 6 iterations
[2026-07-24 11:44:39] Parallel dispersion Newton-Raphson: used up to 6 iterations
[2026-07-24 11:44:39] Parallel dispersion Newton-Raphson: used up to 7 iterations
[2026-07-24 11:44:39] Parallel dispersion Newton-Raphson: used up to 6 iterations
[2026-07-24 11:44:39] Parallel dispersion Newton-Raphson: used up to 7 iterations
[2026-07-24 11:44:39] Parallel dispersion Newton-Raphson: used up to 6 iterations
[2026-07-24 11:44:39] Parallel dispersion Newton-Raphson: used up to 6 iterations
[2026-07-24 11:44:40] Parallel dispersion Newton-Raphson: used up to 6 iterations
[2026-07-24 11:44:40] Parallel dispersion Newton-Raphson: used up to 6 iterations
[2026-07-24 11:44:42] Total calculations elapsed time: 4.84968614578247
[2026-07-24 11:44:42] Estimate `dispersion`: DONE
[2026-07-24 11:44:42] Estimate `dispersion`: DONE
[2026-07-24 11:44:42] `dispersion` | min: -0.44632266111735 | max: 282.731780374983 | % negative: 55.5231540884171
[2026-07-24 11:44:43] Model parameter estimation elapsed time: 5.6876962184906
[2026-07-24 11:44:43] COTAN genes' COEX estimation: START
[2026-07-24 11:44:43] Effective number of cores used: 40
[2026-07-24 11:44:43] Calculate genes COEX (torch) on device cpu: START
[2026-07-24 11:44:43] Retrieving expected genes contingency table
[2026-07-24 11:44:43] Expected genes contingency table elapsed time: 0.104841232299805
[2026-07-24 11:44:43] Calculating genes COEX normalization factor
[2026-07-24 11:44:45] Calculating genes COEX normalization factor elapsed time: 1.56295585632324
[2026-07-24 11:44:45] Retrieving observed genes yes/yes contingency table
[2026-07-24 11:44:45] Observed genes contingency table elapsed time: 0.120965480804443
[2026-07-24 11:44:58] Calculate genes COEX elapsed time: 13.2097418308258
[2026-07-24 11:44:58] Total calculations elapsed time: 14.9985044002533
[2026-07-24 11:44:58] Calculate genes COEX (torch) on device cpu: DONE
[2026-07-24 11:44:59] Only genes' COEX elapsed time: 15.7785153388977
[2026-07-24 11:44:59] Dataset analysis elapsed time: 22.2354006767273
[2026-07-24 11:44:59] COTAN dataset analysis: DONE
[2026-07-24 11:45:00] Checking uniformity for the cluster '06_0000' with 112 cells
[2026-07-24 11:45:00] Calculate GDI dataframe: START
[2026-07-24 11:45:00] Using S
[2026-07-24 11:45:00] Calculating S: START
[2026-07-24 11:45:08] Calculating S: DONE
[2026-07-24 11:45:08] Calculate `GDI`: START
[2026-07-24 11:45:08] Effective number of cores used: 40
[2026-07-24 11:45:08] Effective number of cores used: 40
[2026-07-24 11:45:08] Executing 17 genes batches
[2026-07-24 11:45:13] Total calculations elapsed time: 4.98044228553772
[2026-07-24 11:45:13] Calculate `GDI`: DONE
[2026-07-24 11:45:15] Total calculations elapsed time: 15.1805062294006
[2026-07-24 11:45:15] Calculate GDI dataframe: DONE
[2026-07-24 11:45:15] Clean plots: START
[2026-07-24 11:45:15] Total calculations elapsed time: 0.0227670669555664
[2026-07-24 11:45:15] Clean plots: DONE
[2026-07-24 11:45:15] GDI plot
[2026-07-24 11:45:15] Removed 43 low GDI genes (such as the fully-expressed) in GDI plot
[2026-07-24 11:45:17] Cluster 06_0000, with size 112, is not uniform
[2026-07-24 11:45:17] Cluster 06_0000's shift to uniformity: 0.0352668801136597
[2026-07-24 11:45:17] class = SimpleGDIUniformityCheck, check.isCheckAbove = FALSE, check.GDIThreshold = 1.4, check.maxRatioBeyond = 0.01, check.maxRankBeyond = 0, check.fractionBeyond = 0.0188965356351336, check.thresholdRank = 0, check.quantileAtRatio = 1.43526688011366, check.quantileAtRank = NaN, isUniform = FALSE, clusterSize = 112
[2026-07-24 11:45:17] cluster 06_0000 has too high GDI: will be reclustered!
[2026-07-24 11:45:17] 
[2026-07-24 11:45:18] *[2026-07-24 11:45:18]  checking uniformity of cluster '1' of 8 clusters
[2026-07-24 11:45:18] Asked to drop 0 genes and 4009 cells
[2026-07-24 11:45:18] COTAN dataset analysis: START
[2026-07-24 11:45:18] Asked to drop 5007 genes and 0 cells
[2026-07-24 11:45:18] Genes/cells selection done: dropped [5007] genes and [0] cells
[2026-07-24 11:45:18] Working on [13126] genes and [82] cells
[2026-07-24 11:45:18] Dataset cleaning elapsed time: 0.821027278900146
[2026-07-24 11:45:18] Estimate `dispersion`: START
[2026-07-24 11:45:18] Effective number of cores used: 40
[2026-07-24 11:45:18] Executing 13 genes batches
[2026-07-24 11:45:19] Parallel dispersion Newton-Raphson: used up to 8 iterations
[2026-07-24 11:45:19] Parallel dispersion Newton-Raphson: used up to 6 iterations
[2026-07-24 11:45:19] Parallel dispersion Newton-Raphson: used up to 6 iterations
[2026-07-24 11:45:19] Parallel dispersion Newton-Raphson: used up to 7 iterations
[2026-07-24 11:45:19] Parallel dispersion Newton-Raphson: used up to 6 iterations
[2026-07-24 11:45:19] Parallel dispersion Newton-Raphson: used up to 6 iterations
[2026-07-24 11:45:19] Parallel dispersion Newton-Raphson: used up to 7 iterations
[2026-07-24 11:45:20] Parallel dispersion Newton-Raphson: used up to 7 iterations
[2026-07-24 11:45:20] Parallel dispersion Newton-Raphson: used up to 6 iterations
[2026-07-24 11:45:20] Parallel dispersion Newton-Raphson: used up to 6 iterations
[2026-07-24 11:45:20] Parallel dispersion Newton-Raphson: used up to 7 iterations
[2026-07-24 11:45:20] Parallel dispersion Newton-Raphson: used up to 9 iterations
[2026-07-24 11:45:20] Parallel dispersion Newton-Raphson: used up to 7 iterations
[2026-07-24 11:45:23] Total calculations elapsed time: 4.4819655418396
[2026-07-24 11:45:23] Estimate `dispersion`: DONE
[2026-07-24 11:45:23] Estimate `dispersion`: DONE
[2026-07-24 11:45:23] `dispersion` | min: -0.362325575044105 | max: 256.958380880388 | % negative: 68.7642846259333
[2026-07-24 11:45:24] Model parameter estimation elapsed time: 5.28977560997009
[2026-07-24 11:45:24] COTAN genes' COEX estimation: START
[2026-07-24 11:45:24] Effective number of cores used: 40
[2026-07-24 11:45:24] Calculate genes COEX (torch) on device cpu: START
[2026-07-24 11:45:24] Retrieving expected genes contingency table
[2026-07-24 11:45:24] Expected genes contingency table elapsed time: 0.0789244174957275
[2026-07-24 11:45:24] Calculating genes COEX normalization factor
[2026-07-24 11:45:25] Calculating genes COEX normalization factor elapsed time: 1.2487485408783
[2026-07-24 11:45:25] Retrieving observed genes yes/yes contingency table
[2026-07-24 11:45:25] Observed genes contingency table elapsed time: 0.0798759460449219
[2026-07-24 11:45:33] Calculate genes COEX elapsed time: 8.11566638946533
[2026-07-24 11:45:33] Total calculations elapsed time: 9.52321529388428
[2026-07-24 11:45:33] Calculate genes COEX (torch) on device cpu: DONE
[2026-07-24 11:45:34] Only genes' COEX elapsed time: 10.2608096599579
[2026-07-24 11:45:34] Dataset analysis elapsed time: 16.3716125488281
[2026-07-24 11:45:34] COTAN dataset analysis: DONE
[2026-07-24 11:45:35] Checking uniformity for the cluster '06_0001' with 82 cells
[2026-07-24 11:45:35] Calculate GDI dataframe: START
[2026-07-24 11:45:35] Using S
[2026-07-24 11:45:35] Calculating S: START
[2026-07-24 11:45:39] Calculating S: DONE
[2026-07-24 11:45:39] Calculate `GDI`: START
[2026-07-24 11:45:39] Effective number of cores used: 40
[2026-07-24 11:45:39] Effective number of cores used: 40
[2026-07-24 11:45:39] Executing 13 genes batches
[2026-07-24 11:45:44] Total calculations elapsed time: 4.54332661628723
[2026-07-24 11:45:44] Calculate `GDI`: DONE
[2026-07-24 11:45:45] Total calculations elapsed time: 10.778472661972
[2026-07-24 11:45:45] Calculate GDI dataframe: DONE
[2026-07-24 11:45:46] Clean plots: START
[2026-07-24 11:45:46] Total calculations elapsed time: 0.022984504699707
[2026-07-24 11:45:46] Clean plots: DONE
[2026-07-24 11:45:46] GDI plot
[2026-07-24 11:45:46] Removed 0 low GDI genes (such as the fully-expressed) in GDI plot
[2026-07-24 11:45:48] Cluster 06_0001, with size 82, is not uniform
[2026-07-24 11:45:48] Cluster 06_0001's shift to uniformity: 0.0392091289696748
[2026-07-24 11:45:48] class = SimpleGDIUniformityCheck, check.isCheckAbove = FALSE, check.GDIThreshold = 1.4, check.maxRatioBeyond = 0.01, check.maxRankBeyond = 0, check.fractionBeyond = 0.0175986591497791, check.thresholdRank = 0, check.quantileAtRatio = 1.43920912896967, check.quantileAtRank = NaN, isUniform = FALSE, clusterSize = 82
[2026-07-24 11:45:48] cluster 06_0001 has too high GDI: will be reclustered!
[2026-07-24 11:45:48] 
[2026-07-24 11:45:48] *[2026-07-24 11:45:48]  checking uniformity of cluster '2' of 8 clusters
[2026-07-24 11:45:48] cluster 06_0002 has too few cells: will be reclustered!
[2026-07-24 11:45:48] *[2026-07-24 11:45:48]  checking uniformity of cluster '3' of 8 clusters
[2026-07-24 11:45:48] cluster 06_0003 has too few cells: will be reclustered!
[2026-07-24 11:45:48] *[2026-07-24 11:45:48]  checking uniformity of cluster '4' of 8 clusters
[2026-07-24 11:45:48] cluster 06_0004 has too few cells: will be reclustered!
[2026-07-24 11:45:48] *[2026-07-24 11:45:48]  checking uniformity of cluster '5' of 8 clusters
[2026-07-24 11:45:48] cluster 06_0005 has too few cells: will be reclustered!
[2026-07-24 11:45:48] *[2026-07-24 11:45:48]  checking uniformity of cluster '6' of 8 clusters
[2026-07-24 11:45:48] cluster 06_0006 has too few cells: will be reclustered!
[2026-07-24 11:45:48] *[2026-07-24 11:45:48]  checking uniformity of cluster '7' of 8 clusters
[2026-07-24 11:45:48] cluster 06_0007 has too few cells: will be reclustered!
[2026-07-24 11:45:48] 
[2026-07-24 11:45:48] Found 0 uniform and  8 non-uniform clusters
[2026-07-24 11:45:49] Loop calculations elapsed time: 84.8269100189209
[2026-07-24 11:45:49] In iteration 7 [2026-07-24 11:45:49] the number of cells to re-cluster is 415 cells belonging to 8 clusters
[2026-07-24 11:45:49] Asked to drop 0 genes and 3676 cells
[2026-07-24 11:45:49] Creating new clusterization: START
[2026-07-24 11:45:49] Elaborating Reduced dimensionality Data Matrix - START
[2026-07-24 11:45:49] Running genes' selection: START
[2026-07-24 11:45:51] Selected 2000 genes using HVG_Seurat selector
[2026-07-24 11:45:51] Running genes' selection: DONE
[2026-07-24 11:45:52] Elaborating PCA - START
[2026-07-24 11:45:52] Elaborating PCA - DONE
[2026-07-24 11:45:53] Total calculations elapsed time: 3.49388718605042
[2026-07-24 11:45:53] Elaborating Reduced dimensionality Data Matrix - DONE
[2026-07-24 11:45:53] Number of clusters is too small. Reclustering at resolution higher than: 0.8
[2026-07-24 11:45:53] Number of clusters is too small. Reclustering at resolution higher than: 1.3
[2026-07-24 11:45:53] Number of clusters is too small. Reclustering at resolution higher than: 1.8
[2026-07-24 11:45:53] Number of clusters is too small. Reclustering at resolution higher than: 2.3
[2026-07-24 11:45:53] Used resolution for Seurat clusterization is: 2.8
[2026-07-24 11:45:53] Total calculations elapsed time: 4.13377714157104
[2026-07-24 11:45:53] Creating new clusterization: DONE
[2026-07-24 11:45:54] Creating PDF UMAP in file:  /data/lorenzo_delitala/data/project_files/ding/cortex_2/plots/Ding_Cortex2_Gene/reclustering/pdf_umap_7.pdf
[2026-07-24 11:45:54] UMAP plot: START
[2026-07-24 11:45:54] Calculating UMAP: START
[2026-07-24 11:45:58] Calculating UMAP: DONE
[2026-07-24 11:45:58] Total calculations elapsed time: 3.69677734375
[2026-07-24 11:45:58] UMAP plot: DONE
[2026-07-24 11:45:58] UMAP plot: START
[2026-07-24 11:45:58] Calculating UMAP: START
[2026-07-24 11:46:02] Calculating UMAP: DONE
[2026-07-24 11:46:02] Total calculations elapsed time: 3.73135828971863
[2026-07-24 11:46:02] UMAP plot: DONE
[2026-07-24 11:46:02] *[2026-07-24 11:46:02]  checking uniformity of cluster '0' of 10 clusters
[2026-07-24 11:46:02] Asked to drop 0 genes and 4031 cells
[2026-07-24 11:46:02] COTAN dataset analysis: START
[2026-07-24 11:46:02] Asked to drop 2526 genes and 0 cells
[2026-07-24 11:46:02] Genes/cells selection done: dropped [2526] genes and [0] cells
[2026-07-24 11:46:02] Working on [15607] genes and [60] cells
[2026-07-24 11:46:03] Dataset cleaning elapsed time: 0.805276393890381
[2026-07-24 11:46:03] Estimate `dispersion`: START
[2026-07-24 11:46:03] Effective number of cores used: 40
[2026-07-24 11:46:03] Executing 16 genes batches
[2026-07-24 11:46:03] Parallel dispersion Newton-Raphson: used up to 5 iterations
[2026-07-24 11:46:03] Parallel dispersion Newton-Raphson: used up to 5 iterations
[2026-07-24 11:46:03] Parallel dispersion Newton-Raphson: used up to 5 iterations
[2026-07-24 11:46:03] Parallel dispersion Newton-Raphson: used up to 7 iterations
[2026-07-24 11:46:03] Parallel dispersion Newton-Raphson: used up to 6 iterations
[2026-07-24 11:46:03] Parallel dispersion Newton-Raphson: used up to 5 iterations
[2026-07-24 11:46:04] Parallel dispersion Newton-Raphson: used up to 6 iterations
[2026-07-24 11:46:04] Parallel dispersion Newton-Raphson: used up to 8 iterations
[2026-07-24 11:46:04] Parallel dispersion Newton-Raphson: used up to 6 iterations
[2026-07-24 11:46:04] Parallel dispersion Newton-Raphson: used up to 6 iterations
[2026-07-24 11:46:04] Parallel dispersion Newton-Raphson: used up to 6 iterations
[2026-07-24 11:46:04] Parallel dispersion Newton-Raphson: used up to 6 iterations
[2026-07-24 11:46:04] Parallel dispersion Newton-Raphson: used up to 7 iterations
[2026-07-24 11:46:05] Parallel dispersion Newton-Raphson: used up to 6 iterations
[2026-07-24 11:46:05] Parallel dispersion Newton-Raphson: used up to 5 iterations
[2026-07-24 11:46:05] Parallel dispersion Newton-Raphson: used up to 6 iterations
[2026-07-24 11:46:07] Total calculations elapsed time: 4.62192702293396
[2026-07-24 11:46:07] Estimate `dispersion`: DONE
[2026-07-24 11:46:07] Estimate `dispersion`: DONE
[2026-07-24 11:46:07] `dispersion` | min: -0.616126515816872 | max: 217.2614784929 | % negative: 63.324149420132
[2026-07-24 11:46:08] Model parameter estimation elapsed time: 5.47294354438782
[2026-07-24 11:46:08] COTAN genes' COEX estimation: START
[2026-07-24 11:46:08] Effective number of cores used: 40
[2026-07-24 11:46:08] Calculate genes COEX (torch) on device cpu: START
[2026-07-24 11:46:08] Retrieving expected genes contingency table
[2026-07-24 11:46:08] Expected genes contingency table elapsed time: 0.102703332901001
[2026-07-24 11:46:08] Calculating genes COEX normalization factor
[2026-07-24 11:46:10] Calculating genes COEX normalization factor elapsed time: 1.4987781047821
[2026-07-24 11:46:10] Retrieving observed genes yes/yes contingency table
[2026-07-24 11:46:10] Observed genes contingency table elapsed time: 0.0918047428131104
[2026-07-24 11:46:22] Calculate genes COEX elapsed time: 11.6814453601837
[2026-07-24 11:46:22] Total calculations elapsed time: 13.3747315406799
[2026-07-24 11:46:22] Calculate genes COEX (torch) on device cpu: DONE
[2026-07-24 11:46:22] Only genes' COEX elapsed time: 14.1661598682404
[2026-07-24 11:46:22] Dataset analysis elapsed time: 20.4443798065186
[2026-07-24 11:46:22] COTAN dataset analysis: DONE
[2026-07-24 11:46:23] Checking uniformity for the cluster '07_0000' with 60 cells
[2026-07-24 11:46:23] Calculate GDI dataframe: START
[2026-07-24 11:46:23] Using S
[2026-07-24 11:46:23] Calculating S: START
[2026-07-24 11:46:30] Calculating S: DONE
[2026-07-24 11:46:30] Calculate `GDI`: START
[2026-07-24 11:46:30] Effective number of cores used: 40
[2026-07-24 11:46:30] Effective number of cores used: 40
[2026-07-24 11:46:30] Executing 16 genes batches
[2026-07-24 11:46:35] Total calculations elapsed time: 4.4767746925354
[2026-07-24 11:46:35] Calculate `GDI`: DONE
[2026-07-24 11:46:36] Total calculations elapsed time: 13.1525666713715
[2026-07-24 11:46:36] Calculate GDI dataframe: DONE
[2026-07-24 11:46:36] Clean plots: START
[2026-07-24 11:46:36] Total calculations elapsed time: 0.0241913795471191
[2026-07-24 11:46:36] Clean plots: DONE
[2026-07-24 11:46:36] GDI plot
[2026-07-24 11:46:36] Removed 54 low GDI genes (such as the fully-expressed) in GDI plot
[2026-07-24 11:46:38] Cluster 07_0000, with size 60, is uniform
[2026-07-24 11:46:38] Cluster 07_0000's shift to uniformity: -0.0636422808236254
[2026-07-24 11:46:38] class = SimpleGDIUniformityCheck, check.isCheckAbove = FALSE, check.GDIThreshold = 1.4, check.maxRatioBeyond = 0.01, check.maxRankBeyond = 0, check.fractionBeyond = 0.00172999295188057, check.thresholdRank = 0, check.quantileAtRatio = 1.33635771917637, check.quantileAtRank = NaN, isUniform = TRUE, clusterSize = 60
[2026-07-24 11:46:38] cluster 07_0000 is uniform
[2026-07-24 11:46:38] 
[2026-07-24 11:46:39] *[2026-07-24 11:46:39]  checking uniformity of cluster '1' of 10 clusters
[2026-07-24 11:46:39] Asked to drop 0 genes and 4039 cells
[2026-07-24 11:46:39] COTAN dataset analysis: START
[2026-07-24 11:46:39] Asked to drop 1910 genes and 0 cells
[2026-07-24 11:46:39] Genes/cells selection done: dropped [1910] genes and [0] cells
[2026-07-24 11:46:39] Working on [16223] genes and [52] cells
[2026-07-24 11:46:40] Dataset cleaning elapsed time: 0.869847059249878
[2026-07-24 11:46:40] Estimate `dispersion`: START
[2026-07-24 11:46:40] Effective number of cores used: 40
[2026-07-24 11:46:40] Executing 16 genes batches
[2026-07-24 11:46:40] Parallel dispersion Newton-Raphson: used up to 6 iterations
[2026-07-24 11:46:40] Parallel dispersion Newton-Raphson: used up to 7 iterations
[2026-07-24 11:46:40] Parallel dispersion Newton-Raphson: used up to 7 iterations
[2026-07-24 11:46:40] Parallel dispersion Newton-Raphson: used up to 6 iterations
[2026-07-24 11:46:40] Parallel dispersion Newton-Raphson: used up to 6 iterations
[2026-07-24 11:46:41] Parallel dispersion Newton-Raphson: used up to 6 iterations
[2026-07-24 11:46:41] Parallel dispersion Newton-Raphson: used up to 6 iterations
[2026-07-24 11:46:41] Parallel dispersion Newton-Raphson: used up to 6 iterations
[2026-07-24 11:46:41] Parallel dispersion Newton-Raphson: used up to 6 iterations
[2026-07-24 11:46:41] Parallel dispersion Newton-Raphson: used up to 7 iterations
[2026-07-24 11:46:41] Parallel dispersion Newton-Raphson: used up to 6 iterations
[2026-07-24 11:46:42] Parallel dispersion Newton-Raphson: used up to 7 iterations
[2026-07-24 11:46:42] Parallel dispersion Newton-Raphson: used up to 6 iterations
[2026-07-24 11:46:42] Parallel dispersion Newton-Raphson: used up to 6 iterations
[2026-07-24 11:46:42] Parallel dispersion Newton-Raphson: used up to 6 iterations
[2026-07-24 11:46:42] Parallel dispersion Newton-Raphson: used up to 6 iterations
[2026-07-24 11:46:45] Total calculations elapsed time: 4.87178111076355
[2026-07-24 11:46:45] Estimate `dispersion`: DONE
[2026-07-24 11:46:45] Estimate `dispersion`: DONE
[2026-07-24 11:46:45] `dispersion` | min: -0.862451757510379 | max: 130.522830566581 | % negative: 59.7978179128398
[2026-07-24 11:46:45] Model parameter estimation elapsed time: 5.7262818813324
[2026-07-24 11:46:45] COTAN genes' COEX estimation: START
[2026-07-24 11:46:45] Effective number of cores used: 40
[2026-07-24 11:46:45] Calculate genes COEX (torch) on device cpu: START
[2026-07-24 11:46:45] Retrieving expected genes contingency table
[2026-07-24 11:46:46] Expected genes contingency table elapsed time: 0.104911804199219
[2026-07-24 11:46:46] Calculating genes COEX normalization factor
[2026-07-24 11:46:48] Calculating genes COEX normalization factor elapsed time: 2.30093955993652
[2026-07-24 11:46:48] Retrieving observed genes yes/yes contingency table
[2026-07-24 11:46:48] Observed genes contingency table elapsed time: 0.101422309875488
[2026-07-24 11:47:01] Calculate genes COEX elapsed time: 12.7484650611877
[2026-07-24 11:47:01] Total calculations elapsed time: 15.255738735199
[2026-07-24 11:47:01] Calculate genes COEX (torch) on device cpu: DONE
[2026-07-24 11:47:02] Only genes' COEX elapsed time: 16.0536346435547
[2026-07-24 11:47:02] Dataset analysis elapsed time: 22.649763584137
[2026-07-24 11:47:02] COTAN dataset analysis: DONE
[2026-07-24 11:47:02] Checking uniformity for the cluster '07_0001' with 52 cells
[2026-07-24 11:47:02] Calculate GDI dataframe: START
[2026-07-24 11:47:02] Using S
[2026-07-24 11:47:02] Calculating S: START
[2026-07-24 11:47:10] Calculating S: DONE
[2026-07-24 11:47:10] Calculate `GDI`: START
[2026-07-24 11:47:10] Effective number of cores used: 40
[2026-07-24 11:47:10] Effective number of cores used: 40
[2026-07-24 11:47:10] Executing 16 genes batches
[2026-07-24 11:47:15] Total calculations elapsed time: 4.89254355430603
[2026-07-24 11:47:15] Calculate `GDI`: DONE
[2026-07-24 11:47:17] Total calculations elapsed time: 14.2590954303741
[2026-07-24 11:47:17] Calculate GDI dataframe: DONE
[2026-07-24 11:47:17] Clean plots: START
[2026-07-24 11:47:17] Total calculations elapsed time: 0.0232224464416504
[2026-07-24 11:47:17] Clean plots: DONE
[2026-07-24 11:47:17] GDI plot
[2026-07-24 11:47:17] Removed 87 low GDI genes (such as the fully-expressed) in GDI plot
[2026-07-24 11:47:19] Cluster 07_0001, with size 52, is uniform
[2026-07-24 11:47:19] Cluster 07_0001's shift to uniformity: -0.026017488265758
[2026-07-24 11:47:19] class = SimpleGDIUniformityCheck, check.isCheckAbove = FALSE, check.GDIThreshold = 1.4, check.maxRatioBeyond = 0.01, check.maxRankBeyond = 0, check.fractionBeyond = 0.00604080626271343, check.thresholdRank = 0, check.quantileAtRatio = 1.37398251173424, check.quantileAtRank = NaN, isUniform = TRUE, clusterSize = 52
[2026-07-24 11:47:19] cluster 07_0001 is uniform
[2026-07-24 11:47:19] 
[2026-07-24 11:47:19] *[2026-07-24 11:47:19]  checking uniformity of cluster '2' of 10 clusters
[2026-07-24 11:47:19] Asked to drop 0 genes and 4041 cells
[2026-07-24 11:47:19] COTAN dataset analysis: START
[2026-07-24 11:47:19] Asked to drop 5516 genes and 0 cells
[2026-07-24 11:47:19] Genes/cells selection done: dropped [5516] genes and [0] cells
[2026-07-24 11:47:19] Working on [12617] genes and [50] cells
[2026-07-24 11:47:20] Dataset cleaning elapsed time: 0.822355270385742
[2026-07-24 11:47:20] Estimate `dispersion`: START
[2026-07-24 11:47:20] Effective number of cores used: 40
[2026-07-24 11:47:20] Executing 13 genes batches
[2026-07-24 11:47:20] Parallel dispersion Newton-Raphson: used up to 8 iterations
[2026-07-24 11:47:21] Parallel dispersion Newton-Raphson: used up to 6 iterations
[2026-07-24 11:47:21] Parallel dispersion Newton-Raphson: used up to 6 iterations
[2026-07-24 11:47:21] Parallel dispersion Newton-Raphson: used up to 7 iterations
[2026-07-24 11:47:21] Parallel dispersion Newton-Raphson: used up to 6 iterations
[2026-07-24 11:47:21] Parallel dispersion Newton-Raphson: used up to 6 iterations
[2026-07-24 11:47:21] Parallel dispersion Newton-Raphson: used up to 7 iterations
[2026-07-24 11:47:21] Parallel dispersion Newton-Raphson: used up to 7 iterations
[2026-07-24 11:47:22] Parallel dispersion Newton-Raphson: used up to 6 iterations
[2026-07-24 11:47:22] Parallel dispersion Newton-Raphson: used up to 7 iterations
[2026-07-24 11:47:22] Parallel dispersion Newton-Raphson: used up to 6 iterations
[2026-07-24 11:47:22] Parallel dispersion Newton-Raphson: used up to 8 iterations
[2026-07-24 11:47:22] Parallel dispersion Newton-Raphson: used up to 7 iterations
[2026-07-24 11:47:25] Total calculations elapsed time: 4.65251302719116
[2026-07-24 11:47:25] Estimate `dispersion`: DONE
[2026-07-24 11:47:25] Estimate `dispersion`: DONE
[2026-07-24 11:47:25] `dispersion` | min: -0.521990158996351 | max: 161.574699841807 | % negative: 68.3205199334232
[2026-07-24 11:47:26] Model parameter estimation elapsed time: 5.44793558120728
[2026-07-24 11:47:26] COTAN genes' COEX estimation: START
[2026-07-24 11:47:26] Effective number of cores used: 40
[2026-07-24 11:47:26] Calculate genes COEX (torch) on device cpu: START
[2026-07-24 11:47:26] Retrieving expected genes contingency table
[2026-07-24 11:47:26] Expected genes contingency table elapsed time: 0.0712769031524658
[2026-07-24 11:47:26] Calculating genes COEX normalization factor
[2026-07-24 11:47:27] Calculating genes COEX normalization factor elapsed time: 1.23069834709167
[2026-07-24 11:47:27] Retrieving observed genes yes/yes contingency table
[2026-07-24 11:47:27] Observed genes contingency table elapsed time: 0.0575754642486572
[2026-07-24 11:47:35] Calculate genes COEX elapsed time: 7.50172066688538
[2026-07-24 11:47:35] Total calculations elapsed time: 8.86127138137817
[2026-07-24 11:47:35] Calculate genes COEX (torch) on device cpu: DONE
[2026-07-24 11:47:35] Only genes' COEX elapsed time: 9.59677362442017
[2026-07-24 11:47:35] Dataset analysis elapsed time: 15.8670644760132
[2026-07-24 11:47:35] COTAN dataset analysis: DONE
[2026-07-24 11:47:36] Checking uniformity for the cluster '07_0002' with 50 cells
[2026-07-24 11:47:36] Calculate GDI dataframe: START
[2026-07-24 11:47:36] Using S
[2026-07-24 11:47:36] Calculating S: START
[2026-07-24 11:47:40] Calculating S: DONE
[2026-07-24 11:47:40] Calculate `GDI`: START
[2026-07-24 11:47:40] Effective number of cores used: 40
[2026-07-24 11:47:40] Effective number of cores used: 40
[2026-07-24 11:47:40] Executing 13 genes batches
[2026-07-24 11:47:45] Total calculations elapsed time: 4.44891977310181
[2026-07-24 11:47:45] Calculate `GDI`: DONE
[2026-07-24 11:47:46] Total calculations elapsed time: 10.2758023738861
[2026-07-24 11:47:46] Calculate GDI dataframe: DONE
[2026-07-24 11:47:46] Clean plots: START
[2026-07-24 11:47:46] Total calculations elapsed time: 0.022655725479126
[2026-07-24 11:47:46] Clean plots: DONE
[2026-07-24 11:47:46] GDI plot
[2026-07-24 11:47:46] Removed 4 low GDI genes (such as the fully-expressed) in GDI plot
[2026-07-24 11:47:48] Cluster 07_0002, with size 50, is uniform
[2026-07-24 11:47:48] Cluster 07_0002's shift to uniformity: -0.0172568637396007
[2026-07-24 11:47:48] class = SimpleGDIUniformityCheck, check.isCheckAbove = FALSE, check.GDIThreshold = 1.4, check.maxRatioBeyond = 0.01, check.maxRankBeyond = 0, check.fractionBeyond = 0.00697471665213601, check.thresholdRank = 0, check.quantileAtRatio = 1.3827431362604, check.quantileAtRank = NaN, isUniform = TRUE, clusterSize = 50
[2026-07-24 11:47:48] cluster 07_0002 is uniform
[2026-07-24 11:47:48] 
[2026-07-24 11:47:49] *[2026-07-24 11:47:49]  checking uniformity of cluster '3' of 10 clusters
[2026-07-24 11:47:49] cluster 07_0003 has too few cells: will be reclustered!
[2026-07-24 11:47:49] *[2026-07-24 11:47:49]  checking uniformity of cluster '4' of 10 clusters
[2026-07-24 11:47:49] cluster 07_0004 has too few cells: will be reclustered!
[2026-07-24 11:47:49] *[2026-07-24 11:47:49]  checking uniformity of cluster '5' of 10 clusters
[2026-07-24 11:47:49] cluster 07_0005 has too few cells: will be reclustered!
[2026-07-24 11:47:49] *[2026-07-24 11:47:49]  checking uniformity of cluster '6' of 10 clusters
[2026-07-24 11:47:49] cluster 07_0006 has too few cells: will be reclustered!
[2026-07-24 11:47:49] *[2026-07-24 11:47:49]  checking uniformity of cluster '7' of 10 clusters
[2026-07-24 11:47:49] cluster 07_0007 has too few cells: will be reclustered!
[2026-07-24 11:47:49] *[2026-07-24 11:47:49]  checking uniformity of cluster '8' of 10 clusters
[2026-07-24 11:47:49] cluster 07_0008 has too few cells: will be reclustered!
[2026-07-24 11:47:49] *[2026-07-24 11:47:49]  checking uniformity of cluster '9' of 10 clusters
[2026-07-24 11:47:49] cluster 07_0009 has too few cells: will be reclustered!
[2026-07-24 11:47:49] 
[2026-07-24 11:47:49] Found 3 uniform and  7 non-uniform clusters
[2026-07-24 11:47:50] Loop calculations elapsed time: 120.846104621887
[2026-07-24 11:47:50] In iteration 8 [2026-07-24 11:47:50] the number of cells to re-cluster is 253 cells belonging to 7 clusters
[2026-07-24 11:47:50] Asked to drop 0 genes and 3838 cells
[2026-07-24 11:47:50] Creating new clusterization: START
[2026-07-24 11:47:50] Elaborating Reduced dimensionality Data Matrix - START
[2026-07-24 11:47:50] Running genes' selection: START
[2026-07-24 11:47:51] Selected 2000 genes using HVG_Seurat selector
[2026-07-24 11:47:51] Running genes' selection: DONE
[2026-07-24 11:47:52] Elaborating PCA - START
[2026-07-24 11:47:52] Elaborating PCA - DONE
[2026-07-24 11:47:53] Total calculations elapsed time: 3.16110992431641
[2026-07-24 11:47:53] Elaborating Reduced dimensionality Data Matrix - DONE
[2026-07-24 11:47:54] Number of clusters is too small. Reclustering at resolution higher than: 0.8
[2026-07-24 11:47:54] Number of clusters is too small. Reclustering at resolution higher than: 1.3
[2026-07-24 11:47:54] Number of clusters is too small. Reclustering at resolution higher than: 1.8
[2026-07-24 11:47:54] Number of clusters is too small. Reclustering at resolution higher than: 2.3
[2026-07-24 11:47:54] Number of clusters is too small. Reclustering at resolution higher than: 2.8
[2026-07-24 11:47:54] Used resolution for Seurat clusterization is: 3.3
[2026-07-24 11:47:54] Total calculations elapsed time: 3.76057362556458
[2026-07-24 11:47:54] Creating new clusterization: DONE
[2026-07-24 11:47:55] Creating PDF UMAP in file:  /data/lorenzo_delitala/data/project_files/ding/cortex_2/plots/Ding_Cortex2_Gene/reclustering/pdf_umap_8.pdf
[2026-07-24 11:47:55] UMAP plot: START
[2026-07-24 11:47:55] Calculating UMAP: START
[2026-07-24 11:47:58] Calculating UMAP: DONE
[2026-07-24 11:47:58] Total calculations elapsed time: 3.48272323608398
[2026-07-24 11:47:58] UMAP plot: DONE
[2026-07-24 11:47:58] UMAP plot: START
[2026-07-24 11:47:58] Calculating UMAP: START
[2026-07-24 11:48:02] Calculating UMAP: DONE
[2026-07-24 11:48:02] Total calculations elapsed time: 3.38952970504761
[2026-07-24 11:48:02] UMAP plot: DONE
[2026-07-24 11:48:02] All clusters in iteration  8 have too few cells
[2026-07-24 11:48:02] 
[2026-07-24 11:48:02] Found 0 uniform and  9 non-uniform clusters
[2026-07-24 11:48:02] Max resolution reached
[2026-07-24 11:48:02] Trying to recluster remaining cells from scratch
[2026-07-24 11:48:03] Loop calculations elapsed time: 12.5420804023743
[2026-07-24 11:48:03] In iteration 9 [2026-07-24 11:48:03] the number of cells to re-cluster is 253 cells belonging to 0 clusters
[2026-07-24 11:48:03] Asked to drop 0 genes and 3838 cells
[2026-07-24 11:48:03] Creating new clusterization: START
[2026-07-24 11:48:03] Elaborating Reduced dimensionality Data Matrix - START
[2026-07-24 11:48:03] Running genes' selection: START
[2026-07-24 11:48:04] Selected 2000 genes using HVG_Seurat selector
[2026-07-24 11:48:04] Running genes' selection: DONE
[2026-07-24 11:48:05] Elaborating PCA - START
[2026-07-24 11:48:05] Elaborating PCA - DONE
[2026-07-24 11:48:06] Total calculations elapsed time: 3.05149459838867
[2026-07-24 11:48:06] Elaborating Reduced dimensionality Data Matrix - DONE
[2026-07-24 11:48:06] Used resolution for Seurat clusterization is: 0.8
[2026-07-24 11:48:06] Total calculations elapsed time: 3.47026252746582
[2026-07-24 11:48:06] Creating new clusterization: DONE
[2026-07-24 11:48:07] Creating PDF UMAP in file:  /data/lorenzo_delitala/data/project_files/ding/cortex_2/plots/Ding_Cortex2_Gene/reclustering/pdf_umap_9.pdf
[2026-07-24 11:48:07] UMAP plot: START
[2026-07-24 11:48:07] Calculating UMAP: START
[2026-07-24 11:48:10] Calculating UMAP: DONE
[2026-07-24 11:48:10] Total calculations elapsed time: 3.35357427597046
[2026-07-24 11:48:10] UMAP plot: DONE
[2026-07-24 11:48:10] UMAP plot: START
[2026-07-24 11:48:10] Calculating UMAP: START
[2026-07-24 11:48:14] Calculating UMAP: DONE
[2026-07-24 11:48:14] Total calculations elapsed time: 3.35672903060913
[2026-07-24 11:48:14] UMAP plot: DONE
[2026-07-24 11:48:14] All clusters in iteration  9 have too few cells
[2026-07-24 11:48:14] 
[2026-07-24 11:48:14] Found 0 uniform and  7 non-uniform clusters
[2026-07-24 11:48:14] Max resolution reached
[2026-07-24 11:48:14] Cannot clusterize anything more
[2026-07-24 11:48:14] The final raw clusterization contains [ 26 ] different clusters: 01_0001, 01_0003, 01_0004, 01_0006, 01_0007, 01_0008, 01_0009, 01_0010, 01_0011, 01_0012, 01_0013, 01_0015, 01_0016, 01_0017, 02_0004, 02_0005, 03_0000, 03_0003, 03_0004, 03_0006, 04_0000, 04_0001, 07_0000, 07_0001, 07_0002
[2026-07-24 11:48:14] Differential Expression Analysis - START
[2026-07-24 11:48:17] *[2026-07-24 11:48:17]  DEA on cluster '-1' with 253 cells
[2026-07-24 11:48:17] *[2026-07-24 11:48:17]  DEA on cluster '01' with 392 cells
[2026-07-24 11:48:17] *[2026-07-24 11:48:17]  DEA on cluster '02' with 348 cells
[2026-07-24 11:48:17] *[2026-07-24 11:48:17]  DEA on cluster '03' with 338 cells
[2026-07-24 11:48:17] *[2026-07-24 11:48:17]  DEA on cluster '04' with 265 cells
[2026-07-24 11:48:17] *[2026-07-24 11:48:17]  DEA on cluster '05' with 253 cells
[2026-07-24 11:48:17] *[2026-07-24 11:48:17]  DEA on cluster '06' with 194 cells
[2026-07-24 11:48:17] *[2026-07-24 11:48:17]  DEA on cluster '07' with 187 cells
[2026-07-24 11:48:17] *[2026-07-24 11:48:17]  DEA on cluster '08' with 145 cells
[2026-07-24 11:48:17] *[2026-07-24 11:48:17]  DEA on cluster '09' with 138 cells
[2026-07-24 11:48:17] *[2026-07-24 11:48:17]  DEA on cluster '10' with 133 cells
[2026-07-24 11:48:17] *[2026-07-24 11:48:17]  DEA on cluster '11' with 131 cells
[2026-07-24 11:48:17] *[2026-07-24 11:48:17]  DEA on cluster '12' with 78 cells
[2026-07-24 11:48:17] *[2026-07-24 11:48:17]  DEA on cluster '13' with 78 cells
[2026-07-24 11:48:17] *[2026-07-24 11:48:17]  DEA on cluster '14' with 56 cells
[2026-07-24 11:48:17] *[2026-07-24 11:48:17]  DEA on cluster '15' with 79 cells
[2026-07-24 11:48:17] *[2026-07-24 11:48:17]  DEA on cluster '16' with 64 cells
[2026-07-24 11:48:18] *[2026-07-24 11:48:18]  DEA on cluster '17' with 219 cells
[2026-07-24 11:48:18] *[2026-07-24 11:48:18]  DEA on cluster '18' with 143 cells
[2026-07-24 11:48:18] *[2026-07-24 11:48:18]  DEA on cluster '19' with 100 cells
[2026-07-24 11:48:18] *[2026-07-24 11:48:18]  DEA on cluster '20' with 64 cells
[2026-07-24 11:48:18] *[2026-07-24 11:48:18]  DEA on cluster '21' with 159 cells
[2026-07-24 11:48:18] *[2026-07-24 11:48:18]  DEA on cluster '22' with 112 cells
[2026-07-24 11:48:18] *[2026-07-24 11:48:18]  DEA on cluster '23' with 60 cells
[2026-07-24 11:48:18] *[2026-07-24 11:48:18]  DEA on cluster '24' with 52 cells
[2026-07-24 11:48:18] *[2026-07-24 11:48:18]  DEA on cluster '25' with 50 cells
[2026-07-24 11:48:18] 
[2026-07-24 11:48:18] Total calculations elapsed time: 4.12656688690186
[2026-07-24 11:48:18] Differential Expression Analysis - DONE
[2026-07-24 11:48:21] Applied reordering to clusterization is:
[2026-07-24 11:48:21] 01  ->  03, 02  ->  12, 03  ->  15, 04  ->  24, 05  ->  23, 06  ->  05, 07  ->  16, 08  ->  19, 09  ->  25, 10  ->  20, 11  ->  04, 12  ->  21, 13  ->  14, 14  ->  22, 15  ->  13, 16  ->  17, 17  ->  01, 18  ->  08, 19  ->  07, 20  ->  02, 21  ->  09, 22  ->  11, 23  ->  10, 24  ->  18, 25  ->  06, -1  ->  -1
[2026-07-24 11:48:21] Total calculations elapsed time: 1630.50845575333
[2026-07-24 11:48:21] Creating cells' uniform clustering: DONE
[2026-07-24 11:48:21] ⇡   ✔ Done.
[2026-07-24 11:48:21] ┃   ❖ Adding 'split' clusterization to the COTAN object...
[2026-07-24 11:48:21] ┃   ❖ Starting Step 2/2: Merging clusters...
[2026-07-24 11:48:21] ⇣   ▶ mergeUniformCellsClusters()
[2026-07-24 11:48:21]       ◦ GDIThreshold: NaN ◦ cores: 40 ◦ optimizeForSpeed: TRUE ◦ deviceStr: cpu ◦ saveObj: TRUE ◦ outDir: /data/lorenzo_delitala/data/project_files/ding/cortex_2/plots ◦ clusters: 03,23,14,12,07,16,05,10,12,24,03,04,03,19,-1,16,15,09,19,01,08,09,05,03,22,03,19,08,07,03,08,03,21,13,25,08,23,25,19,23,16,23,25,-1,17,03,03,24,20,09,03,03,09,15,03,09,02,09,23,16,16,03,18,20,24,12,23,14,15,24,12,15,03,20,05,02,13,15,07,24,01,15,11,12,08,12,19,21,12,19,04,03,12,05,15,09,20,-1,01,12,12,22,15,23,15,24,23,-1,15,16,01,05,20,12,03,24,15,03,10,15,12,-1,09,05,12,09,05,03,23,12,08,03,20,08,24,18,-1,23,07,15,09,01,12,-1,24,-1,-1,15,19,12,19,16,12,01,03,20,03,23,24,25,19,03,12,20,24,23,06,07,23,04,21,12,20,25,07,07,15,12,17,12,12,03,23,11,08,11,09,01,07,20,07,12,16,23,-1,19,24,03,24,03,24,12,05,01,24,04,21,17,13,07,-1,20,09,07,02,09,01,09,01,16,21,01,-1,13,19,03,24,12,22,16,03,20,24,03,01,15,-1,14,19,-1,24,12,06,15,12,11,05,24,13,24,15,15,03,21,13,25,12,14,01,24,-1,23,09,16,18,10,04,04,05,11,04,05,12,07,03,12,23,15,01,18,24,12,23,13,19,04,12,05,16,03,24,12,24,05,01,08,23,17,12,03,05,14,16,23,13,14,25,01,24,12,09,15,10,03,15,18,03,20,23,25,23,12,12,19,12,01,03,17,24,24,12,24,12,14,23,08,07,-1,01,24,21,22,03,24,04,20,06,07,12,05,16,03,03,08,16,05,03,-1,01,03,24,03,08,20,04,12,21,12,08,23,01,13,-1,25,24,03,15,06,25,-1,24,01,09,16,15,01,08,02,03,24,11,02,23,23,20,03,05,24,21,06,21,03,15,19,03,04,17,03,11,04,03,01,16,25,09,03,16,16,20,24,20,23,09,09,23,20,24,03,03,24,15,24,15,06,15,25,15,05,25,08,15,19,16,-1,12,03,09,15,25,05,15,20,23,11,20,13,23,07,01,-1,04,12,15,02,05,07,16,12,03,17,20,08,04,21,08,13,12,02,03,18,03,-1,11,-1,01,05,23,-1,11,09,17,23,01,13,23,19,-1,04,15,25,24,19,22,08,13,24,23,01,17,12,05,20,10,-1,19,16,19,18,20,-1,08,17,05,03,16,12,09,05,12,23,24,03,01,24,13,07,16,12,03,-1,01,24,25,16,09,11,11,23,05,-1,01,13,09,19,23,25,21,24,19,16,08,24,12,01,12,05,02,24,08,24,11,03,12,12,04,15,-1,02,16,12,24,14,15,03,16,23,20,15,13,05,-1,24,23,10,02,05,15,23,12,05,17,25,04,25,16,-1,12,05,12,23,03,22,23,25,04,21,19,01,12,13,15,07,-1,05,01,09,03,03,12,-1,19,03,23,01,15,15,12,15,23,01,02,20,16,24,25,18,09,09,01,01,11,06,23,09,15,18,03,17,20,24,17,05,03,-1,03,25,03,15,13,03,-1,19,16,24,03,06,04,22,10,22,15,23,-1,08,15,15,12,05,-1,20,24,24,12,15,11,07,08,12,20,23,04,21,01,06,11,19,03,20,24,05,16,12,11,23,16,23,-1,03,02,24,16,01,03,12,02,01,23,-1,20,23,03,03,20,03,01,15,-1,01,07,05,05,01,02,23,05,06,-1,15,21,19,03,12,20,03,12,18,11,05,12,25,03,15,12,03,25,14,24,09,15,03,21,11,24,01,18,12,15,01,01,01,23,15,-1,13,24,05,-1,19,-1,24,06,19,03,24,03,24,-1,14,09,-1,16,05,08,09,03,12,23,12,21,12,09,19,23,01,01,07,05,24,07,-1,21,02,15,09,15,11,23,03,23,07,12,20,03,07,24,24,01,09,09,13,24,12,12,-1,25,16,02,25,06,09,16,12,15,04,12,01,04,24,-1,01,15,16,-1,-1,03,09,22,12,12,03,25,03,02,14,12,13,03,16,24,25,09,-1,05,19,23,-1,04,12,15,12,04,01,-1,04,15,25,-1,05,24,07,03,19,09,15,15,11,09,-1,15,05,02,24,-1,15,15,03,23,-1,06,04,-1,23,08,03,09,12,16,-1,19,-1,01,-1,23,01,-1,19,03,19,03,15,14,23,20,12,16,-1,11,11,05,01,18,17,23,12,19,17,01,15,04,25,02,05,12,25,15,08,07,24,08,23,16,04,15,16,15,05,05,04,12,06,23,01,09,09,12,23,17,04,-1,12,03,03,04,-1,01,02,25,15,20,24,16,12,09,16,18,14,22,15,08,17,24,07,25,25,16,21,03,03,16,16,20,24,15,12,04,15,14,15,09,17,08,01,21,20,03,-1,15,07,19,12,19,16,17,23,01,18,23,03,12,24,03,12,16,09,23,22,09,24,10,08,16,23,09,24,03,22,07,11,03,23,21,19,23,16,09,25,12,24,05,01,09,25,12,03,10,12,03,21,08,09,01,03,03,08,15,14,18,01,15,07,24,03,15,23,-1,25,03,24,15,24,16,15,13,15,08,12,17,04,12,24,16,14,18,11,09,13,21,19,22,12,15,25,-1,15,19,02,15,09,03,-1,03,20,11,11,01,-1,25,16,-1,03,08,01,15,24,09,20,19,05,25,11,22,14,16,16,23,23,01,15,07,07,16,04,10,03,12,03,17,17,25,03,14,03,17,11,03,03,03,17,16,15,25,13,01,05,12,18,12,01,-1,12,-1,13,15,23,02,05,11,24,14,21,01,17,09,01,03,23,05,03,01,20,03,08,08,09,04,24,08,25,09,12,22,12,03,16,03,17,19,19,23,24,12,04,16,05,15,05,23,23,-1,25,09,08,20,15,03,24,03,11,18,15,03,08,12,06,24,02,01,12,12,19,-1,05,15,05,12,11,18,24,15,19,20,15,06,25,03,10,24,16,12,23,-1,10,11,16,18,06,-1,16,-1,17,03,15,12,15,-1,06,24,19,21,04,25,15,09,14,15,-1,18,07,24,03,15,24,02,19,03,09,07,19,13,15,21,16,16,01,24,11,01,12,03,18,21,19,-1,15,07,10,12,03,-1,15,15,04,12,24,16,01,17,04,15,23,-1,25,12,03,13,15,23,-1,15,21,03,-1,25,05,05,09,20,06,13,12,05,03,08,12,20,05,23,23,15,23,12,23,09,20,20,20,05,03,21,24,24,05,05,12,15,16,24,12,16,19,15,19,12,19,11,24,12,04,02,24,01,03,03,12,04,11,11,05,09,09,04,14,15,21,10,15,-1,23,09,04,25,10,21,21,23,25,15,23,03,23,16,19,03,05,21,04,03,17,23,05,18,24,08,19,23,12,01,03,23,23,23,15,10,12,15,24,-1,16,21,11,24,15,04,20,15,04,20,17,09,07,03,24,19,12,05,03,01,16,11,20,25,06,01,-1,12,14,21,09,12,23,08,06,23,18,07,-1,01,12,12,07,03,03,23,15,04,03,19,12,23,15,15,-1,13,24,05,15,21,13,24,23,23,24,15,03,24,25,05,12,02,08,17,07,12,03,01,08,04,08,23,-1,15,01,08,20,25,16,19,20,01,22,-1,01,-1,01,01,03,01,15,13,10,24,08,24,04,12,16,23,02,16,12,12,06,04,04,23,23,04,14,04,03,-1,15,11,24,10,16,08,21,16,03,12,13,24,16,19,-1,16,01,20,05,09,01,24,25,01,24,01,25,24,03,11,-1,21,04,25,-1,-1,16,24,05,03,23,-1,15,15,14,23,09,23,08,22,09,09,12,-1,23,11,19,16,24,01,04,09,15,18,-1,08,05,06,02,17,14,14,-1,02,19,-1,17,14,15,16,03,01,-1,12,01,25,01,01,-1,09,23,08,03,04,01,24,05,15,11,22,21,07,01,12,12,13,01,03,16,23,25,16,17,01,03,17,03,11,12,23,03,24,11,15,13,05,01,25,13,05,18,14,05,25,03,03,03,15,04,23,09,11,20,16,16,22,09,23,-1,19,20,03,19,11,03,04,03,01,15,03,23,08,04,17,01,01,24,12,-1,18,04,15,24,14,02,23,19,14,01,20,03,07,22,03,16,23,11,03,13,14,24,03,24,13,14,16,03,08,15,24,01,20,23,21,20,16,-1,13,15,25,12,12,15,02,07,05,24,24,24,03,04,24,25,24,12,12,07,19,16,25,17,11,04,03,03,-1,06,16,12,15,03,15,16,19,23,19,08,21,25,15,23,13,19,15,16,12,01,15,05,24,08,01,03,16,16,10,11,12,22,12,16,24,24,12,12,09,03,15,10,03,12,-1,-1,12,05,03,25,01,12,10,03,21,15,21,09,-1,05,15,23,04,04,23,05,24,-1,14,24,01,05,10,15,-1,14,16,18,03,09,08,-1,25,09,09,24,11,05,01,07,03,-1,24,04,-1,15,09,16,15,15,22,03,15,15,-1,08,05,24,09,16,03,-1,11,25,12,16,19,01,-1,15,12,01,25,03,12,09,11,22,15,01,20,16,03,03,19,01,12,-1,15,06,20,24,09,01,01,23,04,04,08,05,01,03,-1,13,05,24,01,17,15,08,12,-1,03,15,08,12,01,04,-1,08,23,07,08,23,12,22,07,04,15,11,24,08,23,24,22,24,12,08,07,22,-1,15,24,11,14,15,12,-1,14,16,16,12,-1,14,05,15,-1,15,-1,15,03,03,12,15,03,18,05,01,12,21,14,12,12,-1,13,03,05,15,15,25,07,25,23,-1,19,12,23,03,10,14,01,10,15,15,03,15,23,12,09,03,03,11,15,25,11,04,09,01,24,05,19,05,-1,05,-1,05,16,15,20,11,16,18,15,20,12,01,23,03,15,16,02,14,25,09,24,12,-1,07,-1,21,-1,08,08,12,15,03,01,24,04,06,23,04,-1,10,03,19,24,16,12,09,03,04,13,-1,-1,04,09,17,23,12,16,23,15,15,12,-1,16,16,10,15,24,12,15,12,09,15,01,20,24,21,03,22,23,20,-1,15,05,20,21,-1,19,03,09,14,12,25,-1,10,03,12,03,11,09,03,24,01,01,-1,12,20,12,06,13,19,16,03,03,09,20,06,01,06,10,16,12,03,04,12,12,11,08,01,17,-1,05,23,14,01,07,25,24,15,25,16,25,18,17,01,04,20,23,05,16,05,16,23,05,05,12,24,01,03,13,-1,01,12,14,03,12,13,23,07,20,24,23,03,03,06,03,23,12,06,03,07,05,14,04,13,11,03,23,03,19,16,15,20,05,23,12,12,03,-1,23,01,05,12,01,03,07,18,12,11,04,15,22,20,15,15,02,04,09,22,21,12,16,19,05,-1,01,09,25,23,15,14,12,16,12,05,22,15,16,-1,04,-1,15,03,04,15,15,02,-1,01,03,15,03,24,01,22,-1,24,15,03,03,-1,24,-1,25,07,22,23,19,19,09,03,25,-1,12,14,15,23,23,01,15,18,16,05,12,04,15,24,03,11,24,08,23,04,12,03,01,-1,15,24,01,12,15,-1,24,15,15,13,14,20,15,08,18,01,03,03,16,23,17,10,03,15,05,22,02,23,01,20,07,14,10,12,12,25,23,03,16,15,07,11,16,07,04,07,06,23,25,14,12,19,21,09,-1,03,24,03,23,16,-1,07,25,08,23,23,12,03,01,01,20,15,19,08,14,20,07,24,02,24,-1,11,15,03,24,15,20,-1,12,19,05,03,03,12,24,03,04,23,10,14,20,15,19,14,03,24,11,25,19,04,05,09,24,19,20,03,12,04,12,16,16,08,15,23,05,08,12,20,12,07,09,09,11,-1,21,24,07,01,24,16,08,18,23,15,05,07,02,11,20,-1,15,03,-1,15,-1,07,-1,24,15,03,03,08,21,03,12,05,-1,07,03,15,13,05,03,05,24,15,07,16,09,16,09,11,25,03,24,25,08,01,16,21,23,05,06,24,19,24,12,05,16,14,-1,03,03,12,24,03,07,15,03,04,05,17,20,04,12,23,16,07,06,25,06,10,14,15,19,25,15,15,07,12,12,01,20,03,15,24,08,05,23,11,10,06,05,21,23,-1,-1,12,20,12,16,24,24,07,05,23,23,08,03,08,08,12,13,16,04,24,01,24,20,04,23,19,01,03,15,24,02,03,04,09,01,15,09,15,11,15,23,06,-1,03,15,19,19,11,16,14,09,09,25,06,09,05,01,05,20,08,15,12,03,20,15,13,15,15,19,12,11,20,-1,20,12,15,05,16,12,-1,04,04,15,08,23,15,11,23,08,09,03,09,10,17,13,03,20,03,08,-1,19,02,17,17,24,04,23,04,03,02,03,14,17,08,21,08,23,01,19,03,01,23,15,14,19,05,23,03,10,12,24,23,24,03,24,12,24,05,01,02,03,03,14,12,23,19,07,13,15,08,03,16,19,03,24,12,23,24,03,09,03,23,-1,16,03,02,25,25,20,17,01,05,15,12,24,04,02,-1,03,18,25,12,20,07,09,11,25,21,12,-1,15,01,12,12,05,03,-1,12,04,10,11,24,05,09,19,15,08,05,07,19,03,03,16,17,13,24,21,23,24,23,-1,25,08,05,09,05,07,22,05,19,02,18,24,15,19,22,12,05,16,01,12,24,21,20,05,02,07,12,25,03,05,25,16,23,14,24,05,20,03,01,-1,24,12,19,19,25,15,22,20,24,24,14,12,09,24,18,15,20,17,03,07,12,20,12,17,16,12,21,09,05,15,06,01,08,19,14,12,15,07,01,05,15,-1,22,24,09,03,12,15,19,04,16,01,12,-1,02,24,24,03,24,01,23,13,21,-1,20,05,04,05,20,05,23,15,12,24,-1,09,08,19,04,08,01,09,19,03,15,16,03,01,09,23,19,09,-1,23,15,20,03,-1,15,17,09,18,03,-1,09,03,10,23,16,12,16,12,06,16,03,11,11,12,-1,09,12,12,14,09,12,03,11,23,04,12,19,03,04,03,01,05,01,23,12,24,19,12,12,-1,01,19,01,06,22,19,15,-1,10,07,23,19,04,21,12,15,10,09,21,13,13,15,12,03,07,20,15,04,24,23,10,12,21,15,25,12,08,11,09,03,23,04,03,12,01,07,23,-1,02,03,01,04,-1,-1,20,15,19,12,10,03,25,23,03,21,09,24,04,18,11,17,09,14,02,12,01,17,03,03,20,07,22,15,-1,-1,15,22,11,05,25,20,03,16,15,04,04,08,01,16,12,-1,01,13,14,23,15,15,05,04,09,24,23,01,08,16,15,19,01,25,17,24,01,15,04,15,06,12,19,16,03,11,21,09,20,07,01,04,05,24,10,08,15,22,16,23,01,03,03,24,08,11,21,23,24,04,03,03,15,16,06,01,11,21,14,24,-1,03,12,16,15,15,23,03,20,04,23,13,03,15,12,25,11,17,25,23,15,25,-1,19,12,15,08,-1,-1,22,01,16,11,14,05,23,13,15,16,12,24,25,12,12,12,03,20,12,23,-1,01,11,15,04,16,12,08,23,25,-1,17,09,24,05,23,12,24,12,15,15,16,15,24,05,15,12,12,23,02,16,17,15,16,13,03,05,23,25,12,12,07,01,13,16,05,03,16,23,03,25,05,03,12,12,21,08,20,23,12,04,23,24,05,15,01,-1,15,24,12,09,19,19,16,23,25,02,24,20,09,05,24,15,16,15,15,01,25,-1,12,11,20,12,03,02,03,11,03,25,08,03,15,23,11,08,03,15,08,10,03,23,07,20,07,10,08,12,09,18,-1,23,25,21,23,-1,19,-1,01,02,08,-1,08,20,19,01,11,03,03,05,04,05,12,09,12,16,04,11,13,23,12,12,01,16,20,01,22,20,21,19,12,03,02,13,05,07,20,11,-1,03,08,01,19,10,05,07,11,03,15,-1,02,09,10,12,-1,23,05,08,08,14,12,23,12,25,08,03,17,11,12,20,12,25,03,20,15,25,13,08,03,14,20,20,15,-1,20,23,21,25,18,19,01,19,05,07,15,13,03,07,05,09,-1,08,15,11,25,03,03,15,11,-1,12,13,15,25,24,15,01,01,19,25,18,08,05,23,03,24,22,07,14,08,05,24,25,07,14,03,05,25,12,03,15,05,25,04,09,-1,17,12,23,15,05,08,24,15,03,16,-1,07,15,03,08,19,-1,23,11,15,15,12,15,19,21,08,04,20,23,06,03,24,23,23,01,12,23,10,24,05,06,12,-1,03,03,11,-1,12,15,18,12,24,09,24,06,05,-1,01,-1,23,09,11,17,10,03,13,03,24,-1,15,14,16,12,-1,15,23,04,01,10,03,15,19,05,04,04,10,03,10,08,05,05,07,05,18,11,25,24,07,08,24,11,24,19,25,19,19,24,01,16,24,25,16,-1,24,10,09,10,15,15,02,12,09,03,03,17,03,12,25,15,16,01,12,08,19,05,14,16,02,23,14,19,12,23,05,15,12,04,03,03,01,01,15,22,12,20,12,12,13,13,16,23,12,19,15,15,05,-1,12,03,15,12,-1,24,19,19,11,08,24,15,03,08,22,06,05,03,08,15,25,03,12,-1,23,12,09,03,05,21,07,15,22,16,15,16,16,12,11,08,25,09,05,20,07,05,23,09,12,03,08,16,-1,16,19,14,12,24,-1,-1,20,04,05,12,02,03,15,03,22,20,14,03,16,01,12,24,24,12,-1,20,08,24,-1,15,11,03,21,13,02,12,06,22,13,20,12,01,25,04,17,08,23,20,15,24,12,19,07,03,03,12,-1,15,03,11,15,15,03,16,01,22,08,06,10,09,21,18,08,15,15,13,18,12,23,15,22,07,-1,15,24,24,-1,11,15,12,02,-1,10,04,25,03,24,24,15,15,25,08,22,10,12,01,11,-1,03,22,03,03,15,15,14,19,22,03,18,-1,13,15,08,03,03,10,21,05,15,25,08,08,23,09,15,11,21,05,01,12,23,06,13,23,02,23,01,24,03,09,-1,15,01,03,24,23,19,13,07,05,25,23,16,03,15,02,09,17,24,03,20,23,23,-1,13,01,03,18,21,24,03,03,13,03,24,16,05,12,-1,08,03,01,08,19,04,19,08,19,08,23,05,24,09,05,02,-1,12,08,03,14,25,25,23,18,01,03,12,03,-1,09,05,21,15,11,16,01,03,04,24,24,23,23,15,01,03,25,24,-1,03,05,24,03,05,10,09,08,03,01,24,-1,12,09,23,-1,07,11,09,25,02,09,15,01,05,13,05,10,05,-1,-1,24,09,08,05,03,16,15,05,09,18,23,03,24,23,03,-1,25,23,-1,24,05,08,01,23,15,23,22,10,09,20,-1,02,16,20,16,12,01,23,14,18,23,03,20,24,04,24,08,01,15,19,03,12,13,19,15,12,16,12,22,20,12,25,08,24 ◦ checkers: NULL ◦ batchSize: 0 ◦ useDEA: TRUE ◦ distance: NULL ◦ hclustMethod: ward.D2 ◦ allCheckResults:  ◦ initialIteration: 1
[2026-07-24 11:48:21] Merging cells' uniform clustering: START
[2026-07-24 11:48:21] The merge algorithm will use 3 passes
[2026-07-24 11:48:21] Start merging nearest clusters - the main threshold is: 1.37
[2026-07-24 11:48:21] Start merging nearest clusters: iteration 1
[2026-07-24 11:48:21] Differential Expression Analysis - START
[2026-07-24 11:48:23] *[2026-07-24 11:48:23]  DEA on cluster '-1' with 253 cells
[2026-07-24 11:48:24] *[2026-07-24 11:48:24]  DEA on cluster '01' with 219 cells
[2026-07-24 11:48:24] *[2026-07-24 11:48:24]  DEA on cluster '02' with 64 cells
[2026-07-24 11:48:24] *[2026-07-24 11:48:24]  DEA on cluster '03' with 392 cells
[2026-07-24 11:48:24] *[2026-07-24 11:48:24]  DEA on cluster '04' with 131 cells
[2026-07-24 11:48:24] *[2026-07-24 11:48:24]  DEA on cluster '05' with 194 cells
[2026-07-24 11:48:24] *[2026-07-24 11:48:24]  DEA on cluster '06' with 50 cells
[2026-07-24 11:48:24] *[2026-07-24 11:48:24]  DEA on cluster '07' with 100 cells
[2026-07-24 11:48:24] *[2026-07-24 11:48:24]  DEA on cluster '08' with 143 cells
[2026-07-24 11:48:24] *[2026-07-24 11:48:24]  DEA on cluster '09' with 159 cells
[2026-07-24 11:48:24] *[2026-07-24 11:48:24]  DEA on cluster '10' with 60 cells
[2026-07-24 11:48:24] *[2026-07-24 11:48:24]  DEA on cluster '11' with 112 cells
[2026-07-24 11:48:24] *[2026-07-24 11:48:24]  DEA on cluster '12' with 348 cells
[2026-07-24 11:48:24] *[2026-07-24 11:48:24]  DEA on cluster '13' with 79 cells
[2026-07-24 11:48:24] *[2026-07-24 11:48:24]  DEA on cluster '14' with 78 cells
[2026-07-24 11:48:24] *[2026-07-24 11:48:24]  DEA on cluster '15' with 338 cells
[2026-07-24 11:48:24] *[2026-07-24 11:48:24]  DEA on cluster '16' with 187 cells
[2026-07-24 11:48:25] *[2026-07-24 11:48:25]  DEA on cluster '17' with 64 cells
[2026-07-24 11:48:25] *[2026-07-24 11:48:25]  DEA on cluster '18' with 52 cells
[2026-07-24 11:48:25] *[2026-07-24 11:48:25]  DEA on cluster '19' with 145 cells
[2026-07-24 11:48:25] *[2026-07-24 11:48:25]  DEA on cluster '20' with 133 cells
[2026-07-24 11:48:25] *[2026-07-24 11:48:25]  DEA on cluster '21' with 78 cells
[2026-07-24 11:48:25] *[2026-07-24 11:48:25]  DEA on cluster '22' with 56 cells
[2026-07-24 11:48:25] *[2026-07-24 11:48:25]  DEA on cluster '23' with 253 cells
[2026-07-24 11:48:25] *[2026-07-24 11:48:25]  DEA on cluster '24' with 265 cells
[2026-07-24 11:48:25] *[2026-07-24 11:48:25]  DEA on cluster '25' with 138 cells
[2026-07-24 11:48:25] 
[2026-07-24 11:48:25] Total calculations elapsed time: 4.27842116355896
[2026-07-24 11:48:25] Differential Expression Analysis - DONE
[2026-07-24 11:48:28] Updating check results for the 0 already tested pairs to align to new checker
[2026-07-24 11:48:28] 11 new clusters pairs to be tested for merging:
c("01", "02") c("-1", "06") c("08", "09") c("07", "09") c("08", "12") c("07", "08") c("19", "20") c("09", "24") c("12", "13") c("15", "16") c("11", "12")
[2026-07-24 11:48:28] *[2026-07-24 11:48:28] 01_02-merge
[2026-07-24 11:48:28] Asked to drop 0 genes and 3808 cells
[2026-07-24 11:48:28] COTAN dataset analysis: START
[2026-07-24 11:48:28] Asked to drop 5105 genes and 0 cells
[2026-07-24 11:48:28] Genes/cells selection done: dropped [5105] genes and [0] cells
[2026-07-24 11:48:28] Working on [13028] genes and [283] cells
[2026-07-24 11:48:29] Dataset cleaning elapsed time: 0.748882532119751
[2026-07-24 11:48:29] Estimate `dispersion`: START
[2026-07-24 11:48:29] Effective number of cores used: 40
[2026-07-24 11:48:29] Executing 13 genes batches
[2026-07-24 11:48:29] Parallel dispersion Newton-Raphson: used up to 5 iterations
[2026-07-24 11:48:30] Parallel dispersion Newton-Raphson: used up to 6 iterations
[2026-07-24 11:48:30] Parallel dispersion Newton-Raphson: used up to 5 iterations
[2026-07-24 11:48:30] Parallel dispersion Newton-Raphson: used up to 5 iterations
[2026-07-24 11:48:30] Parallel dispersion Newton-Raphson: used up to 6 iterations
[2026-07-24 11:48:30] Parallel dispersion Newton-Raphson: used up to 5 iterations
[2026-07-24 11:48:30] Parallel dispersion Newton-Raphson: used up to 5 iterations
[2026-07-24 11:48:31] Parallel dispersion Newton-Raphson: used up to 5 iterations
[2026-07-24 11:48:31] Parallel dispersion Newton-Raphson: used up to 5 iterations
[2026-07-24 11:48:31] Parallel dispersion Newton-Raphson: used up to 5 iterations
[2026-07-24 11:48:31] Parallel dispersion Newton-Raphson: used up to 5 iterations
[2026-07-24 11:48:31] Parallel dispersion Newton-Raphson: used up to 6 iterations
[2026-07-24 11:48:31] Parallel dispersion Newton-Raphson: used up to 5 iterations
[2026-07-24 11:48:34] Total calculations elapsed time: 5.00431084632874
[2026-07-24 11:48:34] Estimate `dispersion`: DONE
[2026-07-24 11:48:34] Estimate `dispersion`: DONE
[2026-07-24 11:48:34] `dispersion` | min: -0.145972444272443 | max: 160.058632127722 | % negative: 62.9183297513049
[2026-07-24 11:48:35] Model parameter estimation elapsed time: 5.80304765701294
[2026-07-24 11:48:35] COTAN genes' COEX estimation: START
[2026-07-24 11:48:35] Effective number of cores used: 40
[2026-07-24 11:48:35] Calculate genes COEX (torch) on device cpu: START
[2026-07-24 11:48:35] Retrieving expected genes contingency table
[2026-07-24 11:48:35] Expected genes contingency table elapsed time: 0.0823583602905273
[2026-07-24 11:48:35] Calculating genes COEX normalization factor
[2026-07-24 11:48:36] Calculating genes COEX normalization factor elapsed time: 1.22698402404785
[2026-07-24 11:48:36] Retrieving observed genes yes/yes contingency table
[2026-07-24 11:48:36] Observed genes contingency table elapsed time: 0.110947370529175
[2026-07-24 11:48:44] Calculate genes COEX elapsed time: 7.69425368309021
[2026-07-24 11:48:44] Total calculations elapsed time: 9.11454343795776
[2026-07-24 11:48:44] Calculate genes COEX (torch) on device cpu: DONE
[2026-07-24 11:48:45] Only genes' COEX elapsed time: 9.8514232635498
[2026-07-24 11:48:45] Dataset analysis elapsed time: 16.4033534526825
[2026-07-24 11:48:45] COTAN dataset analysis: DONE
[2026-07-24 11:48:45] Checking uniformity for the cluster '01_02-merge' with 283 cells
[2026-07-24 11:48:45] Calculate GDI dataframe: START
[2026-07-24 11:48:45] Using S
[2026-07-24 11:48:45] Calculating S: START
[2026-07-24 11:48:50] Calculating S: DONE
[2026-07-24 11:48:50] Calculate `GDI`: START
[2026-07-24 11:48:50] Effective number of cores used: 40
[2026-07-24 11:48:50] Effective number of cores used: 40
[2026-07-24 11:48:50] Executing 13 genes batches
[2026-07-24 11:48:56] Total calculations elapsed time: 5.54972219467163
[2026-07-24 11:48:56] Calculate `GDI`: DONE
[2026-07-24 11:48:57] Total calculations elapsed time: 11.7088387012482
[2026-07-24 11:48:57] Calculate GDI dataframe: DONE
[2026-07-24 11:48:57] Clean plots: START
[2026-07-24 11:48:57] Total calculations elapsed time: 0.0230469703674316
[2026-07-24 11:48:57] Clean plots: DONE
[2026-07-24 11:48:57] GDI plot
[2026-07-24 11:48:57] Removed 1 low GDI genes (such as the fully-expressed) in GDI plot
[2026-07-24 11:48:59] Cluster 01_02-merge, with size 283, is not uniform
[2026-07-24 11:48:59] Cluster 01_02-merge's shift to uniformity: 0.0290669936858245
[2026-07-24 11:48:59] class = SimpleGDIUniformityCheck, check.isCheckAbove = FALSE, check.GDIThreshold = 1.37, check.maxRatioBeyond = 0.01, check.maxRankBeyond = 0, check.fractionBeyond = 0.0168099478047283, check.thresholdRank = 0, check.quantileAtRatio = 1.39906699368582, check.quantileAtRank = NaN, isUniform = FALSE, clusterSize = 283
[2026-07-24 11:49:00] Clusters 01 and 02 cannot be merged
[2026-07-24 11:49:00] *[2026-07-24 11:49:00] -1_06-merge
[2026-07-24 11:49:00] Asked to drop 0 genes and 3788 cells
[2026-07-24 11:49:00] COTAN dataset analysis: START
[2026-07-24 11:49:00] Asked to drop 2747 genes and 0 cells
[2026-07-24 11:49:00] Genes/cells selection done: dropped [2747] genes and [0] cells
[2026-07-24 11:49:00] Working on [15386] genes and [303] cells
[2026-07-24 11:49:01] Dataset cleaning elapsed time: 0.784273147583008
[2026-07-24 11:49:01] Estimate `dispersion`: START
[2026-07-24 11:49:01] Effective number of cores used: 40
[2026-07-24 11:49:01] Executing 16 genes batches
[2026-07-24 11:49:01] Parallel dispersion Newton-Raphson: used up to 6 iterations
[2026-07-24 11:49:01] Parallel dispersion Newton-Raphson: used up to 7 iterations
[2026-07-24 11:49:01] Parallel dispersion Newton-Raphson: used up to 6 iterations
[2026-07-24 11:49:02] Parallel dispersion Newton-Raphson: used up to 6 iterations
[2026-07-24 11:49:02] Parallel dispersion Newton-Raphson: used up to 7 iterations
[2026-07-24 11:49:02] Parallel dispersion Newton-Raphson: used up to 6 iterations
[2026-07-24 11:49:02] Parallel dispersion Newton-Raphson: used up to 6 iterations
[2026-07-24 11:49:02] Parallel dispersion Newton-Raphson: used up to 6 iterations
[2026-07-24 11:49:02] Parallel dispersion Newton-Raphson: used up to 6 iterations
[2026-07-24 11:49:03] Parallel dispersion Newton-Raphson: used up to 6 iterations
[2026-07-24 11:49:03] Parallel dispersion Newton-Raphson: used up to 7 iterations
[2026-07-24 11:49:03] Parallel dispersion Newton-Raphson: used up to 7 iterations
[2026-07-24 11:49:03] Parallel dispersion Newton-Raphson: used up to 7 iterations
[2026-07-24 11:49:03] Parallel dispersion Newton-Raphson: used up to 8 iterations
[2026-07-24 11:49:04] Parallel dispersion Newton-Raphson: used up to 6 iterations
[2026-07-24 11:49:04] Parallel dispersion Newton-Raphson: used up to 7 iterations
[2026-07-24 11:49:06] Total calculations elapsed time: 5.63375449180603
[2026-07-24 11:49:06] Estimate `dispersion`: DONE
[2026-07-24 11:49:06] Estimate `dispersion`: DONE
[2026-07-24 11:49:06] `dispersion` | min: -0.186778810940758 | max: 197.932898723597 | % negative: 48.7456128948395
[2026-07-24 11:49:07] Model parameter estimation elapsed time: 6.362872838974
[2026-07-24 11:49:07] COTAN genes' COEX estimation: START
[2026-07-24 11:49:07] Effective number of cores used: 40
[2026-07-24 11:49:07] Calculate genes COEX (torch) on device cpu: START
[2026-07-24 11:49:07] Retrieving expected genes contingency table
[2026-07-24 11:49:07] Expected genes contingency table elapsed time: 0.134222984313965
[2026-07-24 11:49:07] Calculating genes COEX normalization factor
[2026-07-24 11:49:09] Calculating genes COEX normalization factor elapsed time: 1.43363380432129
[2026-07-24 11:49:09] Retrieving observed genes yes/yes contingency table
[2026-07-24 11:49:09] Observed genes contingency table elapsed time: 0.139910459518433
[2026-07-24 11:49:20] Calculate genes COEX elapsed time: 11.0062091350555
[2026-07-24 11:49:20] Total calculations elapsed time: 12.7139763832092
[2026-07-24 11:49:20] Calculate genes COEX (torch) on device cpu: DONE
[2026-07-24 11:49:21] Only genes' COEX elapsed time: 13.4426090717316
[2026-07-24 11:49:21] Dataset analysis elapsed time: 20.5897550582886
[2026-07-24 11:49:21] COTAN dataset analysis: DONE
[2026-07-24 11:49:21] Checking uniformity for the cluster '-1_06-merge' with 303 cells
[2026-07-24 11:49:21] Calculate GDI dataframe: START
[2026-07-24 11:49:21] Using S
[2026-07-24 11:49:21] Calculating S: START
[2026-07-24 11:49:28] Calculating S: DONE
[2026-07-24 11:49:28] Calculate `GDI`: START
[2026-07-24 11:49:28] Effective number of cores used: 40
[2026-07-24 11:49:28] Effective number of cores used: 40
[2026-07-24 11:49:28] Executing 16 genes batches
[2026-07-24 11:49:34] Total calculations elapsed time: 5.50054836273193
[2026-07-24 11:49:34] Calculate `GDI`: DONE
[2026-07-24 11:49:35] Total calculations elapsed time: 13.8137948513031
[2026-07-24 11:49:35] Calculate GDI dataframe: DONE
[2026-07-24 11:49:35] Clean plots: START
[2026-07-24 11:49:35] Total calculations elapsed time: 0.025235652923584
[2026-07-24 11:49:35] Clean plots: DONE
[2026-07-24 11:49:35] GDI plot
[2026-07-24 11:49:35] Removed 0 low GDI genes (such as the fully-expressed) in GDI plot
[2026-07-24 11:49:37] Cluster -1_06-merge, with size 303, is not uniform
[2026-07-24 11:49:37] Cluster -1_06-merge's shift to uniformity: 1.08376245325116
[2026-07-24 11:49:37] class = SimpleGDIUniformityCheck, check.isCheckAbove = FALSE, check.GDIThreshold = 1.37, check.maxRatioBeyond = 0.01, check.maxRankBeyond = 0, check.fractionBeyond = 0.32503574678279, check.thresholdRank = 0, check.quantileAtRatio = 2.45376245325116, check.quantileAtRank = NaN, isUniform = FALSE, clusterSize = 303
[2026-07-24 11:49:38] Clusters -1 and 06 cannot be merged
[2026-07-24 11:49:38] *[2026-07-24 11:49:38] 08_09-merge
[2026-07-24 11:49:38] Asked to drop 0 genes and 3789 cells
[2026-07-24 11:49:38] COTAN dataset analysis: START
[2026-07-24 11:49:38] Asked to drop 1433 genes and 0 cells
[2026-07-24 11:49:38] Genes/cells selection done: dropped [1433] genes and [0] cells
[2026-07-24 11:49:38] Working on [16700] genes and [302] cells
[2026-07-24 11:49:39] Dataset cleaning elapsed time: 0.884700775146484
[2026-07-24 11:49:39] Estimate `dispersion`: START
[2026-07-24 11:49:39] Effective number of cores used: 40
[2026-07-24 11:49:39] Executing 17 genes batches
[2026-07-24 11:49:39] Parallel dispersion Newton-Raphson: used up to 6 iterations
[2026-07-24 11:49:39] Parallel dispersion Newton-Raphson: used up to 6 iterations
[2026-07-24 11:49:40] Parallel dispersion Newton-Raphson: used up to 5 iterations
[2026-07-24 11:49:40] Parallel dispersion Newton-Raphson: used up to 5 iterations
[2026-07-24 11:49:40] Parallel dispersion Newton-Raphson: used up to 6 iterations
[2026-07-24 11:49:40] Parallel dispersion Newton-Raphson: used up to 5 iterations
[2026-07-24 11:49:40] Parallel dispersion Newton-Raphson: used up to 6 iterations
[2026-07-24 11:49:40] Parallel dispersion Newton-Raphson: used up to 5 iterations
[2026-07-24 11:49:41] Parallel dispersion Newton-Raphson: used up to 6 iterations
[2026-07-24 11:49:41] Parallel dispersion Newton-Raphson: used up to 5 iterations
[2026-07-24 11:49:41] Parallel dispersion Newton-Raphson: used up to 5 iterations
[2026-07-24 11:49:41] Parallel dispersion Newton-Raphson: used up to 5 iterations
[2026-07-24 11:49:41] Parallel dispersion Newton-Raphson: used up to 7 iterations
[2026-07-24 11:49:42] Parallel dispersion Newton-Raphson: used up to 6 iterations
[2026-07-24 11:49:42] Parallel dispersion Newton-Raphson: used up to 6 iterations
[2026-07-24 11:49:42] Parallel dispersion Newton-Raphson: used up to 6 iterations
[2026-07-24 11:49:42] Parallel dispersion Newton-Raphson: used up to 5 iterations
[2026-07-24 11:49:45] Total calculations elapsed time: 5.86448287963867
[2026-07-24 11:49:45] Estimate `dispersion`: DONE
[2026-07-24 11:49:45] Estimate `dispersion`: DONE
[2026-07-24 11:49:45] `dispersion` | min: -0.161755703329711 | max: 213.276722739519 | % negative: 51.1437125748503
[2026-07-24 11:49:45] Model parameter estimation elapsed time: 6.65667128562927
[2026-07-24 11:49:45] COTAN genes' COEX estimation: START
[2026-07-24 11:49:45] Effective number of cores used: 40
[2026-07-24 11:49:45] Calculate genes COEX (torch) on device cpu: START
[2026-07-24 11:49:45] Retrieving expected genes contingency table
[2026-07-24 11:49:46] Expected genes contingency table elapsed time: 0.146772861480713
[2026-07-24 11:49:46] Calculating genes COEX normalization factor
[2026-07-24 11:49:47] Calculating genes COEX normalization factor elapsed time: 1.62272191047668
[2026-07-24 11:49:47] Retrieving observed genes yes/yes contingency table
[2026-07-24 11:49:47] Observed genes contingency table elapsed time: 0.157033920288086
[2026-07-24 11:50:00] Calculate genes COEX elapsed time: 12.7335820198059
[2026-07-24 11:50:00] Total calculations elapsed time: 14.6601107120514
[2026-07-24 11:50:00] Calculate genes COEX (torch) on device cpu: DONE
[2026-07-24 11:50:01] Only genes' COEX elapsed time: 15.4540119171143
[2026-07-24 11:50:01] Dataset analysis elapsed time: 22.99538397789
[2026-07-24 11:50:01] COTAN dataset analysis: DONE
[2026-07-24 11:50:02] Checking uniformity for the cluster '08_09-merge' with 302 cells
[2026-07-24 11:50:02] Calculate GDI dataframe: START
[2026-07-24 11:50:02] Using S
[2026-07-24 11:50:02] Calculating S: START
[2026-07-24 11:50:10] Calculating S: DONE
[2026-07-24 11:50:10] Calculate `GDI`: START
[2026-07-24 11:50:10] Effective number of cores used: 40
[2026-07-24 11:50:10] Effective number of cores used: 40
[2026-07-24 11:50:10] Executing 17 genes batches
[2026-07-24 11:50:17] Total calculations elapsed time: 7.06196475028992
[2026-07-24 11:50:17] Calculate `GDI`: DONE
[2026-07-24 11:50:19] Total calculations elapsed time: 17.4533529281616
[2026-07-24 11:50:19] Calculate GDI dataframe: DONE
[2026-07-24 11:50:19] Clean plots: START
[2026-07-24 11:50:19] Total calculations elapsed time: 0.0249521732330322
[2026-07-24 11:50:19] Clean plots: DONE
[2026-07-24 11:50:19] GDI plot
[2026-07-24 11:50:19] Removed 23 low GDI genes (such as the fully-expressed) in GDI plot
[2026-07-24 11:50:22] Cluster 08_09-merge, with size 302, is uniform
[2026-07-24 11:50:22] Cluster 08_09-merge's shift to uniformity: -0.00217402626431018
[2026-07-24 11:50:22] class = SimpleGDIUniformityCheck, check.isCheckAbove = FALSE, check.GDIThreshold = 1.37, check.maxRatioBeyond = 0.01, check.maxRankBeyond = 0, check.fractionBeyond = 0.00898203592814371, check.thresholdRank = 0, check.quantileAtRatio = 1.36782597373569, check.quantileAtRank = NaN, isUniform = TRUE, clusterSize = 302
[2026-07-24 11:50:23] Clusters 08 and 09 can be merged
[2026-07-24 11:50:23] *[2026-07-24 11:50:23] 07_09-merge
[2026-07-24 11:50:23] Asked to drop 0 genes and 3832 cells
[2026-07-24 11:50:23] COTAN dataset analysis: START
[2026-07-24 11:50:23] Asked to drop 1907 genes and 0 cells
[2026-07-24 11:50:23] Genes/cells selection done: dropped [1907] genes and [0] cells
[2026-07-24 11:50:23] Working on [16226] genes and [259] cells
[2026-07-24 11:50:24] Dataset cleaning elapsed time: 1.1576521396637
[2026-07-24 11:50:24] Estimate `dispersion`: START
[2026-07-24 11:50:24] Effective number of cores used: 40
[2026-07-24 11:50:24] Executing 16 genes batches
[2026-07-24 11:50:24] Parallel dispersion Newton-Raphson: used up to 6 iterations
[2026-07-24 11:50:24] Parallel dispersion Newton-Raphson: used up to 6 iterations
[2026-07-24 11:50:24] Parallel dispersion Newton-Raphson: used up to 6 iterations
[2026-07-24 11:50:25] Parallel dispersion Newton-Raphson: used up to 6 iterations
[2026-07-24 11:50:25] Parallel dispersion Newton-Raphson: used up to 5 iterations
[2026-07-24 11:50:25] Parallel dispersion Newton-Raphson: used up to 7 iterations
[2026-07-24 11:50:25] Parallel dispersion Newton-Raphson: used up to 6 iterations
[2026-07-24 11:50:25] Parallel dispersion Newton-Raphson: used up to 7 iterations
[2026-07-24 11:50:26] Parallel dispersion Newton-Raphson: used up to 5 iterations
[2026-07-24 11:50:26] Parallel dispersion Newton-Raphson: used up to 5 iterations
[2026-07-24 11:50:26] Parallel dispersion Newton-Raphson: used up to 5 iterations
[2026-07-24 11:50:26] Parallel dispersion Newton-Raphson: used up to 7 iterations
[2026-07-24 11:50:26] Parallel dispersion Newton-Raphson: used up to 6 iterations
[2026-07-24 11:50:27] Parallel dispersion Newton-Raphson: used up to 5 iterations
[2026-07-24 11:50:27] Parallel dispersion Newton-Raphson: used up to 6 iterations
[2026-07-24 11:50:27] Parallel dispersion Newton-Raphson: used up to 5 iterations
[2026-07-24 11:50:30] Total calculations elapsed time: 6.39324498176575
[2026-07-24 11:50:30] Estimate `dispersion`: DONE
[2026-07-24 11:50:30] Estimate `dispersion`: DONE
[2026-07-24 11:50:30] `dispersion` | min: -0.236064919048741 | max: 334.250382806849 | % negative: 51.9228398866017
[2026-07-24 11:50:31] Model parameter estimation elapsed time: 7.49497747421265
[2026-07-24 11:50:31] COTAN genes' COEX estimation: START
[2026-07-24 11:50:31] Effective number of cores used: 40
[2026-07-24 11:50:31] Calculate genes COEX (torch) on device cpu: START
[2026-07-24 11:50:31] Retrieving expected genes contingency table
[2026-07-24 11:50:31] Expected genes contingency table elapsed time: 0.125396251678467
[2026-07-24 11:50:31] Calculating genes COEX normalization factor
[2026-07-24 11:50:33] Calculating genes COEX normalization factor elapsed time: 1.58782267570496
[2026-07-24 11:50:33] Retrieving observed genes yes/yes contingency table
[2026-07-24 11:50:33] Observed genes contingency table elapsed time: 0.121525764465332
[2026-07-24 11:50:45] Calculate genes COEX elapsed time: 12.3106677532196
[2026-07-24 11:50:45] Total calculations elapsed time: 14.1454124450684
[2026-07-24 11:50:45] Calculate genes COEX (torch) on device cpu: DONE
[2026-07-24 11:50:46] Only genes' COEX elapsed time: 15.1628501415253
[2026-07-24 11:50:46] Dataset analysis elapsed time: 23.8154797554016
[2026-07-24 11:50:46] COTAN dataset analysis: DONE
[2026-07-24 11:50:47] Checking uniformity for the cluster '07_09-merge' with 259 cells
[2026-07-24 11:50:47] Calculate GDI dataframe: START
[2026-07-24 11:50:47] Using S
[2026-07-24 11:50:47] Calculating S: START
[2026-07-24 11:50:55] Calculating S: DONE
[2026-07-24 11:50:55] Calculate `GDI`: START
[2026-07-24 11:50:55] Effective number of cores used: 40
[2026-07-24 11:50:55] Effective number of cores used: 40
[2026-07-24 11:50:55] Executing 16 genes batches
[2026-07-24 11:51:02] Total calculations elapsed time: 6.97278904914856
[2026-07-24 11:51:02] Calculate `GDI`: DONE
[2026-07-24 11:51:03] Total calculations elapsed time: 16.1063973903656
[2026-07-24 11:51:03] Calculate GDI dataframe: DONE
[2026-07-24 11:51:03] Clean plots: START
[2026-07-24 11:51:03] Total calculations elapsed time: 0.0231332778930664
[2026-07-24 11:51:03] Clean plots: DONE
[2026-07-24 11:51:03] GDI plot
[2026-07-24 11:51:03] Removed 17 low GDI genes (such as the fully-expressed) in GDI plot
[2026-07-24 11:51:06] Cluster 07_09-merge, with size 259, is uniform
[2026-07-24 11:51:06] Cluster 07_09-merge's shift to uniformity: -0.028552426705414
[2026-07-24 11:51:06] class = SimpleGDIUniformityCheck, check.isCheckAbove = FALSE, check.GDIThreshold = 1.37, check.maxRatioBeyond = 0.01, check.maxRankBeyond = 0, check.fractionBeyond = 0.00320473314433625, check.thresholdRank = 0, check.quantileAtRatio = 1.34144757329459, check.quantileAtRank = NaN, isUniform = TRUE, clusterSize = 259
[2026-07-24 11:51:06] Clusters 07 and 09 can be merged
[2026-07-24 11:51:06] *[2026-07-24 11:51:06] 08_12-merge
[2026-07-24 11:51:06] Asked to drop 0 genes and 3600 cells
[2026-07-24 11:51:06] COTAN dataset analysis: START
[2026-07-24 11:51:06] Asked to drop 909 genes and 0 cells
[2026-07-24 11:51:06] Genes/cells selection done: dropped [909] genes and [0] cells
[2026-07-24 11:51:06] Working on [17224] genes and [491] cells
[2026-07-24 11:51:07] Dataset cleaning elapsed time: 0.972805023193359
[2026-07-24 11:51:07] Estimate `dispersion`: START
[2026-07-24 11:51:07] Effective number of cores used: 40
[2026-07-24 11:51:07] Executing 17 genes batches
[2026-07-24 11:51:08] Parallel dispersion Newton-Raphson: used up to 6 iterations
[2026-07-24 11:51:08] Parallel dispersion Newton-Raphson: used up to 7 iterations
[2026-07-24 11:51:08] Parallel dispersion Newton-Raphson: used up to 5 iterations
[2026-07-24 11:51:08] Parallel dispersion Newton-Raphson: used up to 5 iterations
[2026-07-24 11:51:08] Parallel dispersion Newton-Raphson: used up to 6 iterations
[2026-07-24 11:51:09] Parallel dispersion Newton-Raphson: used up to 5 iterations
[2026-07-24 11:51:09] Parallel dispersion Newton-Raphson: used up to 5 iterations
[2026-07-24 11:51:09] Parallel dispersion Newton-Raphson: used up to 5 iterations
[2026-07-24 11:51:09] Parallel dispersion Newton-Raphson: used up to 6 iterations
[2026-07-24 11:51:09] Parallel dispersion Newton-Raphson: used up to 6 iterations
[2026-07-24 11:51:10] Parallel dispersion Newton-Raphson: used up to 6 iterations
[2026-07-24 11:51:10] Parallel dispersion Newton-Raphson: used up to 6 iterations
[2026-07-24 11:51:10] Parallel dispersion Newton-Raphson: used up to 7 iterations
[2026-07-24 11:51:10] Parallel dispersion Newton-Raphson: used up to 6 iterations
[2026-07-24 11:51:10] Parallel dispersion Newton-Raphson: used up to 6 iterations
[2026-07-24 11:51:11] Parallel dispersion Newton-Raphson: used up to 5 iterations
[2026-07-24 11:51:11] Parallel dispersion Newton-Raphson: used up to 5 iterations
[2026-07-24 11:51:14] Total calculations elapsed time: 6.37518954277039
[2026-07-24 11:51:14] Estimate `dispersion`: DONE
[2026-07-24 11:51:14] Estimate `dispersion`: DONE
[2026-07-24 11:51:14] `dispersion` | min: -0.197675993044908 | max: 630.34170624395 | % negative: 49.3381328379006
[2026-07-24 11:51:15] Model parameter estimation elapsed time: 7.22677183151245
[2026-07-24 11:51:15] COTAN genes' COEX estimation: START
[2026-07-24 11:51:15] Effective number of cores used: 40
[2026-07-24 11:51:15] Calculate genes COEX (torch) on device cpu: START
[2026-07-24 11:51:15] Retrieving expected genes contingency table
[2026-07-24 11:51:15] Expected genes contingency table elapsed time: 0.17041277885437
[2026-07-24 11:51:15] Calculating genes COEX normalization factor
[2026-07-24 11:51:16] Calculating genes COEX normalization factor elapsed time: 1.62574791908264
[2026-07-24 11:51:16] Retrieving observed genes yes/yes contingency table
[2026-07-24 11:51:17] Observed genes contingency table elapsed time: 0.216326475143433
[2026-07-24 11:51:30] Calculate genes COEX elapsed time: 13.5438330173492
[2026-07-24 11:51:30] Total calculations elapsed time: 15.5563201904297
[2026-07-24 11:51:30] Calculate genes COEX (torch) on device cpu: DONE
[2026-07-24 11:51:31] Only genes' COEX elapsed time: 16.296569108963
[2026-07-24 11:51:31] Dataset analysis elapsed time: 24.4961459636688
[2026-07-24 11:51:31] COTAN dataset analysis: DONE
[2026-07-24 11:51:32] Checking uniformity for the cluster '08_12-merge' with 491 cells
[2026-07-24 11:51:32] Calculate GDI dataframe: START
[2026-07-24 11:51:32] Using S
[2026-07-24 11:51:32] Calculating S: START
[2026-07-24 11:51:40] Calculating S: DONE
[2026-07-24 11:51:40] Calculate `GDI`: START
[2026-07-24 11:51:40] Effective number of cores used: 40
[2026-07-24 11:51:40] Effective number of cores used: 40
[2026-07-24 11:51:40] Executing 17 genes batches
[2026-07-24 11:51:48] Total calculations elapsed time: 7.45563650131226
[2026-07-24 11:51:48] Calculate `GDI`: DONE
[2026-07-24 11:51:49] Total calculations elapsed time: 17.8386855125427
[2026-07-24 11:51:49] Calculate GDI dataframe: DONE
[2026-07-24 11:51:49] Clean plots: START
[2026-07-24 11:51:49] Total calculations elapsed time: 0.0233473777770996
[2026-07-24 11:51:49] Clean plots: DONE
[2026-07-24 11:51:49] GDI plot
[2026-07-24 11:51:49] Removed 15 low GDI genes (such as the fully-expressed) in GDI plot
[2026-07-24 11:51:52] Cluster 08_12-merge, with size 491, is not uniform
[2026-07-24 11:51:52] Cluster 08_12-merge's shift to uniformity: 0.0670441797853405
[2026-07-24 11:51:52] class = SimpleGDIUniformityCheck, check.isCheckAbove = FALSE, check.GDIThreshold = 1.37, check.maxRatioBeyond = 0.01, check.maxRankBeyond = 0, check.fractionBeyond = 0.0346028797027404, check.thresholdRank = 0, check.quantileAtRatio = 1.43704417978534, check.quantileAtRank = NaN, isUniform = FALSE, clusterSize = 491
[2026-07-24 11:51:53] Clusters 08 and 12 cannot be merged
[2026-07-24 11:51:53] *[2026-07-24 11:51:53] 07_08-merge
[2026-07-24 11:51:53] Asked to drop 0 genes and 3848 cells
[2026-07-24 11:51:53] COTAN dataset analysis: START
[2026-07-24 11:51:53] Asked to drop 1792 genes and 0 cells
[2026-07-24 11:51:53] Genes/cells selection done: dropped [1792] genes and [0] cells
[2026-07-24 11:51:53] Working on [16341] genes and [243] cells
[2026-07-24 11:51:53] Dataset cleaning elapsed time: 0.85544228553772
[2026-07-24 11:51:53] Estimate `dispersion`: START
[2026-07-24 11:51:53] Effective number of cores used: 40
[2026-07-24 11:51:53] Executing 16 genes batches
[2026-07-24 11:51:54] Parallel dispersion Newton-Raphson: used up to 5 iterations
[2026-07-24 11:51:54] Parallel dispersion Newton-Raphson: used up to 7 iterations
[2026-07-24 11:51:54] Parallel dispersion Newton-Raphson: used up to 6 iterations
[2026-07-24 11:51:54] Parallel dispersion Newton-Raphson: used up to 5 iterations
[2026-07-24 11:51:55] Parallel dispersion Newton-Raphson: used up to 5 iterations
[2026-07-24 11:51:55] Parallel dispersion Newton-Raphson: used up to 7 iterations
[2026-07-24 11:51:55] Parallel dispersion Newton-Raphson: used up to 6 iterations
[2026-07-24 11:51:55] Parallel dispersion Newton-Raphson: used up to 7 iterations
[2026-07-24 11:51:55] Parallel dispersion Newton-Raphson: used up to 5 iterations
[2026-07-24 11:51:56] Parallel dispersion Newton-Raphson: used up to 5 iterations
[2026-07-24 11:51:56] Parallel dispersion Newton-Raphson: used up to 5 iterations
[2026-07-24 11:51:56] Parallel dispersion Newton-Raphson: used up to 7 iterations
[2026-07-24 11:51:56] Parallel dispersion Newton-Raphson: used up to 5 iterations
[2026-07-24 11:51:56] Parallel dispersion Newton-Raphson: used up to 5 iterations
[2026-07-24 11:51:57] Parallel dispersion Newton-Raphson: used up to 6 iterations
[2026-07-24 11:51:57] Parallel dispersion Newton-Raphson: used up to 5 iterations
[2026-07-24 11:52:00] Total calculations elapsed time: 6.23660898208618
[2026-07-24 11:52:00] Estimate `dispersion`: DONE
[2026-07-24 11:52:00] Estimate `dispersion`: DONE
[2026-07-24 11:52:00] `dispersion` | min: -0.278290431275698 | max: 311.674429215017 | % negative: 51.9980417355119
[2026-07-24 11:52:00] Model parameter estimation elapsed time: 7.04925918579102
[2026-07-24 11:52:00] COTAN genes' COEX estimation: START
[2026-07-24 11:52:00] Effective number of cores used: 40
[2026-07-24 11:52:00] Calculate genes COEX (torch) on device cpu: START
[2026-07-24 11:52:00] Retrieving expected genes contingency table
[2026-07-24 11:52:01] Expected genes contingency table elapsed time: 0.135717153549194
[2026-07-24 11:52:01] Calculating genes COEX normalization factor
[2026-07-24 11:52:02] Calculating genes COEX normalization factor elapsed time: 1.57170963287354
[2026-07-24 11:52:02] Retrieving observed genes yes/yes contingency table
[2026-07-24 11:52:02] Observed genes contingency table elapsed time: 0.143672704696655
[2026-07-24 11:52:14] Calculate genes COEX elapsed time: 12.1534905433655
[2026-07-24 11:52:14] Total calculations elapsed time: 14.0045900344849
[2026-07-24 11:52:14] Calculate genes COEX (torch) on device cpu: DONE
[2026-07-24 11:52:15] Only genes' COEX elapsed time: 14.8029708862305
[2026-07-24 11:52:15] Dataset analysis elapsed time: 22.7076723575592
[2026-07-24 11:52:15] COTAN dataset analysis: DONE
[2026-07-24 11:52:16] Checking uniformity for the cluster '07_08-merge' with 243 cells
[2026-07-24 11:52:16] Calculate GDI dataframe: START
[2026-07-24 11:52:16] Using S
[2026-07-24 11:52:16] Calculating S: START
[2026-07-24 11:52:24] Calculating S: DONE
[2026-07-24 11:52:24] Calculate `GDI`: START
[2026-07-24 11:52:24] Effective number of cores used: 40
[2026-07-24 11:52:24] Effective number of cores used: 40
[2026-07-24 11:52:24] Executing 16 genes batches
[2026-07-24 11:52:31] Total calculations elapsed time: 6.94770550727844
[2026-07-24 11:52:31] Calculate `GDI`: DONE
[2026-07-24 11:52:32] Total calculations elapsed time: 16.3408153057098
[2026-07-24 11:52:32] Calculate GDI dataframe: DONE
[2026-07-24 11:52:32] Clean plots: START
[2026-07-24 11:52:32] Total calculations elapsed time: 0.0230047702789307
[2026-07-24 11:52:32] Clean plots: DONE
[2026-07-24 11:52:32] GDI plot
[2026-07-24 11:52:32] Removed 17 low GDI genes (such as the fully-expressed) in GDI plot
[2026-07-24 11:52:35] Cluster 07_08-merge, with size 243, is uniform
[2026-07-24 11:52:35] Cluster 07_08-merge's shift to uniformity: -0.000373660108314411
[2026-07-24 11:52:35] class = SimpleGDIUniformityCheck, check.isCheckAbove = FALSE, check.GDIThreshold = 1.37, check.maxRatioBeyond = 0.01, check.maxRankBeyond = 0, check.fractionBeyond = 0.00991371397099321, check.thresholdRank = 0, check.quantileAtRatio = 1.36962633989169, check.quantileAtRank = NaN, isUniform = TRUE, clusterSize = 243
[2026-07-24 11:52:35] Clusters 07 and 08 can be merged
[2026-07-24 11:52:35] *[2026-07-24 11:52:35] 19_20-merge
[2026-07-24 11:52:35] Asked to drop 0 genes and 3813 cells
[2026-07-24 11:52:35] COTAN dataset analysis: START
[2026-07-24 11:52:35] Asked to drop 1892 genes and 0 cells
[2026-07-24 11:52:35] Genes/cells selection done: dropped [1892] genes and [0] cells
[2026-07-24 11:52:35] Working on [16241] genes and [278] cells
[2026-07-24 11:52:36] Dataset cleaning elapsed time: 0.818686962127686
[2026-07-24 11:52:36] Estimate `dispersion`: START
[2026-07-24 11:52:36] Effective number of cores used: 40
[2026-07-24 11:52:36] Executing 16 genes batches
[2026-07-24 11:52:37] Parallel dispersion Newton-Raphson: used up to 7 iterations
[2026-07-24 11:52:37] Parallel dispersion Newton-Raphson: used up to 6 iterations
[2026-07-24 11:52:37] Parallel dispersion Newton-Raphson: used up to 6 iterations
[2026-07-24 11:52:37] Parallel dispersion Newton-Raphson: used up to 6 iterations
[2026-07-24 11:52:37] Parallel dispersion Newton-Raphson: used up to 6 iterations
[2026-07-24 11:52:37] Parallel dispersion Newton-Raphson: used up to 5 iterations
[2026-07-24 11:52:38] Parallel dispersion Newton-Raphson: used up to 6 iterations
[2026-07-24 11:52:38] Parallel dispersion Newton-Raphson: used up to 7 iterations
[2026-07-24 11:52:38] Parallel dispersion Newton-Raphson: used up to 6 iterations
[2026-07-24 11:52:38] Parallel dispersion Newton-Raphson: used up to 5 iterations
[2026-07-24 11:52:38] Parallel dispersion Newton-Raphson: used up to 5 iterations
[2026-07-24 11:52:39] Parallel dispersion Newton-Raphson: used up to 7 iterations
[2026-07-24 11:52:39] Parallel dispersion Newton-Raphson: used up to 6 iterations
[2026-07-24 11:52:39] Parallel dispersion Newton-Raphson: used up to 6 iterations
[2026-07-24 11:52:39] Parallel dispersion Newton-Raphson: used up to 6 iterations
[2026-07-24 11:52:39] Parallel dispersion Newton-Raphson: used up to 5 iterations
[2026-07-24 11:52:42] Total calculations elapsed time: 6.06818819046021
[2026-07-24 11:52:42] Estimate `dispersion`: DONE
[2026-07-24 11:52:42] Estimate `dispersion`: DONE
[2026-07-24 11:52:42] `dispersion` | min: -0.19029854228869 | max: 248.082555795476 | % negative: 51.3823040453174
[2026-07-24 11:52:43] Model parameter estimation elapsed time: 6.92791771888733
[2026-07-24 11:52:43] COTAN genes' COEX estimation: START
[2026-07-24 11:52:43] Effective number of cores used: 40
[2026-07-24 11:52:43] Calculate genes COEX (torch) on device cpu: START
[2026-07-24 11:52:43] Retrieving expected genes contingency table
[2026-07-24 11:52:43] Expected genes contingency table elapsed time: 0.141197919845581
[2026-07-24 11:52:43] Calculating genes COEX normalization factor
[2026-07-24 11:52:45] Calculating genes COEX normalization factor elapsed time: 1.56845831871033
[2026-07-24 11:52:45] Retrieving observed genes yes/yes contingency table
[2026-07-24 11:52:45] Observed genes contingency table elapsed time: 0.156592845916748
[2026-07-24 11:52:57] Calculate genes COEX elapsed time: 11.9596855640411
[2026-07-24 11:52:57] Total calculations elapsed time: 13.8259346485138
[2026-07-24 11:52:57] Calculate genes COEX (torch) on device cpu: DONE
[2026-07-24 11:52:58] Only genes' COEX elapsed time: 14.6176478862762
[2026-07-24 11:52:58] Dataset analysis elapsed time: 22.3642525672913
[2026-07-24 11:52:58] COTAN dataset analysis: DONE
[2026-07-24 11:52:59] Checking uniformity for the cluster '19_20-merge' with 278 cells
[2026-07-24 11:52:59] Calculate GDI dataframe: START
[2026-07-24 11:52:59] Using S
[2026-07-24 11:52:59] Calculating S: START
[2026-07-24 11:53:06] Calculating S: DONE
[2026-07-24 11:53:06] Calculate `GDI`: START
[2026-07-24 11:53:06] Effective number of cores used: 40
[2026-07-24 11:53:06] Effective number of cores used: 40
[2026-07-24 11:53:06] Executing 16 genes batches
[2026-07-24 11:53:13] Total calculations elapsed time: 6.74151945114136
[2026-07-24 11:53:13] Calculate `GDI`: DONE
[2026-07-24 11:53:15] Total calculations elapsed time: 15.9425644874573
[2026-07-24 11:53:15] Calculate GDI dataframe: DONE
[2026-07-24 11:53:15] Clean plots: START
[2026-07-24 11:53:15] Total calculations elapsed time: 0.0230836868286133
[2026-07-24 11:53:15] Clean plots: DONE
[2026-07-24 11:53:15] GDI plot
[2026-07-24 11:53:15] Removed 5 low GDI genes (such as the fully-expressed) in GDI plot
[2026-07-24 11:53:18] Cluster 19_20-merge, with size 278, is not uniform
[2026-07-24 11:53:18] Cluster 19_20-merge's shift to uniformity: 0.0625086126346535
[2026-07-24 11:53:18] class = SimpleGDIUniformityCheck, check.isCheckAbove = FALSE, check.GDIThreshold = 1.37, check.maxRatioBeyond = 0.01, check.maxRankBeyond = 0, check.fractionBeyond = 0.0326950310941444, check.thresholdRank = 0, check.quantileAtRatio = 1.43250861263465, check.quantileAtRank = NaN, isUniform = FALSE, clusterSize = 278
[2026-07-24 11:53:19] Clusters 19 and 20 cannot be merged
[2026-07-24 11:53:19] *[2026-07-24 11:53:19] 09_24-merge
[2026-07-24 11:53:19] Asked to drop 0 genes and 3667 cells
[2026-07-24 11:53:19] COTAN dataset analysis: START
[2026-07-24 11:53:19] Asked to drop 830 genes and 0 cells
[2026-07-24 11:53:19] Genes/cells selection done: dropped [830] genes and [0] cells
[2026-07-24 11:53:19] Working on [17303] genes and [424] cells
[2026-07-24 11:53:20] Dataset cleaning elapsed time: 1.02960133552551
[2026-07-24 11:53:20] Estimate `dispersion`: START
[2026-07-24 11:53:20] Effective number of cores used: 40
[2026-07-24 11:53:20] Executing 17 genes batches
[2026-07-24 11:53:20] Parallel dispersion Newton-Raphson: used up to 6 iterations
[2026-07-24 11:53:20] Parallel dispersion Newton-Raphson: used up to 6 iterations
[2026-07-24 11:53:21] Parallel dispersion Newton-Raphson: used up to 5 iterations
[2026-07-24 11:53:21] Parallel dispersion Newton-Raphson: used up to 6 iterations
[2026-07-24 11:53:21] Parallel dispersion Newton-Raphson: used up to 7 iterations
[2026-07-24 11:53:21] Parallel dispersion Newton-Raphson: used up to 5 iterations
[2026-07-24 11:53:22] Parallel dispersion Newton-Raphson: used up to 5 iterations
[2026-07-24 11:53:22] Parallel dispersion Newton-Raphson: used up to 5 iterations
[2026-07-24 11:53:22] Parallel dispersion Newton-Raphson: used up to 7 iterations
[2026-07-24 11:53:22] Parallel dispersion Newton-Raphson: used up to 5 iterations
[2026-07-24 11:53:23] Parallel dispersion Newton-Raphson: used up to 5 iterations
[2026-07-24 11:53:23] Parallel dispersion Newton-Raphson: used up to 5 iterations
[2026-07-24 11:53:23] Parallel dispersion Newton-Raphson: used up to 7 iterations
[2026-07-24 11:53:23] Parallel dispersion Newton-Raphson: used up to 6 iterations
[2026-07-24 11:53:24] Parallel dispersion Newton-Raphson: used up to 6 iterations
[2026-07-24 11:53:24] Parallel dispersion Newton-Raphson: used up to 6 iterations
[2026-07-24 11:53:24] Parallel dispersion Newton-Raphson: used up to 5 iterations
[2026-07-24 11:53:27] Total calculations elapsed time: 7.00911736488342
[2026-07-24 11:53:27] Estimate `dispersion`: DONE
[2026-07-24 11:53:27] Estimate `dispersion`: DONE
[2026-07-24 11:53:27] `dispersion` | min: -0.11761445307879 | max: 546.383969995731 | % negative: 46.9629544009709
[2026-07-24 11:53:28] Model parameter estimation elapsed time: 7.82176280021667
[2026-07-24 11:53:28] COTAN genes' COEX estimation: START
[2026-07-24 11:53:28] Effective number of cores used: 40
[2026-07-24 11:53:28] Calculate genes COEX (torch) on device cpu: START
[2026-07-24 11:53:28] Retrieving expected genes contingency table
[2026-07-24 11:53:28] Expected genes contingency table elapsed time: 0.214253664016724
[2026-07-24 11:53:28] Calculating genes COEX normalization factor
[2026-07-24 11:53:29] Calculating genes COEX normalization factor elapsed time: 1.59614539146423
[2026-07-24 11:53:29] Retrieving observed genes yes/yes contingency table
[2026-07-24 11:53:30] Observed genes contingency table elapsed time: 0.186376094818115
[2026-07-24 11:53:44] Calculate genes COEX elapsed time: 13.9961109161377
[2026-07-24 11:53:44] Total calculations elapsed time: 15.9928860664368
[2026-07-24 11:53:44] Calculate genes COEX (torch) on device cpu: DONE
[2026-07-24 11:53:44] Only genes' COEX elapsed time: 16.7540335655212
[2026-07-24 11:53:44] Dataset analysis elapsed time: 25.6053977012634
[2026-07-24 11:53:44] COTAN dataset analysis: DONE
[2026-07-24 11:53:45] Checking uniformity for the cluster '09_24-merge' with 424 cells
[2026-07-24 11:53:45] Calculate GDI dataframe: START
[2026-07-24 11:53:45] Using S
[2026-07-24 11:53:45] Calculating S: START
[2026-07-24 11:53:54] Calculating S: DONE
[2026-07-24 11:53:54] Calculate `GDI`: START
[2026-07-24 11:53:54] Effective number of cores used: 40
[2026-07-24 11:53:54] Effective number of cores used: 40
[2026-07-24 11:53:54] Executing 17 genes batches
[2026-07-24 11:54:03] Total calculations elapsed time: 8.70244073867798
[2026-07-24 11:54:03] Calculate `GDI`: DONE
[2026-07-24 11:54:05] Total calculations elapsed time: 19.6291792392731
[2026-07-24 11:54:05] Calculate GDI dataframe: DONE
[2026-07-24 11:54:05] Clean plots: START
[2026-07-24 11:54:05] Total calculations elapsed time: 0.0232081413269043
[2026-07-24 11:54:05] Clean plots: DONE
[2026-07-24 11:54:05] GDI plot
[2026-07-24 11:54:05] Removed 13 low GDI genes (such as the fully-expressed) in GDI plot
[2026-07-24 11:54:07] Cluster 09_24-merge, with size 424, is not uniform
[2026-07-24 11:54:07] Cluster 09_24-merge's shift to uniformity: 0.0118121137497289
[2026-07-24 11:54:07] class = SimpleGDIUniformityCheck, check.isCheckAbove = FALSE, check.GDIThreshold = 1.37, check.maxRatioBeyond = 0.01, check.maxRankBeyond = 0, check.fractionBeyond = 0.01427498121713, check.thresholdRank = 0, check.quantileAtRatio = 1.38181211374973, check.quantileAtRank = NaN, isUniform = FALSE, clusterSize = 424
[2026-07-24 11:54:08] Clusters 09 and 24 cannot be merged
[2026-07-24 11:54:08] *[2026-07-24 11:54:08] 12_13-merge
[2026-07-24 11:54:08] Asked to drop 0 genes and 3664 cells
[2026-07-24 11:54:08] COTAN dataset analysis: START
[2026-07-24 11:54:08] Asked to drop 1170 genes and 0 cells
[2026-07-24 11:54:08] Genes/cells selection done: dropped [1170] genes and [0] cells
[2026-07-24 11:54:08] Working on [16963] genes and [427] cells
[2026-07-24 11:54:09] Dataset cleaning elapsed time: 0.880405426025391
[2026-07-24 11:54:09] Estimate `dispersion`: START
[2026-07-24 11:54:09] Effective number of cores used: 40
[2026-07-24 11:54:09] Executing 17 genes batches
[2026-07-24 11:54:09] Parallel dispersion Newton-Raphson: used up to 5 iterations
[2026-07-24 11:54:09] Parallel dispersion Newton-Raphson: used up to 6 iterations
[2026-07-24 11:54:10] Parallel dispersion Newton-Raphson: used up to 5 iterations
[2026-07-24 11:54:10] Parallel dispersion Newton-Raphson: used up to 5 iterations
[2026-07-24 11:54:10] Parallel dispersion Newton-Raphson: used up to 6 iterations
[2026-07-24 11:54:10] Parallel dispersion Newton-Raphson: used up to 6 iterations
[2026-07-24 11:54:10] Parallel dispersion Newton-Raphson: used up to 5 iterations
[2026-07-24 11:54:11] Parallel dispersion Newton-Raphson: used up to 5 iterations
[2026-07-24 11:54:11] Parallel dispersion Newton-Raphson: used up to 6 iterations
[2026-07-24 11:54:11] Parallel dispersion Newton-Raphson: used up to 5 iterations
[2026-07-24 11:54:11] Parallel dispersion Newton-Raphson: used up to 5 iterations
[2026-07-24 11:54:12] Parallel dispersion Newton-Raphson: used up to 5 iterations
[2026-07-24 11:54:12] Parallel dispersion Newton-Raphson: used up to 7 iterations
[2026-07-24 11:54:12] Parallel dispersion Newton-Raphson: used up to 6 iterations
[2026-07-24 11:54:12] Parallel dispersion Newton-Raphson: used up to 6 iterations
[2026-07-24 11:54:13] Parallel dispersion Newton-Raphson: used up to 5 iterations
[2026-07-24 11:54:13] Parallel dispersion Newton-Raphson: used up to 5 iterations
[2026-07-24 11:54:15] Total calculations elapsed time: 6.7970712184906
[2026-07-24 11:54:15] Estimate `dispersion`: DONE
[2026-07-24 11:54:15] Estimate `dispersion`: DONE
[2026-07-24 11:54:15] `dispersion` | min: -0.180314663731647 | max: 329.617676588895 | % negative: 50.486352649885
[2026-07-24 11:54:16] Model parameter estimation elapsed time: 7.62443518638611
[2026-07-24 11:54:16] COTAN genes' COEX estimation: START
[2026-07-24 11:54:16] Effective number of cores used: 40
[2026-07-24 11:54:16] Calculate genes COEX (torch) on device cpu: START
[2026-07-24 11:54:16] Retrieving expected genes contingency table
[2026-07-24 11:54:16] Expected genes contingency table elapsed time: 0.185860157012939
[2026-07-24 11:54:16] Calculating genes COEX normalization factor
[2026-07-24 11:54:18] Calculating genes COEX normalization factor elapsed time: 1.55798196792603
[2026-07-24 11:54:18] Retrieving observed genes yes/yes contingency table
[2026-07-24 11:54:18] Observed genes contingency table elapsed time: 0.228968620300293
[2026-07-24 11:54:32] Calculate genes COEX elapsed time: 13.4595878124237
[2026-07-24 11:54:32] Total calculations elapsed time: 15.432398557663
[2026-07-24 11:54:32] Calculate genes COEX (torch) on device cpu: DONE
[2026-07-24 11:54:32] Only genes' COEX elapsed time: 16.1972796916962
[2026-07-24 11:54:32] Dataset analysis elapsed time: 24.7021203041077
[2026-07-24 11:54:32] COTAN dataset analysis: DONE
[2026-07-24 11:54:33] Checking uniformity for the cluster '12_13-merge' with 427 cells
[2026-07-24 11:54:33] Calculate GDI dataframe: START
[2026-07-24 11:54:33] Using S
[2026-07-24 11:54:33] Calculating S: START
[2026-07-24 11:54:42] Calculating S: DONE
[2026-07-24 11:54:42] Calculate `GDI`: START
[2026-07-24 11:54:42] Effective number of cores used: 40
[2026-07-24 11:54:42] Effective number of cores used: 40
[2026-07-24 11:54:42] Executing 17 genes batches
[2026-07-24 11:54:50] Total calculations elapsed time: 8.33913159370422
[2026-07-24 11:54:50] Calculate `GDI`: DONE
[2026-07-24 11:54:52] Total calculations elapsed time: 18.7378523349762
[2026-07-24 11:54:52] Calculate GDI dataframe: DONE
[2026-07-24 11:54:52] Clean plots: START
[2026-07-24 11:54:52] Total calculations elapsed time: 0.0239517688751221
[2026-07-24 11:54:52] Clean plots: DONE
[2026-07-24 11:54:52] GDI plot
[2026-07-24 11:54:52] Removed 15 low GDI genes (such as the fully-expressed) in GDI plot
[2026-07-24 11:54:54] Cluster 12_13-merge, with size 427, is not uniform
[2026-07-24 11:54:54] Cluster 12_13-merge's shift to uniformity: 0.0363063770582277
[2026-07-24 11:54:54] class = SimpleGDIUniformityCheck, check.isCheckAbove = FALSE, check.GDIThreshold = 1.37, check.maxRatioBeyond = 0.01, check.maxRankBeyond = 0, check.fractionBeyond = 0.0212816129222425, check.thresholdRank = 0, check.quantileAtRatio = 1.40630637705823, check.quantileAtRank = NaN, isUniform = FALSE, clusterSize = 427
[2026-07-24 11:54:55] Clusters 12 and 13 cannot be merged
[2026-07-24 11:54:55] *[2026-07-24 11:54:55] 15_16-merge
[2026-07-24 11:54:55] Asked to drop 0 genes and 3566 cells
[2026-07-24 11:54:55] COTAN dataset analysis: START
[2026-07-24 11:54:55] Asked to drop 1312 genes and 0 cells
[2026-07-24 11:54:55] Genes/cells selection done: dropped [1312] genes and [0] cells
[2026-07-24 11:54:55] Working on [16821] genes and [525] cells
[2026-07-24 11:54:56] Dataset cleaning elapsed time: 0.991527557373047
[2026-07-24 11:54:56] Estimate `dispersion`: START
[2026-07-24 11:54:56] Effective number of cores used: 40
[2026-07-24 11:54:56] Executing 17 genes batches
[2026-07-24 11:54:56] Parallel dispersion Newton-Raphson: used up to 5 iterations
[2026-07-24 11:54:57] Parallel dispersion Newton-Raphson: used up to 6 iterations
[2026-07-24 11:54:57] Parallel dispersion Newton-Raphson: used up to 6 iterations
[2026-07-24 11:54:57] Parallel dispersion Newton-Raphson: used up to 5 iterations
[2026-07-24 11:54:57] Parallel dispersion Newton-Raphson: used up to 6 iterations
[2026-07-24 11:54:58] Parallel dispersion Newton-Raphson: used up to 6 iterations
[2026-07-24 11:54:58] Parallel dispersion Newton-Raphson: used up to 6 iterations
[2026-07-24 11:54:58] Parallel dispersion Newton-Raphson: used up to 6 iterations
[2026-07-24 11:54:58] Parallel dispersion Newton-Raphson: used up to 6 iterations
[2026-07-24 11:54:58] Parallel dispersion Newton-Raphson: used up to 6 iterations
[2026-07-24 11:54:59] Parallel dispersion Newton-Raphson: used up to 5 iterations
[2026-07-24 11:54:59] Parallel dispersion Newton-Raphson: used up to 6 iterations
[2026-07-24 11:54:59] Parallel dispersion Newton-Raphson: used up to 7 iterations
[2026-07-24 11:54:59] Parallel dispersion Newton-Raphson: used up to 6 iterations
[2026-07-24 11:55:00] Parallel dispersion Newton-Raphson: used up to 6 iterations
[2026-07-24 11:55:00] Parallel dispersion Newton-Raphson: used up to 6 iterations
[2026-07-24 11:55:00] Parallel dispersion Newton-Raphson: used up to 5 iterations
[2026-07-24 11:55:03] Total calculations elapsed time: 6.95383977890015
[2026-07-24 11:55:03] Estimate `dispersion`: DONE
[2026-07-24 11:55:03] Estimate `dispersion`: DONE
[2026-07-24 11:55:03] `dispersion` | min: -0.151708815814633 | max: 250.811504339645 | % negative: 44.5038939420962
[2026-07-24 11:55:04] Model parameter estimation elapsed time: 7.73143815994263
[2026-07-24 11:55:04] COTAN genes' COEX estimation: START
[2026-07-24 11:55:04] Effective number of cores used: 40
[2026-07-24 11:55:04] Calculate genes COEX (torch) on device cpu: START
[2026-07-24 11:55:04] Retrieving expected genes contingency table
[2026-07-24 11:55:04] Expected genes contingency table elapsed time: 0.164011001586914
[2026-07-24 11:55:04] Calculating genes COEX normalization factor
[2026-07-24 11:55:05] Calculating genes COEX normalization factor elapsed time: 1.53405785560608
[2026-07-24 11:55:05] Retrieving observed genes yes/yes contingency table
[2026-07-24 11:55:06] Observed genes contingency table elapsed time: 0.208719253540039
[2026-07-24 11:55:19] Calculate genes COEX elapsed time: 13.3081023693085
[2026-07-24 11:55:19] Total calculations elapsed time: 15.2148904800415
[2026-07-24 11:55:19] Calculate genes COEX (torch) on device cpu: DONE
[2026-07-24 11:55:20] Only genes' COEX elapsed time: 15.9634046554565
[2026-07-24 11:55:20] Dataset analysis elapsed time: 24.6863703727722
[2026-07-24 11:55:20] COTAN dataset analysis: DONE
[2026-07-24 11:55:20] Checking uniformity for the cluster '15_16-merge' with 525 cells
[2026-07-24 11:55:20] Calculate GDI dataframe: START
[2026-07-24 11:55:20] Using S
[2026-07-24 11:55:20] Calculating S: START
[2026-07-24 11:55:29] Calculating S: DONE
[2026-07-24 11:55:29] Calculate `GDI`: START
[2026-07-24 11:55:29] Effective number of cores used: 40
[2026-07-24 11:55:29] Effective number of cores used: 40
[2026-07-24 11:55:29] Executing 17 genes batches
[2026-07-24 11:55:37] Total calculations elapsed time: 8.28640937805176
[2026-07-24 11:55:37] Calculate `GDI`: DONE
[2026-07-24 11:55:40] Total calculations elapsed time: 19.2469751834869
[2026-07-24 11:55:40] Calculate GDI dataframe: DONE
[2026-07-24 11:55:40] Clean plots: START
[2026-07-24 11:55:40] Total calculations elapsed time: 0.0242493152618408
[2026-07-24 11:55:40] Clean plots: DONE
[2026-07-24 11:55:40] GDI plot
[2026-07-24 11:55:40] Removed 15 low GDI genes (such as the fully-expressed) in GDI plot
[2026-07-24 11:55:42] Cluster 15_16-merge, with size 525, is not uniform
[2026-07-24 11:55:42] Cluster 15_16-merge's shift to uniformity: 0.0608610170296138
[2026-07-24 11:55:42] class = SimpleGDIUniformityCheck, check.isCheckAbove = FALSE, check.GDIThreshold = 1.37, check.maxRatioBeyond = 0.01, check.maxRankBeyond = 0, check.fractionBeyond = 0.0317460317460317, check.thresholdRank = 0, check.quantileAtRatio = 1.43086101702961, check.quantileAtRank = NaN, isUniform = FALSE, clusterSize = 525
[2026-07-24 11:55:43] Clusters 15 and 16 cannot be merged
[2026-07-24 11:55:43] *[2026-07-24 11:55:43] 11_12-merge
[2026-07-24 11:55:43] Asked to drop 0 genes and 3631 cells
[2026-07-24 11:55:43] COTAN dataset analysis: START
[2026-07-24 11:55:43] Asked to drop 1062 genes and 0 cells
[2026-07-24 11:55:43] Genes/cells selection done: dropped [1062] genes and [0] cells
[2026-07-24 11:55:43] Working on [17071] genes and [460] cells
[2026-07-24 11:55:44] Dataset cleaning elapsed time: 1.03014230728149
[2026-07-24 11:55:44] Estimate `dispersion`: START
[2026-07-24 11:55:44] Effective number of cores used: 40
[2026-07-24 11:55:44] Executing 17 genes batches
[2026-07-24 11:55:45] Parallel dispersion Newton-Raphson: used up to 5 iterations
[2026-07-24 11:55:45] Parallel dispersion Newton-Raphson: used up to 6 iterations
[2026-07-24 11:55:45] Parallel dispersion Newton-Raphson: used up to 5 iterations
[2026-07-24 11:55:45] Parallel dispersion Newton-Raphson: used up to 5 iterations
[2026-07-24 11:55:46] Parallel dispersion Newton-Raphson: used up to 6 iterations
[2026-07-24 11:55:46] Parallel dispersion Newton-Raphson: used up to 5 iterations
[2026-07-24 11:55:46] Parallel dispersion Newton-Raphson: used up to 5 iterations
[2026-07-24 11:55:46] Parallel dispersion Newton-Raphson: used up to 5 iterations
[2026-07-24 11:55:47] Parallel dispersion Newton-Raphson: used up to 6 iterations
[2026-07-24 11:55:47] Parallel dispersion Newton-Raphson: used up to 5 iterations
[2026-07-24 11:55:47] Parallel dispersion Newton-Raphson: used up to 5 iterations
[2026-07-24 11:55:47] Parallel dispersion Newton-Raphson: used up to 6 iterations
[2026-07-24 11:55:48] Parallel dispersion Newton-Raphson: used up to 7 iterations
[2026-07-24 11:55:48] Parallel dispersion Newton-Raphson: used up to 6 iterations
[2026-07-24 11:55:48] Parallel dispersion Newton-Raphson: used up to 6 iterations
[2026-07-24 11:55:48] Parallel dispersion Newton-Raphson: used up to 6 iterations
[2026-07-24 11:55:49] Parallel dispersion Newton-Raphson: used up to 5 iterations
[2026-07-24 11:55:51] Total calculations elapsed time: 6.99521780014038
[2026-07-24 11:55:51] Estimate `dispersion`: DONE
[2026-07-24 11:55:51] Estimate `dispersion`: DONE
[2026-07-24 11:55:51] `dispersion` | min: -0.159510490915234 | max: 272.760738638019 | % negative: 50.0907972585086
[2026-07-24 11:55:52] Model parameter estimation elapsed time: 7.86796474456787
[2026-07-24 11:55:52] COTAN genes' COEX estimation: START
[2026-07-24 11:55:52] Effective number of cores used: 40
[2026-07-24 11:55:52] Calculate genes COEX (torch) on device cpu: START
[2026-07-24 11:55:52] Retrieving expected genes contingency table
[2026-07-24 11:55:52] Expected genes contingency table elapsed time: 0.164161920547485
[2026-07-24 11:55:52] Calculating genes COEX normalization factor
[2026-07-24 11:55:54] Calculating genes COEX normalization factor elapsed time: 1.6962616443634
[2026-07-24 11:55:54] Retrieving observed genes yes/yes contingency table
[2026-07-24 11:55:54] Observed genes contingency table elapsed time: 0.191257953643799
[2026-07-24 11:56:08] Calculate genes COEX elapsed time: 13.8886027336121
[2026-07-24 11:56:08] Total calculations elapsed time: 15.9402842521667
[2026-07-24 11:56:08] Calculate genes COEX (torch) on device cpu: DONE
[2026-07-24 11:56:09] Only genes' COEX elapsed time: 16.8113985061646
[2026-07-24 11:56:09] Dataset analysis elapsed time: 25.7095055580139
[2026-07-24 11:56:09] COTAN dataset analysis: DONE
[2026-07-24 11:56:10] Checking uniformity for the cluster '11_12-merge' with 460 cells
[2026-07-24 11:56:10] Calculate GDI dataframe: START
[2026-07-24 11:56:10] Using S
[2026-07-24 11:56:10] Calculating S: START
[2026-07-24 11:56:19] Calculating S: DONE
[2026-07-24 11:56:19] Calculate `GDI`: START
[2026-07-24 11:56:19] Effective number of cores used: 40
[2026-07-24 11:56:19] Effective number of cores used: 40
[2026-07-24 11:56:19] Executing 17 genes batches
[2026-07-24 11:56:27] Total calculations elapsed time: 8.1652717590332
[2026-07-24 11:56:27] Calculate `GDI`: DONE
[2026-07-24 11:56:29] Total calculations elapsed time: 18.7010328769684
[2026-07-24 11:56:29] Calculate GDI dataframe: DONE
[2026-07-24 11:56:29] Clean plots: START
[2026-07-24 11:56:29] Total calculations elapsed time: 0.0242373943328857
[2026-07-24 11:56:29] Clean plots: DONE
[2026-07-24 11:56:29] GDI plot
[2026-07-24 11:56:29] Removed 13 low GDI genes (such as the fully-expressed) in GDI plot
[2026-07-24 11:56:31] Cluster 11_12-merge, with size 460, is not uniform
[2026-07-24 11:56:31] Cluster 11_12-merge's shift to uniformity: 0.0307630683875157
[2026-07-24 11:56:31] class = SimpleGDIUniformityCheck, check.isCheckAbove = FALSE, check.GDIThreshold = 1.37, check.maxRatioBeyond = 0.01, check.maxRankBeyond = 0, check.fractionBeyond = 0.0190381348485736, check.thresholdRank = 0, check.quantileAtRatio = 1.40076306838752, check.quantileAtRank = NaN, isUniform = FALSE, clusterSize = 460
[2026-07-24 11:56:32] Clusters 11 and 12 cannot be merged
[2026-07-24 11:56:32] Finished the first batch - no merges were executed
[2026-07-24 11:56:32] Loop calculations elapsed time: 491.04977273941
[2026-07-24 11:56:32] Start merging nearest clusters: iteration 2
[2026-07-24 11:56:32] Differential Expression Analysis - START
[2026-07-24 11:56:35] *[2026-07-24 11:56:35]  DEA on cluster '-1' with 253 cells
[2026-07-24 11:56:35] *[2026-07-24 11:56:35]  DEA on cluster '01' with 219 cells
[2026-07-24 11:56:35] *[2026-07-24 11:56:35]  DEA on cluster '02' with 64 cells
[2026-07-24 11:56:35] *[2026-07-24 11:56:35]  DEA on cluster '03' with 392 cells
[2026-07-24 11:56:35] *[2026-07-24 11:56:35]  DEA on cluster '04' with 131 cells
[2026-07-24 11:56:35] *[2026-07-24 11:56:35]  DEA on cluster '05' with 194 cells
[2026-07-24 11:56:35] *[2026-07-24 11:56:35]  DEA on cluster '06' with 50 cells
[2026-07-24 11:56:35] *[2026-07-24 11:56:35]  DEA on cluster '07' with 100 cells
[2026-07-24 11:56:35] *[2026-07-24 11:56:35]  DEA on cluster '08' with 143 cells
[2026-07-24 11:56:35] *[2026-07-24 11:56:35]  DEA on cluster '09' with 159 cells
[2026-07-24 11:56:35] *[2026-07-24 11:56:35]  DEA on cluster '10' with 60 cells
[2026-07-24 11:56:35] *[2026-07-24 11:56:35]  DEA on cluster '11' with 112 cells
[2026-07-24 11:56:35] *[2026-07-24 11:56:35]  DEA on cluster '12' with 348 cells
[2026-07-24 11:56:35] *[2026-07-24 11:56:35]  DEA on cluster '13' with 79 cells
[2026-07-24 11:56:35] *[2026-07-24 11:56:35]  DEA on cluster '14' with 78 cells
[2026-07-24 11:56:35] *[2026-07-24 11:56:35]  DEA on cluster '15' with 338 cells
[2026-07-24 11:56:36] *[2026-07-24 11:56:36]  DEA on cluster '16' with 187 cells
[2026-07-24 11:56:36] *[2026-07-24 11:56:36]  DEA on cluster '17' with 64 cells
[2026-07-24 11:56:36] *[2026-07-24 11:56:36]  DEA on cluster '18' with 52 cells
[2026-07-24 11:56:36] *[2026-07-24 11:56:36]  DEA on cluster '19' with 145 cells
[2026-07-24 11:56:36] *[2026-07-24 11:56:36]  DEA on cluster '20' with 133 cells
[2026-07-24 11:56:36] *[2026-07-24 11:56:36]  DEA on cluster '21' with 78 cells
[2026-07-24 11:56:36] *[2026-07-24 11:56:36]  DEA on cluster '22' with 56 cells
[2026-07-24 11:56:36] *[2026-07-24 11:56:36]  DEA on cluster '23' with 253 cells
[2026-07-24 11:56:36] *[2026-07-24 11:56:36]  DEA on cluster '24' with 265 cells
[2026-07-24 11:56:36] *[2026-07-24 11:56:36]  DEA on cluster '25' with 138 cells
[2026-07-24 11:56:36] 
[2026-07-24 11:56:36] Total calculations elapsed time: 4.26768565177917
[2026-07-24 11:56:36] Differential Expression Analysis - DONE
[2026-07-24 11:56:39] Updating check results for the 11 already tested pairs to align to new checker
[2026-07-24 11:56:39] 11 new clusters pairs to be tested for merging:
c("11", "13") c("07", "12") c("09", "16") c("19", "22") c("10", "11") c("08", "16") c("20", "21") c("10", "13") c("20", "25") c("21", "22") c("11", "15")
[2026-07-24 11:56:39] *[2026-07-24 11:56:39] 11_13-merge
[2026-07-24 11:56:39] Asked to drop 0 genes and 3900 cells
[2026-07-24 11:56:39] COTAN dataset analysis: START
[2026-07-24 11:56:39] Asked to drop 2297 genes and 0 cells
[2026-07-24 11:56:39] Genes/cells selection done: dropped [2297] genes and [0] cells
[2026-07-24 11:56:39] Working on [15836] genes and [191] cells
[2026-07-24 11:56:40] Dataset cleaning elapsed time: 0.796176433563232
[2026-07-24 11:56:40] Estimate `dispersion`: START
[2026-07-24 11:56:40] Effective number of cores used: 40
[2026-07-24 11:56:40] Executing 16 genes batches
[2026-07-24 11:56:40] Parallel dispersion Newton-Raphson: used up to 5 iterations
[2026-07-24 11:56:40] Parallel dispersion Newton-Raphson: used up to 6 iterations
[2026-07-24 11:56:41] Parallel dispersion Newton-Raphson: used up to 6 iterations
[2026-07-24 11:56:41] Parallel dispersion Newton-Raphson: used up to 6 iterations
[2026-07-24 11:56:41] Parallel dispersion Newton-Raphson: used up to 6 iterations
[2026-07-24 11:56:41] Parallel dispersion Newton-Raphson: used up to 5 iterations
[2026-07-24 11:56:41] Parallel dispersion Newton-Raphson: used up to 5 iterations
[2026-07-24 11:56:42] Parallel dispersion Newton-Raphson: used up to 5 iterations
[2026-07-24 11:56:42] Parallel dispersion Newton-Raphson: used up to 5 iterations
[2026-07-24 11:56:42] Parallel dispersion Newton-Raphson: used up to 5 iterations
[2026-07-24 11:56:42] Parallel dispersion Newton-Raphson: used up to 6 iterations
[2026-07-24 11:56:43] Parallel dispersion Newton-Raphson: used up to 7 iterations
[2026-07-24 11:56:43] Parallel dispersion Newton-Raphson: used up to 6 iterations
[2026-07-24 11:56:43] Parallel dispersion Newton-Raphson: used up to 6 iterations
[2026-07-24 11:56:43] Parallel dispersion Newton-Raphson: used up to 6 iterations
[2026-07-24 11:56:44] Parallel dispersion Newton-Raphson: used up to 5 iterations
[2026-07-24 11:56:46] Total calculations elapsed time: 6.56312775611877
[2026-07-24 11:56:46] Estimate `dispersion`: DONE
[2026-07-24 11:56:46] Estimate `dispersion`: DONE
[2026-07-24 11:56:46] `dispersion` | min: -0.25479151745456 | max: 230.298718768931 | % negative: 54.0098509724678
[2026-07-24 11:56:47] Model parameter estimation elapsed time: 7.30635929107666
[2026-07-24 11:56:47] COTAN genes' COEX estimation: START
[2026-07-24 11:56:47] Effective number of cores used: 40
[2026-07-24 11:56:47] Calculate genes COEX (torch) on device cpu: START
[2026-07-24 11:56:47] Retrieving expected genes contingency table
[2026-07-24 11:56:47] Expected genes contingency table elapsed time: 0.0943186283111572
[2026-07-24 11:56:47] Calculating genes COEX normalization factor
[2026-07-24 11:56:49] Calculating genes COEX normalization factor elapsed time: 1.46989989280701
[2026-07-24 11:56:49] Retrieving observed genes yes/yes contingency table
[2026-07-24 11:56:49] Observed genes contingency table elapsed time: 0.0965518951416016
[2026-07-24 11:57:00] Calculate genes COEX elapsed time: 11.5429291725159
[2026-07-24 11:57:00] Total calculations elapsed time: 13.2036995887756
[2026-07-24 11:57:00] Calculate genes COEX (torch) on device cpu: DONE
[2026-07-24 11:57:01] Only genes' COEX elapsed time: 13.9498038291931
[2026-07-24 11:57:01] Dataset analysis elapsed time: 22.052339553833
[2026-07-24 11:57:01] COTAN dataset analysis: DONE
[2026-07-24 11:57:02] Checking uniformity for the cluster '11_13-merge' with 191 cells
[2026-07-24 11:57:02] Calculate GDI dataframe: START
[2026-07-24 11:57:02] Using S
[2026-07-24 11:57:02] Calculating S: START
[2026-07-24 11:57:09] Calculating S: DONE
[2026-07-24 11:57:09] Calculate `GDI`: START
[2026-07-24 11:57:09] Effective number of cores used: 40
[2026-07-24 11:57:09] Effective number of cores used: 40
[2026-07-24 11:57:09] Executing 16 genes batches
[2026-07-24 11:57:16] Total calculations elapsed time: 6.49637770652771
[2026-07-24 11:57:16] Calculate `GDI`: DONE
[2026-07-24 11:57:17] Total calculations elapsed time: 15.587596654892
[2026-07-24 11:57:17] Calculate GDI dataframe: DONE
[2026-07-24 11:57:17] Clean plots: START
[2026-07-24 11:57:17] Total calculations elapsed time: 0.0233190059661865
[2026-07-24 11:57:17] Clean plots: DONE
[2026-07-24 11:57:17] GDI plot
[2026-07-24 11:57:17] Removed 22 low GDI genes (such as the fully-expressed) in GDI plot
[2026-07-24 11:57:19] Cluster 11_13-merge, with size 191, is uniform
[2026-07-24 11:57:19] Cluster 11_13-merge's shift to uniformity: -0.00548648784779449
[2026-07-24 11:57:19] class = SimpleGDIUniformityCheck, check.isCheckAbove = FALSE, check.GDIThreshold = 1.37, check.maxRatioBeyond = 0.01, check.maxRankBeyond = 0, check.fractionBeyond = 0.00827229098257136, check.thresholdRank = 0, check.quantileAtRatio = 1.36451351215221, check.quantileAtRank = NaN, isUniform = TRUE, clusterSize = 191
[2026-07-24 11:57:20] Clusters 11 and 13 can be merged
[2026-07-24 11:57:20] *[2026-07-24 11:57:20] 07_12-merge
[2026-07-24 11:57:20] Asked to drop 0 genes and 3643 cells
[2026-07-24 11:57:20] COTAN dataset analysis: START
[2026-07-24 11:57:20] Asked to drop 1159 genes and 0 cells
[2026-07-24 11:57:20] Genes/cells selection done: dropped [1159] genes and [0] cells
[2026-07-24 11:57:20] Working on [16974] genes and [448] cells
[2026-07-24 11:57:21] Dataset cleaning elapsed time: 0.8594651222229
[2026-07-24 11:57:21] Estimate `dispersion`: START
[2026-07-24 11:57:21] Effective number of cores used: 40
[2026-07-24 11:57:21] Executing 17 genes batches
[2026-07-24 11:57:22] Parallel dispersion Newton-Raphson: used up to 6 iterations
[2026-07-24 11:57:22] Parallel dispersion Newton-Raphson: used up to 6 iterations
[2026-07-24 11:57:22] Parallel dispersion Newton-Raphson: used up to 6 iterations
[2026-07-24 11:57:22] Parallel dispersion Newton-Raphson: used up to 6 iterations
[2026-07-24 11:57:22] Parallel dispersion Newton-Raphson: used up to 6 iterations
[2026-07-24 11:57:23] Parallel dispersion Newton-Raphson: used up to 5 iterations
[2026-07-24 11:57:23] Parallel dispersion Newton-Raphson: used up to 6 iterations
[2026-07-24 11:57:23] Parallel dispersion Newton-Raphson: used up to 5 iterations
[2026-07-24 11:57:23] Parallel dispersion Newton-Raphson: used up to 7 iterations
[2026-07-24 11:57:24] Parallel dispersion Newton-Raphson: used up to 5 iterations
[2026-07-24 11:57:24] Parallel dispersion Newton-Raphson: used up to 5 iterations
[2026-07-24 11:57:24] Parallel dispersion Newton-Raphson: used up to 6 iterations
[2026-07-24 11:57:24] Parallel dispersion Newton-Raphson: used up to 7 iterations
[2026-07-24 11:57:25] Parallel dispersion Newton-Raphson: used up to 6 iterations
[2026-07-24 11:57:25] Parallel dispersion Newton-Raphson: used up to 6 iterations
[2026-07-24 11:57:25] Parallel dispersion Newton-Raphson: used up to 6 iterations
[2026-07-24 11:57:25] Parallel dispersion Newton-Raphson: used up to 5 iterations
[2026-07-24 11:57:28] Total calculations elapsed time: 6.66912174224854
[2026-07-24 11:57:28] Estimate `dispersion`: DONE
[2026-07-24 11:57:28] Estimate `dispersion`: DONE
[2026-07-24 11:57:28] `dispersion` | min: -0.121478814305697 | max: 354.757852453387 | % negative: 49.9587604571698
[2026-07-24 11:57:29] Model parameter estimation elapsed time: 7.41745758056641
[2026-07-24 11:57:29] COTAN genes' COEX estimation: START
[2026-07-24 11:57:29] Effective number of cores used: 40
[2026-07-24 11:57:29] Calculate genes COEX (torch) on device cpu: START
[2026-07-24 11:57:29] Retrieving expected genes contingency table
[2026-07-24 11:57:29] Expected genes contingency table elapsed time: 0.131462812423706
[2026-07-24 11:57:29] Calculating genes COEX normalization factor
[2026-07-24 11:57:30] Calculating genes COEX normalization factor elapsed time: 1.56205677986145
[2026-07-24 11:57:30] Retrieving observed genes yes/yes contingency table
[2026-07-24 11:57:30] Observed genes contingency table elapsed time: 0.182523488998413
[2026-07-24 11:57:43] Calculate genes COEX elapsed time: 13.0759975910187
[2026-07-24 11:57:43] Total calculations elapsed time: 14.9520406723022
[2026-07-24 11:57:43] Calculate genes COEX (torch) on device cpu: DONE
[2026-07-24 11:57:44] Only genes' COEX elapsed time: 15.7066807746887
[2026-07-24 11:57:44] Dataset analysis elapsed time: 23.983603477478
[2026-07-24 11:57:44] COTAN dataset analysis: DONE
[2026-07-24 11:57:45] Checking uniformity for the cluster '07_12-merge' with 448 cells
[2026-07-24 11:57:45] Calculate GDI dataframe: START
[2026-07-24 11:57:45] Using S
[2026-07-24 11:57:45] Calculating S: START
[2026-07-24 11:57:54] Calculating S: DONE
[2026-07-24 11:57:54] Calculate `GDI`: START
[2026-07-24 11:57:54] Effective number of cores used: 40
[2026-07-24 11:57:54] Effective number of cores used: 40
[2026-07-24 11:57:54] Executing 17 genes batches
[2026-07-24 11:58:02] Total calculations elapsed time: 8.03031182289124
[2026-07-24 11:58:02] Calculate `GDI`: DONE
[2026-07-24 11:58:03] Total calculations elapsed time: 18.1985669136047
[2026-07-24 11:58:03] Calculate GDI dataframe: DONE
[2026-07-24 11:58:03] Clean plots: START
[2026-07-24 11:58:03] Total calculations elapsed time: 0.0231297016143799
[2026-07-24 11:58:03] Clean plots: DONE
[2026-07-24 11:58:03] GDI plot
[2026-07-24 11:58:03] Removed 11 low GDI genes (such as the fully-expressed) in GDI plot
[2026-07-24 11:58:05] Cluster 07_12-merge, with size 448, is not uniform
[2026-07-24 11:58:05] Cluster 07_12-merge's shift to uniformity: 0.0270244758692773
[2026-07-24 11:58:05] class = SimpleGDIUniformityCheck, check.isCheckAbove = FALSE, check.GDIThreshold = 1.37, check.maxRatioBeyond = 0.01, check.maxRankBeyond = 0, check.fractionBeyond = 0.0184399670083657, check.thresholdRank = 0, check.quantileAtRatio = 1.39702447586928, check.quantileAtRank = NaN, isUniform = FALSE, clusterSize = 448
[2026-07-24 11:58:06] Clusters 07 and 12 cannot be merged
[2026-07-24 11:58:06] *[2026-07-24 11:58:06] 09_16-merge
[2026-07-24 11:58:06] Asked to drop 0 genes and 3745 cells
[2026-07-24 11:58:06] COTAN dataset analysis: START
[2026-07-24 11:58:06] Asked to drop 1178 genes and 0 cells
[2026-07-24 11:58:06] Genes/cells selection done: dropped [1178] genes and [0] cells
[2026-07-24 11:58:06] Working on [16955] genes and [346] cells
[2026-07-24 11:58:07] Dataset cleaning elapsed time: 0.820105075836182
[2026-07-24 11:58:07] Estimate `dispersion`: START
[2026-07-24 11:58:07] Effective number of cores used: 40
[2026-07-24 11:58:07] Executing 17 genes batches
[2026-07-24 11:58:07] Parallel dispersion Newton-Raphson: used up to 5 iterations
[2026-07-24 11:58:07] Parallel dispersion Newton-Raphson: used up to 6 iterations
[2026-07-24 11:58:08] Parallel dispersion Newton-Raphson: used up to 5 iterations
[2026-07-24 11:58:08] Parallel dispersion Newton-Raphson: used up to 6 iterations
[2026-07-24 11:58:08] Parallel dispersion Newton-Raphson: used up to 5 iterations
[2026-07-24 11:58:08] Parallel dispersion Newton-Raphson: used up to 5 iterations
[2026-07-24 11:58:09] Parallel dispersion Newton-Raphson: used up to 5 iterations
[2026-07-24 11:58:09] Parallel dispersion Newton-Raphson: used up to 6 iterations
[2026-07-24 11:58:09] Parallel dispersion Newton-Raphson: used up to 6 iterations
[2026-07-24 11:58:09] Parallel dispersion Newton-Raphson: used up to 6 iterations
[2026-07-24 11:58:09] Parallel dispersion Newton-Raphson: used up to 5 iterations
[2026-07-24 11:58:10] Parallel dispersion Newton-Raphson: used up to 5 iterations
[2026-07-24 11:58:10] Parallel dispersion Newton-Raphson: used up to 6 iterations
[2026-07-24 11:58:10] Parallel dispersion Newton-Raphson: used up to 6 iterations
[2026-07-24 11:58:10] Parallel dispersion Newton-Raphson: used up to 6 iterations
[2026-07-24 11:58:11] Parallel dispersion Newton-Raphson: used up to 6 iterations
[2026-07-24 11:58:11] Parallel dispersion Newton-Raphson: used up to 5 iterations
[2026-07-24 11:58:14] Total calculations elapsed time: 6.99094414710999
[2026-07-24 11:58:14] Estimate `dispersion`: DONE
[2026-07-24 11:58:14] Estimate `dispersion`: DONE
[2026-07-24 11:58:14] `dispersion` | min: -0.247218506186328 | max: 205.148235797932 | % negative: 49.2480094367443
[2026-07-24 11:58:15] Model parameter estimation elapsed time: 8.13637542724609
[2026-07-24 11:58:15] COTAN genes' COEX estimation: START
[2026-07-24 11:58:15] Effective number of cores used: 40
[2026-07-24 11:58:15] Calculate genes COEX (torch) on device cpu: START
[2026-07-24 11:58:15] Retrieving expected genes contingency table
[2026-07-24 11:58:15] Expected genes contingency table elapsed time: 0.146810293197632
[2026-07-24 11:58:15] Calculating genes COEX normalization factor
[2026-07-24 11:58:17] Calculating genes COEX normalization factor elapsed time: 1.81462812423706
[2026-07-24 11:58:17] Retrieving observed genes yes/yes contingency table
[2026-07-24 11:58:17] Observed genes contingency table elapsed time: 0.157064437866211
[2026-07-24 11:58:30] Calculate genes COEX elapsed time: 13.0374939441681
[2026-07-24 11:58:30] Total calculations elapsed time: 15.155996799469
[2026-07-24 11:58:30] Calculate genes COEX (torch) on device cpu: DONE
[2026-07-24 11:58:31] Only genes' COEX elapsed time: 15.9147956371307
[2026-07-24 11:58:31] Dataset analysis elapsed time: 24.871276140213
[2026-07-24 11:58:31] COTAN dataset analysis: DONE
[2026-07-24 11:58:32] Checking uniformity for the cluster '09_16-merge' with 346 cells
[2026-07-24 11:58:32] Calculate GDI dataframe: START
[2026-07-24 11:58:32] Using S
[2026-07-24 11:58:32] Calculating S: START
[2026-07-24 11:58:40] Calculating S: DONE
[2026-07-24 11:58:40] Calculate `GDI`: START
[2026-07-24 11:58:40] Effective number of cores used: 40
[2026-07-24 11:58:40] Effective number of cores used: 40
[2026-07-24 11:58:40] Executing 17 genes batches
[2026-07-24 11:58:48] Total calculations elapsed time: 8.03383755683899
[2026-07-24 11:58:48] Calculate `GDI`: DONE
[2026-07-24 11:58:50] Total calculations elapsed time: 18.2877352237701
[2026-07-24 11:58:50] Calculate GDI dataframe: DONE
[2026-07-24 11:58:50] Clean plots: START
[2026-07-24 11:58:50] Total calculations elapsed time: 0.0230989456176758
[2026-07-24 11:58:50] Clean plots: DONE
[2026-07-24 11:58:50] GDI plot
[2026-07-24 11:58:50] Removed 17 low GDI genes (such as the fully-expressed) in GDI plot
[2026-07-24 11:58:52] Cluster 09_16-merge, with size 346, is not uniform
[2026-07-24 11:58:52] Cluster 09_16-merge's shift to uniformity: 0.00681095136353216
[2026-07-24 11:58:52] class = SimpleGDIUniformityCheck, check.isCheckAbove = FALSE, check.GDIThreshold = 1.37, check.maxRatioBeyond = 0.01, check.maxRankBeyond = 0, check.fractionBeyond = 0.0113830728398702, check.thresholdRank = 0, check.quantileAtRatio = 1.37681095136353, check.quantileAtRank = NaN, isUniform = FALSE, clusterSize = 346
[2026-07-24 11:58:53] Clusters 09 and 16 cannot be merged
[2026-07-24 11:58:53] *[2026-07-24 11:58:53] 19_22-merge
[2026-07-24 11:58:53] Asked to drop 0 genes and 3890 cells
[2026-07-24 11:58:53] COTAN dataset analysis: START
[2026-07-24 11:58:53] Asked to drop 2695 genes and 0 cells
[2026-07-24 11:58:53] Genes/cells selection done: dropped [2695] genes and [0] cells
[2026-07-24 11:58:53] Working on [15438] genes and [201] cells
[2026-07-24 11:58:54] Dataset cleaning elapsed time: 0.894220590591431
[2026-07-24 11:58:54] Estimate `dispersion`: START
[2026-07-24 11:58:54] Effective number of cores used: 40
[2026-07-24 11:58:54] Executing 16 genes batches
[2026-07-24 11:58:54] Parallel dispersion Newton-Raphson: used up to 6 iterations
[2026-07-24 11:58:54] Parallel dispersion Newton-Raphson: used up to 7 iterations
[2026-07-24 11:58:54] Parallel dispersion Newton-Raphson: used up to 5 iterations
[2026-07-24 11:58:55] Parallel dispersion Newton-Raphson: used up to 6 iterations
[2026-07-24 11:58:55] Parallel dispersion Newton-Raphson: used up to 6 iterations
[2026-07-24 11:58:55] Parallel dispersion Newton-Raphson: used up to 5 iterations
[2026-07-24 11:58:55] Parallel dispersion Newton-Raphson: used up to 6 iterations
[2026-07-24 11:58:55] Parallel dispersion Newton-Raphson: used up to 6 iterations
[2026-07-24 11:58:56] Parallel dispersion Newton-Raphson: used up to 6 iterations
[2026-07-24 11:58:56] Parallel dispersion Newton-Raphson: used up to 5 iterations
[2026-07-24 11:58:56] Parallel dispersion Newton-Raphson: used up to 5 iterations
[2026-07-24 11:58:56] Parallel dispersion Newton-Raphson: used up to 6 iterations
[2026-07-24 11:58:57] Parallel dispersion Newton-Raphson: used up to 6 iterations
[2026-07-24 11:58:57] Parallel dispersion Newton-Raphson: used up to 6 iterations
[2026-07-24 11:58:57] Parallel dispersion Newton-Raphson: used up to 6 iterations
[2026-07-24 11:58:57] Parallel dispersion Newton-Raphson: used up to 5 iterations
[2026-07-24 11:59:00] Total calculations elapsed time: 6.6190447807312
[2026-07-24 11:59:00] Estimate `dispersion`: DONE
[2026-07-24 11:59:00] Estimate `dispersion`: DONE
[2026-07-24 11:59:00] `dispersion` | min: -0.241043335676244 | max: 201.145052149311 | % negative: 54.4111931597357
[2026-07-24 11:59:01] Model parameter estimation elapsed time: 7.40930080413818
[2026-07-24 11:59:01] COTAN genes' COEX estimation: START
[2026-07-24 11:59:01] Effective number of cores used: 40
[2026-07-24 11:59:01] Calculate genes COEX (torch) on device cpu: START
[2026-07-24 11:59:01] Retrieving expected genes contingency table
[2026-07-24 11:59:01] Expected genes contingency table elapsed time: 0.0956795215606689
[2026-07-24 11:59:01] Calculating genes COEX normalization factor
[2026-07-24 11:59:02] Calculating genes COEX normalization factor elapsed time: 1.39287447929382
[2026-07-24 11:59:02] Retrieving observed genes yes/yes contingency table
[2026-07-24 11:59:03] Observed genes contingency table elapsed time: 0.096240758895874
[2026-07-24 11:59:14] Calculate genes COEX elapsed time: 11.4440212249756
[2026-07-24 11:59:14] Total calculations elapsed time: 13.028815984726
[2026-07-24 11:59:14] Calculate genes COEX (torch) on device cpu: DONE
[2026-07-24 11:59:15] Only genes' COEX elapsed time: 13.8538222312927
[2026-07-24 11:59:15] Dataset analysis elapsed time: 22.1573436260223
[2026-07-24 11:59:15] COTAN dataset analysis: DONE
[2026-07-24 11:59:16] Checking uniformity for the cluster '19_22-merge' with 201 cells
[2026-07-24 11:59:16] Calculate GDI dataframe: START
[2026-07-24 11:59:16] Using S
[2026-07-24 11:59:16] Calculating S: START
[2026-07-24 11:59:23] Calculating S: DONE
[2026-07-24 11:59:23] Calculate `GDI`: START
[2026-07-24 11:59:23] Effective number of cores used: 40
[2026-07-24 11:59:23] Effective number of cores used: 40
[2026-07-24 11:59:23] Executing 16 genes batches
[2026-07-24 11:59:29] Total calculations elapsed time: 6.5783543586731
[2026-07-24 11:59:29] Calculate `GDI`: DONE
[2026-07-24 11:59:31] Total calculations elapsed time: 15.8841247558594
[2026-07-24 11:59:31] Calculate GDI dataframe: DONE
[2026-07-24 11:59:31] Clean plots: START
[2026-07-24 11:59:31] Total calculations elapsed time: 0.024240255355835
[2026-07-24 11:59:31] Clean plots: DONE
[2026-07-24 11:59:31] GDI plot
[2026-07-24 11:59:31] Removed 9 low GDI genes (such as the fully-expressed) in GDI plot
[2026-07-24 11:59:34] Cluster 19_22-merge, with size 201, is not uniform
[2026-07-24 11:59:34] Cluster 19_22-merge's shift to uniformity: 0.0930614567017569
[2026-07-24 11:59:34] class = SimpleGDIUniformityCheck, check.isCheckAbove = FALSE, check.GDIThreshold = 1.37, check.maxRatioBeyond = 0.01, check.maxRankBeyond = 0, check.fractionBeyond = 0.0446301334369737, check.thresholdRank = 0, check.quantileAtRatio = 1.46306145670176, check.quantileAtRank = NaN, isUniform = FALSE, clusterSize = 201
[2026-07-24 11:59:35] Clusters 19 and 22 cannot be merged
[2026-07-24 11:59:35] *[2026-07-24 11:59:35] 10_11-merge
[2026-07-24 11:59:35] Asked to drop 0 genes and 3919 cells
[2026-07-24 11:59:35] COTAN dataset analysis: START
[2026-07-24 11:59:35] Asked to drop 2326 genes and 0 cells
[2026-07-24 11:59:35] Genes/cells selection done: dropped [2326] genes and [0] cells
[2026-07-24 11:59:35] Working on [15807] genes and [172] cells
[2026-07-24 11:59:36] Dataset cleaning elapsed time: 0.905016899108887
[2026-07-24 11:59:36] Estimate `dispersion`: START
[2026-07-24 11:59:36] Effective number of cores used: 40
[2026-07-24 11:59:36] Executing 16 genes batches
[2026-07-24 11:59:36] Parallel dispersion Newton-Raphson: used up to 5 iterations
[2026-07-24 11:59:36] Parallel dispersion Newton-Raphson: used up to 6 iterations
[2026-07-24 11:59:36] Parallel dispersion Newton-Raphson: used up to 6 iterations
[2026-07-24 11:59:37] Parallel dispersion Newton-Raphson: used up to 7 iterations
[2026-07-24 11:59:37] Parallel dispersion Newton-Raphson: used up to 6 iterations
[2026-07-24 11:59:37] Parallel dispersion Newton-Raphson: used up to 5 iterations
[2026-07-24 11:59:37] Parallel dispersion Newton-Raphson: used up to 6 iterations
[2026-07-24 11:59:37] Parallel dispersion Newton-Raphson: used up to 7 iterations
[2026-07-24 11:59:38] Parallel dispersion Newton-Raphson: used up to 5 iterations
[2026-07-24 11:59:38] Parallel dispersion Newton-Raphson: used up to 5 iterations
[2026-07-24 11:59:38] Parallel dispersion Newton-Raphson: used up to 6 iterations
[2026-07-24 11:59:38] Parallel dispersion Newton-Raphson: used up to 7 iterations
[2026-07-24 11:59:39] Parallel dispersion Newton-Raphson: used up to 5 iterations
[2026-07-24 11:59:39] Parallel dispersion Newton-Raphson: used up to 6 iterations
[2026-07-24 11:59:39] Parallel dispersion Newton-Raphson: used up to 6 iterations
[2026-07-24 11:59:39] Parallel dispersion Newton-Raphson: used up to 5 iterations
[2026-07-24 11:59:42] Total calculations elapsed time: 6.49230933189392
[2026-07-24 11:59:42] Estimate `dispersion`: DONE
[2026-07-24 11:59:42] Estimate `dispersion`: DONE
[2026-07-24 11:59:42] `dispersion` | min: -0.290479250795289 | max: 173.936294978079 | % negative: 54.052002277472
[2026-07-24 11:59:43] Model parameter estimation elapsed time: 7.46027088165283
[2026-07-24 11:59:43] COTAN genes' COEX estimation: START
[2026-07-24 11:59:43] Effective number of cores used: 40
[2026-07-24 11:59:43] Calculate genes COEX (torch) on device cpu: START
[2026-07-24 11:59:43] Retrieving expected genes contingency table
[2026-07-24 11:59:43] Expected genes contingency table elapsed time: 0.119677305221558
[2026-07-24 11:59:43] Calculating genes COEX normalization factor
[2026-07-24 11:59:45] Calculating genes COEX normalization factor elapsed time: 1.98300075531006
[2026-07-24 11:59:45] Retrieving observed genes yes/yes contingency table
[2026-07-24 11:59:45] Observed genes contingency table elapsed time: 0.127724170684814
[2026-07-24 11:59:58] Calculate genes COEX elapsed time: 12.8514308929443
[2026-07-24 11:59:58] Total calculations elapsed time: 15.0818331241608
[2026-07-24 11:59:58] Calculate genes COEX (torch) on device cpu: DONE
[2026-07-24 11:59:59] Only genes' COEX elapsed time: 15.9347765445709
[2026-07-24 11:59:59] Dataset analysis elapsed time: 24.3000643253326
[2026-07-24 11:59:59] COTAN dataset analysis: DONE
[2026-07-24 12:00:00] Checking uniformity for the cluster '10_11-merge' with 172 cells
[2026-07-24 12:00:00] Calculate GDI dataframe: START
[2026-07-24 12:00:00] Using S
[2026-07-24 12:00:00] Calculating S: START
[2026-07-24 12:00:07] Calculating S: DONE
[2026-07-24 12:00:07] Calculate `GDI`: START
[2026-07-24 12:00:07] Effective number of cores used: 40
[2026-07-24 12:00:07] Effective number of cores used: 40
[2026-07-24 12:00:07] Executing 16 genes batches
[2026-07-24 12:00:14] Total calculations elapsed time: 6.4884991645813
[2026-07-24 12:00:14] Calculate `GDI`: DONE
[2026-07-24 12:00:15] Total calculations elapsed time: 15.3978700637817
[2026-07-24 12:00:15] Calculate GDI dataframe: DONE
[2026-07-24 12:00:15] Clean plots: START
[2026-07-24 12:00:15] Total calculations elapsed time: 0.0228555202484131
[2026-07-24 12:00:15] Clean plots: DONE
[2026-07-24 12:00:15] GDI plot
[2026-07-24 12:00:15] Removed 21 low GDI genes (such as the fully-expressed) in GDI plot
[2026-07-24 12:00:17] Cluster 10_11-merge, with size 172, is not uniform
[2026-07-24 12:00:17] Cluster 10_11-merge's shift to uniformity: 0.0234927222292458
[2026-07-24 12:00:17] class = SimpleGDIUniformityCheck, check.isCheckAbove = FALSE, check.GDIThreshold = 1.37, check.maxRatioBeyond = 0.01, check.maxRankBeyond = 0, check.fractionBeyond = 0.0175238818245081, check.thresholdRank = 0, check.quantileAtRatio = 1.39349272222925, check.quantileAtRank = NaN, isUniform = FALSE, clusterSize = 172
[2026-07-24 12:00:18] Clusters 10 and 11 cannot be merged
[2026-07-24 12:00:18] *[2026-07-24 12:00:18] 08_16-merge
[2026-07-24 12:00:18] Asked to drop 0 genes and 3761 cells
[2026-07-24 12:00:18] COTAN dataset analysis: START
[2026-07-24 12:00:18] Asked to drop 1138 genes and 0 cells
[2026-07-24 12:00:18] Genes/cells selection done: dropped [1138] genes and [0] cells
[2026-07-24 12:00:18] Working on [16995] genes and [330] cells
[2026-07-24 12:00:19] Dataset cleaning elapsed time: 0.840360164642334
[2026-07-24 12:00:19] Estimate `dispersion`: START
[2026-07-24 12:00:19] Effective number of cores used: 40
[2026-07-24 12:00:19] Executing 17 genes batches
[2026-07-24 12:00:19] Parallel dispersion Newton-Raphson: used up to 6 iterations
[2026-07-24 12:00:20] Parallel dispersion Newton-Raphson: used up to 7 iterations
[2026-07-24 12:00:20] Parallel dispersion Newton-Raphson: used up to 5 iterations
[2026-07-24 12:00:20] Parallel dispersion Newton-Raphson: used up to 5 iterations
[2026-07-24 12:00:20] Parallel dispersion Newton-Raphson: used up to 5 iterations
[2026-07-24 12:00:20] Parallel dispersion Newton-Raphson: used up to 5 iterations
[2026-07-24 12:00:21] Parallel dispersion Newton-Raphson: used up to 6 iterations
[2026-07-24 12:00:21] Parallel dispersion Newton-Raphson: used up to 5 iterations
[2026-07-24 12:00:21] Parallel dispersion Newton-Raphson: used up to 6 iterations
[2026-07-24 12:00:21] Parallel dispersion Newton-Raphson: used up to 5 iterations
[2026-07-24 12:00:21] Parallel dispersion Newton-Raphson: used up to 5 iterations
[2026-07-24 12:00:22] Parallel dispersion Newton-Raphson: used up to 5 iterations
[2026-07-24 12:00:22] Parallel dispersion Newton-Raphson: used up to 7 iterations
[2026-07-24 12:00:22] Parallel dispersion Newton-Raphson: used up to 6 iterations
[2026-07-24 12:00:22] Parallel dispersion Newton-Raphson: used up to 6 iterations
[2026-07-24 12:00:23] Parallel dispersion Newton-Raphson: used up to 6 iterations
[2026-07-24 12:00:23] Parallel dispersion Newton-Raphson: used up to 5 iterations
[2026-07-24 12:00:26] Total calculations elapsed time: 6.63437962532043
[2026-07-24 12:00:26] Estimate `dispersion`: DONE
[2026-07-24 12:00:26] Estimate `dispersion`: DONE
[2026-07-24 12:00:26] `dispersion` | min: -0.172093793520358 | max: 232.213590083994 | % negative: 50.0970873786408
[2026-07-24 12:00:26] Model parameter estimation elapsed time: 7.40469026565552
[2026-07-24 12:00:26] COTAN genes' COEX estimation: START
[2026-07-24 12:00:26] Effective number of cores used: 40
[2026-07-24 12:00:26] Calculate genes COEX (torch) on device cpu: START
[2026-07-24 12:00:26] Retrieving expected genes contingency table
[2026-07-24 12:00:27] Expected genes contingency table elapsed time: 0.167873382568359
[2026-07-24 12:00:27] Calculating genes COEX normalization factor
[2026-07-24 12:00:28] Calculating genes COEX normalization factor elapsed time: 1.61880731582642
[2026-07-24 12:00:28] Retrieving observed genes yes/yes contingency table
[2026-07-24 12:00:28] Observed genes contingency table elapsed time: 0.193239212036133
[2026-07-24 12:00:42] Calculate genes COEX elapsed time: 13.4675719738007
[2026-07-24 12:00:42] Total calculations elapsed time: 15.4474918842316
[2026-07-24 12:00:42] Calculate genes COEX (torch) on device cpu: DONE
[2026-07-24 12:00:43] Only genes' COEX elapsed time: 16.2438125610352
[2026-07-24 12:00:43] Dataset analysis elapsed time: 24.488862991333
[2026-07-24 12:00:43] COTAN dataset analysis: DONE
[2026-07-24 12:00:43] Checking uniformity for the cluster '08_16-merge' with 330 cells
[2026-07-24 12:00:43] Calculate GDI dataframe: START
[2026-07-24 12:00:43] Using S
[2026-07-24 12:00:43] Calculating S: START
[2026-07-24 12:00:52] Calculating S: DONE
[2026-07-24 12:00:52] Calculate `GDI`: START
[2026-07-24 12:00:52] Effective number of cores used: 40
[2026-07-24 12:00:52] Effective number of cores used: 40
[2026-07-24 12:00:52] Executing 17 genes batches
[2026-07-24 12:00:59] Total calculations elapsed time: 7.36828446388245
[2026-07-24 12:00:59] Calculate `GDI`: DONE
[2026-07-24 12:01:01] Total calculations elapsed time: 17.690226316452
[2026-07-24 12:01:01] Calculate GDI dataframe: DONE
[2026-07-24 12:01:01] Clean plots: START
[2026-07-24 12:01:01] Total calculations elapsed time: 0.0232062339782715
[2026-07-24 12:01:01] Clean plots: DONE
[2026-07-24 12:01:01] GDI plot
[2026-07-24 12:01:01] Removed 18 low GDI genes (such as the fully-expressed) in GDI plot
[2026-07-24 12:01:03] Cluster 08_16-merge, with size 330, is not uniform
[2026-07-24 12:01:03] Cluster 08_16-merge's shift to uniformity: 0.0209294995388147
[2026-07-24 12:01:03] class = SimpleGDIUniformityCheck, check.isCheckAbove = FALSE, check.GDIThreshold = 1.37, check.maxRatioBeyond = 0.01, check.maxRankBeyond = 0, check.fractionBeyond = 0.0175934098264195, check.thresholdRank = 0, check.quantileAtRatio = 1.39092949953881, check.quantileAtRank = NaN, isUniform = FALSE, clusterSize = 330
[2026-07-24 12:01:04] Clusters 08 and 16 cannot be merged
[2026-07-24 12:01:04] *[2026-07-24 12:01:04] 20_21-merge
[2026-07-24 12:01:04] Asked to drop 0 genes and 3880 cells
[2026-07-24 12:01:04] COTAN dataset analysis: START
[2026-07-24 12:01:04] Asked to drop 2772 genes and 0 cells
[2026-07-24 12:01:04] Genes/cells selection done: dropped [2772] genes and [0] cells
[2026-07-24 12:01:04] Working on [15361] genes and [211] cells
[2026-07-24 12:01:05] Dataset cleaning elapsed time: 0.897751808166504
[2026-07-24 12:01:05] Estimate `dispersion`: START
[2026-07-24 12:01:05] Effective number of cores used: 40
[2026-07-24 12:01:05] Executing 16 genes batches
[2026-07-24 12:01:05] Parallel dispersion Newton-Raphson: used up to 7 iterations
[2026-07-24 12:01:05] Parallel dispersion Newton-Raphson: used up to 6 iterations
[2026-07-24 12:01:06] Parallel dispersion Newton-Raphson: used up to 6 iterations
[2026-07-24 12:01:06] Parallel dispersion Newton-Raphson: used up to 6 iterations
[2026-07-24 12:01:06] Parallel dispersion Newton-Raphson: used up to 6 iterations
[2026-07-24 12:01:06] Parallel dispersion Newton-Raphson: used up to 6 iterations
[2026-07-24 12:01:06] Parallel dispersion Newton-Raphson: used up to 6 iterations
[2026-07-24 12:01:07] Parallel dispersion Newton-Raphson: used up to 6 iterations
[2026-07-24 12:01:07] Parallel dispersion Newton-Raphson: used up to 7 iterations
[2026-07-24 12:01:07] Parallel dispersion Newton-Raphson: used up to 5 iterations
[2026-07-24 12:01:07] Parallel dispersion Newton-Raphson: used up to 5 iterations
[2026-07-24 12:01:07] Parallel dispersion Newton-Raphson: used up to 5 iterations
[2026-07-24 12:01:08] Parallel dispersion Newton-Raphson: used up to 7 iterations
[2026-07-24 12:01:08] Parallel dispersion Newton-Raphson: used up to 6 iterations
[2026-07-24 12:01:08] Parallel dispersion Newton-Raphson: used up to 6 iterations
[2026-07-24 12:01:08] Parallel dispersion Newton-Raphson: used up to 5 iterations
[2026-07-24 12:01:11] Total calculations elapsed time: 6.23737931251526
[2026-07-24 12:01:11] Estimate `dispersion`: DONE
[2026-07-24 12:01:11] Estimate `dispersion`: DONE
[2026-07-24 12:01:11] `dispersion` | min: -0.224694196505261 | max: 170.57103874767 | % negative: 54.8857496256754
[2026-07-24 12:01:12] Model parameter estimation elapsed time: 7.02812838554382
[2026-07-24 12:01:12] COTAN genes' COEX estimation: START
[2026-07-24 12:01:12] Effective number of cores used: 40
[2026-07-24 12:01:12] Calculate genes COEX (torch) on device cpu: START
[2026-07-24 12:01:12] Retrieving expected genes contingency table
[2026-07-24 12:01:12] Expected genes contingency table elapsed time: 0.109563589096069
[2026-07-24 12:01:12] Calculating genes COEX normalization factor
[2026-07-24 12:01:13] Calculating genes COEX normalization factor elapsed time: 1.44394874572754
[2026-07-24 12:01:13] Retrieving observed genes yes/yes contingency table
[2026-07-24 12:01:14] Observed genes contingency table elapsed time: 0.11963677406311
[2026-07-24 12:01:24] Calculate genes COEX elapsed time: 10.8790264129639
[2026-07-24 12:01:24] Total calculations elapsed time: 12.5521755218506
[2026-07-24 12:01:24] Calculate genes COEX (torch) on device cpu: DONE
[2026-07-24 12:01:25] Only genes' COEX elapsed time: 13.2898392677307
[2026-07-24 12:01:25] Dataset analysis elapsed time: 21.215719461441
[2026-07-24 12:01:25] COTAN dataset analysis: DONE
[2026-07-24 12:01:26] Checking uniformity for the cluster '20_21-merge' with 211 cells
[2026-07-24 12:01:26] Calculate GDI dataframe: START
[2026-07-24 12:01:26] Using S
[2026-07-24 12:01:26] Calculating S: START
[2026-07-24 12:01:33] Calculating S: DONE
[2026-07-24 12:01:33] Calculate `GDI`: START
[2026-07-24 12:01:33] Effective number of cores used: 40
[2026-07-24 12:01:33] Effective number of cores used: 40
[2026-07-24 12:01:33] Executing 16 genes batches
[2026-07-24 12:01:39] Total calculations elapsed time: 5.93091487884521
[2026-07-24 12:01:39] Calculate `GDI`: DONE
[2026-07-24 12:01:40] Total calculations elapsed time: 14.3762717247009
[2026-07-24 12:01:40] Calculate GDI dataframe: DONE
[2026-07-24 12:01:40] Clean plots: START
[2026-07-24 12:01:40] Total calculations elapsed time: 0.0229034423828125
[2026-07-24 12:01:40] Clean plots: DONE
[2026-07-24 12:01:40] GDI plot
[2026-07-24 12:01:40] Removed 6 low GDI genes (such as the fully-expressed) in GDI plot
[2026-07-24 12:01:42] Cluster 20_21-merge, with size 211, is not uniform
[2026-07-24 12:01:42] Cluster 20_21-merge's shift to uniformity: 0.0609431068031676
[2026-07-24 12:01:42] class = SimpleGDIUniformityCheck, check.isCheckAbove = FALSE, check.GDIThreshold = 1.37, check.maxRatioBeyond = 0.01, check.maxRankBeyond = 0, check.fractionBeyond = 0.0328103639085997, check.thresholdRank = 0, check.quantileAtRatio = 1.43094310680317, check.quantileAtRank = NaN, isUniform = FALSE, clusterSize = 211
[2026-07-24 12:01:43] Clusters 20 and 21 cannot be merged
[2026-07-24 12:01:43] *[2026-07-24 12:01:43] 10_13-merge
[2026-07-24 12:01:43] Asked to drop 0 genes and 3952 cells
[2026-07-24 12:01:43] COTAN dataset analysis: START
[2026-07-24 12:01:43] Asked to drop 1210 genes and 0 cells
[2026-07-24 12:01:43] Genes/cells selection done: dropped [1210] genes and [0] cells
[2026-07-24 12:01:43] Working on [16923] genes and [139] cells
[2026-07-24 12:01:44] Dataset cleaning elapsed time: 0.828250408172607
[2026-07-24 12:01:44] Estimate `dispersion`: START
[2026-07-24 12:01:44] Effective number of cores used: 40
[2026-07-24 12:01:44] Executing 17 genes batches
[2026-07-24 12:01:44] Parallel dispersion Newton-Raphson: used up to 5 iterations
[2026-07-24 12:01:45] Parallel dispersion Newton-Raphson: used up to 6 iterations
[2026-07-24 12:01:45] Parallel dispersion Newton-Raphson: used up to 5 iterations
[2026-07-24 12:01:45] Parallel dispersion Newton-Raphson: used up to 6 iterations
[2026-07-24 12:01:45] Parallel dispersion Newton-Raphson: used up to 6 iterations
[2026-07-24 12:01:45] Parallel dispersion Newton-Raphson: used up to 6 iterations
[2026-07-24 12:01:45] Parallel dispersion Newton-Raphson: used up to 6 iterations
[2026-07-24 12:01:46] Parallel dispersion Newton-Raphson: used up to 8 iterations
[2026-07-24 12:01:46] Parallel dispersion Newton-Raphson: used up to 6 iterations
[2026-07-24 12:01:46] Parallel dispersion Newton-Raphson: used up to 5 iterations
[2026-07-24 12:01:46] Parallel dispersion Newton-Raphson: used up to 5 iterations
[2026-07-24 12:01:46] Parallel dispersion Newton-Raphson: used up to 6 iterations
[2026-07-24 12:01:47] Parallel dispersion Newton-Raphson: used up to 7 iterations
[2026-07-24 12:01:47] Parallel dispersion Newton-Raphson: used up to 5 iterations
[2026-07-24 12:01:47] Parallel dispersion Newton-Raphson: used up to 7 iterations
[2026-07-24 12:01:47] Parallel dispersion Newton-Raphson: used up to 5 iterations
[2026-07-24 12:01:48] Parallel dispersion Newton-Raphson: used up to 6 iterations
[2026-07-24 12:01:50] Total calculations elapsed time: 6.34066843986511
[2026-07-24 12:01:50] Estimate `dispersion`: DONE
[2026-07-24 12:01:50] Estimate `dispersion`: DONE
[2026-07-24 12:01:50] `dispersion` | min: -0.284544949067574 | max: 507.004876899217 | % negative: 58.1516279619453
[2026-07-24 12:01:51] Model parameter estimation elapsed time: 7.12889885902405
[2026-07-24 12:01:51] COTAN genes' COEX estimation: START
[2026-07-24 12:01:51] Effective number of cores used: 40
[2026-07-24 12:01:51] Calculate genes COEX (torch) on device cpu: START
[2026-07-24 12:01:51] Retrieving expected genes contingency table
[2026-07-24 12:01:51] Expected genes contingency table elapsed time: 0.125665187835693
[2026-07-24 12:01:51] Calculating genes COEX normalization factor
[2026-07-24 12:01:53] Calculating genes COEX normalization factor elapsed time: 1.62485957145691
[2026-07-24 12:01:53] Retrieving observed genes yes/yes contingency table
[2026-07-24 12:01:53] Observed genes contingency table elapsed time: 0.129803419113159
[2026-07-24 12:02:06] Calculate genes COEX elapsed time: 13.2508182525635
[2026-07-24 12:02:06] Total calculations elapsed time: 15.1311464309692
[2026-07-24 12:02:06] Calculate genes COEX (torch) on device cpu: DONE
[2026-07-24 12:02:07] Only genes' COEX elapsed time: 15.8721904754639
[2026-07-24 12:02:07] Dataset analysis elapsed time: 23.8293397426605
[2026-07-24 12:02:07] COTAN dataset analysis: DONE
[2026-07-24 12:02:08] Checking uniformity for the cluster '10_13-merge' with 139 cells
[2026-07-24 12:02:08] Calculate GDI dataframe: START
[2026-07-24 12:02:08] Using S
[2026-07-24 12:02:08] Calculating S: START
[2026-07-24 12:02:16] Calculating S: DONE
[2026-07-24 12:02:16] Calculate `GDI`: START
[2026-07-24 12:02:16] Effective number of cores used: 40
[2026-07-24 12:02:16] Effective number of cores used: 40
[2026-07-24 12:02:16] Executing 17 genes batches
[2026-07-24 12:02:24] Total calculations elapsed time: 7.17431974411011
[2026-07-24 12:02:24] Calculate `GDI`: DONE
[2026-07-24 12:02:25] Total calculations elapsed time: 17.2214806079865
[2026-07-24 12:02:25] Calculate GDI dataframe: DONE
[2026-07-24 12:02:25] Clean plots: START
[2026-07-24 12:02:25] Total calculations elapsed time: 0.02333664894104
[2026-07-24 12:02:25] Clean plots: DONE
[2026-07-24 12:02:25] GDI plot
[2026-07-24 12:02:25] Removed 36 low GDI genes (such as the fully-expressed) in GDI plot
[2026-07-24 12:02:27] Cluster 10_13-merge, with size 139, is uniform
[2026-07-24 12:02:27] Cluster 10_13-merge's shift to uniformity: -0.00506007397547092
[2026-07-24 12:02:27] class = SimpleGDIUniformityCheck, check.isCheckAbove = FALSE, check.GDIThreshold = 1.37, check.maxRatioBeyond = 0.01, check.maxRankBeyond = 0, check.fractionBeyond = 0.00915913254151155, check.thresholdRank = 0, check.quantileAtRatio = 1.36493992602453, check.quantileAtRank = NaN, isUniform = TRUE, clusterSize = 139
[2026-07-24 12:02:28] Clusters 10 and 13 can be merged
[2026-07-24 12:02:28] *[2026-07-24 12:02:28] 20_25-merge
[2026-07-24 12:02:28] Asked to drop 0 genes and 3820 cells
[2026-07-24 12:02:28] COTAN dataset analysis: START
[2026-07-24 12:02:28] Asked to drop 1990 genes and 0 cells
[2026-07-24 12:02:28] Genes/cells selection done: dropped [1990] genes and [0] cells
[2026-07-24 12:02:28] Working on [16143] genes and [271] cells
[2026-07-24 12:02:29] Dataset cleaning elapsed time: 0.853516340255737
[2026-07-24 12:02:29] Estimate `dispersion`: START
[2026-07-24 12:02:29] Effective number of cores used: 40
[2026-07-24 12:02:29] Executing 16 genes batches
[2026-07-24 12:02:29] Parallel dispersion Newton-Raphson: used up to 7 iterations
[2026-07-24 12:02:30] Parallel dispersion Newton-Raphson: used up to 6 iterations
[2026-07-24 12:02:30] Parallel dispersion Newton-Raphson: used up to 5 iterations
[2026-07-24 12:02:30] Parallel dispersion Newton-Raphson: used up to 6 iterations
[2026-07-24 12:02:30] Parallel dispersion Newton-Raphson: used up to 5 iterations
[2026-07-24 12:02:30] Parallel dispersion Newton-Raphson: used up to 7 iterations
[2026-07-24 12:02:30] Parallel dispersion Newton-Raphson: used up to 6 iterations
[2026-07-24 12:02:31] Parallel dispersion Newton-Raphson: used up to 7 iterations
[2026-07-24 12:02:31] Parallel dispersion Newton-Raphson: used up to 6 iterations
[2026-07-24 12:02:31] Parallel dispersion Newton-Raphson: used up to 5 iterations
[2026-07-24 12:02:31] Parallel dispersion Newton-Raphson: used up to 5 iterations
[2026-07-24 12:02:31] Parallel dispersion Newton-Raphson: used up to 7 iterations
[2026-07-24 12:02:32] Parallel dispersion Newton-Raphson: used up to 6 iterations
[2026-07-24 12:02:32] Parallel dispersion Newton-Raphson: used up to 6 iterations
[2026-07-24 12:02:32] Parallel dispersion Newton-Raphson: used up to 7 iterations
[2026-07-24 12:02:32] Parallel dispersion Newton-Raphson: used up to 6 iterations
[2026-07-24 12:02:35] Total calculations elapsed time: 6.18842196464539
[2026-07-24 12:02:35] Estimate `dispersion`: DONE
[2026-07-24 12:02:35] Estimate `dispersion`: DONE
[2026-07-24 12:02:35] `dispersion` | min: -0.159553331883758 | max: 221.572185245417 | % negative: 51.6942327944001
[2026-07-24 12:02:36] Model parameter estimation elapsed time: 7.00120425224304
[2026-07-24 12:02:36] COTAN genes' COEX estimation: START
[2026-07-24 12:02:36] Effective number of cores used: 40
[2026-07-24 12:02:36] Calculate genes COEX (torch) on device cpu: START
[2026-07-24 12:02:36] Retrieving expected genes contingency table
[2026-07-24 12:02:36] Expected genes contingency table elapsed time: 0.135301351547241
[2026-07-24 12:02:36] Calculating genes COEX normalization factor
[2026-07-24 12:02:38] Calculating genes COEX normalization factor elapsed time: 1.80933856964111
[2026-07-24 12:02:38] Retrieving observed genes yes/yes contingency table
[2026-07-24 12:02:38] Observed genes contingency table elapsed time: 0.148861169815063
[2026-07-24 12:02:50] Calculate genes COEX elapsed time: 12.2009589672089
[2026-07-24 12:02:50] Total calculations elapsed time: 14.2944600582123
[2026-07-24 12:02:50] Calculate genes COEX (torch) on device cpu: DONE
[2026-07-24 12:02:51] Only genes' COEX elapsed time: 15.0899574756622
[2026-07-24 12:02:51] Dataset analysis elapsed time: 22.944678068161
[2026-07-24 12:02:51] COTAN dataset analysis: DONE
[2026-07-24 12:02:52] Checking uniformity for the cluster '20_25-merge' with 271 cells
[2026-07-24 12:02:52] Calculate GDI dataframe: START
[2026-07-24 12:02:52] Using S
[2026-07-24 12:02:52] Calculating S: START
[2026-07-24 12:03:00] Calculating S: DONE
[2026-07-24 12:03:00] Calculate `GDI`: START
[2026-07-24 12:03:00] Effective number of cores used: 40
[2026-07-24 12:03:00] Effective number of cores used: 40
[2026-07-24 12:03:00] Executing 16 genes batches
[2026-07-24 12:03:06] Total calculations elapsed time: 6.08501505851746
[2026-07-24 12:03:06] Calculate `GDI`: DONE
[2026-07-24 12:03:07] Total calculations elapsed time: 15.3187727928162
[2026-07-24 12:03:07] Calculate GDI dataframe: DONE
[2026-07-24 12:03:07] Clean plots: START
[2026-07-24 12:03:07] Total calculations elapsed time: 0.0230815410614014
[2026-07-24 12:03:07] Clean plots: DONE
[2026-07-24 12:03:07] GDI plot
[2026-07-24 12:03:07] Removed 3 low GDI genes (such as the fully-expressed) in GDI plot
[2026-07-24 12:03:09] Cluster 20_25-merge, with size 271, is not uniform
[2026-07-24 12:03:09] Cluster 20_25-merge's shift to uniformity: 0.0141696052307059
[2026-07-24 12:03:09] class = SimpleGDIUniformityCheck, check.isCheckAbove = FALSE, check.GDIThreshold = 1.37, check.maxRatioBeyond = 0.01, check.maxRankBeyond = 0, check.fractionBeyond = 0.013875983398377, check.thresholdRank = 0, check.quantileAtRatio = 1.38416960523071, check.quantileAtRank = NaN, isUniform = FALSE, clusterSize = 271
[2026-07-24 12:03:10] Clusters 20 and 25 cannot be merged
[2026-07-24 12:03:10] *[2026-07-24 12:03:10] 21_22-merge
[2026-07-24 12:03:10] Asked to drop 0 genes and 3957 cells
[2026-07-24 12:03:10] COTAN dataset analysis: START
[2026-07-24 12:03:10] Asked to drop 2416 genes and 0 cells
[2026-07-24 12:03:10] Genes/cells selection done: dropped [2416] genes and [0] cells
[2026-07-24 12:03:10] Working on [15717] genes and [134] cells
[2026-07-24 12:03:11] Dataset cleaning elapsed time: 0.774856328964233
[2026-07-24 12:03:11] Estimate `dispersion`: START
[2026-07-24 12:03:11] Effective number of cores used: 40
[2026-07-24 12:03:11] Executing 16 genes batches
[2026-07-24 12:03:11] Parallel dispersion Newton-Raphson: used up to 6 iterations
[2026-07-24 12:03:11] Parallel dispersion Newton-Raphson: used up to 6 iterations
[2026-07-24 12:03:12] Parallel dispersion Newton-Raphson: used up to 7 iterations
[2026-07-24 12:03:12] Parallel dispersion Newton-Raphson: used up to 6 iterations
[2026-07-24 12:03:12] Parallel dispersion Newton-Raphson: used up to 6 iterations
[2026-07-24 12:03:12] Parallel dispersion Newton-Raphson: used up to 5 iterations
[2026-07-24 12:03:12] Parallel dispersion Newton-Raphson: used up to 7 iterations
[2026-07-24 12:03:12] Parallel dispersion Newton-Raphson: used up to 7 iterations
[2026-07-24 12:03:13] Parallel dispersion Newton-Raphson: used up to 6 iterations
[2026-07-24 12:03:13] Parallel dispersion Newton-Raphson: used up to 6 iterations
[2026-07-24 12:03:13] Parallel dispersion Newton-Raphson: used up to 6 iterations
[2026-07-24 12:03:13] Parallel dispersion Newton-Raphson: used up to 5 iterations
[2026-07-24 12:03:14] Parallel dispersion Newton-Raphson: used up to 6 iterations
[2026-07-24 12:03:14] Parallel dispersion Newton-Raphson: used up to 6 iterations
[2026-07-24 12:03:14] Parallel dispersion Newton-Raphson: used up to 6 iterations
[2026-07-24 12:03:14] Parallel dispersion Newton-Raphson: used up to 5 iterations
[2026-07-24 12:03:17] Total calculations elapsed time: 6.18327116966248
[2026-07-24 12:03:17] Estimate `dispersion`: DONE
[2026-07-24 12:03:17] Estimate `dispersion`: DONE
[2026-07-24 12:03:17] `dispersion` | min: -0.269613179201257 | max: 343.118180863286 | % negative: 63.9435006680664
[2026-07-24 12:03:18] Model parameter estimation elapsed time: 7.01070690155029
[2026-07-24 12:03:18] COTAN genes' COEX estimation: START
[2026-07-24 12:03:18] Effective number of cores used: 40
[2026-07-24 12:03:18] Calculate genes COEX (torch) on device cpu: START
[2026-07-24 12:03:18] Retrieving expected genes contingency table
[2026-07-24 12:03:18] Expected genes contingency table elapsed time: 0.107195377349854
[2026-07-24 12:03:18] Calculating genes COEX normalization factor
[2026-07-24 12:03:19] Calculating genes COEX normalization factor elapsed time: 1.50821018218994
[2026-07-24 12:03:19] Retrieving observed genes yes/yes contingency table
[2026-07-24 12:03:20] Observed genes contingency table elapsed time: 0.121008634567261
[2026-07-24 12:03:31] Calculate genes COEX elapsed time: 11.3909478187561
[2026-07-24 12:03:31] Total calculations elapsed time: 13.1273620128632
[2026-07-24 12:03:31] Calculate genes COEX (torch) on device cpu: DONE
[2026-07-24 12:03:32] Only genes' COEX elapsed time: 13.9253487586975
[2026-07-24 12:03:32] Dataset analysis elapsed time: 21.710911989212
[2026-07-24 12:03:32] COTAN dataset analysis: DONE
[2026-07-24 12:03:33] Checking uniformity for the cluster '21_22-merge' with 134 cells
[2026-07-24 12:03:33] Calculate GDI dataframe: START
[2026-07-24 12:03:33] Using S
[2026-07-24 12:03:33] Calculating S: START
[2026-07-24 12:03:40] Calculating S: DONE
[2026-07-24 12:03:40] Calculate `GDI`: START
[2026-07-24 12:03:40] Effective number of cores used: 40
[2026-07-24 12:03:40] Effective number of cores used: 40
[2026-07-24 12:03:40] Executing 16 genes batches
[2026-07-24 12:03:46] Total calculations elapsed time: 5.81200575828552
[2026-07-24 12:03:46] Calculate `GDI`: DONE
[2026-07-24 12:03:47] Total calculations elapsed time: 14.5820560455322
[2026-07-24 12:03:47] Calculate GDI dataframe: DONE
[2026-07-24 12:03:47] Clean plots: START
[2026-07-24 12:03:47] Total calculations elapsed time: 0.0226292610168457
[2026-07-24 12:03:47] Clean plots: DONE
[2026-07-24 12:03:47] GDI plot
[2026-07-24 12:03:47] Removed 8 low GDI genes (such as the fully-expressed) in GDI plot
[2026-07-24 12:03:49] Cluster 21_22-merge, with size 134, is uniform
[2026-07-24 12:03:49] Cluster 21_22-merge's shift to uniformity: -0.00446046625676844
[2026-07-24 12:03:49] class = SimpleGDIUniformityCheck, check.isCheckAbove = FALSE, check.GDIThreshold = 1.37, check.maxRatioBeyond = 0.01, check.maxRankBeyond = 0, check.fractionBeyond = 0.00916205382706623, check.thresholdRank = 0, check.quantileAtRatio = 1.36553953374323, check.quantileAtRank = NaN, isUniform = TRUE, clusterSize = 134
[2026-07-24 12:03:50] Clusters 21 and 22 can be merged
[2026-07-24 12:03:50] *[2026-07-24 12:03:50] 11_15-merge
[2026-07-24 12:03:50] Asked to drop 0 genes and 3641 cells
[2026-07-24 12:03:50] COTAN dataset analysis: START
[2026-07-24 12:03:50] Asked to drop 947 genes and 0 cells
[2026-07-24 12:03:50] Genes/cells selection done: dropped [947] genes and [0] cells
[2026-07-24 12:03:50] Working on [17186] genes and [450] cells
[2026-07-24 12:03:51] Dataset cleaning elapsed time: 0.908371686935425
[2026-07-24 12:03:51] Estimate `dispersion`: START
[2026-07-24 12:03:51] Effective number of cores used: 40
[2026-07-24 12:03:51] Executing 17 genes batches
[2026-07-24 12:03:51] Parallel dispersion Newton-Raphson: used up to 6 iterations
[2026-07-24 12:03:51] Parallel dispersion Newton-Raphson: used up to 6 iterations
[2026-07-24 12:03:52] Parallel dispersion Newton-Raphson: used up to 6 iterations
[2026-07-24 12:03:52] Parallel dispersion Newton-Raphson: used up to 5 iterations
[2026-07-24 12:03:52] Parallel dispersion Newton-Raphson: used up to 6 iterations
[2026-07-24 12:03:52] Parallel dispersion Newton-Raphson: used up to 6 iterations
[2026-07-24 12:03:52] Parallel dispersion Newton-Raphson: used up to 5 iterations
[2026-07-24 12:03:53] Parallel dispersion Newton-Raphson: used up to 6 iterations
[2026-07-24 12:03:53] Parallel dispersion Newton-Raphson: used up to 6 iterations
[2026-07-24 12:03:53] Parallel dispersion Newton-Raphson: used up to 6 iterations
[2026-07-24 12:03:53] Parallel dispersion Newton-Raphson: used up to 5 iterations
[2026-07-24 12:03:53] Parallel dispersion Newton-Raphson: used up to 7 iterations
[2026-07-24 12:03:54] Parallel dispersion Newton-Raphson: used up to 7 iterations
[2026-07-24 12:03:54] Parallel dispersion Newton-Raphson: used up to 6 iterations
[2026-07-24 12:03:54] Parallel dispersion Newton-Raphson: used up to 6 iterations
[2026-07-24 12:03:54] Parallel dispersion Newton-Raphson: used up to 6 iterations
[2026-07-24 12:03:54] Parallel dispersion Newton-Raphson: used up to 6 iterations
[2026-07-24 12:03:57] Total calculations elapsed time: 6.33737301826477
[2026-07-24 12:03:57] Estimate `dispersion`: DONE
[2026-07-24 12:03:57] Estimate `dispersion`: DONE
[2026-07-24 12:03:57] `dispersion` | min: -0.165818967430537 | max: 267.417092177915 | % negative: 49.0748283486559
[2026-07-24 12:03:58] Model parameter estimation elapsed time: 7.20112252235413
[2026-07-24 12:03:58] COTAN genes' COEX estimation: START
[2026-07-24 12:03:58] Effective number of cores used: 40
[2026-07-24 12:03:58] Calculate genes COEX (torch) on device cpu: START
[2026-07-24 12:03:58] Retrieving expected genes contingency table
[2026-07-24 12:03:58] Expected genes contingency table elapsed time: 0.222601413726807
[2026-07-24 12:03:58] Calculating genes COEX normalization factor
[2026-07-24 12:04:00] Calculating genes COEX normalization factor elapsed time: 1.61309599876404
[2026-07-24 12:04:00] Retrieving observed genes yes/yes contingency table
[2026-07-24 12:04:00] Observed genes contingency table elapsed time: 0.256293058395386
[2026-07-24 12:04:14] Calculate genes COEX elapsed time: 13.4966065883636
[2026-07-24 12:04:14] Total calculations elapsed time: 15.5885970592499
[2026-07-24 12:04:14] Calculate genes COEX (torch) on device cpu: DONE
[2026-07-24 12:04:14] Only genes' COEX elapsed time: 16.3916053771973
[2026-07-24 12:04:14] Dataset analysis elapsed time: 24.5010995864868
[2026-07-24 12:04:14] COTAN dataset analysis: DONE
[2026-07-24 12:04:15] Checking uniformity for the cluster '11_15-merge' with 450 cells
[2026-07-24 12:04:15] Calculate GDI dataframe: START
[2026-07-24 12:04:15] Using S
[2026-07-24 12:04:15] Calculating S: START
[2026-07-24 12:04:24] Calculating S: DONE
[2026-07-24 12:04:24] Calculate `GDI`: START
[2026-07-24 12:04:24] Effective number of cores used: 40
[2026-07-24 12:04:24] Effective number of cores used: 40
[2026-07-24 12:04:24] Executing 17 genes batches
[2026-07-24 12:04:31] Total calculations elapsed time: 7.35073971748352
[2026-07-24 12:04:31] Calculate `GDI`: DONE
[2026-07-24 12:04:33] Total calculations elapsed time: 17.7557816505432
[2026-07-24 12:04:33] Calculate GDI dataframe: DONE
[2026-07-24 12:04:33] Clean plots: START
[2026-07-24 12:04:33] Total calculations elapsed time: 0.0235199928283691
[2026-07-24 12:04:33] Clean plots: DONE
[2026-07-24 12:04:33] GDI plot
[2026-07-24 12:04:33] Removed 13 low GDI genes (such as the fully-expressed) in GDI plot
[2026-07-24 12:04:35] Cluster 11_15-merge, with size 450, is not uniform
[2026-07-24 12:04:35] Cluster 11_15-merge's shift to uniformity: 0.0356599836498357
[2026-07-24 12:04:35] class = SimpleGDIUniformityCheck, check.isCheckAbove = FALSE, check.GDIThreshold = 1.37, check.maxRatioBeyond = 0.01, check.maxRankBeyond = 0, check.fractionBeyond = 0.0194344233678576, check.thresholdRank = 0, check.quantileAtRatio = 1.40565998364984, check.quantileAtRank = NaN, isUniform = FALSE, clusterSize = 450
[2026-07-24 12:04:36] Clusters 11 and 15 cannot be merged
[2026-07-24 12:04:36] Clusters 07 and 09 will be merged
[2026-07-24 12:04:36] Clusters 13 and 11 will be merged
[2026-07-24 12:04:36] One or both of the clusters ,  is no more in the clusterization
[2026-07-24 12:04:36] Clusters 22 and 21 will be merged
[2026-07-24 12:04:36] One or both of the clusters ,  is no more in the clusterization
[2026-07-24 12:04:36] One or both of the clusters ,  is no more in the clusterization
[2026-07-24 12:04:36] Executed 3 merges
[2026-07-24 12:04:36] Loop calculations elapsed time: 484.192875385284
[2026-07-24 12:04:36] Start merging nearest clusters: iteration 3
[2026-07-24 12:04:36] Differential Expression Analysis - START
[2026-07-24 12:04:39] *[2026-07-24 12:04:39]  DEA on cluster '-1' with 253 cells
[2026-07-24 12:04:39] *[2026-07-24 12:04:39]  DEA on cluster '01' with 219 cells
[2026-07-24 12:04:39] *[2026-07-24 12:04:39]  DEA on cluster '02' with 64 cells
[2026-07-24 12:04:39] *[2026-07-24 12:04:39]  DEA on cluster '03' with 392 cells
[2026-07-24 12:04:39] *[2026-07-24 12:04:39]  DEA on cluster '04' with 131 cells
[2026-07-24 12:04:39] *[2026-07-24 12:04:39]  DEA on cluster '05' with 194 cells
[2026-07-24 12:04:39] *[2026-07-24 12:04:39]  DEA on cluster '06' with 50 cells
[2026-07-24 12:04:39] *[2026-07-24 12:04:39]  DEA on cluster '07_09-merge' with 259 cells
[2026-07-24 12:04:39] *[2026-07-24 12:04:39]  DEA on cluster '08' with 143 cells
[2026-07-24 12:04:39] *[2026-07-24 12:04:39]  DEA on cluster '10' with 60 cells
[2026-07-24 12:04:39] *[2026-07-24 12:04:39]  DEA on cluster '11_13-merge' with 191 cells
[2026-07-24 12:04:39] *[2026-07-24 12:04:39]  DEA on cluster '12' with 348 cells
[2026-07-24 12:04:39] *[2026-07-24 12:04:39]  DEA on cluster '14' with 78 cells
[2026-07-24 12:04:40] *[2026-07-24 12:04:40]  DEA on cluster '15' with 338 cells
[2026-07-24 12:04:40] *[2026-07-24 12:04:40]  DEA on cluster '16' with 187 cells
[2026-07-24 12:04:40] *[2026-07-24 12:04:40]  DEA on cluster '17' with 64 cells
[2026-07-24 12:04:40] *[2026-07-24 12:04:40]  DEA on cluster '18' with 52 cells
[2026-07-24 12:04:40] *[2026-07-24 12:04:40]  DEA on cluster '19' with 145 cells
[2026-07-24 12:04:40] *[2026-07-24 12:04:40]  DEA on cluster '20' with 133 cells
[2026-07-24 12:04:40] *[2026-07-24 12:04:40]  DEA on cluster '21_22-merge' with 134 cells
[2026-07-24 12:04:40] *[2026-07-24 12:04:40]  DEA on cluster '23' with 253 cells
[2026-07-24 12:04:40] *[2026-07-24 12:04:40]  DEA on cluster '24' with 265 cells
[2026-07-24 12:04:40] *[2026-07-24 12:04:40]  DEA on cluster '25' with 138 cells
[2026-07-24 12:04:40] 
[2026-07-24 12:04:40] Total calculations elapsed time: 4.19609761238098
[2026-07-24 12:04:40] Differential Expression Analysis - DONE
[2026-07-24 12:04:42] Updating check results for the 22 already tested pairs to align to new checker
[2026-07-24 12:04:42] 11 new clusters pairs to be tested for merging:
c("07_09-merge", "08") c("11_13-merge", "12") c("07_09-merge", "24") c("10", "11_13-merge") c("07_09-merge", "16") c("19", "21_22-merge") c("07_09-merge", "12") c("20", "21_22-merge") c("08", "11_13-merge") c("11_13-merge", "16") c("10", "16")
[2026-07-24 12:04:42] *[2026-07-24 12:04:42] 07_09-merge_08-merge
[2026-07-24 12:04:42] Asked to drop 0 genes and 3689 cells
[2026-07-24 12:04:42] COTAN dataset analysis: START
[2026-07-24 12:04:42] Asked to drop 963 genes and 0 cells
[2026-07-24 12:04:42] Genes/cells selection done: dropped [963] genes and [0] cells
[2026-07-24 12:04:42] Working on [17170] genes and [402] cells
[2026-07-24 12:04:43] Dataset cleaning elapsed time: 0.840807437896729
[2026-07-24 12:04:43] Estimate `dispersion`: START
[2026-07-24 12:04:43] Effective number of cores used: 40
[2026-07-24 12:04:43] Executing 17 genes batches
[2026-07-24 12:04:44] Parallel dispersion Newton-Raphson: used up to 6 iterations
[2026-07-24 12:04:44] Parallel dispersion Newton-Raphson: used up to 6 iterations
[2026-07-24 12:04:44] Parallel dispersion Newton-Raphson: used up to 6 iterations
[2026-07-24 12:04:44] Parallel dispersion Newton-Raphson: used up to 5 iterations
[2026-07-24 12:04:44] Parallel dispersion Newton-Raphson: used up to 6 iterations
[2026-07-24 12:04:45] Parallel dispersion Newton-Raphson: used up to 5 iterations
[2026-07-24 12:04:45] Parallel dispersion Newton-Raphson: used up to 7 iterations
[2026-07-24 12:04:45] Parallel dispersion Newton-Raphson: used up to 5 iterations
[2026-07-24 12:04:45] Parallel dispersion Newton-Raphson: used up to 7 iterations
[2026-07-24 12:04:45] Parallel dispersion Newton-Raphson: used up to 5 iterations
[2026-07-24 12:04:46] Parallel dispersion Newton-Raphson: used up to 6 iterations
[2026-07-24 12:04:46] Parallel dispersion Newton-Raphson: used up to 6 iterations
[2026-07-24 12:04:46] Parallel dispersion Newton-Raphson: used up to 7 iterations
[2026-07-24 12:04:46] Parallel dispersion Newton-Raphson: used up to 6 iterations
[2026-07-24 12:04:46] Parallel dispersion Newton-Raphson: used up to 5 iterations
[2026-07-24 12:04:47] Parallel dispersion Newton-Raphson: used up to 6 iterations
[2026-07-24 12:04:47] Parallel dispersion Newton-Raphson: used up to 5 iterations
[2026-07-24 12:04:50] Total calculations elapsed time: 6.47419595718384
[2026-07-24 12:04:50] Estimate `dispersion`: DONE
[2026-07-24 12:04:50] Estimate `dispersion`: DONE
[2026-07-24 12:04:50] `dispersion` | min: -0.145101516889515 | max: 238.329406966874 | % negative: 48.6255096097845
[2026-07-24 12:04:50] Model parameter estimation elapsed time: 7.22156763076782
[2026-07-24 12:04:50] COTAN genes' COEX estimation: START
[2026-07-24 12:04:50] Effective number of cores used: 40
[2026-07-24 12:04:50] Calculate genes COEX (torch) on device cpu: START
[2026-07-24 12:04:50] Retrieving expected genes contingency table
[2026-07-24 12:04:51] Expected genes contingency table elapsed time: 0.191630840301514
[2026-07-24 12:04:51] Calculating genes COEX normalization factor
[2026-07-24 12:04:52] Calculating genes COEX normalization factor elapsed time: 1.65225577354431
[2026-07-24 12:04:52] Retrieving observed genes yes/yes contingency table
[2026-07-24 12:04:53] Observed genes contingency table elapsed time: 0.220652103424072
[2026-07-24 12:05:05] Calculate genes COEX elapsed time: 12.8819236755371
[2026-07-24 12:05:05] Total calculations elapsed time: 14.946462392807
[2026-07-24 12:05:05] Calculate genes COEX (torch) on device cpu: DONE
[2026-07-24 12:05:06] Only genes' COEX elapsed time: 15.7420971393585
[2026-07-24 12:05:06] Dataset analysis elapsed time: 23.8044722080231
[2026-07-24 12:05:06] COTAN dataset analysis: DONE
[2026-07-24 12:05:07] Checking uniformity for the cluster '07_09-merge_08-merge' with 402 cells
[2026-07-24 12:05:07] Calculate GDI dataframe: START
[2026-07-24 12:05:07] Using S
[2026-07-24 12:05:07] Calculating S: START
[2026-07-24 12:05:16] Calculating S: DONE
[2026-07-24 12:05:16] Calculate `GDI`: START
[2026-07-24 12:05:16] Effective number of cores used: 40
[2026-07-24 12:05:16] Effective number of cores used: 40
[2026-07-24 12:05:16] Executing 17 genes batches
[2026-07-24 12:05:23] Total calculations elapsed time: 7.89808225631714
[2026-07-24 12:05:23] Calculate `GDI`: DONE
[2026-07-24 12:05:25] Total calculations elapsed time: 18.0351779460907
[2026-07-24 12:05:25] Calculate GDI dataframe: DONE
[2026-07-24 12:05:25] Clean plots: START
[2026-07-24 12:05:25] Total calculations elapsed time: 0.0229535102844238
[2026-07-24 12:05:25] Clean plots: DONE
[2026-07-24 12:05:25] GDI plot
[2026-07-24 12:05:25] Removed 15 low GDI genes (such as the fully-expressed) in GDI plot
[2026-07-24 12:05:27] Cluster 07_09-merge_08-merge, with size 402, is not uniform
[2026-07-24 12:05:27] Cluster 07_09-merge_08-merge's shift to uniformity: 0.00454677372201884
[2026-07-24 12:05:27] class = SimpleGDIUniformityCheck, check.isCheckAbove = FALSE, check.GDIThreshold = 1.37, check.maxRatioBeyond = 0.01, check.maxRankBeyond = 0, check.fractionBeyond = 0.0110658124635993, check.thresholdRank = 0, check.quantileAtRatio = 1.37454677372202, check.quantileAtRank = NaN, isUniform = FALSE, clusterSize = 402
[2026-07-24 12:05:28] Clusters 07_09-merge and 08 cannot be merged
[2026-07-24 12:05:28] *[2026-07-24 12:05:28] 11_13-merge_12-merge
[2026-07-24 12:05:28] Asked to drop 0 genes and 3552 cells
[2026-07-24 12:05:28] COTAN dataset analysis: START
[2026-07-24 12:05:28] Asked to drop 1379 genes and 0 cells
[2026-07-24 12:05:28] Genes/cells selection done: dropped [1379] genes and [0] cells
[2026-07-24 12:05:28] Working on [16754] genes and [539] cells
[2026-07-24 12:05:29] Dataset cleaning elapsed time: 0.917531490325928
[2026-07-24 12:05:29] Estimate `dispersion`: START
[2026-07-24 12:05:29] Effective number of cores used: 40
[2026-07-24 12:05:29] Executing 17 genes batches
[2026-07-24 12:05:29] Parallel dispersion Newton-Raphson: used up to 5 iterations
[2026-07-24 12:05:29] Parallel dispersion Newton-Raphson: used up to 6 iterations
[2026-07-24 12:05:30] Parallel dispersion Newton-Raphson: used up to 5 iterations
[2026-07-24 12:05:30] Parallel dispersion Newton-Raphson: used up to 5 iterations
[2026-07-24 12:05:30] Parallel dispersion Newton-Raphson: used up to 6 iterations
[2026-07-24 12:05:30] Parallel dispersion Newton-Raphson: used up to 6 iterations
[2026-07-24 12:05:30] Parallel dispersion Newton-Raphson: used up to 5 iterations
[2026-07-24 12:05:31] Parallel dispersion Newton-Raphson: used up to 5 iterations
[2026-07-24 12:05:31] Parallel dispersion Newton-Raphson: used up to 6 iterations
[2026-07-24 12:05:31] Parallel dispersion Newton-Raphson: used up to 5 iterations
[2026-07-24 12:05:31] Parallel dispersion Newton-Raphson: used up to 5 iterations
[2026-07-24 12:05:31] Parallel dispersion Newton-Raphson: used up to 6 iterations
[2026-07-24 12:05:32] Parallel dispersion Newton-Raphson: used up to 7 iterations
[2026-07-24 12:05:32] Parallel dispersion Newton-Raphson: used up to 6 iterations
[2026-07-24 12:05:32] Parallel dispersion Newton-Raphson: used up to 6 iterations
[2026-07-24 12:05:32] Parallel dispersion Newton-Raphson: used up to 6 iterations
[2026-07-24 12:05:33] Parallel dispersion Newton-Raphson: used up to 5 iterations
[2026-07-24 12:05:35] Total calculations elapsed time: 6.38420486450195
[2026-07-24 12:05:35] Estimate `dispersion`: DONE
[2026-07-24 12:05:35] Estimate `dispersion`: DONE
[2026-07-24 12:05:35] `dispersion` | min: -0.161017909549273 | max: 211.904996458569 | % negative: 45.8159245553301
[2026-07-24 12:05:36] Model parameter estimation elapsed time: 7.19404482841492
[2026-07-24 12:05:36] COTAN genes' COEX estimation: START
[2026-07-24 12:05:36] Effective number of cores used: 40
[2026-07-24 12:05:36] Calculate genes COEX (torch) on device cpu: START
[2026-07-24 12:05:36] Retrieving expected genes contingency table
[2026-07-24 12:05:36] Expected genes contingency table elapsed time: 0.210359334945679
[2026-07-24 12:05:36] Calculating genes COEX normalization factor
[2026-07-24 12:05:38] Calculating genes COEX normalization factor elapsed time: 1.57926630973816
[2026-07-24 12:05:38] Retrieving observed genes yes/yes contingency table
[2026-07-24 12:05:38] Observed genes contingency table elapsed time: 0.269951581954956
[2026-07-24 12:05:50] Calculate genes COEX elapsed time: 12.1073195934296
[2026-07-24 12:05:50] Total calculations elapsed time: 14.1668968200684
[2026-07-24 12:05:50] Calculate genes COEX (torch) on device cpu: DONE
[2026-07-24 12:05:51] Only genes' COEX elapsed time: 14.9025228023529
[2026-07-24 12:05:51] Dataset analysis elapsed time: 23.0140991210938
[2026-07-24 12:05:51] COTAN dataset analysis: DONE
[2026-07-24 12:05:52] Checking uniformity for the cluster '11_13-merge_12-merge' with 539 cells
[2026-07-24 12:05:52] Calculate GDI dataframe: START
[2026-07-24 12:05:52] Using S
[2026-07-24 12:05:52] Calculating S: START
[2026-07-24 12:06:00] Calculating S: DONE
[2026-07-24 12:06:00] Calculate `GDI`: START
[2026-07-24 12:06:00] Effective number of cores used: 40
[2026-07-24 12:06:00] Effective number of cores used: 40
[2026-07-24 12:06:00] Executing 17 genes batches
[2026-07-24 12:06:08] Total calculations elapsed time: 8.52740979194641
[2026-07-24 12:06:08] Calculate `GDI`: DONE
[2026-07-24 12:06:10] Total calculations elapsed time: 18.0316705703735
[2026-07-24 12:06:10] Calculate GDI dataframe: DONE
[2026-07-24 12:06:10] Clean plots: START
[2026-07-24 12:06:10] Total calculations elapsed time: 0.0231878757476807
[2026-07-24 12:06:10] Clean plots: DONE
[2026-07-24 12:06:10] GDI plot
[2026-07-24 12:06:10] Removed 12 low GDI genes (such as the fully-expressed) in GDI plot
[2026-07-24 12:06:12] Cluster 11_13-merge_12-merge, with size 539, is not uniform
[2026-07-24 12:06:12] Cluster 11_13-merge_12-merge's shift to uniformity: 0.0626789928317639
[2026-07-24 12:06:12] class = SimpleGDIUniformityCheck, check.isCheckAbove = FALSE, check.GDIThreshold = 1.37, check.maxRatioBeyond = 0.01, check.maxRankBeyond = 0, check.fractionBeyond = 0.0362898412319446, check.thresholdRank = 0, check.quantileAtRatio = 1.43267899283176, check.quantileAtRank = NaN, isUniform = FALSE, clusterSize = 539
[2026-07-24 12:06:12] Clusters 11_13-merge and 12 cannot be merged
[2026-07-24 12:06:12] *[2026-07-24 12:06:12] 07_09-merge_24-merge
[2026-07-24 12:06:12] Asked to drop 0 genes and 3567 cells
[2026-07-24 12:06:13] COTAN dataset analysis: START
[2026-07-24 12:06:13] Asked to drop 1121 genes and 0 cells
[2026-07-24 12:06:13] Genes/cells selection done: dropped [1121] genes and [0] cells
[2026-07-24 12:06:13] Working on [17012] genes and [524] cells
[2026-07-24 12:06:13] Dataset cleaning elapsed time: 0.87117075920105
[2026-07-24 12:06:13] Estimate `dispersion`: START
[2026-07-24 12:06:13] Effective number of cores used: 40
[2026-07-24 12:06:13] Executing 17 genes batches
[2026-07-24 12:06:14] Parallel dispersion Newton-Raphson: used up to 6 iterations
[2026-07-24 12:06:14] Parallel dispersion Newton-Raphson: used up to 6 iterations
[2026-07-24 12:06:14] Parallel dispersion Newton-Raphson: used up to 6 iterations
[2026-07-24 12:06:14] Parallel dispersion Newton-Raphson: used up to 6 iterations
[2026-07-24 12:06:15] Parallel dispersion Newton-Raphson: used up to 6 iterations
[2026-07-24 12:06:15] Parallel dispersion Newton-Raphson: used up to 5 iterations
[2026-07-24 12:06:15] Parallel dispersion Newton-Raphson: used up to 7 iterations
[2026-07-24 12:06:15] Parallel dispersion Newton-Raphson: used up to 5 iterations
[2026-07-24 12:06:15] Parallel dispersion Newton-Raphson: used up to 6 iterations
[2026-07-24 12:06:16] Parallel dispersion Newton-Raphson: used up to 5 iterations
[2026-07-24 12:06:16] Parallel dispersion Newton-Raphson: used up to 5 iterations
[2026-07-24 12:06:16] Parallel dispersion Newton-Raphson: used up to 5 iterations
[2026-07-24 12:06:16] Parallel dispersion Newton-Raphson: used up to 7 iterations
[2026-07-24 12:06:17] Parallel dispersion Newton-Raphson: used up to 6 iterations
[2026-07-24 12:06:17] Parallel dispersion Newton-Raphson: used up to 6 iterations
[2026-07-24 12:06:17] Parallel dispersion Newton-Raphson: used up to 6 iterations
[2026-07-24 12:06:17] Parallel dispersion Newton-Raphson: used up to 5 iterations
[2026-07-24 12:06:20] Total calculations elapsed time: 6.76950573921204
[2026-07-24 12:06:20] Estimate `dispersion`: DONE
[2026-07-24 12:06:20] Estimate `dispersion`: DONE
[2026-07-24 12:06:20] `dispersion` | min: -0.105700146978178 | max: 195.764686500989 | % negative: 43.1636491888079
[2026-07-24 12:06:21] Model parameter estimation elapsed time: 7.89792275428772
[2026-07-24 12:06:21] COTAN genes' COEX estimation: START
[2026-07-24 12:06:21] Effective number of cores used: 40
[2026-07-24 12:06:21] Calculate genes COEX (torch) on device cpu: START
[2026-07-24 12:06:21] Retrieving expected genes contingency table
[2026-07-24 12:06:22] Expected genes contingency table elapsed time: 0.222040891647339
[2026-07-24 12:06:22] Calculating genes COEX normalization factor
[2026-07-24 12:06:23] Calculating genes COEX normalization factor elapsed time: 1.6430516242981
[2026-07-24 12:06:23] Retrieving observed genes yes/yes contingency table
[2026-07-24 12:06:23] Observed genes contingency table elapsed time: 0.266717433929443
[2026-07-24 12:06:36] Calculate genes COEX elapsed time: 12.7030432224274
[2026-07-24 12:06:36] Total calculations elapsed time: 14.8348531723022
[2026-07-24 12:06:36] Calculate genes COEX (torch) on device cpu: DONE
[2026-07-24 12:06:37] Only genes' COEX elapsed time: 15.5801467895508
[2026-07-24 12:06:37] Dataset analysis elapsed time: 24.3492403030396
[2026-07-24 12:06:37] COTAN dataset analysis: DONE
[2026-07-24 12:06:38] Checking uniformity for the cluster '07_09-merge_24-merge' with 524 cells
[2026-07-24 12:06:38] Calculate GDI dataframe: START
[2026-07-24 12:06:38] Using S
[2026-07-24 12:06:38] Calculating S: START
[2026-07-24 12:06:46] Calculating S: DONE
[2026-07-24 12:06:46] Calculate `GDI`: START
[2026-07-24 12:06:46] Effective number of cores used: 40
[2026-07-24 12:06:46] Effective number of cores used: 40
[2026-07-24 12:06:46] Executing 17 genes batches
[2026-07-24 12:06:55] Total calculations elapsed time: 8.80906772613525
[2026-07-24 12:06:55] Calculate `GDI`: DONE
[2026-07-24 12:06:56] Total calculations elapsed time: 18.7328445911407
[2026-07-24 12:06:56] Calculate GDI dataframe: DONE
[2026-07-24 12:06:56] Clean plots: START
[2026-07-24 12:06:56] Total calculations elapsed time: 0.0228054523468018
[2026-07-24 12:06:56] Clean plots: DONE
[2026-07-24 12:06:56] GDI plot
[2026-07-24 12:06:56] Removed 11 low GDI genes (such as the fully-expressed) in GDI plot
[2026-07-24 12:06:58] Cluster 07_09-merge_24-merge, with size 524, is not uniform
[2026-07-24 12:06:58] Cluster 07_09-merge_24-merge's shift to uniformity: 0.036543339117928
[2026-07-24 12:06:58] class = SimpleGDIUniformityCheck, check.isCheckAbove = FALSE, check.GDIThreshold = 1.37, check.maxRatioBeyond = 0.01, check.maxRankBeyond = 0, check.fractionBeyond = 0.0255701857512344, check.thresholdRank = 0, check.quantileAtRatio = 1.40654333911793, check.quantileAtRank = NaN, isUniform = FALSE, clusterSize = 524
[2026-07-24 12:06:59] Clusters 07_09-merge and 24 cannot be merged
[2026-07-24 12:06:59] *[2026-07-24 12:06:59] 10_11_13-merge-merge
[2026-07-24 12:06:59] Asked to drop 0 genes and 3840 cells
[2026-07-24 12:06:59] COTAN dataset analysis: START
[2026-07-24 12:06:59] Asked to drop 1521 genes and 0 cells
[2026-07-24 12:06:59] Genes/cells selection done: dropped [1521] genes and [0] cells
[2026-07-24 12:06:59] Working on [16612] genes and [251] cells
[2026-07-24 12:07:00] Dataset cleaning elapsed time: 0.913878917694092
[2026-07-24 12:07:00] Estimate `dispersion`: START
[2026-07-24 12:07:00] Effective number of cores used: 40
[2026-07-24 12:07:00] Executing 17 genes batches
[2026-07-24 12:07:00] Parallel dispersion Newton-Raphson: used up to 5 iterations
[2026-07-24 12:07:01] Parallel dispersion Newton-Raphson: used up to 6 iterations
[2026-07-24 12:07:01] Parallel dispersion Newton-Raphson: used up to 5 iterations
[2026-07-24 12:07:01] Parallel dispersion Newton-Raphson: used up to 6 iterations
[2026-07-24 12:07:01] Parallel dispersion Newton-Raphson: used up to 6 iterations
[2026-07-24 12:07:01] Parallel dispersion Newton-Raphson: used up to 6 iterations
[2026-07-24 12:07:02] Parallel dispersion Newton-Raphson: used up to 6 iterations
[2026-07-24 12:07:02] Parallel dispersion Newton-Raphson: used up to 7 iterations
[2026-07-24 12:07:02] Parallel dispersion Newton-Raphson: used up to 6 iterations
[2026-07-24 12:07:02] Parallel dispersion Newton-Raphson: used up to 5 iterations
[2026-07-24 12:07:02] Parallel dispersion Newton-Raphson: used up to 5 iterations
[2026-07-24 12:07:03] Parallel dispersion Newton-Raphson: used up to 6 iterations
[2026-07-24 12:07:03] Parallel dispersion Newton-Raphson: used up to 7 iterations
[2026-07-24 12:07:03] Parallel dispersion Newton-Raphson: used up to 5 iterations
[2026-07-24 12:07:03] Parallel dispersion Newton-Raphson: used up to 6 iterations
[2026-07-24 12:07:03] Parallel dispersion Newton-Raphson: used up to 6 iterations
[2026-07-24 12:07:04] Parallel dispersion Newton-Raphson: used up to 5 iterations
[2026-07-24 12:07:07] Total calculations elapsed time: 6.44191408157349
[2026-07-24 12:07:07] Estimate `dispersion`: DONE
[2026-07-24 12:07:07] Estimate `dispersion`: DONE
[2026-07-24 12:07:07] `dispersion` | min: -0.293990742137984 | max: 255.811739431638 | % negative: 51.2159884420901
[2026-07-24 12:07:07] Model parameter estimation elapsed time: 7.24123454093933
[2026-07-24 12:07:07] COTAN genes' COEX estimation: START
[2026-07-24 12:07:07] Effective number of cores used: 40
[2026-07-24 12:07:07] Calculate genes COEX (torch) on device cpu: START
[2026-07-24 12:07:07] Retrieving expected genes contingency table
[2026-07-24 12:07:07] Expected genes contingency table elapsed time: 0.113823413848877
[2026-07-24 12:07:07] Calculating genes COEX normalization factor
[2026-07-24 12:07:09] Calculating genes COEX normalization factor elapsed time: 1.57890105247498
[2026-07-24 12:07:09] Retrieving observed genes yes/yes contingency table
[2026-07-24 12:07:09] Observed genes contingency table elapsed time: 0.137093067169189
[2026-07-24 12:07:22] Calculate genes COEX elapsed time: 12.4290933609009
[2026-07-24 12:07:22] Total calculations elapsed time: 14.2589108943939
[2026-07-24 12:07:22] Calculate genes COEX (torch) on device cpu: DONE
[2026-07-24 12:07:22] Only genes' COEX elapsed time: 15.0607662200928
[2026-07-24 12:07:22] Dataset analysis elapsed time: 23.2158796787262
[2026-07-24 12:07:22] COTAN dataset analysis: DONE
[2026-07-24 12:07:23] Checking uniformity for the cluster '10_11_13-merge-merge' with 251 cells
[2026-07-24 12:07:23] Calculate GDI dataframe: START
[2026-07-24 12:07:23] Using S
[2026-07-24 12:07:23] Calculating S: START
[2026-07-24 12:07:31] Calculating S: DONE
[2026-07-24 12:07:31] Calculate `GDI`: START
[2026-07-24 12:07:31] Effective number of cores used: 40
[2026-07-24 12:07:31] Effective number of cores used: 40
[2026-07-24 12:07:31] Executing 17 genes batches
[2026-07-24 12:07:39] Total calculations elapsed time: 7.33417296409607
[2026-07-24 12:07:39] Calculate `GDI`: DONE
[2026-07-24 12:07:40] Total calculations elapsed time: 17.0459065437317
[2026-07-24 12:07:40] Calculate GDI dataframe: DONE
[2026-07-24 12:07:40] Clean plots: START
[2026-07-24 12:07:40] Total calculations elapsed time: 0.0231533050537109
[2026-07-24 12:07:40] Clean plots: DONE
[2026-07-24 12:07:40] GDI plot
[2026-07-24 12:07:40] Removed 18 low GDI genes (such as the fully-expressed) in GDI plot
[2026-07-24 12:07:42] Cluster 10_11_13-merge-merge, with size 251, is not uniform
[2026-07-24 12:07:42] Cluster 10_11_13-merge-merge's shift to uniformity: 0.0224049235342658
[2026-07-24 12:07:42] class = SimpleGDIUniformityCheck, check.isCheckAbove = FALSE, check.GDIThreshold = 1.37, check.maxRatioBeyond = 0.01, check.maxRankBeyond = 0, check.fractionBeyond = 0.0173970623645557, check.thresholdRank = 0, check.quantileAtRatio = 1.39240492353427, check.quantileAtRank = NaN, isUniform = FALSE, clusterSize = 251
[2026-07-24 12:07:43] Clusters 10 and 11_13-merge cannot be merged
[2026-07-24 12:07:43] *[2026-07-24 12:07:43] 07_09-merge_16-merge
[2026-07-24 12:07:43] Asked to drop 0 genes and 3645 cells
[2026-07-24 12:07:43] COTAN dataset analysis: START
[2026-07-24 12:07:43] Asked to drop 813 genes and 0 cells
[2026-07-24 12:07:43] Genes/cells selection done: dropped [813] genes and [0] cells
[2026-07-24 12:07:43] Working on [17320] genes and [446] cells
[2026-07-24 12:07:44] Dataset cleaning elapsed time: 0.966445684432983
[2026-07-24 12:07:44] Estimate `dispersion`: START
[2026-07-24 12:07:44] Effective number of cores used: 40
[2026-07-24 12:07:44] Executing 17 genes batches
[2026-07-24 12:07:45] Parallel dispersion Newton-Raphson: used up to 5 iterations
[2026-07-24 12:07:45] Parallel dispersion Newton-Raphson: used up to 6 iterations
[2026-07-24 12:07:45] Parallel dispersion Newton-Raphson: used up to 6 iterations
[2026-07-24 12:07:45] Parallel dispersion Newton-Raphson: used up to 5 iterations
[2026-07-24 12:07:45] Parallel dispersion Newton-Raphson: used up to 5 iterations
[2026-07-24 12:07:46] Parallel dispersion Newton-Raphson: used up to 5 iterations
[2026-07-24 12:07:46] Parallel dispersion Newton-Raphson: used up to 7 iterations
[2026-07-24 12:07:46] Parallel dispersion Newton-Raphson: used up to 6 iterations
[2026-07-24 12:07:46] Parallel dispersion Newton-Raphson: used up to 7 iterations
[2026-07-24 12:07:47] Parallel dispersion Newton-Raphson: used up to 6 iterations
[2026-07-24 12:07:47] Parallel dispersion Newton-Raphson: used up to 5 iterations
[2026-07-24 12:07:47] Parallel dispersion Newton-Raphson: used up to 6 iterations
[2026-07-24 12:07:47] Parallel dispersion Newton-Raphson: used up to 7 iterations
[2026-07-24 12:07:47] Parallel dispersion Newton-Raphson: used up to 6 iterations
[2026-07-24 12:07:48] Parallel dispersion Newton-Raphson: used up to 5 iterations
[2026-07-24 12:07:48] Parallel dispersion Newton-Raphson: used up to 6 iterations
[2026-07-24 12:07:48] Parallel dispersion Newton-Raphson: used up to 5 iterations
[2026-07-24 12:07:51] Total calculations elapsed time: 6.82508158683777
[2026-07-24 12:07:51] Estimate `dispersion`: DONE
[2026-07-24 12:07:51] Estimate `dispersion`: DONE
[2026-07-24 12:07:51] `dispersion` | min: -0.348211172875636 | max: 264.768629906919 | % negative: 47.1651270207852
[2026-07-24 12:07:52] Model parameter estimation elapsed time: 7.6136155128479
[2026-07-24 12:07:52] COTAN genes' COEX estimation: START
[2026-07-24 12:07:52] Effective number of cores used: 40
[2026-07-24 12:07:52] Calculate genes COEX (torch) on device cpu: START
[2026-07-24 12:07:52] Retrieving expected genes contingency table
[2026-07-24 12:07:52] Expected genes contingency table elapsed time: 0.192836284637451
[2026-07-24 12:07:52] Calculating genes COEX normalization factor
[2026-07-24 12:07:54] Calculating genes COEX normalization factor elapsed time: 1.61525750160217
[2026-07-24 12:07:54] Retrieving observed genes yes/yes contingency table
[2026-07-24 12:07:54] Observed genes contingency table elapsed time: 0.241930723190308
[2026-07-24 12:08:08] Calculate genes COEX elapsed time: 13.9517834186554
[2026-07-24 12:08:08] Total calculations elapsed time: 16.0018079280853
[2026-07-24 12:08:08] Calculate genes COEX (torch) on device cpu: DONE
[2026-07-24 12:08:09] Only genes' COEX elapsed time: 16.787383556366
[2026-07-24 12:08:09] Dataset analysis elapsed time: 25.3674447536469
[2026-07-24 12:08:09] COTAN dataset analysis: DONE
[2026-07-24 12:08:09] Checking uniformity for the cluster '07_09-merge_16-merge' with 446 cells
[2026-07-24 12:08:09] Calculate GDI dataframe: START
[2026-07-24 12:08:09] Using S
[2026-07-24 12:08:09] Calculating S: START
[2026-07-24 12:08:19] Calculating S: DONE
[2026-07-24 12:08:19] Calculate `GDI`: START
[2026-07-24 12:08:19] Effective number of cores used: 40
[2026-07-24 12:08:19] Effective number of cores used: 40
[2026-07-24 12:08:19] Executing 17 genes batches
[2026-07-24 12:08:26] Total calculations elapsed time: 6.9647798538208
[2026-07-24 12:08:26] Calculate `GDI`: DONE
[2026-07-24 12:08:28] Total calculations elapsed time: 18.3069913387299
[2026-07-24 12:08:28] Calculate GDI dataframe: DONE
[2026-07-24 12:08:28] Clean plots: START
[2026-07-24 12:08:28] Total calculations elapsed time: 0.0232474803924561
[2026-07-24 12:08:28] Clean plots: DONE
[2026-07-24 12:08:28] GDI plot
[2026-07-24 12:08:28] Removed 13 low GDI genes (such as the fully-expressed) in GDI plot
[2026-07-24 12:08:30] Cluster 07_09-merge_16-merge, with size 446, is not uniform
[2026-07-24 12:08:30] Cluster 07_09-merge_16-merge's shift to uniformity: 0.00857238530546844
[2026-07-24 12:08:30] class = SimpleGDIUniformityCheck, check.isCheckAbove = FALSE, check.GDIThreshold = 1.37, check.maxRatioBeyond = 0.01, check.maxRankBeyond = 0, check.fractionBeyond = 0.013568129330254, check.thresholdRank = 0, check.quantileAtRatio = 1.37857238530547, check.quantileAtRank = NaN, isUniform = FALSE, clusterSize = 446
[2026-07-24 12:08:31] Clusters 07_09-merge and 16 cannot be merged
[2026-07-24 12:08:31] *[2026-07-24 12:08:31] 19_21_22-merge-merge
[2026-07-24 12:08:31] Asked to drop 0 genes and 3812 cells
[2026-07-24 12:08:31] COTAN dataset analysis: START
[2026-07-24 12:08:31] Asked to drop 2083 genes and 0 cells
[2026-07-24 12:08:31] Genes/cells selection done: dropped [2083] genes and [0] cells
[2026-07-24 12:08:31] Working on [16050] genes and [279] cells
[2026-07-24 12:08:31] Dataset cleaning elapsed time: 0.796237945556641
[2026-07-24 12:08:31] Estimate `dispersion`: START
[2026-07-24 12:08:31] Effective number of cores used: 40
[2026-07-24 12:08:31] Executing 16 genes batches
[2026-07-24 12:08:32] Parallel dispersion Newton-Raphson: used up to 6 iterations
[2026-07-24 12:08:32] Parallel dispersion Newton-Raphson: used up to 7 iterations
[2026-07-24 12:08:32] Parallel dispersion Newton-Raphson: used up to 6 iterations
[2026-07-24 12:08:32] Parallel dispersion Newton-Raphson: used up to 6 iterations
[2026-07-24 12:08:33] Parallel dispersion Newton-Raphson: used up to 6 iterations
[2026-07-24 12:08:33] Parallel dispersion Newton-Raphson: used up to 5 iterations
[2026-07-24 12:08:33] Parallel dispersion Newton-Raphson: used up to 6 iterations
[2026-07-24 12:08:33] Parallel dispersion Newton-Raphson: used up to 6 iterations
[2026-07-24 12:08:33] Parallel dispersion Newton-Raphson: used up to 6 iterations
[2026-07-24 12:08:34] Parallel dispersion Newton-Raphson: used up to 5 iterations
[2026-07-24 12:08:34] Parallel dispersion Newton-Raphson: used up to 5 iterations
[2026-07-24 12:08:34] Parallel dispersion Newton-Raphson: used up to 6 iterations
[2026-07-24 12:08:34] Parallel dispersion Newton-Raphson: used up to 6 iterations
[2026-07-24 12:08:34] Parallel dispersion Newton-Raphson: used up to 6 iterations
[2026-07-24 12:08:35] Parallel dispersion Newton-Raphson: used up to 6 iterations
[2026-07-24 12:08:35] Parallel dispersion Newton-Raphson: used up to 5 iterations
[2026-07-24 12:08:38] Total calculations elapsed time: 6.19346356391907
[2026-07-24 12:08:38] Estimate `dispersion`: DONE
[2026-07-24 12:08:38] Estimate `dispersion`: DONE
[2026-07-24 12:08:38] `dispersion` | min: -0.23205772027157 | max: 279.00095861733 | % negative: 52.3551401869159
[2026-07-24 12:08:38] Model parameter estimation elapsed time: 6.98959922790527
[2026-07-24 12:08:38] COTAN genes' COEX estimation: START
[2026-07-24 12:08:38] Effective number of cores used: 40
[2026-07-24 12:08:38] Calculate genes COEX (torch) on device cpu: START
[2026-07-24 12:08:38] Retrieving expected genes contingency table
[2026-07-24 12:08:39] Expected genes contingency table elapsed time: 0.106625556945801
[2026-07-24 12:08:39] Calculating genes COEX normalization factor
[2026-07-24 12:08:40] Calculating genes COEX normalization factor elapsed time: 1.48662066459656
[2026-07-24 12:08:40] Retrieving observed genes yes/yes contingency table
[2026-07-24 12:08:40] Observed genes contingency table elapsed time: 0.13475489616394
[2026-07-24 12:08:52] Calculate genes COEX elapsed time: 11.4761006832123
[2026-07-24 12:08:52] Total calculations elapsed time: 13.2041018009186
[2026-07-24 12:08:52] Calculate genes COEX (torch) on device cpu: DONE
[2026-07-24 12:08:52] Only genes' COEX elapsed time: 13.9410617351532
[2026-07-24 12:08:52] Dataset analysis elapsed time: 21.7268989086151
[2026-07-24 12:08:52] COTAN dataset analysis: DONE
[2026-07-24 12:08:53] Checking uniformity for the cluster '19_21_22-merge-merge' with 279 cells
[2026-07-24 12:08:53] Calculate GDI dataframe: START
[2026-07-24 12:08:53] Using S
[2026-07-24 12:08:53] Calculating S: START
[2026-07-24 12:09:01] Calculating S: DONE
[2026-07-24 12:09:01] Calculate `GDI`: START
[2026-07-24 12:09:01] Effective number of cores used: 40
[2026-07-24 12:09:01] Effective number of cores used: 40
[2026-07-24 12:09:01] Executing 16 genes batches
[2026-07-24 12:09:07] Total calculations elapsed time: 6.09399843215942
[2026-07-24 12:09:07] Calculate `GDI`: DONE
[2026-07-24 12:09:08] Total calculations elapsed time: 15.2351543903351
[2026-07-24 12:09:08] Calculate GDI dataframe: DONE
[2026-07-24 12:09:08] Clean plots: START
[2026-07-24 12:09:08] Total calculations elapsed time: 0.0232663154602051
[2026-07-24 12:09:08] Clean plots: DONE
[2026-07-24 12:09:08] GDI plot
[2026-07-24 12:09:08] Removed 7 low GDI genes (such as the fully-expressed) in GDI plot
[2026-07-24 12:09:11] Cluster 19_21_22-merge-merge, with size 279, is not uniform
[2026-07-24 12:09:11] Cluster 19_21_22-merge-merge's shift to uniformity: 0.149234299341108
[2026-07-24 12:09:11] class = SimpleGDIUniformityCheck, check.isCheckAbove = FALSE, check.GDIThreshold = 1.37, check.maxRatioBeyond = 0.01, check.maxRankBeyond = 0, check.fractionBeyond = 0.073582554517134, check.thresholdRank = 0, check.quantileAtRatio = 1.51923429934111, check.quantileAtRank = NaN, isUniform = FALSE, clusterSize = 279
[2026-07-24 12:09:11] Clusters 19 and 21_22-merge cannot be merged
[2026-07-24 12:09:11] *[2026-07-24 12:09:11] 07_09-merge_12-merge
[2026-07-24 12:09:11] Asked to drop 0 genes and 3484 cells
[2026-07-24 12:09:11] COTAN dataset analysis: START
[2026-07-24 12:09:11] Asked to drop 1220 genes and 0 cells
[2026-07-24 12:09:12] Genes/cells selection done: dropped [1220] genes and [0] cells
[2026-07-24 12:09:12] Working on [16913] genes and [607] cells
[2026-07-24 12:09:12] Dataset cleaning elapsed time: 0.904639720916748
[2026-07-24 12:09:12] Estimate `dispersion`: START
[2026-07-24 12:09:12] Effective number of cores used: 40
[2026-07-24 12:09:12] Executing 17 genes batches
[2026-07-24 12:09:13] Parallel dispersion Newton-Raphson: used up to 6 iterations
[2026-07-24 12:09:13] Parallel dispersion Newton-Raphson: used up to 6 iterations
[2026-07-24 12:09:13] Parallel dispersion Newton-Raphson: used up to 5 iterations
[2026-07-24 12:09:13] Parallel dispersion Newton-Raphson: used up to 6 iterations
[2026-07-24 12:09:14] Parallel dispersion Newton-Raphson: used up to 6 iterations
[2026-07-24 12:09:14] Parallel dispersion Newton-Raphson: used up to 5 iterations
[2026-07-24 12:09:14] Parallel dispersion Newton-Raphson: used up to 6 iterations
[2026-07-24 12:09:14] Parallel dispersion Newton-Raphson: used up to 5 iterations
[2026-07-24 12:09:14] Parallel dispersion Newton-Raphson: used up to 7 iterations
[2026-07-24 12:09:15] Parallel dispersion Newton-Raphson: used up to 5 iterations
[2026-07-24 12:09:15] Parallel dispersion Newton-Raphson: used up to 6 iterations
[2026-07-24 12:09:15] Parallel dispersion Newton-Raphson: used up to 5 iterations
[2026-07-24 12:09:15] Parallel dispersion Newton-Raphson: used up to 7 iterations
[2026-07-24 12:09:15] Parallel dispersion Newton-Raphson: used up to 6 iterations
[2026-07-24 12:09:16] Parallel dispersion Newton-Raphson: used up to 6 iterations
[2026-07-24 12:09:16] Parallel dispersion Newton-Raphson: used up to 6 iterations
[2026-07-24 12:09:16] Parallel dispersion Newton-Raphson: used up to 5 iterations
[2026-07-24 12:09:19] Total calculations elapsed time: 6.15453386306763
[2026-07-24 12:09:19] Estimate `dispersion`: DONE
[2026-07-24 12:09:19] Estimate `dispersion`: DONE
[2026-07-24 12:09:19] `dispersion` | min: -0.0960363609933083 | max: 480.738191704549 | % negative: 44.5397031868977
[2026-07-24 12:09:19] Model parameter estimation elapsed time: 6.89760661125183
[2026-07-24 12:09:19] COTAN genes' COEX estimation: START
[2026-07-24 12:09:19] Effective number of cores used: 40
[2026-07-24 12:09:19] Calculate genes COEX (torch) on device cpu: START
[2026-07-24 12:09:19] Retrieving expected genes contingency table
[2026-07-24 12:09:19] Expected genes contingency table elapsed time: 0.201928615570068
[2026-07-24 12:09:19] Calculating genes COEX normalization factor
[2026-07-24 12:09:21] Calculating genes COEX normalization factor elapsed time: 1.57785034179688
[2026-07-24 12:09:21] Retrieving observed genes yes/yes contingency table
[2026-07-24 12:09:21] Observed genes contingency table elapsed time: 0.248228311538696
[2026-07-24 12:09:34] Calculate genes COEX elapsed time: 12.6564855575562
[2026-07-24 12:09:34] Total calculations elapsed time: 14.6844928264618
[2026-07-24 12:09:34] Calculate genes COEX (torch) on device cpu: DONE
[2026-07-24 12:09:35] Only genes' COEX elapsed time: 15.5292296409607
[2026-07-24 12:09:35] Dataset analysis elapsed time: 23.3314759731293
[2026-07-24 12:09:35] COTAN dataset analysis: DONE
[2026-07-24 12:09:36] Checking uniformity for the cluster '07_09-merge_12-merge' with 607 cells
[2026-07-24 12:09:36] Calculate GDI dataframe: START
[2026-07-24 12:09:36] Using S
[2026-07-24 12:09:36] Calculating S: START
[2026-07-24 12:09:44] Calculating S: DONE
[2026-07-24 12:09:44] Calculate `GDI`: START
[2026-07-24 12:09:44] Effective number of cores used: 40
[2026-07-24 12:09:44] Effective number of cores used: 40
[2026-07-24 12:09:44] Executing 17 genes batches
[2026-07-24 12:09:53] Total calculations elapsed time: 8.65179800987244
[2026-07-24 12:09:53] Calculate `GDI`: DONE
[2026-07-24 12:09:54] Total calculations elapsed time: 18.94966173172
[2026-07-24 12:09:54] Calculate GDI dataframe: DONE
[2026-07-24 12:09:54] Clean plots: START
[2026-07-24 12:09:55] Total calculations elapsed time: 0.024012565612793
[2026-07-24 12:09:55] Clean plots: DONE
[2026-07-24 12:09:55] GDI plot
[2026-07-24 12:09:55] Removed 11 low GDI genes (such as the fully-expressed) in GDI plot
[2026-07-24 12:09:57] Cluster 07_09-merge_12-merge, with size 607, is not uniform
[2026-07-24 12:09:57] Cluster 07_09-merge_12-merge's shift to uniformity: 0.0971728887209196
[2026-07-24 12:09:57] class = SimpleGDIUniformityCheck, check.isCheckAbove = FALSE, check.GDIThreshold = 1.37, check.maxRatioBeyond = 0.01, check.maxRankBeyond = 0, check.fractionBeyond = 0.0432211907999763, check.thresholdRank = 0, check.quantileAtRatio = 1.46717288872092, check.quantileAtRank = NaN, isUniform = FALSE, clusterSize = 607
[2026-07-24 12:09:57] Clusters 07_09-merge and 12 cannot be merged
[2026-07-24 12:09:57] *[2026-07-24 12:09:57] 20_21_22-merge-merge
[2026-07-24 12:09:57] Asked to drop 0 genes and 3824 cells
[2026-07-24 12:09:57] COTAN dataset analysis: START
[2026-07-24 12:09:57] Asked to drop 2203 genes and 0 cells
[2026-07-24 12:09:57] Genes/cells selection done: dropped [2203] genes and [0] cells
[2026-07-24 12:09:57] Working on [15930] genes and [267] cells
[2026-07-24 12:09:58] Dataset cleaning elapsed time: 0.909564971923828
[2026-07-24 12:09:58] Estimate `dispersion`: START
[2026-07-24 12:09:58] Effective number of cores used: 40
[2026-07-24 12:09:58] Executing 16 genes batches
[2026-07-24 12:09:59] Parallel dispersion Newton-Raphson: used up to 7 iterations
[2026-07-24 12:09:59] Parallel dispersion Newton-Raphson: used up to 6 iterations
[2026-07-24 12:09:59] Parallel dispersion Newton-Raphson: used up to 7 iterations
[2026-07-24 12:09:59] Parallel dispersion Newton-Raphson: used up to 6 iterations
[2026-07-24 12:09:59] Parallel dispersion Newton-Raphson: used up to 6 iterations
[2026-07-24 12:10:00] Parallel dispersion Newton-Raphson: used up to 5 iterations
[2026-07-24 12:10:00] Parallel dispersion Newton-Raphson: used up to 7 iterations
[2026-07-24 12:10:00] Parallel dispersion Newton-Raphson: used up to 7 iterations
[2026-07-24 12:10:00] Parallel dispersion Newton-Raphson: used up to 5 iterations
[2026-07-24 12:10:01] Parallel dispersion Newton-Raphson: used up to 5 iterations
[2026-07-24 12:10:01] Parallel dispersion Newton-Raphson: used up to 5 iterations
[2026-07-24 12:10:01] Parallel dispersion Newton-Raphson: used up to 5 iterations
[2026-07-24 12:10:01] Parallel dispersion Newton-Raphson: used up to 6 iterations
[2026-07-24 12:10:01] Parallel dispersion Newton-Raphson: used up to 6 iterations
[2026-07-24 12:10:02] Parallel dispersion Newton-Raphson: used up to 6 iterations
[2026-07-24 12:10:02] Parallel dispersion Newton-Raphson: used up to 5 iterations
[2026-07-24 12:10:05] Total calculations elapsed time: 6.41531896591187
[2026-07-24 12:10:05] Estimate `dispersion`: DONE
[2026-07-24 12:10:05] Estimate `dispersion`: DONE
[2026-07-24 12:10:05] `dispersion` | min: -0.242264627166343 | max: 319.188321713453 | % negative: 53.5279347143754
[2026-07-24 12:10:06] Model parameter estimation elapsed time: 7.22337651252747
[2026-07-24 12:10:06] COTAN genes' COEX estimation: START
[2026-07-24 12:10:06] Effective number of cores used: 40
[2026-07-24 12:10:06] Calculate genes COEX (torch) on device cpu: START
[2026-07-24 12:10:06] Retrieving expected genes contingency table
[2026-07-24 12:10:06] Expected genes contingency table elapsed time: 0.107847929000854
[2026-07-24 12:10:06] Calculating genes COEX normalization factor
[2026-07-24 12:10:07] Calculating genes COEX normalization factor elapsed time: 1.51011681556702
[2026-07-24 12:10:07] Retrieving observed genes yes/yes contingency table
[2026-07-24 12:10:07] Observed genes contingency table elapsed time: 0.119893074035645
[2026-07-24 12:10:19] Calculate genes COEX elapsed time: 11.315258026123
[2026-07-24 12:10:19] Total calculations elapsed time: 13.0531158447266
[2026-07-24 12:10:19] Calculate genes COEX (torch) on device cpu: DONE
[2026-07-24 12:10:19] Only genes' COEX elapsed time: 13.7977261543274
[2026-07-24 12:10:19] Dataset analysis elapsed time: 21.9306676387787
[2026-07-24 12:10:19] COTAN dataset analysis: DONE
[2026-07-24 12:10:20] Checking uniformity for the cluster '20_21_22-merge-merge' with 267 cells
[2026-07-24 12:10:20] Calculate GDI dataframe: START
[2026-07-24 12:10:20] Using S
[2026-07-24 12:10:20] Calculating S: START
[2026-07-24 12:10:28] Calculating S: DONE
[2026-07-24 12:10:28] Calculate `GDI`: START
[2026-07-24 12:10:28] Effective number of cores used: 40
[2026-07-24 12:10:28] Effective number of cores used: 40
[2026-07-24 12:10:28] Executing 16 genes batches
[2026-07-24 12:10:34] Total calculations elapsed time: 6.50199484825134
[2026-07-24 12:10:34] Calculate `GDI`: DONE
[2026-07-24 12:10:36] Total calculations elapsed time: 15.7264811992645
[2026-07-24 12:10:36] Calculate GDI dataframe: DONE
[2026-07-24 12:10:36] Clean plots: START
[2026-07-24 12:10:36] Total calculations elapsed time: 0.0261139869689941
[2026-07-24 12:10:36] Clean plots: DONE
[2026-07-24 12:10:36] GDI plot
[2026-07-24 12:10:36] Removed 5 low GDI genes (such as the fully-expressed) in GDI plot
[2026-07-24 12:10:38] Cluster 20_21_22-merge-merge, with size 267, is not uniform
[2026-07-24 12:10:38] Cluster 20_21_22-merge-merge's shift to uniformity: 0.0687841808577851
[2026-07-24 12:10:38] class = SimpleGDIUniformityCheck, check.isCheckAbove = FALSE, check.GDIThreshold = 1.37, check.maxRatioBeyond = 0.01, check.maxRankBeyond = 0, check.fractionBeyond = 0.0372881355932203, check.thresholdRank = 0, check.quantileAtRatio = 1.43878418085779, check.quantileAtRank = NaN, isUniform = FALSE, clusterSize = 267
[2026-07-24 12:10:39] Clusters 20 and 21_22-merge cannot be merged
[2026-07-24 12:10:39] *[2026-07-24 12:10:39] 08_11_13-merge-merge
[2026-07-24 12:10:39] Asked to drop 0 genes and 3757 cells
[2026-07-24 12:10:39] COTAN dataset analysis: START
[2026-07-24 12:10:39] Asked to drop 1091 genes and 0 cells
[2026-07-24 12:10:39] Genes/cells selection done: dropped [1091] genes and [0] cells
[2026-07-24 12:10:39] Working on [17042] genes and [334] cells
[2026-07-24 12:10:41] Dataset cleaning elapsed time: 1.21377825737
[2026-07-24 12:10:41] Estimate `dispersion`: START
[2026-07-24 12:10:41] Effective number of cores used: 40
[2026-07-24 12:10:41] Executing 17 genes batches
[2026-07-24 12:10:41] Parallel dispersion Newton-Raphson: used up to 5 iterations
[2026-07-24 12:10:41] Parallel dispersion Newton-Raphson: used up to 7 iterations
[2026-07-24 12:10:41] Parallel dispersion Newton-Raphson: used up to 5 iterations
[2026-07-24 12:10:42] Parallel dispersion Newton-Raphson: used up to 5 iterations
[2026-07-24 12:10:42] Parallel dispersion Newton-Raphson: used up to 6 iterations
[2026-07-24 12:10:42] Parallel dispersion Newton-Raphson: used up to 6 iterations
[2026-07-24 12:10:42] Parallel dispersion Newton-Raphson: used up to 5 iterations
[2026-07-24 12:10:43] Parallel dispersion Newton-Raphson: used up to 5 iterations
[2026-07-24 12:10:43] Parallel dispersion Newton-Raphson: used up to 6 iterations
[2026-07-24 12:10:43] Parallel dispersion Newton-Raphson: used up to 5 iterations
[2026-07-24 12:10:43] Parallel dispersion Newton-Raphson: used up to 5 iterations
[2026-07-24 12:10:44] Parallel dispersion Newton-Raphson: used up to 6 iterations
[2026-07-24 12:10:44] Parallel dispersion Newton-Raphson: used up to 7 iterations
[2026-07-24 12:10:44] Parallel dispersion Newton-Raphson: used up to 6 iterations
[2026-07-24 12:10:44] Parallel dispersion Newton-Raphson: used up to 6 iterations
[2026-07-24 12:10:45] Parallel dispersion Newton-Raphson: used up to 6 iterations
[2026-07-24 12:10:45] Parallel dispersion Newton-Raphson: used up to 5 iterations
[2026-07-24 12:10:48] Total calculations elapsed time: 7.20894193649292
[2026-07-24 12:10:48] Estimate `dispersion`: DONE
[2026-07-24 12:10:48] Estimate `dispersion`: DONE
[2026-07-24 12:10:48] `dispersion` | min: -0.227009424345354 | max: 429.311661741276 | % negative: 49.7711536204671
[2026-07-24 12:10:49] Model parameter estimation elapsed time: 8.35417318344116
[2026-07-24 12:10:49] COTAN genes' COEX estimation: START
[2026-07-24 12:10:49] Effective number of cores used: 40
[2026-07-24 12:10:49] Calculate genes COEX (torch) on device cpu: START
[2026-07-24 12:10:49] Retrieving expected genes contingency table
[2026-07-24 12:10:49] Expected genes contingency table elapsed time: 0.15239405632019
[2026-07-24 12:10:49] Calculating genes COEX normalization factor
[2026-07-24 12:10:51] Calculating genes COEX normalization factor elapsed time: 1.9874050617218
[2026-07-24 12:10:51] Retrieving observed genes yes/yes contingency table
[2026-07-24 12:10:51] Observed genes contingency table elapsed time: 0.153915166854858
[2026-07-24 12:11:05] Calculate genes COEX elapsed time: 13.3097603321075
[2026-07-24 12:11:05] Total calculations elapsed time: 15.6034746170044
[2026-07-24 12:11:05] Calculate genes COEX (torch) on device cpu: DONE
[2026-07-24 12:11:06] Only genes' COEX elapsed time: 16.7531416416168
[2026-07-24 12:11:06] Dataset analysis elapsed time: 26.321093082428
[2026-07-24 12:11:06] COTAN dataset analysis: DONE
[2026-07-24 12:11:07] Checking uniformity for the cluster '08_11_13-merge-merge' with 334 cells
[2026-07-24 12:11:07] Calculate GDI dataframe: START
[2026-07-24 12:11:07] Using S
[2026-07-24 12:11:07] Calculating S: START
[2026-07-24 12:11:15] Calculating S: DONE
[2026-07-24 12:11:15] Calculate `GDI`: START
[2026-07-24 12:11:15] Effective number of cores used: 40
[2026-07-24 12:11:15] Effective number of cores used: 40
[2026-07-24 12:11:15] Executing 17 genes batches
[2026-07-24 12:11:24] Total calculations elapsed time: 8.62311005592346
[2026-07-24 12:11:24] Calculate `GDI`: DONE
[2026-07-24 12:11:26] Total calculations elapsed time: 19.1112163066864
[2026-07-24 12:11:26] Calculate GDI dataframe: DONE
[2026-07-24 12:11:26] Clean plots: START
[2026-07-24 12:11:26] Total calculations elapsed time: 0.0260930061340332
[2026-07-24 12:11:26] Clean plots: DONE
[2026-07-24 12:11:26] GDI plot
[2026-07-24 12:11:26] Removed 16 low GDI genes (such as the fully-expressed) in GDI plot
[2026-07-24 12:11:28] Cluster 08_11_13-merge-merge, with size 334, is not uniform
[2026-07-24 12:11:28] Cluster 08_11_13-merge-merge's shift to uniformity: 0.0144038477226003
[2026-07-24 12:11:28] class = SimpleGDIUniformityCheck, check.isCheckAbove = FALSE, check.GDIThreshold = 1.37, check.maxRatioBeyond = 0.01, check.maxRankBeyond = 0, check.fractionBeyond = 0.0148456753902124, check.thresholdRank = 0, check.quantileAtRatio = 1.3844038477226, check.quantileAtRank = NaN, isUniform = FALSE, clusterSize = 334
[2026-07-24 12:11:29] Clusters 08 and 11_13-merge cannot be merged
[2026-07-24 12:11:29] *[2026-07-24 12:11:29] 11_13-merge_16-merge
[2026-07-24 12:11:29] Asked to drop 0 genes and 3713 cells
[2026-07-24 12:11:29] COTAN dataset analysis: START
[2026-07-24 12:11:29] Asked to drop 944 genes and 0 cells
[2026-07-24 12:11:29] Genes/cells selection done: dropped [944] genes and [0] cells
[2026-07-24 12:11:29] Working on [17189] genes and [378] cells
[2026-07-24 12:11:30] Dataset cleaning elapsed time: 0.879545450210571
[2026-07-24 12:11:30] Estimate `dispersion`: START
[2026-07-24 12:11:30] Effective number of cores used: 40
[2026-07-24 12:11:30] Executing 17 genes batches
[2026-07-24 12:11:31] Parallel dispersion Newton-Raphson: used up to 6 iterations
[2026-07-24 12:11:31] Parallel dispersion Newton-Raphson: used up to 6 iterations
[2026-07-24 12:11:31] Parallel dispersion Newton-Raphson: used up to 5 iterations
[2026-07-24 12:11:31] Parallel dispersion Newton-Raphson: used up to 5 iterations
[2026-07-24 12:11:31] Parallel dispersion Newton-Raphson: used up to 6 iterations
[2026-07-24 12:11:32] Parallel dispersion Newton-Raphson: used up to 5 iterations
[2026-07-24 12:11:32] Parallel dispersion Newton-Raphson: used up to 5 iterations
[2026-07-24 12:11:32] Parallel dispersion Newton-Raphson: used up to 5 iterations
[2026-07-24 12:11:32] Parallel dispersion Newton-Raphson: used up to 6 iterations
[2026-07-24 12:11:33] Parallel dispersion Newton-Raphson: used up to 5 iterations
[2026-07-24 12:11:33] Parallel dispersion Newton-Raphson: used up to 6 iterations
[2026-07-24 12:11:33] Parallel dispersion Newton-Raphson: used up to 7 iterations
[2026-07-24 12:11:33] Parallel dispersion Newton-Raphson: used up to 7 iterations
[2026-07-24 12:11:33] Parallel dispersion Newton-Raphson: used up to 6 iterations
[2026-07-24 12:11:34] Parallel dispersion Newton-Raphson: used up to 6 iterations
[2026-07-24 12:11:34] Parallel dispersion Newton-Raphson: used up to 6 iterations
[2026-07-24 12:11:34] Parallel dispersion Newton-Raphson: used up to 5 iterations
[2026-07-24 12:11:37] Total calculations elapsed time: 6.34765028953552
[2026-07-24 12:11:37] Estimate `dispersion`: DONE
[2026-07-24 12:11:37] Estimate `dispersion`: DONE
[2026-07-24 12:11:37] `dispersion` | min: -0.156214445431561 | max: 424.942752876133 | % negative: 48.2110652161266
[2026-07-24 12:11:37] Model parameter estimation elapsed time: 7.15089201927185
[2026-07-24 12:11:37] COTAN genes' COEX estimation: START
[2026-07-24 12:11:37] Effective number of cores used: 40
[2026-07-24 12:11:37] Calculate genes COEX (torch) on device cpu: START
[2026-07-24 12:11:37] Retrieving expected genes contingency table
[2026-07-24 12:11:38] Expected genes contingency table elapsed time: 0.157401084899902
[2026-07-24 12:11:38] Calculating genes COEX normalization factor
[2026-07-24 12:11:39] Calculating genes COEX normalization factor elapsed time: 1.60391545295715
[2026-07-24 12:11:39] Retrieving observed genes yes/yes contingency table
[2026-07-24 12:11:39] Observed genes contingency table elapsed time: 0.158663988113403
[2026-07-24 12:11:52] Calculate genes COEX elapsed time: 12.9828436374664
[2026-07-24 12:11:52] Total calculations elapsed time: 14.9028241634369
[2026-07-24 12:11:52] Calculate genes COEX (torch) on device cpu: DONE
[2026-07-24 12:11:53] Only genes' COEX elapsed time: 15.7639408111572
[2026-07-24 12:11:53] Dataset analysis elapsed time: 23.7943782806396
[2026-07-24 12:11:53] COTAN dataset analysis: DONE
[2026-07-24 12:11:54] Checking uniformity for the cluster '11_13-merge_16-merge' with 378 cells
[2026-07-24 12:11:54] Calculate GDI dataframe: START
[2026-07-24 12:11:54] Using S
[2026-07-24 12:11:54] Calculating S: START
[2026-07-24 12:12:03] Calculating S: DONE
[2026-07-24 12:12:03] Calculate `GDI`: START
[2026-07-24 12:12:03] Effective number of cores used: 40
[2026-07-24 12:12:03] Effective number of cores used: 40
[2026-07-24 12:12:03] Executing 17 genes batches
[2026-07-24 12:12:11] Total calculations elapsed time: 7.95929145812988
[2026-07-24 12:12:11] Calculate `GDI`: DONE
[2026-07-24 12:12:13] Total calculations elapsed time: 18.8766736984253
[2026-07-24 12:12:13] Calculate GDI dataframe: DONE
[2026-07-24 12:12:13] Clean plots: START
[2026-07-24 12:12:13] Total calculations elapsed time: 0.0253274440765381
[2026-07-24 12:12:13] Clean plots: DONE
[2026-07-24 12:12:13] GDI plot
[2026-07-24 12:12:13] Removed 16 low GDI genes (such as the fully-expressed) in GDI plot
[2026-07-24 12:12:15] Cluster 11_13-merge_16-merge, with size 378, is not uniform
[2026-07-24 12:12:15] Cluster 11_13-merge_16-merge's shift to uniformity: 0.0197372489845271
[2026-07-24 12:12:15] class = SimpleGDIUniformityCheck, check.isCheckAbove = FALSE, check.GDIThreshold = 1.37, check.maxRatioBeyond = 0.01, check.maxRankBeyond = 0, check.fractionBeyond = 0.0176275525045087, check.thresholdRank = 0, check.quantileAtRatio = 1.38973724898453, check.quantileAtRank = NaN, isUniform = FALSE, clusterSize = 378
[2026-07-24 12:12:16] Clusters 11_13-merge and 16 cannot be merged
[2026-07-24 12:12:16] *[2026-07-24 12:12:16] 10_16-merge
[2026-07-24 12:12:16] Asked to drop 0 genes and 3844 cells
[2026-07-24 12:12:16] COTAN dataset analysis: START
[2026-07-24 12:12:16] Asked to drop 1584 genes and 0 cells
[2026-07-24 12:12:16] Genes/cells selection done: dropped [1584] genes and [0] cells
[2026-07-24 12:12:16] Working on [16549] genes and [247] cells
[2026-07-24 12:12:17] Dataset cleaning elapsed time: 0.839697360992432
[2026-07-24 12:12:17] Estimate `dispersion`: START
[2026-07-24 12:12:17] Effective number of cores used: 40
[2026-07-24 12:12:17] Executing 17 genes batches
[2026-07-24 12:12:17] Parallel dispersion Newton-Raphson: used up to 5 iterations
[2026-07-24 12:12:18] Parallel dispersion Newton-Raphson: used up to 6 iterations
[2026-07-24 12:12:18] Parallel dispersion Newton-Raphson: used up to 5 iterations
[2026-07-24 12:12:18] Parallel dispersion Newton-Raphson: used up to 5 iterations
[2026-07-24 12:12:18] Parallel dispersion Newton-Raphson: used up to 6 iterations
[2026-07-24 12:12:18] Parallel dispersion Newton-Raphson: used up to 5 iterations
[2026-07-24 12:12:19] Parallel dispersion Newton-Raphson: used up to 6 iterations
[2026-07-24 12:12:19] Parallel dispersion Newton-Raphson: used up to 7 iterations
[2026-07-24 12:12:19] Parallel dispersion Newton-Raphson: used up to 6 iterations
[2026-07-24 12:12:19] Parallel dispersion Newton-Raphson: used up to 5 iterations
[2026-07-24 12:12:19] Parallel dispersion Newton-Raphson: used up to 5 iterations
[2026-07-24 12:12:20] Parallel dispersion Newton-Raphson: used up to 6 iterations
[2026-07-24 12:12:20] Parallel dispersion Newton-Raphson: used up to 7 iterations
[2026-07-24 12:12:20] Parallel dispersion Newton-Raphson: used up to 5 iterations
[2026-07-24 12:12:20] Parallel dispersion Newton-Raphson: used up to 6 iterations
[2026-07-24 12:12:21] Parallel dispersion Newton-Raphson: used up to 6 iterations
[2026-07-24 12:12:21] Parallel dispersion Newton-Raphson: used up to 6 iterations
[2026-07-24 12:12:24] Total calculations elapsed time: 6.5168285369873
[2026-07-24 12:12:24] Estimate `dispersion`: DONE
[2026-07-24 12:12:24] Estimate `dispersion`: DONE
[2026-07-24 12:12:24] `dispersion` | min: -0.200351073399172 | max: 222.559411142731 | % negative: 50.5347755151369
[2026-07-24 12:12:25] Model parameter estimation elapsed time: 7.519122838974
[2026-07-24 12:12:25] COTAN genes' COEX estimation: START
[2026-07-24 12:12:25] Effective number of cores used: 40
[2026-07-24 12:12:25] Calculate genes COEX (torch) on device cpu: START
[2026-07-24 12:12:25] Retrieving expected genes contingency table
[2026-07-24 12:12:25] Expected genes contingency table elapsed time: 0.1115882396698
[2026-07-24 12:12:25] Calculating genes COEX normalization factor
[2026-07-24 12:12:26] Calculating genes COEX normalization factor elapsed time: 1.54069399833679
[2026-07-24 12:12:26] Retrieving observed genes yes/yes contingency table
[2026-07-24 12:12:26] Observed genes contingency table elapsed time: 0.116383075714111
[2026-07-24 12:12:39] Calculate genes COEX elapsed time: 12.1206889152527
[2026-07-24 12:12:39] Total calculations elapsed time: 13.8893542289734
[2026-07-24 12:12:39] Calculate genes COEX (torch) on device cpu: DONE
[2026-07-24 12:12:39] Only genes' COEX elapsed time: 14.64635014534
[2026-07-24 12:12:39] Dataset analysis elapsed time: 23.0051703453064
[2026-07-24 12:12:39] COTAN dataset analysis: DONE
[2026-07-24 12:12:40] Checking uniformity for the cluster '10_16-merge' with 247 cells
[2026-07-24 12:12:40] Calculate GDI dataframe: START
[2026-07-24 12:12:40] Using S
[2026-07-24 12:12:40] Calculating S: START
[2026-07-24 12:12:48] Calculating S: DONE
[2026-07-24 12:12:48] Calculate `GDI`: START
[2026-07-24 12:12:48] Effective number of cores used: 40
[2026-07-24 12:12:48] Effective number of cores used: 40
[2026-07-24 12:12:48] Executing 17 genes batches
[2026-07-24 12:12:55] Total calculations elapsed time: 7.37297344207764
[2026-07-24 12:12:55] Calculate `GDI`: DONE
[2026-07-24 12:12:57] Total calculations elapsed time: 17.1379115581512
[2026-07-24 12:12:57] Calculate GDI dataframe: DONE
[2026-07-24 12:12:57] Clean plots: START
[2026-07-24 12:12:57] Total calculations elapsed time: 0.0251851081848145
[2026-07-24 12:12:57] Clean plots: DONE
[2026-07-24 12:12:57] GDI plot
[2026-07-24 12:12:57] Removed 21 low GDI genes (such as the fully-expressed) in GDI plot
[2026-07-24 12:12:59] Cluster 10_16-merge, with size 247, is not uniform
[2026-07-24 12:12:59] Cluster 10_16-merge's shift to uniformity: 0.0376544679733133
[2026-07-24 12:12:59] class = SimpleGDIUniformityCheck, check.isCheckAbove = FALSE, check.GDIThreshold = 1.37, check.maxRatioBeyond = 0.01, check.maxRankBeyond = 0, check.fractionBeyond = 0.0229016859024714, check.thresholdRank = 0, check.quantileAtRatio = 1.40765446797331, check.quantileAtRank = NaN, isUniform = FALSE, clusterSize = 247
[2026-07-24 12:13:00] Clusters 10 and 16 cannot be merged
[2026-07-24 12:13:00] No clusters will be merged
[2026-07-24 12:13:00] None of the remaining tested cluster pairs could be merged
[2026-07-24 12:13:00] Executed all merges for threshold 1.37 out of 33 checks
[2026-07-24 12:13:00] Start merging nearest clusters - the main threshold is: 1.4
[2026-07-24 12:13:00] Start merging nearest clusters: iteration 4
[2026-07-24 12:13:00] Differential Expression Analysis - START
[2026-07-24 12:13:03] *[2026-07-24 12:13:03]  DEA on cluster '-1' with 253 cells
[2026-07-24 12:13:03] *[2026-07-24 12:13:03]  DEA on cluster '01' with 219 cells
[2026-07-24 12:13:03] *[2026-07-24 12:13:03]  DEA on cluster '02' with 64 cells
[2026-07-24 12:13:03] *[2026-07-24 12:13:03]  DEA on cluster '03' with 392 cells
[2026-07-24 12:13:03] *[2026-07-24 12:13:03]  DEA on cluster '04' with 131 cells
[2026-07-24 12:13:03] *[2026-07-24 12:13:03]  DEA on cluster '05' with 194 cells
[2026-07-24 12:13:03] *[2026-07-24 12:13:03]  DEA on cluster '06' with 50 cells
[2026-07-24 12:13:03] *[2026-07-24 12:13:03]  DEA on cluster '07_09-merge' with 259 cells
[2026-07-24 12:13:04] *[2026-07-24 12:13:04]  DEA on cluster '08' with 143 cells
[2026-07-24 12:13:04] *[2026-07-24 12:13:04]  DEA on cluster '10' with 60 cells
[2026-07-24 12:13:04] *[2026-07-24 12:13:04]  DEA on cluster '11_13-merge' with 191 cells
[2026-07-24 12:13:04] *[2026-07-24 12:13:04]  DEA on cluster '12' with 348 cells
[2026-07-24 12:13:04] *[2026-07-24 12:13:04]  DEA on cluster '14' with 78 cells
[2026-07-24 12:13:04] *[2026-07-24 12:13:04]  DEA on cluster '15' with 338 cells
[2026-07-24 12:13:04] *[2026-07-24 12:13:04]  DEA on cluster '16' with 187 cells
[2026-07-24 12:13:04] *[2026-07-24 12:13:04]  DEA on cluster '17' with 64 cells
[2026-07-24 12:13:04] *[2026-07-24 12:13:04]  DEA on cluster '18' with 52 cells
[2026-07-24 12:13:04] *[2026-07-24 12:13:04]  DEA on cluster '19' with 145 cells
[2026-07-24 12:13:04] *[2026-07-24 12:13:04]  DEA on cluster '20' with 133 cells
[2026-07-24 12:13:04] *[2026-07-24 12:13:04]  DEA on cluster '21_22-merge' with 134 cells
[2026-07-24 12:13:04] *[2026-07-24 12:13:04]  DEA on cluster '23' with 253 cells
[2026-07-24 12:13:04] *[2026-07-24 12:13:04]  DEA on cluster '24' with 265 cells
[2026-07-24 12:13:04] *[2026-07-24 12:13:04]  DEA on cluster '25' with 138 cells
[2026-07-24 12:13:05] 
[2026-07-24 12:13:05] Total calculations elapsed time: 4.38903880119324
[2026-07-24 12:13:05] Differential Expression Analysis - DONE
[2026-07-24 12:13:07] Updating check results for the 33 already tested pairs to align to new checker
[2026-07-24 12:13:07] 11 new clusters pairs to be tested for merging:
c("11_13-merge", "18") c("03", "04") c("-1", "02") c("-1", "01") c("07_09-merge", "11_13-merge") c("12", "14") c("07_09-merge", "10") c("11_13-merge", "15") c("24", "25") c("-1", "04") c("12", "16")
[2026-07-24 12:13:07] *[2026-07-24 12:13:07] 11_13-merge_18-merge
[2026-07-24 12:13:07] Asked to drop 0 genes and 3848 cells
[2026-07-24 12:13:07] COTAN dataset analysis: START
[2026-07-24 12:13:07] Asked to drop 1328 genes and 0 cells
[2026-07-24 12:13:07] Genes/cells selection done: dropped [1328] genes and [0] cells
[2026-07-24 12:13:07] Working on [16805] genes and [243] cells
[2026-07-24 12:13:08] Dataset cleaning elapsed time: 0.795509338378906
[2026-07-24 12:13:08] Estimate `dispersion`: START
[2026-07-24 12:13:08] Effective number of cores used: 40
[2026-07-24 12:13:08] Executing 17 genes batches
[2026-07-24 12:13:08] Parallel dispersion Newton-Raphson: used up to 6 iterations
[2026-07-24 12:13:09] Parallel dispersion Newton-Raphson: used up to 7 iterations
[2026-07-24 12:13:09] Parallel dispersion Newton-Raphson: used up to 6 iterations
[2026-07-24 12:13:09] Parallel dispersion Newton-Raphson: used up to 6 iterations
[2026-07-24 12:13:09] Parallel dispersion Newton-Raphson: used up to 6 iterations
[2026-07-24 12:13:09] Parallel dispersion Newton-Raphson: used up to 6 iterations
[2026-07-24 12:13:10] Parallel dispersion Newton-Raphson: used up to 6 iterations
[2026-07-24 12:13:10] Parallel dispersion Newton-Raphson: used up to 5 iterations
[2026-07-24 12:13:10] Parallel dispersion Newton-Raphson: used up to 6 iterations
[2026-07-24 12:13:10] Parallel dispersion Newton-Raphson: used up to 6 iterations
[2026-07-24 12:13:10] Parallel dispersion Newton-Raphson: used up to 5 iterations
[2026-07-24 12:13:11] Parallel dispersion Newton-Raphson: used up to 6 iterations
[2026-07-24 12:13:11] Parallel dispersion Newton-Raphson: used up to 7 iterations
[2026-07-24 12:13:11] Parallel dispersion Newton-Raphson: used up to 5 iterations
[2026-07-24 12:13:11] Parallel dispersion Newton-Raphson: used up to 6 iterations
[2026-07-24 12:13:11] Parallel dispersion Newton-Raphson: used up to 6 iterations
[2026-07-24 12:13:12] Parallel dispersion Newton-Raphson: used up to 6 iterations
[2026-07-24 12:13:15] Total calculations elapsed time: 6.52514219284058
[2026-07-24 12:13:15] Estimate `dispersion`: DONE
[2026-07-24 12:13:15] Estimate `dispersion`: DONE
[2026-07-24 12:13:15] `dispersion` | min: -0.275639580667557 | max: 213.828461690195 | % negative: 50.3124070217197
[2026-07-24 12:13:16] Model parameter estimation elapsed time: 7.52035427093506
[2026-07-24 12:13:16] COTAN genes' COEX estimation: START
[2026-07-24 12:13:16] Effective number of cores used: 40
[2026-07-24 12:13:16] Calculate genes COEX (torch) on device cpu: START
[2026-07-24 12:13:16] Retrieving expected genes contingency table
[2026-07-24 12:13:16] Expected genes contingency table elapsed time: 0.112184762954712
[2026-07-24 12:13:16] Calculating genes COEX normalization factor
[2026-07-24 12:13:17] Calculating genes COEX normalization factor elapsed time: 1.56676173210144
[2026-07-24 12:13:17] Retrieving observed genes yes/yes contingency table
[2026-07-24 12:13:17] Observed genes contingency table elapsed time: 0.127963304519653
[2026-07-24 12:13:30] Calculate genes COEX elapsed time: 12.7647325992584
[2026-07-24 12:13:30] Total calculations elapsed time: 14.5716423988342
[2026-07-24 12:13:30] Calculate genes COEX (torch) on device cpu: DONE
[2026-07-24 12:13:31] Only genes' COEX elapsed time: 15.3153681755066
[2026-07-24 12:13:31] Dataset analysis elapsed time: 23.6312317848206
[2026-07-24 12:13:31] COTAN dataset analysis: DONE
[2026-07-24 12:13:32] Checking uniformity for the cluster '11_13-merge_18-merge' with 243 cells
[2026-07-24 12:13:32] Calculate GDI dataframe: START
[2026-07-24 12:13:32] Using S
[2026-07-24 12:13:32] Calculating S: START
[2026-07-24 12:13:40] Calculating S: DONE
[2026-07-24 12:13:40] Calculate `GDI`: START
[2026-07-24 12:13:40] Effective number of cores used: 40
[2026-07-24 12:13:40] Effective number of cores used: 40
[2026-07-24 12:13:40] Executing 17 genes batches
[2026-07-24 12:13:48] Total calculations elapsed time: 7.54982876777649
[2026-07-24 12:13:48] Calculate `GDI`: DONE
[2026-07-24 12:13:49] Total calculations elapsed time: 17.3886408805847
[2026-07-24 12:13:49] Calculate GDI dataframe: DONE
[2026-07-24 12:13:49] Clean plots: START
[2026-07-24 12:13:49] Total calculations elapsed time: 0.0231373310089111
[2026-07-24 12:13:49] Clean plots: DONE
[2026-07-24 12:13:49] GDI plot
[2026-07-24 12:13:49] Removed 21 low GDI genes (such as the fully-expressed) in GDI plot
[2026-07-24 12:13:51] Cluster 11_13-merge_18-merge, with size 243, is not uniform
[2026-07-24 12:13:51] Cluster 11_13-merge_18-merge's shift to uniformity: 0.110615627964668
[2026-07-24 12:13:51] class = SimpleGDIUniformityCheck, check.isCheckAbove = FALSE, check.GDIThreshold = 1.4, check.maxRatioBeyond = 0.01, check.maxRankBeyond = 0, check.fractionBeyond = 0.042546861053258, check.thresholdRank = 0, check.quantileAtRatio = 1.51061562796467, check.quantileAtRank = NaN, isUniform = FALSE, clusterSize = 243
[2026-07-24 12:13:52] Clusters 11_13-merge and 18 cannot be merged
[2026-07-24 12:13:52] *[2026-07-24 12:13:52] 03_04-merge
[2026-07-24 12:13:52] Asked to drop 0 genes and 3568 cells
[2026-07-24 12:13:52] COTAN dataset analysis: START
[2026-07-24 12:13:52] Asked to drop 3735 genes and 0 cells
[2026-07-24 12:13:52] Genes/cells selection done: dropped [3735] genes and [0] cells
[2026-07-24 12:13:52] Working on [14398] genes and [523] cells
[2026-07-24 12:13:53] Dataset cleaning elapsed time: 0.79490327835083
[2026-07-24 12:13:53] Estimate `dispersion`: START
[2026-07-24 12:13:53] Effective number of cores used: 40
[2026-07-24 12:13:53] Executing 15 genes batches
[2026-07-24 12:13:53] Parallel dispersion Newton-Raphson: used up to 7 iterations
[2026-07-24 12:13:53] Parallel dispersion Newton-Raphson: used up to 7 iterations
[2026-07-24 12:13:54] Parallel dispersion Newton-Raphson: used up to 6 iterations
[2026-07-24 12:13:54] Parallel dispersion Newton-Raphson: used up to 5 iterations
[2026-07-24 12:13:54] Parallel dispersion Newton-Raphson: used up to 6 iterations
[2026-07-24 12:13:54] Parallel dispersion Newton-Raphson: used up to 5 iterations
[2026-07-24 12:13:54] Parallel dispersion Newton-Raphson: used up to 5 iterations
[2026-07-24 12:13:55] Parallel dispersion Newton-Raphson: used up to 6 iterations
[2026-07-24 12:13:55] Parallel dispersion Newton-Raphson: used up to 6 iterations
[2026-07-24 12:13:55] Parallel dispersion Newton-Raphson: used up to 5 iterations
[2026-07-24 12:13:55] Parallel dispersion Newton-Raphson: used up to 7 iterations
[2026-07-24 12:13:55] Parallel dispersion Newton-Raphson: used up to 7 iterations
[2026-07-24 12:13:56] Parallel dispersion Newton-Raphson: used up to 10 iterations
[2026-07-24 12:13:56] Parallel dispersion Newton-Raphson: used up to 7 iterations
[2026-07-24 12:13:56] Parallel dispersion Newton-Raphson: used up to 6 iterations
[2026-07-24 12:13:59] Total calculations elapsed time: 6.3711793422699
[2026-07-24 12:13:59] Estimate `dispersion`: DONE
[2026-07-24 12:13:59] Estimate `dispersion`: DONE
[2026-07-24 12:13:59] `dispersion` | min: -0.0889157593992749 | max: 450.309593426002 | % negative: 52.2780941797472
[2026-07-24 12:14:00] Model parameter estimation elapsed time: 7.16158866882324
[2026-07-24 12:14:00] COTAN genes' COEX estimation: START
[2026-07-24 12:14:00] Effective number of cores used: 40
[2026-07-24 12:14:00] Calculate genes COEX (torch) on device cpu: START
[2026-07-24 12:14:00] Retrieving expected genes contingency table
[2026-07-24 12:14:00] Expected genes contingency table elapsed time: 0.125522613525391
[2026-07-24 12:14:00] Calculating genes COEX normalization factor
[2026-07-24 12:14:01] Calculating genes COEX normalization factor elapsed time: 1.34404134750366
[2026-07-24 12:14:01] Retrieving observed genes yes/yes contingency table
[2026-07-24 12:14:01] Observed genes contingency table elapsed time: 0.173974752426147
[2026-07-24 12:14:11] Calculate genes COEX elapsed time: 9.47623682022095
[2026-07-24 12:14:11] Total calculations elapsed time: 11.1197755336761
[2026-07-24 12:14:11] Calculate genes COEX (torch) on device cpu: DONE
[2026-07-24 12:14:12] Only genes' COEX elapsed time: 11.8600409030914
[2026-07-24 12:14:12] Dataset analysis elapsed time: 19.8165328502655
[2026-07-24 12:14:12] COTAN dataset analysis: DONE
[2026-07-24 12:14:12] Checking uniformity for the cluster '03_04-merge' with 523 cells
[2026-07-24 12:14:12] Calculate GDI dataframe: START
[2026-07-24 12:14:12] Using S
[2026-07-24 12:14:12] Calculating S: START
[2026-07-24 12:14:18] Calculating S: DONE
[2026-07-24 12:14:18] Calculate `GDI`: START
[2026-07-24 12:14:18] Effective number of cores used: 40
[2026-07-24 12:14:18] Effective number of cores used: 40
[2026-07-24 12:14:18] Executing 15 genes batches
[2026-07-24 12:14:26] Total calculations elapsed time: 7.45999503135681
[2026-07-24 12:14:26] Calculate `GDI`: DONE
[2026-07-24 12:14:27] Total calculations elapsed time: 14.8454341888428
[2026-07-24 12:14:27] Calculate GDI dataframe: DONE
[2026-07-24 12:14:27] Clean plots: START
[2026-07-24 12:14:27] Total calculations elapsed time: 0.0225341320037842
[2026-07-24 12:14:27] Clean plots: DONE
[2026-07-24 12:14:27] GDI plot
[2026-07-24 12:14:27] Removed 0 low GDI genes (such as the fully-expressed) in GDI plot
[2026-07-24 12:14:29] Cluster 03_04-merge, with size 523, is not uniform
[2026-07-24 12:14:29] Cluster 03_04-merge's shift to uniformity: 0.24989929252348
[2026-07-24 12:14:29] class = SimpleGDIUniformityCheck, check.isCheckAbove = FALSE, check.GDIThreshold = 1.4, check.maxRatioBeyond = 0.01, check.maxRankBeyond = 0, check.fractionBeyond = 0.0426448117794138, check.thresholdRank = 0, check.quantileAtRatio = 1.64989929252348, check.quantileAtRank = NaN, isUniform = FALSE, clusterSize = 523
[2026-07-24 12:14:30] Clusters 03 and 04 cannot be merged
[2026-07-24 12:14:30] *[2026-07-24 12:14:30] -1_02-merge
[2026-07-24 12:14:30] Asked to drop 0 genes and 3774 cells
[2026-07-24 12:14:30] COTAN dataset analysis: START
[2026-07-24 12:14:30] Asked to drop 2778 genes and 0 cells
[2026-07-24 12:14:30] Genes/cells selection done: dropped [2778] genes and [0] cells
[2026-07-24 12:14:30] Working on [15355] genes and [317] cells
[2026-07-24 12:14:31] Dataset cleaning elapsed time: 0.809958696365356
[2026-07-24 12:14:31] Estimate `dispersion`: START
[2026-07-24 12:14:31] Effective number of cores used: 40
[2026-07-24 12:14:31] Executing 15 genes batches
[2026-07-24 12:14:31] Parallel dispersion Newton-Raphson: used up to 6 iterations
[2026-07-24 12:14:31] Parallel dispersion Newton-Raphson: used up to 6 iterations
[2026-07-24 12:14:31] Parallel dispersion Newton-Raphson: used up to 6 iterations
[2026-07-24 12:14:32] Parallel dispersion Newton-Raphson: used up to 6 iterations
[2026-07-24 12:14:32] Parallel dispersion Newton-Raphson: used up to 6 iterations
[2026-07-24 12:14:32] Parallel dispersion Newton-Raphson: used up to 6 iterations
[2026-07-24 12:14:32] Parallel dispersion Newton-Raphson: used up to 6 iterations
[2026-07-24 12:14:33] Parallel dispersion Newton-Raphson: used up to 6 iterations
[2026-07-24 12:14:33] Parallel dispersion Newton-Raphson: used up to 6 iterations
[2026-07-24 12:14:33] Parallel dispersion Newton-Raphson: used up to 6 iterations
[2026-07-24 12:14:33] Parallel dispersion Newton-Raphson: used up to 6 iterations
[2026-07-24 12:14:34] Parallel dispersion Newton-Raphson: used up to 7 iterations
[2026-07-24 12:14:34] Parallel dispersion Newton-Raphson: used up to 6 iterations
[2026-07-24 12:14:34] Parallel dispersion Newton-Raphson: used up to 6 iterations
[2026-07-24 12:14:34] Parallel dispersion Newton-Raphson: used up to 7 iterations
[2026-07-24 12:14:37] Total calculations elapsed time: 6.15068697929382
[2026-07-24 12:14:37] Estimate `dispersion`: DONE
[2026-07-24 12:14:37] Estimate `dispersion`: DONE
[2026-07-24 12:14:37] `dispersion` | min: -0.155127868991318 | max: 253.065554325173 | % negative: 52.7059589710192
[2026-07-24 12:14:38] Model parameter estimation elapsed time: 6.90161228179932
[2026-07-24 12:14:38] COTAN genes' COEX estimation: START
[2026-07-24 12:14:38] Effective number of cores used: 40
[2026-07-24 12:14:38] Calculate genes COEX (torch) on device cpu: START
[2026-07-24 12:14:38] Retrieving expected genes contingency table
[2026-07-24 12:14:38] Expected genes contingency table elapsed time: 0.107878684997559
[2026-07-24 12:14:38] Calculating genes COEX normalization factor
[2026-07-24 12:14:39] Calculating genes COEX normalization factor elapsed time: 1.47534418106079
[2026-07-24 12:14:39] Retrieving observed genes yes/yes contingency table
[2026-07-24 12:14:39] Observed genes contingency table elapsed time: 0.123430252075195
[2026-07-24 12:14:50] Calculate genes COEX elapsed time: 10.670405626297
[2026-07-24 12:14:50] Total calculations elapsed time: 12.3770587444305
[2026-07-24 12:14:50] Calculate genes COEX (torch) on device cpu: DONE
[2026-07-24 12:14:51] Only genes' COEX elapsed time: 13.1491219997406
[2026-07-24 12:14:51] Dataset analysis elapsed time: 20.8606929779053
[2026-07-24 12:14:51] COTAN dataset analysis: DONE
[2026-07-24 12:14:51] Checking uniformity for the cluster '-1_02-merge' with 317 cells
[2026-07-24 12:14:51] Calculate GDI dataframe: START
[2026-07-24 12:14:51] Using S
[2026-07-24 12:14:51] Calculating S: START
[2026-07-24 12:14:59] Calculating S: DONE
[2026-07-24 12:14:59] Calculate `GDI`: START
[2026-07-24 12:14:59] Effective number of cores used: 40
[2026-07-24 12:14:59] Effective number of cores used: 40
[2026-07-24 12:14:59] Executing 15 genes batches
[2026-07-24 12:15:05] Total calculations elapsed time: 6.05796051025391
[2026-07-24 12:15:05] Calculate `GDI`: DONE
[2026-07-24 12:15:06] Total calculations elapsed time: 14.2888391017914
[2026-07-24 12:15:06] Calculate GDI dataframe: DONE
[2026-07-24 12:15:06] Clean plots: START
[2026-07-24 12:15:06] Total calculations elapsed time: 0.0226078033447266
[2026-07-24 12:15:06] Clean plots: DONE
[2026-07-24 12:15:06] GDI plot
[2026-07-24 12:15:06] Removed 0 low GDI genes (such as the fully-expressed) in GDI plot
[2026-07-24 12:15:08] Cluster -1_02-merge, with size 317, is not uniform
[2026-07-24 12:15:08] Cluster -1_02-merge's shift to uniformity: 0.96221856622844
[2026-07-24 12:15:08] class = SimpleGDIUniformityCheck, check.isCheckAbove = FALSE, check.GDIThreshold = 1.4, check.maxRatioBeyond = 0.01, check.maxRankBeyond = 0, check.fractionBeyond = 0.229892543145555, check.thresholdRank = 0, check.quantileAtRatio = 2.36221856622844, check.quantileAtRank = NaN, isUniform = FALSE, clusterSize = 317
[2026-07-24 12:15:09] Clusters -1 and 02 cannot be merged
[2026-07-24 12:15:09] *[2026-07-24 12:15:09] -1_01-merge
[2026-07-24 12:15:09] Asked to drop 0 genes and 3619 cells
[2026-07-24 12:15:09] COTAN dataset analysis: START
[2026-07-24 12:15:09] Asked to drop 2396 genes and 0 cells
[2026-07-24 12:15:09] Genes/cells selection done: dropped [2396] genes and [0] cells
[2026-07-24 12:15:09] Working on [15737] genes and [472] cells
[2026-07-24 12:15:10] Dataset cleaning elapsed time: 0.793706655502319
[2026-07-24 12:15:10] Estimate `dispersion`: START
[2026-07-24 12:15:10] Effective number of cores used: 40
[2026-07-24 12:15:10] Executing 16 genes batches
[2026-07-24 12:15:10] Parallel dispersion Newton-Raphson: used up to 6 iterations
[2026-07-24 12:15:10] Parallel dispersion Newton-Raphson: used up to 6 iterations
[2026-07-24 12:15:10] Parallel dispersion Newton-Raphson: used up to 6 iterations
[2026-07-24 12:15:10] Parallel dispersion Newton-Raphson: used up to 6 iterations
[2026-07-24 12:15:11] Parallel dispersion Newton-Raphson: used up to 6 iterations
[2026-07-24 12:15:11] Parallel dispersion Newton-Raphson: used up to 6 iterations
[2026-07-24 12:15:11] Parallel dispersion Newton-Raphson: used up to 6 iterations
[2026-07-24 12:15:11] Parallel dispersion Newton-Raphson: used up to 6 iterations
[2026-07-24 12:15:12] Parallel dispersion Newton-Raphson: used up to 6 iterations
[2026-07-24 12:15:12] Parallel dispersion Newton-Raphson: used up to 6 iterations
[2026-07-24 12:15:12] Parallel dispersion Newton-Raphson: used up to 7 iterations
[2026-07-24 12:15:12] Parallel dispersion Newton-Raphson: used up to 6 iterations
[2026-07-24 12:15:12] Parallel dispersion Newton-Raphson: used up to 7 iterations
[2026-07-24 12:15:13] Parallel dispersion Newton-Raphson: used up to 6 iterations
[2026-07-24 12:15:13] Parallel dispersion Newton-Raphson: used up to 6 iterations
[2026-07-24 12:15:13] Parallel dispersion Newton-Raphson: used up to 7 iterations
[2026-07-24 12:15:16] Total calculations elapsed time: 6.43534851074219
[2026-07-24 12:15:16] Estimate `dispersion`: DONE
[2026-07-24 12:15:16] Estimate `dispersion`: DONE
[2026-07-24 12:15:16] `dispersion` | min: -0.153728982192977 | max: 379.44319679773 | % negative: 53.1041494566944
[2026-07-24 12:15:17] Model parameter estimation elapsed time: 7.22667360305786
[2026-07-24 12:15:17] COTAN genes' COEX estimation: START
[2026-07-24 12:15:17] Effective number of cores used: 40
[2026-07-24 12:15:17] Calculate genes COEX (torch) on device cpu: START
[2026-07-24 12:15:17] Retrieving expected genes contingency table
[2026-07-24 12:15:17] Expected genes contingency table elapsed time: 0.144742012023926
[2026-07-24 12:15:17] Calculating genes COEX normalization factor
[2026-07-24 12:15:18] Calculating genes COEX normalization factor elapsed time: 1.47181868553162
[2026-07-24 12:15:18] Retrieving observed genes yes/yes contingency table
[2026-07-24 12:15:19] Observed genes contingency table elapsed time: 0.224045753479004
[2026-07-24 12:15:30] Calculate genes COEX elapsed time: 11.3443095684052
[2026-07-24 12:15:30] Total calculations elapsed time: 13.1849160194397
[2026-07-24 12:15:30] Calculate genes COEX (torch) on device cpu: DONE
[2026-07-24 12:15:31] Only genes' COEX elapsed time: 13.9354147911072
[2026-07-24 12:15:31] Dataset analysis elapsed time: 21.9557950496674
[2026-07-24 12:15:31] COTAN dataset analysis: DONE
[2026-07-24 12:15:31] Checking uniformity for the cluster '-1_01-merge' with 472 cells
[2026-07-24 12:15:31] Calculate GDI dataframe: START
[2026-07-24 12:15:31] Using S
[2026-07-24 12:15:31] Calculating S: START
[2026-07-24 12:15:39] Calculating S: DONE
[2026-07-24 12:15:39] Calculate `GDI`: START
[2026-07-24 12:15:39] Effective number of cores used: 40
[2026-07-24 12:15:39] Effective number of cores used: 40
[2026-07-24 12:15:39] Executing 16 genes batches
[2026-07-24 12:15:45] Total calculations elapsed time: 6.364506483078
[2026-07-24 12:15:45] Calculate `GDI`: DONE
[2026-07-24 12:15:47] Total calculations elapsed time: 15.2682566642761
[2026-07-24 12:15:47] Calculate GDI dataframe: DONE
[2026-07-24 12:15:47] Clean plots: START
[2026-07-24 12:15:47] Total calculations elapsed time: 0.0239100456237793
[2026-07-24 12:15:47] Clean plots: DONE
[2026-07-24 12:15:47] GDI plot
[2026-07-24 12:15:47] Removed 0 low GDI genes (such as the fully-expressed) in GDI plot
[2026-07-24 12:15:49] Cluster -1_01-merge, with size 472, is not uniform
[2026-07-24 12:15:49] Cluster -1_01-merge's shift to uniformity: 1.17950001737564
[2026-07-24 12:15:49] class = SimpleGDIUniformityCheck, check.isCheckAbove = FALSE, check.GDIThreshold = 1.4, check.maxRatioBeyond = 0.01, check.maxRankBeyond = 0, check.fractionBeyond = 0.265107707949419, check.thresholdRank = 0, check.quantileAtRatio = 2.57950001737564, check.quantileAtRank = NaN, isUniform = FALSE, clusterSize = 472
[2026-07-24 12:15:49] Clusters -1 and 01 cannot be merged
[2026-07-24 12:15:49] *[2026-07-24 12:15:49] 07_09-merge_11_13-merge-merge
[2026-07-24 12:15:49] Asked to drop 0 genes and 3641 cells
[2026-07-24 12:15:50] COTAN dataset analysis: START
[2026-07-24 12:15:50] Asked to drop 771 genes and 0 cells
[2026-07-24 12:15:50] Genes/cells selection done: dropped [771] genes and [0] cells
[2026-07-24 12:15:50] Working on [17362] genes and [450] cells
[2026-07-24 12:15:51] Dataset cleaning elapsed time: 0.980256319046021
[2026-07-24 12:15:51] Estimate `dispersion`: START
[2026-07-24 12:15:51] Effective number of cores used: 40
[2026-07-24 12:15:51] Executing 17 genes batches
[2026-07-24 12:15:51] Parallel dispersion Newton-Raphson: used up to 6 iterations
[2026-07-24 12:15:51] Parallel dispersion Newton-Raphson: used up to 6 iterations
[2026-07-24 12:15:51] Parallel dispersion Newton-Raphson: used up to 5 iterations
[2026-07-24 12:15:52] Parallel dispersion Newton-Raphson: used up to 5 iterations
[2026-07-24 12:15:52] Parallel dispersion Newton-Raphson: used up to 6 iterations
[2026-07-24 12:15:52] Parallel dispersion Newton-Raphson: used up to 6 iterations
[2026-07-24 12:15:52] Parallel dispersion Newton-Raphson: used up to 7 iterations
[2026-07-24 12:15:52] Parallel dispersion Newton-Raphson: used up to 6 iterations
[2026-07-24 12:15:53] Parallel dispersion Newton-Raphson: used up to 7 iterations
[2026-07-24 12:15:53] Parallel dispersion Newton-Raphson: used up to 6 iterations
[2026-07-24 12:15:53] Parallel dispersion Newton-Raphson: used up to 6 iterations
[2026-07-24 12:15:53] Parallel dispersion Newton-Raphson: used up to 6 iterations
[2026-07-24 12:15:53] Parallel dispersion Newton-Raphson: used up to 7 iterations
[2026-07-24 12:15:54] Parallel dispersion Newton-Raphson: used up to 6 iterations
[2026-07-24 12:15:54] Parallel dispersion Newton-Raphson: used up to 6 iterations
[2026-07-24 12:15:54] Parallel dispersion Newton-Raphson: used up to 6 iterations
[2026-07-24 12:15:54] Parallel dispersion Newton-Raphson: used up to 5 iterations
[2026-07-24 12:15:57] Total calculations elapsed time: 6.24119138717651
[2026-07-24 12:15:57] Estimate `dispersion`: DONE
[2026-07-24 12:15:57] Estimate `dispersion`: DONE
[2026-07-24 12:15:57] `dispersion` | min: -0.218109477905506 | max: 347.750646673054 | % negative: 46.9243174749453
[2026-07-24 12:15:58] Model parameter estimation elapsed time: 7.03414559364319
[2026-07-24 12:15:58] COTAN genes' COEX estimation: START
[2026-07-24 12:15:58] Effective number of cores used: 40
[2026-07-24 12:15:58] Calculate genes COEX (torch) on device cpu: START
[2026-07-24 12:15:58] Retrieving expected genes contingency table
[2026-07-24 12:15:58] Expected genes contingency table elapsed time: 0.146834850311279
[2026-07-24 12:15:58] Calculating genes COEX normalization factor
[2026-07-24 12:15:59] Calculating genes COEX normalization factor elapsed time: 1.61926651000977
[2026-07-24 12:15:59] Retrieving observed genes yes/yes contingency table
[2026-07-24 12:16:00] Observed genes contingency table elapsed time: 0.209729433059692
[2026-07-24 12:16:13] Calculate genes COEX elapsed time: 13.4411787986755
[2026-07-24 12:16:13] Total calculations elapsed time: 15.4170095920563
[2026-07-24 12:16:13] Calculate genes COEX (torch) on device cpu: DONE
[2026-07-24 12:16:14] Only genes' COEX elapsed time: 16.2358474731445
[2026-07-24 12:16:14] Dataset analysis elapsed time: 24.2502493858337
[2026-07-24 12:16:14] COTAN dataset analysis: DONE
[2026-07-24 12:16:15] Checking uniformity for the cluster '07_09-merge_11_13-merge-merge' with 450 cells
[2026-07-24 12:16:15] Calculate GDI dataframe: START
[2026-07-24 12:16:15] Using S
[2026-07-24 12:16:15] Calculating S: START
[2026-07-24 12:16:24] Calculating S: DONE
[2026-07-24 12:16:24] Calculate `GDI`: START
[2026-07-24 12:16:24] Effective number of cores used: 40
[2026-07-24 12:16:24] Effective number of cores used: 40
[2026-07-24 12:16:24] Executing 17 genes batches
[2026-07-24 12:16:31] Total calculations elapsed time: 7.63194274902344
[2026-07-24 12:16:31] Calculate `GDI`: DONE
[2026-07-24 12:16:33] Total calculations elapsed time: 18.2467589378357
[2026-07-24 12:16:33] Calculate GDI dataframe: DONE
[2026-07-24 12:16:33] Clean plots: START
[2026-07-24 12:16:33] Total calculations elapsed time: 0.0231125354766846
[2026-07-24 12:16:33] Clean plots: DONE
[2026-07-24 12:16:33] GDI plot
[2026-07-24 12:16:33] Removed 10 low GDI genes (such as the fully-expressed) in GDI plot
[2026-07-24 12:16:35] Cluster 07_09-merge_11_13-merge-merge, with size 450, is uniform
[2026-07-24 12:16:35] Cluster 07_09-merge_11_13-merge-merge's shift to uniformity: -0.00427235659595815
[2026-07-24 12:16:35] class = SimpleGDIUniformityCheck, check.isCheckAbove = FALSE, check.GDIThreshold = 1.4, check.maxRatioBeyond = 0.01, check.maxRankBeyond = 0, check.fractionBeyond = 0.00898513996083401, check.thresholdRank = 0, check.quantileAtRatio = 1.39572764340404, check.quantileAtRank = NaN, isUniform = TRUE, clusterSize = 450
[2026-07-24 12:16:36] Clusters 07_09-merge and 11_13-merge can be merged
[2026-07-24 12:16:36] *[2026-07-24 12:16:36] 12_14-merge
[2026-07-24 12:16:36] Asked to drop 0 genes and 3665 cells
[2026-07-24 12:16:36] COTAN dataset analysis: START
[2026-07-24 12:16:36] Asked to drop 1406 genes and 0 cells
[2026-07-24 12:16:36] Genes/cells selection done: dropped [1406] genes and [0] cells
[2026-07-24 12:16:36] Working on [16727] genes and [426] cells
[2026-07-24 12:16:37] Dataset cleaning elapsed time: 0.836623430252075
[2026-07-24 12:16:37] Estimate `dispersion`: START
[2026-07-24 12:16:37] Effective number of cores used: 40
[2026-07-24 12:16:37] Executing 17 genes batches
[2026-07-24 12:16:37] Parallel dispersion Newton-Raphson: used up to 7 iterations
[2026-07-24 12:16:37] Parallel dispersion Newton-Raphson: used up to 6 iterations
[2026-07-24 12:16:38] Parallel dispersion Newton-Raphson: used up to 5 iterations
[2026-07-24 12:16:38] Parallel dispersion Newton-Raphson: used up to 5 iterations
[2026-07-24 12:16:38] Parallel dispersion Newton-Raphson: used up to 6 iterations
[2026-07-24 12:16:38] Parallel dispersion Newton-Raphson: used up to 5 iterations
[2026-07-24 12:16:38] Parallel dispersion Newton-Raphson: used up to 5 iterations
[2026-07-24 12:16:39] Parallel dispersion Newton-Raphson: used up to 5 iterations
[2026-07-24 12:16:39] Parallel dispersion Newton-Raphson: used up to 6 iterations
[2026-07-24 12:16:39] Parallel dispersion Newton-Raphson: used up to 5 iterations
[2026-07-24 12:16:39] Parallel dispersion Newton-Raphson: used up to 6 iterations
[2026-07-24 12:16:39] Parallel dispersion Newton-Raphson: used up to 6 iterations
[2026-07-24 12:16:40] Parallel dispersion Newton-Raphson: used up to 7 iterations
[2026-07-24 12:16:40] Parallel dispersion Newton-Raphson: used up to 6 iterations
[2026-07-24 12:16:40] Parallel dispersion Newton-Raphson: used up to 6 iterations
[2026-07-24 12:16:40] Parallel dispersion Newton-Raphson: used up to 6 iterations
[2026-07-24 12:16:41] Parallel dispersion Newton-Raphson: used up to 6 iterations
[2026-07-24 12:16:44] Total calculations elapsed time: 6.78080153465271
[2026-07-24 12:16:44] Estimate `dispersion`: DONE
[2026-07-24 12:16:44] Estimate `dispersion`: DONE
[2026-07-24 12:16:44] `dispersion` | min: -0.226406408036104 | max: 481.428375398078 | % negative: 51.3660548813296
[2026-07-24 12:16:44] Model parameter estimation elapsed time: 7.58389854431152
[2026-07-24 12:16:44] COTAN genes' COEX estimation: START
[2026-07-24 12:16:44] Effective number of cores used: 40
[2026-07-24 12:16:44] Calculate genes COEX (torch) on device cpu: START
[2026-07-24 12:16:44] Retrieving expected genes contingency table
[2026-07-24 12:16:44] Expected genes contingency table elapsed time: 0.156188488006592
[2026-07-24 12:16:44] Calculating genes COEX normalization factor
[2026-07-24 12:16:46] Calculating genes COEX normalization factor elapsed time: 1.57720851898193
[2026-07-24 12:16:46] Retrieving observed genes yes/yes contingency table
[2026-07-24 12:16:46] Observed genes contingency table elapsed time: 0.237491369247437
[2026-07-24 12:16:59] Calculate genes COEX elapsed time: 12.3849902153015
[2026-07-24 12:16:59] Total calculations elapsed time: 14.3558785915375
[2026-07-24 12:16:59] Calculate genes COEX (torch) on device cpu: DONE
[2026-07-24 12:17:00] Only genes' COEX elapsed time: 15.2248468399048
[2026-07-24 12:17:00] Dataset analysis elapsed time: 23.6453688144684
[2026-07-24 12:17:00] COTAN dataset analysis: DONE
[2026-07-24 12:17:00] Checking uniformity for the cluster '12_14-merge' with 426 cells
[2026-07-24 12:17:00] Calculate GDI dataframe: START
[2026-07-24 12:17:00] Using S
[2026-07-24 12:17:00] Calculating S: START
[2026-07-24 12:17:09] Calculating S: DONE
[2026-07-24 12:17:09] Calculate `GDI`: START
[2026-07-24 12:17:09] Effective number of cores used: 40
[2026-07-24 12:17:09] Effective number of cores used: 40
[2026-07-24 12:17:09] Executing 17 genes batches
[2026-07-24 12:17:17] Total calculations elapsed time: 8.15239262580872
[2026-07-24 12:17:17] Calculate `GDI`: DONE
[2026-07-24 12:17:18] Total calculations elapsed time: 18.1244242191315
[2026-07-24 12:17:18] Calculate GDI dataframe: DONE
[2026-07-24 12:17:18] Clean plots: START
[2026-07-24 12:17:18] Total calculations elapsed time: 0.0232391357421875
[2026-07-24 12:17:18] Clean plots: DONE
[2026-07-24 12:17:18] GDI plot
[2026-07-24 12:17:18] Removed 9 low GDI genes (such as the fully-expressed) in GDI plot
[2026-07-24 12:17:21] Cluster 12_14-merge, with size 426, is uniform
[2026-07-24 12:17:21] Cluster 12_14-merge's shift to uniformity: -0.0324280883888071
[2026-07-24 12:17:21] class = SimpleGDIUniformityCheck, check.isCheckAbove = FALSE, check.GDIThreshold = 1.4, check.maxRatioBeyond = 0.01, check.maxRankBeyond = 0, check.fractionBeyond = 0.00388593292281939, check.thresholdRank = 0, check.quantileAtRatio = 1.36757191161119, check.quantileAtRank = NaN, isUniform = TRUE, clusterSize = 426
[2026-07-24 12:17:21] Clusters 12 and 14 can be merged
[2026-07-24 12:17:21] *[2026-07-24 12:17:21] 07_09-merge_10-merge
[2026-07-24 12:17:21] Asked to drop 0 genes and 3772 cells
[2026-07-24 12:17:21] COTAN dataset analysis: START
[2026-07-24 12:17:21] Asked to drop 1266 genes and 0 cells
[2026-07-24 12:17:21] Genes/cells selection done: dropped [1266] genes and [0] cells
[2026-07-24 12:17:21] Working on [16867] genes and [319] cells
[2026-07-24 12:17:22] Dataset cleaning elapsed time: 0.836519241333008
[2026-07-24 12:17:22] Estimate `dispersion`: START
[2026-07-24 12:17:22] Effective number of cores used: 40
[2026-07-24 12:17:22] Executing 17 genes batches
[2026-07-24 12:17:23] Parallel dispersion Newton-Raphson: used up to 5 iterations
[2026-07-24 12:17:23] Parallel dispersion Newton-Raphson: used up to 6 iterations
[2026-07-24 12:17:23] Parallel dispersion Newton-Raphson: used up to 6 iterations
[2026-07-24 12:17:23] Parallel dispersion Newton-Raphson: used up to 5 iterations
[2026-07-24 12:17:23] Parallel dispersion Newton-Raphson: used up to 6 iterations
[2026-07-24 12:17:24] Parallel dispersion Newton-Raphson: used up to 5 iterations
[2026-07-24 12:17:24] Parallel dispersion Newton-Raphson: used up to 7 iterations
[2026-07-24 12:17:24] Parallel dispersion Newton-Raphson: used up to 6 iterations
[2026-07-24 12:17:24] Parallel dispersion Newton-Raphson: used up to 7 iterations
[2026-07-24 12:17:25] Parallel dispersion Newton-Raphson: used up to 5 iterations
[2026-07-24 12:17:25] Parallel dispersion Newton-Raphson: used up to 5 iterations
[2026-07-24 12:17:25] Parallel dispersion Newton-Raphson: used up to 6 iterations
[2026-07-24 12:17:25] Parallel dispersion Newton-Raphson: used up to 7 iterations
[2026-07-24 12:17:26] Parallel dispersion Newton-Raphson: used up to 5 iterations
[2026-07-24 12:17:26] Parallel dispersion Newton-Raphson: used up to 5 iterations
[2026-07-24 12:17:26] Parallel dispersion Newton-Raphson: used up to 6 iterations
[2026-07-24 12:17:26] Parallel dispersion Newton-Raphson: used up to 5 iterations
[2026-07-24 12:17:29] Total calculations elapsed time: 6.67770719528198
[2026-07-24 12:17:29] Estimate `dispersion`: DONE
[2026-07-24 12:17:29] Estimate `dispersion`: DONE
[2026-07-24 12:17:29] `dispersion` | min: -0.204963748516252 | max: 410.046592912212 | % negative: 49.31523092429
[2026-07-24 12:17:30] Model parameter estimation elapsed time: 7.47197079658508
[2026-07-24 12:17:30] COTAN genes' COEX estimation: START
[2026-07-24 12:17:30] Effective number of cores used: 40
[2026-07-24 12:17:30] Calculate genes COEX (torch) on device cpu: START
[2026-07-24 12:17:30] Retrieving expected genes contingency table
[2026-07-24 12:17:30] Expected genes contingency table elapsed time: 0.120673179626465
[2026-07-24 12:17:30] Calculating genes COEX normalization factor
[2026-07-24 12:17:31] Calculating genes COEX normalization factor elapsed time: 1.56486868858337
[2026-07-24 12:17:31] Retrieving observed genes yes/yes contingency table
[2026-07-24 12:17:32] Observed genes contingency table elapsed time: 0.144242763519287
[2026-07-24 12:17:45] Calculate genes COEX elapsed time: 13.0243906974792
[2026-07-24 12:17:45] Total calculations elapsed time: 14.8541753292084
[2026-07-24 12:17:45] Calculate genes COEX (torch) on device cpu: DONE
[2026-07-24 12:17:45] Only genes' COEX elapsed time: 15.6491589546204
[2026-07-24 12:17:45] Dataset analysis elapsed time: 23.9576489925385
[2026-07-24 12:17:45] COTAN dataset analysis: DONE
[2026-07-24 12:17:46] Checking uniformity for the cluster '07_09-merge_10-merge' with 319 cells
[2026-07-24 12:17:46] Calculate GDI dataframe: START
[2026-07-24 12:17:46] Using S
[2026-07-24 12:17:46] Calculating S: START
[2026-07-24 12:17:54] Calculating S: DONE
[2026-07-24 12:17:54] Calculate `GDI`: START
[2026-07-24 12:17:54] Effective number of cores used: 40
[2026-07-24 12:17:55] Effective number of cores used: 40
[2026-07-24 12:17:55] Executing 17 genes batches
[2026-07-24 12:18:02] Total calculations elapsed time: 7.5175313949585
[2026-07-24 12:18:02] Calculate `GDI`: DONE
[2026-07-24 12:18:04] Total calculations elapsed time: 17.538197517395
[2026-07-24 12:18:04] Calculate GDI dataframe: DONE
[2026-07-24 12:18:04] Clean plots: START
[2026-07-24 12:18:04] Total calculations elapsed time: 0.0252408981323242
[2026-07-24 12:18:04] Clean plots: DONE
[2026-07-24 12:18:04] GDI plot
[2026-07-24 12:18:04] Removed 17 low GDI genes (such as the fully-expressed) in GDI plot
[2026-07-24 12:18:06] Cluster 07_09-merge_10-merge, with size 319, is not uniform
[2026-07-24 12:18:06] Cluster 07_09-merge_10-merge's shift to uniformity: 0.00430557726194669
[2026-07-24 12:18:06] class = SimpleGDIUniformityCheck, check.isCheckAbove = FALSE, check.GDIThreshold = 1.4, check.maxRatioBeyond = 0.01, check.maxRankBeyond = 0, check.fractionBeyond = 0.0109681626845319, check.thresholdRank = 0, check.quantileAtRatio = 1.40430557726195, check.quantileAtRank = NaN, isUniform = FALSE, clusterSize = 319
[2026-07-24 12:18:06] Clusters 07_09-merge and 10 cannot be merged
[2026-07-24 12:18:06] *[2026-07-24 12:18:06] 11_13-merge_15-merge
[2026-07-24 12:18:06] Asked to drop 0 genes and 3562 cells
[2026-07-24 12:18:07] COTAN dataset analysis: START
[2026-07-24 12:18:07] Asked to drop 1245 genes and 0 cells
[2026-07-24 12:18:07] Genes/cells selection done: dropped [1245] genes and [0] cells
[2026-07-24 12:18:07] Working on [16888] genes and [529] cells
[2026-07-24 12:18:07] Dataset cleaning elapsed time: 0.942430973052979
[2026-07-24 12:18:08] Estimate `dispersion`: START
[2026-07-24 12:18:08] Effective number of cores used: 40
[2026-07-24 12:18:08] Executing 17 genes batches
[2026-07-24 12:18:08] Parallel dispersion Newton-Raphson: used up to 6 iterations
[2026-07-24 12:18:08] Parallel dispersion Newton-Raphson: used up to 6 iterations
[2026-07-24 12:18:08] Parallel dispersion Newton-Raphson: used up to 6 iterations
[2026-07-24 12:18:09] Parallel dispersion Newton-Raphson: used up to 5 iterations
[2026-07-24 12:18:09] Parallel dispersion Newton-Raphson: used up to 6 iterations
[2026-07-24 12:18:09] Parallel dispersion Newton-Raphson: used up to 6 iterations
[2026-07-24 12:18:09] Parallel dispersion Newton-Raphson: used up to 5 iterations
[2026-07-24 12:18:09] Parallel dispersion Newton-Raphson: used up to 6 iterations
[2026-07-24 12:18:10] Parallel dispersion Newton-Raphson: used up to 6 iterations
[2026-07-24 12:18:10] Parallel dispersion Newton-Raphson: used up to 6 iterations
[2026-07-24 12:18:10] Parallel dispersion Newton-Raphson: used up to 5 iterations
[2026-07-24 12:18:10] Parallel dispersion Newton-Raphson: used up to 7 iterations
[2026-07-24 12:18:10] Parallel dispersion Newton-Raphson: used up to 7 iterations
[2026-07-24 12:18:11] Parallel dispersion Newton-Raphson: used up to 6 iterations
[2026-07-24 12:18:11] Parallel dispersion Newton-Raphson: used up to 6 iterations
[2026-07-24 12:18:11] Parallel dispersion Newton-Raphson: used up to 6 iterations
[2026-07-24 12:18:11] Parallel dispersion Newton-Raphson: used up to 5 iterations
[2026-07-24 12:18:14] Total calculations elapsed time: 6.64077615737915
[2026-07-24 12:18:14] Estimate `dispersion`: DONE
[2026-07-24 12:18:14] Estimate `dispersion`: DONE
[2026-07-24 12:18:14] `dispersion` | min: -0.110792112709232 | max: 252.757650937405 | % negative: 44.824727617243
[2026-07-24 12:18:15] Model parameter estimation elapsed time: 7.49241662025452
[2026-07-24 12:18:15] COTAN genes' COEX estimation: START
[2026-07-24 12:18:15] Effective number of cores used: 40
[2026-07-24 12:18:15] Calculate genes COEX (torch) on device cpu: START
[2026-07-24 12:18:15] Retrieving expected genes contingency table
[2026-07-24 12:18:15] Expected genes contingency table elapsed time: 0.205518960952759
[2026-07-24 12:18:15] Calculating genes COEX normalization factor
[2026-07-24 12:18:17] Calculating genes COEX normalization factor elapsed time: 1.68775415420532
[2026-07-24 12:18:17] Retrieving observed genes yes/yes contingency table
[2026-07-24 12:18:17] Observed genes contingency table elapsed time: 0.277281522750854
[2026-07-24 12:18:30] Calculate genes COEX elapsed time: 12.7806584835052
[2026-07-24 12:18:30] Total calculations elapsed time: 14.9512131214142
[2026-07-24 12:18:30] Calculate genes COEX (torch) on device cpu: DONE
[2026-07-24 12:18:31] Only genes' COEX elapsed time: 15.8202242851257
[2026-07-24 12:18:31] Dataset analysis elapsed time: 24.2550718784332
[2026-07-24 12:18:31] COTAN dataset analysis: DONE
[2026-07-24 12:18:32] Checking uniformity for the cluster '11_13-merge_15-merge' with 529 cells
[2026-07-24 12:18:32] Calculate GDI dataframe: START
[2026-07-24 12:18:32] Using S
[2026-07-24 12:18:32] Calculating S: START
[2026-07-24 12:18:40] Calculating S: DONE
[2026-07-24 12:18:40] Calculate `GDI`: START
[2026-07-24 12:18:40] Effective number of cores used: 40
[2026-07-24 12:18:40] Effective number of cores used: 40
[2026-07-24 12:18:40] Executing 17 genes batches
[2026-07-24 12:18:48] Total calculations elapsed time: 7.91257643699646
[2026-07-24 12:18:48] Calculate `GDI`: DONE
[2026-07-24 12:18:50] Total calculations elapsed time: 18.1677513122559
[2026-07-24 12:18:50] Calculate GDI dataframe: DONE
[2026-07-24 12:18:50] Clean plots: START
[2026-07-24 12:18:50] Total calculations elapsed time: 0.023700475692749
[2026-07-24 12:18:50] Clean plots: DONE
[2026-07-24 12:18:50] GDI plot
[2026-07-24 12:18:50] Removed 12 low GDI genes (such as the fully-expressed) in GDI plot
[2026-07-24 12:18:52] Cluster 11_13-merge_15-merge, with size 529, is not uniform
[2026-07-24 12:18:52] Cluster 11_13-merge_15-merge's shift to uniformity: 0.0633973900894207
[2026-07-24 12:18:52] class = SimpleGDIUniformityCheck, check.isCheckAbove = FALSE, check.GDIThreshold = 1.4, check.maxRatioBeyond = 0.01, check.maxRankBeyond = 0, check.fractionBeyond = 0.0264092846991947, check.thresholdRank = 0, check.quantileAtRatio = 1.46339739008942, check.quantileAtRank = NaN, isUniform = FALSE, clusterSize = 529
[2026-07-24 12:18:53] Clusters 11_13-merge and 15 cannot be merged
[2026-07-24 12:18:53] *[2026-07-24 12:18:53] 24_25-merge
[2026-07-24 12:18:53] Asked to drop 0 genes and 3688 cells
[2026-07-24 12:18:53] COTAN dataset analysis: START
[2026-07-24 12:18:53] Asked to drop 928 genes and 0 cells
[2026-07-24 12:18:53] Genes/cells selection done: dropped [928] genes and [0] cells
[2026-07-24 12:18:53] Working on [17205] genes and [403] cells
[2026-07-24 12:18:54] Dataset cleaning elapsed time: 0.915230989456177
[2026-07-24 12:18:54] Estimate `dispersion`: START
[2026-07-24 12:18:54] Effective number of cores used: 40
[2026-07-24 12:18:54] Executing 17 genes batches
[2026-07-24 12:18:54] Parallel dispersion Newton-Raphson: used up to 6 iterations
[2026-07-24 12:18:54] Parallel dispersion Newton-Raphson: used up to 6 iterations
[2026-07-24 12:18:55] Parallel dispersion Newton-Raphson: used up to 5 iterations
[2026-07-24 12:18:55] Parallel dispersion Newton-Raphson: used up to 6 iterations
[2026-07-24 12:18:55] Parallel dispersion Newton-Raphson: used up to 6 iterations
[2026-07-24 12:18:55] Parallel dispersion Newton-Raphson: used up to 6 iterations
[2026-07-24 12:18:56] Parallel dispersion Newton-Raphson: used up to 5 iterations
[2026-07-24 12:18:56] Parallel dispersion Newton-Raphson: used up to 5 iterations
[2026-07-24 12:18:56] Parallel dispersion Newton-Raphson: used up to 7 iterations
[2026-07-24 12:18:56] Parallel dispersion Newton-Raphson: used up to 5 iterations
[2026-07-24 12:18:56] Parallel dispersion Newton-Raphson: used up to 5 iterations
[2026-07-24 12:18:57] Parallel dispersion Newton-Raphson: used up to 5 iterations
[2026-07-24 12:18:57] Parallel dispersion Newton-Raphson: used up to 7 iterations
[2026-07-24 12:18:57] Parallel dispersion Newton-Raphson: used up to 6 iterations
[2026-07-24 12:18:57] Parallel dispersion Newton-Raphson: used up to 6 iterations
[2026-07-24 12:18:57] Parallel dispersion Newton-Raphson: used up to 6 iterations
[2026-07-24 12:18:58] Parallel dispersion Newton-Raphson: used up to 6 iterations
[2026-07-24 12:19:00] Total calculations elapsed time: 6.52453827857971
[2026-07-24 12:19:00] Estimate `dispersion`: DONE
[2026-07-24 12:19:00] Estimate `dispersion`: DONE
[2026-07-24 12:19:00] `dispersion` | min: -0.128610036594519 | max: 514.482205287238 | % negative: 47.3525138041267
[2026-07-24 12:19:01] Model parameter estimation elapsed time: 7.31132078170776
[2026-07-24 12:19:01] COTAN genes' COEX estimation: START
[2026-07-24 12:19:01] Effective number of cores used: 40
[2026-07-24 12:19:01] Calculate genes COEX (torch) on device cpu: START
[2026-07-24 12:19:01] Retrieving expected genes contingency table
[2026-07-24 12:19:01] Expected genes contingency table elapsed time: 0.183315753936768
[2026-07-24 12:19:01] Calculating genes COEX normalization factor
[2026-07-24 12:19:03] Calculating genes COEX normalization factor elapsed time: 1.62292242050171
[2026-07-24 12:19:03] Retrieving observed genes yes/yes contingency table
[2026-07-24 12:19:03] Observed genes contingency table elapsed time: 0.238309144973755
[2026-07-24 12:19:16] Calculate genes COEX elapsed time: 12.7969017028809
[2026-07-24 12:19:16] Total calculations elapsed time: 14.8414490222931
[2026-07-24 12:19:16] Calculate genes COEX (torch) on device cpu: DONE
[2026-07-24 12:19:17] Only genes' COEX elapsed time: 15.5704600811005
[2026-07-24 12:19:17] Dataset analysis elapsed time: 23.7970118522644
[2026-07-24 12:19:17] COTAN dataset analysis: DONE
[2026-07-24 12:19:17] Checking uniformity for the cluster '24_25-merge' with 403 cells
[2026-07-24 12:19:17] Calculate GDI dataframe: START
[2026-07-24 12:19:17] Using S
[2026-07-24 12:19:17] Calculating S: START
[2026-07-24 12:19:26] Calculating S: DONE
[2026-07-24 12:19:26] Calculate `GDI`: START
[2026-07-24 12:19:26] Effective number of cores used: 40
[2026-07-24 12:19:26] Effective number of cores used: 40
[2026-07-24 12:19:26] Executing 17 genes batches
[2026-07-24 12:19:34] Total calculations elapsed time: 7.49681997299194
[2026-07-24 12:19:34] Calculate `GDI`: DONE
[2026-07-24 12:19:35] Total calculations elapsed time: 17.7105321884155
[2026-07-24 12:19:35] Calculate GDI dataframe: DONE
[2026-07-24 12:19:35] Clean plots: START
[2026-07-24 12:19:35] Total calculations elapsed time: 0.0232574939727783
[2026-07-24 12:19:35] Clean plots: DONE
[2026-07-24 12:19:35] GDI plot
[2026-07-24 12:19:35] Removed 3 low GDI genes (such as the fully-expressed) in GDI plot
[2026-07-24 12:19:37] Cluster 24_25-merge, with size 403, is not uniform
[2026-07-24 12:19:37] Cluster 24_25-merge's shift to uniformity: 0.0178451673355589
[2026-07-24 12:19:37] class = SimpleGDIUniformityCheck, check.isCheckAbove = FALSE, check.GDIThreshold = 1.4, check.maxRatioBeyond = 0.01, check.maxRankBeyond = 0, check.fractionBeyond = 0.0147631502470212, check.thresholdRank = 0, check.quantileAtRatio = 1.41784516733556, check.quantileAtRank = NaN, isUniform = FALSE, clusterSize = 403
[2026-07-24 12:19:38] Clusters 24 and 25 cannot be merged
[2026-07-24 12:19:38] *[2026-07-24 12:19:38] -1_04-merge
[2026-07-24 12:19:38] Asked to drop 0 genes and 3707 cells
[2026-07-24 12:19:38] COTAN dataset analysis: START
[2026-07-24 12:19:38] Asked to drop 2570 genes and 0 cells
[2026-07-24 12:19:38] Genes/cells selection done: dropped [2570] genes and [0] cells
[2026-07-24 12:19:38] Working on [15563] genes and [384] cells
[2026-07-24 12:19:39] Dataset cleaning elapsed time: 0.835723400115967
[2026-07-24 12:19:39] Estimate `dispersion`: START
[2026-07-24 12:19:39] Effective number of cores used: 40
[2026-07-24 12:19:39] Executing 16 genes batches
[2026-07-24 12:19:39] Parallel dispersion Newton-Raphson: used up to 6 iterations
[2026-07-24 12:19:39] Parallel dispersion Newton-Raphson: used up to 7 iterations
[2026-07-24 12:19:40] Parallel dispersion Newton-Raphson: used up to 6 iterations
[2026-07-24 12:19:40] Parallel dispersion Newton-Raphson: used up to 6 iterations
[2026-07-24 12:19:40] Parallel dispersion Newton-Raphson: used up to 6 iterations
[2026-07-24 12:19:40] Parallel dispersion Newton-Raphson: used up to 6 iterations
[2026-07-24 12:19:41] Parallel dispersion Newton-Raphson: used up to 6 iterations
[2026-07-24 12:19:41] Parallel dispersion Newton-Raphson: used up to 6 iterations
[2026-07-24 12:19:41] Parallel dispersion Newton-Raphson: used up to 6 iterations
[2026-07-24 12:19:41] Parallel dispersion Newton-Raphson: used up to 6 iterations
[2026-07-24 12:19:41] Parallel dispersion Newton-Raphson: used up to 6 iterations
[2026-07-24 12:19:42] Parallel dispersion Newton-Raphson: used up to 6 iterations
[2026-07-24 12:19:42] Parallel dispersion Newton-Raphson: used up to 7 iterations
[2026-07-24 12:19:42] Parallel dispersion Newton-Raphson: used up to 6 iterations
[2026-07-24 12:19:42] Parallel dispersion Newton-Raphson: used up to 6 iterations
[2026-07-24 12:19:42] Parallel dispersion Newton-Raphson: used up to 7 iterations
[2026-07-24 12:19:45] Total calculations elapsed time: 6.41235280036926
[2026-07-24 12:19:45] Estimate `dispersion`: DONE
[2026-07-24 12:19:45] Estimate `dispersion`: DONE
[2026-07-24 12:19:45] `dispersion` | min: -0.178083138035402 | max: 310.048492235751 | % negative: 53.1003019983294
[2026-07-24 12:19:46] Model parameter estimation elapsed time: 7.40634870529175
[2026-07-24 12:19:46] COTAN genes' COEX estimation: START
[2026-07-24 12:19:46] Effective number of cores used: 40
[2026-07-24 12:19:46] Calculate genes COEX (torch) on device cpu: START
[2026-07-24 12:19:46] Retrieving expected genes contingency table
[2026-07-24 12:19:46] Expected genes contingency table elapsed time: 0.134982109069824
[2026-07-24 12:19:46] Calculating genes COEX normalization factor
[2026-07-24 12:19:48] Calculating genes COEX normalization factor elapsed time: 1.47592639923096
[2026-07-24 12:19:48] Retrieving observed genes yes/yes contingency table
[2026-07-24 12:19:48] Observed genes contingency table elapsed time: 0.163546085357666
[2026-07-24 12:19:59] Calculate genes COEX elapsed time: 10.7885608673096
[2026-07-24 12:19:59] Total calculations elapsed time: 12.563015460968
[2026-07-24 12:19:59] Calculate genes COEX (torch) on device cpu: DONE
[2026-07-24 12:20:00] Only genes' COEX elapsed time: 13.3070526123047
[2026-07-24 12:20:00] Dataset analysis elapsed time: 21.5491247177124
[2026-07-24 12:20:00] COTAN dataset analysis: DONE
[2026-07-24 12:20:00] Checking uniformity for the cluster '-1_04-merge' with 384 cells
[2026-07-24 12:20:00] Calculate GDI dataframe: START
[2026-07-24 12:20:00] Using S
[2026-07-24 12:20:00] Calculating S: START
[2026-07-24 12:20:08] Calculating S: DONE
[2026-07-24 12:20:08] Calculate `GDI`: START
[2026-07-24 12:20:08] Effective number of cores used: 40
[2026-07-24 12:20:08] Effective number of cores used: 40
[2026-07-24 12:20:08] Executing 16 genes batches
[2026-07-24 12:20:14] Total calculations elapsed time: 6.2937490940094
[2026-07-24 12:20:14] Calculate `GDI`: DONE
[2026-07-24 12:20:15] Total calculations elapsed time: 14.6400318145752
[2026-07-24 12:20:15] Calculate GDI dataframe: DONE
[2026-07-24 12:20:15] Clean plots: START
[2026-07-24 12:20:15] Total calculations elapsed time: 0.0227336883544922
[2026-07-24 12:20:15] Clean plots: DONE
[2026-07-24 12:20:15] GDI plot
[2026-07-24 12:20:15] Removed 0 low GDI genes (such as the fully-expressed) in GDI plot
[2026-07-24 12:20:17] Cluster -1_04-merge, with size 384, is not uniform
[2026-07-24 12:20:17] Cluster -1_04-merge's shift to uniformity: 0.820091818696628
[2026-07-24 12:20:17] class = SimpleGDIUniformityCheck, check.isCheckAbove = FALSE, check.GDIThreshold = 1.4, check.maxRatioBeyond = 0.01, check.maxRankBeyond = 0, check.fractionBeyond = 0.202403135642228, check.thresholdRank = 0, check.quantileAtRatio = 2.22009181869663, check.quantileAtRank = NaN, isUniform = FALSE, clusterSize = 384
[2026-07-24 12:20:18] Clusters -1 and 04 cannot be merged
[2026-07-24 12:20:18] *[2026-07-24 12:20:18] 12_16-merge
[2026-07-24 12:20:18] Asked to drop 0 genes and 3556 cells
[2026-07-24 12:20:18] COTAN dataset analysis: START
[2026-07-24 12:20:18] Asked to drop 1400 genes and 0 cells
[2026-07-24 12:20:18] Genes/cells selection done: dropped [1400] genes and [0] cells
[2026-07-24 12:20:18] Working on [16733] genes and [535] cells
[2026-07-24 12:20:19] Dataset cleaning elapsed time: 0.871468067169189
[2026-07-24 12:20:19] Estimate `dispersion`: START
[2026-07-24 12:20:19] Effective number of cores used: 40
[2026-07-24 12:20:19] Executing 17 genes batches
[2026-07-24 12:20:19] Parallel dispersion Newton-Raphson: used up to 6 iterations
[2026-07-24 12:20:19] Parallel dispersion Newton-Raphson: used up to 6 iterations
[2026-07-24 12:20:19] Parallel dispersion Newton-Raphson: used up to 5 iterations
[2026-07-24 12:20:20] Parallel dispersion Newton-Raphson: used up to 5 iterations
[2026-07-24 12:20:20] Parallel dispersion Newton-Raphson: used up to 6 iterations
[2026-07-24 12:20:20] Parallel dispersion Newton-Raphson: used up to 5 iterations
[2026-07-24 12:20:20] Parallel dispersion Newton-Raphson: used up to 6 iterations
[2026-07-24 12:20:20] Parallel dispersion Newton-Raphson: used up to 5 iterations
[2026-07-24 12:20:21] Parallel dispersion Newton-Raphson: used up to 6 iterations
[2026-07-24 12:20:21] Parallel dispersion Newton-Raphson: used up to 6 iterations
[2026-07-24 12:20:21] Parallel dispersion Newton-Raphson: used up to 5 iterations
[2026-07-24 12:20:21] Parallel dispersion Newton-Raphson: used up to 6 iterations
[2026-07-24 12:20:22] Parallel dispersion Newton-Raphson: used up to 6 iterations
[2026-07-24 12:20:22] Parallel dispersion Newton-Raphson: used up to 6 iterations
[2026-07-24 12:20:22] Parallel dispersion Newton-Raphson: used up to 6 iterations
[2026-07-24 12:20:22] Parallel dispersion Newton-Raphson: used up to 6 iterations
[2026-07-24 12:20:22] Parallel dispersion Newton-Raphson: used up to 6 iterations
[2026-07-24 12:20:25] Total calculations elapsed time: 6.68058800697327
[2026-07-24 12:20:25] Estimate `dispersion`: DONE
[2026-07-24 12:20:25] Estimate `dispersion`: DONE
[2026-07-24 12:20:25] `dispersion` | min: -0.151562460740922 | max: 254.723223834986 | % negative: 45.5626606107691
[2026-07-24 12:20:26] Model parameter estimation elapsed time: 7.82045912742615
[2026-07-24 12:20:26] COTAN genes' COEX estimation: START
[2026-07-24 12:20:26] Effective number of cores used: 40
[2026-07-24 12:20:26] Calculate genes COEX (torch) on device cpu: START
[2026-07-24 12:20:26] Retrieving expected genes contingency table
[2026-07-24 12:20:27] Expected genes contingency table elapsed time: 0.202630519866943
[2026-07-24 12:20:27] Calculating genes COEX normalization factor
[2026-07-24 12:20:28] Calculating genes COEX normalization factor elapsed time: 1.62507581710815
[2026-07-24 12:20:28] Retrieving observed genes yes/yes contingency table
[2026-07-24 12:20:29] Observed genes contingency table elapsed time: 0.26325535774231
[2026-07-24 12:20:41] Calculate genes COEX elapsed time: 12.199312210083
[2026-07-24 12:20:41] Total calculations elapsed time: 14.2902739048004
[2026-07-24 12:20:41] Calculate genes COEX (torch) on device cpu: DONE
[2026-07-24 12:20:41] Only genes' COEX elapsed time: 15.0297820568085
[2026-07-24 12:20:41] Dataset analysis elapsed time: 23.7217092514038
[2026-07-24 12:20:41] COTAN dataset analysis: DONE
[2026-07-24 12:20:42] Checking uniformity for the cluster '12_16-merge' with 535 cells
[2026-07-24 12:20:42] Calculate GDI dataframe: START
[2026-07-24 12:20:42] Using S
[2026-07-24 12:20:42] Calculating S: START
[2026-07-24 12:20:50] Calculating S: DONE
[2026-07-24 12:20:50] Calculate `GDI`: START
[2026-07-24 12:20:50] Effective number of cores used: 40
[2026-07-24 12:20:50] Effective number of cores used: 40
[2026-07-24 12:20:50] Executing 17 genes batches
[2026-07-24 12:20:59] Total calculations elapsed time: 8.39783406257629
[2026-07-24 12:20:59] Calculate `GDI`: DONE
[2026-07-24 12:21:00] Total calculations elapsed time: 17.9391205310822
[2026-07-24 12:21:00] Calculate GDI dataframe: DONE
[2026-07-24 12:21:00] Clean plots: START
[2026-07-24 12:21:00] Total calculations elapsed time: 0.0227298736572266
[2026-07-24 12:21:00] Clean plots: DONE
[2026-07-24 12:21:00] GDI plot
[2026-07-24 12:21:00] Removed 12 low GDI genes (such as the fully-expressed) in GDI plot
[2026-07-24 12:21:02] Cluster 12_16-merge, with size 535, is not uniform
[2026-07-24 12:21:02] Cluster 12_16-merge's shift to uniformity: 0.0665694571417084
[2026-07-24 12:21:02] class = SimpleGDIUniformityCheck, check.isCheckAbove = FALSE, check.GDIThreshold = 1.4, check.maxRatioBeyond = 0.01, check.maxRankBeyond = 0, check.fractionBeyond = 0.0291041654216219, check.thresholdRank = 0, check.quantileAtRatio = 1.46656945714171, check.quantileAtRank = NaN, isUniform = FALSE, clusterSize = 535
[2026-07-24 12:21:03] Clusters 12 and 16 cannot be merged
[2026-07-24 12:21:03] Clusters 14 and 12 will be merged
[2026-07-24 12:21:03] Clusters 07_09-merge and 08 will be merged
[2026-07-24 12:21:03] One or both of the clusters ,  is no more in the clusterization
[2026-07-24 12:21:03] Clusters 25 and 20 will be merged
[2026-07-24 12:21:03] One or both of the clusters ,  is no more in the clusterization
[2026-07-24 12:21:03] Clusters 16 and 11_13-merge will be merged
[2026-07-24 12:21:03] One or both of the clusters ,  is no more in the clusterization
[2026-07-24 12:21:03] One or both of the clusters ,  is no more in the clusterization
[2026-07-24 12:21:03] One or both of the clusters ,  is no more in the clusterization
[2026-07-24 12:21:03] Clusters 01 and 02 will be merged
[2026-07-24 12:21:03] Executed 5 merges
[2026-07-24 12:21:03] Loop calculations elapsed time: 482.775248765945
[2026-07-24 12:21:03] Start merging nearest clusters: iteration 5
[2026-07-24 12:21:03] Differential Expression Analysis - START
[2026-07-24 12:21:06] *[2026-07-24 12:21:06]  DEA on cluster '-1' with 253 cells
[2026-07-24 12:21:06] *[2026-07-24 12:21:06]  DEA on cluster '01_02-merge' with 283 cells
[2026-07-24 12:21:06] *[2026-07-24 12:21:06]  DEA on cluster '03' with 392 cells
[2026-07-24 12:21:06] *[2026-07-24 12:21:06]  DEA on cluster '04' with 131 cells
[2026-07-24 12:21:06] *[2026-07-24 12:21:06]  DEA on cluster '05' with 194 cells
[2026-07-24 12:21:06] *[2026-07-24 12:21:06]  DEA on cluster '06' with 50 cells
[2026-07-24 12:21:06] *[2026-07-24 12:21:06]  DEA on cluster '07_09-merge_08-merge' with 402 cells
[2026-07-24 12:21:06] *[2026-07-24 12:21:06]  DEA on cluster '10' with 60 cells
[2026-07-24 12:21:06] *[2026-07-24 12:21:06]  DEA on cluster '11_13-merge_16-merge' with 378 cells
[2026-07-24 12:21:06] *[2026-07-24 12:21:06]  DEA on cluster '12_14-merge' with 426 cells
[2026-07-24 12:21:06] *[2026-07-24 12:21:06]  DEA on cluster '15' with 338 cells
[2026-07-24 12:21:06] *[2026-07-24 12:21:06]  DEA on cluster '17' with 64 cells
[2026-07-24 12:21:06] *[2026-07-24 12:21:06]  DEA on cluster '18' with 52 cells
[2026-07-24 12:21:06] *[2026-07-24 12:21:06]  DEA on cluster '19' with 145 cells
[2026-07-24 12:21:06] *[2026-07-24 12:21:06]  DEA on cluster '20_25-merge' with 271 cells
[2026-07-24 12:21:07] *[2026-07-24 12:21:07]  DEA on cluster '21_22-merge' with 134 cells
[2026-07-24 12:21:07] *[2026-07-24 12:21:07]  DEA on cluster '23' with 253 cells
[2026-07-24 12:21:07] *[2026-07-24 12:21:07]  DEA on cluster '24' with 265 cells
[2026-07-24 12:21:07] 
[2026-07-24 12:21:07] Total calculations elapsed time: 3.89235782623291
[2026-07-24 12:21:07] Differential Expression Analysis - DONE
[2026-07-24 12:21:09] Updating check results for the 44 already tested pairs to align to new checker
[2026-07-24 12:21:09] 11 new clusters pairs to be tested for merging:
c("11_13-merge_16-merge", "12_14-merge") c("07_09-merge_08-merge", "12_14-merge") c("07_09-merge_08-merge", "11_13-merge_16-merge") c("10", "11_13-merge_16-merge") c("19", "20_25-merge") c("11_13-merge_16-merge", "15") c("07_09-merge_08-merge", "24") c("20_25-merge", "21_22-merge") c("11_13-merge_16-merge", "18") c("07_09-merge_08-merge", "10") c("-1", "01_02-merge")
[2026-07-24 12:21:09] *[2026-07-24 12:21:09] 11_13-merge_16-merge_12_14-merge-merge
[2026-07-24 12:21:09] Asked to drop 0 genes and 3287 cells
[2026-07-24 12:21:09] COTAN dataset analysis: START
[2026-07-24 12:21:09] Asked to drop 662 genes and 0 cells
[2026-07-24 12:21:09] Genes/cells selection done: dropped [662] genes and [0] cells
[2026-07-24 12:21:09] Working on [17471] genes and [804] cells
[2026-07-24 12:21:10] Dataset cleaning elapsed time: 0.901810884475708
[2026-07-24 12:21:10] Estimate `dispersion`: START
[2026-07-24 12:21:10] Effective number of cores used: 40
[2026-07-24 12:21:10] Executing 18 genes batches
[2026-07-24 12:21:11] Parallel dispersion Newton-Raphson: used up to 6 iterations
[2026-07-24 12:21:11] Parallel dispersion Newton-Raphson: used up to 6 iterations
[2026-07-24 12:21:11] Parallel dispersion Newton-Raphson: used up to 5 iterations
[2026-07-24 12:21:11] Parallel dispersion Newton-Raphson: used up to 5 iterations
[2026-07-24 12:21:11] Parallel dispersion Newton-Raphson: used up to 6 iterations
[2026-07-24 12:21:12] Parallel dispersion Newton-Raphson: used up to 6 iterations
[2026-07-24 12:21:12] Parallel dispersion Newton-Raphson: used up to 5 iterations
[2026-07-24 12:21:12] Parallel dispersion Newton-Raphson: used up to 5 iterations
[2026-07-24 12:21:12] Parallel dispersion Newton-Raphson: used up to 6 iterations
[2026-07-24 12:21:12] Parallel dispersion Newton-Raphson: used up to 5 iterations
[2026-07-24 12:21:13] Parallel dispersion Newton-Raphson: used up to 6 iterations
[2026-07-24 12:21:13] Parallel dispersion Newton-Raphson: used up to 6 iterations
[2026-07-24 12:21:13] Parallel dispersion Newton-Raphson: used up to 6 iterations
[2026-07-24 12:21:13] Parallel dispersion Newton-Raphson: used up to 7 iterations
[2026-07-24 12:21:14] Parallel dispersion Newton-Raphson: used up to 6 iterations
[2026-07-24 12:21:14] Parallel dispersion Newton-Raphson: used up to 6 iterations
[2026-07-24 12:21:14] Parallel dispersion Newton-Raphson: used up to 6 iterations
[2026-07-24 12:21:14] Parallel dispersion Newton-Raphson: used up to 6 iterations
[2026-07-24 12:21:17] Total calculations elapsed time: 7.01488423347473
[2026-07-24 12:21:17] Estimate `dispersion`: DONE
[2026-07-24 12:21:17] Estimate `dispersion`: DONE
[2026-07-24 12:21:17] `dispersion` | min: -0.0864284767910368 | max: 527.901702410296 | % negative: 42.0525442161296
[2026-07-24 12:21:18] Model parameter estimation elapsed time: 7.76420021057129
[2026-07-24 12:21:18] COTAN genes' COEX estimation: START
[2026-07-24 12:21:18] Effective number of cores used: 40
[2026-07-24 12:21:18] Calculate genes COEX (torch) on device cpu: START
[2026-07-24 12:21:18] Retrieving expected genes contingency table
[2026-07-24 12:21:18] Expected genes contingency table elapsed time: 0.289434432983398
[2026-07-24 12:21:18] Calculating genes COEX normalization factor
[2026-07-24 12:21:20] Calculating genes COEX normalization factor elapsed time: 1.66178250312805
[2026-07-24 12:21:20] Retrieving observed genes yes/yes contingency table
[2026-07-24 12:21:20] Observed genes contingency table elapsed time: 0.398975372314453
[2026-07-24 12:21:34] Calculate genes COEX elapsed time: 13.6705646514893
[2026-07-24 12:21:34] Total calculations elapsed time: 16.0207569599152
[2026-07-24 12:21:34] Calculate genes COEX (torch) on device cpu: DONE
[2026-07-24 12:21:35] Only genes' COEX elapsed time: 16.7999315261841
[2026-07-24 12:21:35] Dataset analysis elapsed time: 25.4659426212311
[2026-07-24 12:21:35] COTAN dataset analysis: DONE
[2026-07-24 12:21:35] Checking uniformity for the cluster '11_13-merge_16-merge_12_14-merge-merge' with 804 cells
[2026-07-24 12:21:35] Calculate GDI dataframe: START
[2026-07-24 12:21:35] Using S
[2026-07-24 12:21:35] Calculating S: START
[2026-07-24 12:21:44] Calculating S: DONE
[2026-07-24 12:21:44] Calculate `GDI`: START
[2026-07-24 12:21:44] Effective number of cores used: 40
[2026-07-24 12:21:44] Effective number of cores used: 40
[2026-07-24 12:21:44] Executing 18 genes batches
[2026-07-24 12:21:52] Total calculations elapsed time: 7.27751731872559
[2026-07-24 12:21:52] Calculate `GDI`: DONE
[2026-07-24 12:21:53] Total calculations elapsed time: 17.8562889099121
[2026-07-24 12:21:53] Calculate GDI dataframe: DONE
[2026-07-24 12:21:53] Clean plots: START
[2026-07-24 12:21:53] Total calculations elapsed time: 0.023296594619751
[2026-07-24 12:21:53] Clean plots: DONE
[2026-07-24 12:21:53] GDI plot
[2026-07-24 12:21:53] Removed 8 low GDI genes (such as the fully-expressed) in GDI plot
[2026-07-24 12:21:55] Cluster 11_13-merge_16-merge_12_14-merge-merge, with size 804, is not uniform
[2026-07-24 12:21:55] Cluster 11_13-merge_16-merge_12_14-merge-merge's shift to uniformity: 0.0743276910123649
[2026-07-24 12:21:55] class = SimpleGDIUniformityCheck, check.isCheckAbove = FALSE, check.GDIThreshold = 1.4, check.maxRatioBeyond = 0.01, check.maxRankBeyond = 0, check.fractionBeyond = 0.0329689199244462, check.thresholdRank = 0, check.quantileAtRatio = 1.47432769101236, check.quantileAtRank = NaN, isUniform = FALSE, clusterSize = 804
[2026-07-24 12:21:56] Clusters 11_13-merge_16-merge and 12_14-merge cannot be merged
[2026-07-24 12:21:56] *[2026-07-24 12:21:56] 07_09-merge_08-merge_12_14-merge-merge
[2026-07-24 12:21:56] Asked to drop 0 genes and 3263 cells
[2026-07-24 12:21:56] COTAN dataset analysis: START
[2026-07-24 12:21:56] Asked to drop 692 genes and 0 cells
[2026-07-24 12:21:56] Genes/cells selection done: dropped [692] genes and [0] cells
[2026-07-24 12:21:56] Working on [17441] genes and [828] cells
[2026-07-24 12:21:57] Dataset cleaning elapsed time: 0.962887525558472
[2026-07-24 12:21:57] Estimate `dispersion`: START
[2026-07-24 12:21:57] Effective number of cores used: 40
[2026-07-24 12:21:57] Executing 18 genes batches
[2026-07-24 12:21:58] Parallel dispersion Newton-Raphson: used up to 6 iterations
[2026-07-24 12:21:58] Parallel dispersion Newton-Raphson: used up to 6 iterations
[2026-07-24 12:21:58] Parallel dispersion Newton-Raphson: used up to 5 iterations
[2026-07-24 12:21:58] Parallel dispersion Newton-Raphson: used up to 6 iterations
[2026-07-24 12:21:59] Parallel dispersion Newton-Raphson: used up to 6 iterations
[2026-07-24 12:21:59] Parallel dispersion Newton-Raphson: used up to 5 iterations
[2026-07-24 12:21:59] Parallel dispersion Newton-Raphson: used up to 6 iterations
[2026-07-24 12:21:59] Parallel dispersion Newton-Raphson: used up to 6 iterations
[2026-07-24 12:22:00] Parallel dispersion Newton-Raphson: used up to 6 iterations
[2026-07-24 12:22:00] Parallel dispersion Newton-Raphson: used up to 5 iterations
[2026-07-24 12:22:00] Parallel dispersion Newton-Raphson: used up to 6 iterations
[2026-07-24 12:22:00] Parallel dispersion Newton-Raphson: used up to 6 iterations
[2026-07-24 12:22:00] Parallel dispersion Newton-Raphson: used up to 5 iterations
[2026-07-24 12:22:01] Parallel dispersion Newton-Raphson: used up to 7 iterations
[2026-07-24 12:22:01] Parallel dispersion Newton-Raphson: used up to 6 iterations
[2026-07-24 12:22:01] Parallel dispersion Newton-Raphson: used up to 6 iterations
[2026-07-24 12:22:01] Parallel dispersion Newton-Raphson: used up to 6 iterations
[2026-07-24 12:22:02] Parallel dispersion Newton-Raphson: used up to 5 iterations
[2026-07-24 12:22:05] Total calculations elapsed time: 7.24028563499451
[2026-07-24 12:22:05] Estimate `dispersion`: DONE
[2026-07-24 12:22:05] Estimate `dispersion`: DONE
[2026-07-24 12:22:05] `dispersion` | min: -0.104286692994404 | max: 500.237458206243 | % negative: 42.0388739177799
[2026-07-24 12:22:05] Model parameter estimation elapsed time: 8.02455377578735
[2026-07-24 12:22:05] COTAN genes' COEX estimation: START
[2026-07-24 12:22:05] Effective number of cores used: 40
[2026-07-24 12:22:05] Calculate genes COEX (torch) on device cpu: START
[2026-07-24 12:22:05] Retrieving expected genes contingency table
[2026-07-24 12:22:06] Expected genes contingency table elapsed time: 0.316741943359375
[2026-07-24 12:22:06] Calculating genes COEX normalization factor
[2026-07-24 12:22:07] Calculating genes COEX normalization factor elapsed time: 1.65975618362427
[2026-07-24 12:22:07] Retrieving observed genes yes/yes contingency table
[2026-07-24 12:22:08] Observed genes contingency table elapsed time: 0.413410425186157
[2026-07-24 12:22:21] Calculate genes COEX elapsed time: 13.7888505458832
[2026-07-24 12:22:21] Total calculations elapsed time: 16.178759098053
[2026-07-24 12:22:21] Calculate genes COEX (torch) on device cpu: DONE
[2026-07-24 12:22:22] Only genes' COEX elapsed time: 16.9184966087341
[2026-07-24 12:22:22] Dataset analysis elapsed time: 25.90593791008
[2026-07-24 12:22:22] COTAN dataset analysis: DONE
[2026-07-24 12:22:23] Checking uniformity for the cluster '07_09-merge_08-merge_12_14-merge-merge' with 828 cells
[2026-07-24 12:22:23] Calculate GDI dataframe: START
[2026-07-24 12:22:23] Using S
[2026-07-24 12:22:23] Calculating S: START
[2026-07-24 12:22:32] Calculating S: DONE
[2026-07-24 12:22:32] Calculate `GDI`: START
[2026-07-24 12:22:32] Effective number of cores used: 40
[2026-07-24 12:22:32] Effective number of cores used: 40
[2026-07-24 12:22:32] Executing 18 genes batches
[2026-07-24 12:22:40] Total calculations elapsed time: 8.32697248458862
[2026-07-24 12:22:40] Calculate `GDI`: DONE
[2026-07-24 12:22:42] Total calculations elapsed time: 18.9297866821289
[2026-07-24 12:22:42] Calculate GDI dataframe: DONE
[2026-07-24 12:22:42] Clean plots: START
[2026-07-24 12:22:42] Total calculations elapsed time: 0.0234992504119873
[2026-07-24 12:22:42] Clean plots: DONE
[2026-07-24 12:22:42] GDI plot
[2026-07-24 12:22:42] Removed 7 low GDI genes (such as the fully-expressed) in GDI plot
[2026-07-24 12:22:44] Cluster 07_09-merge_08-merge_12_14-merge-merge, with size 828, is not uniform
[2026-07-24 12:22:44] Cluster 07_09-merge_08-merge_12_14-merge-merge's shift to uniformity: 0.0853290182181643
[2026-07-24 12:22:44] class = SimpleGDIUniformityCheck, check.isCheckAbove = FALSE, check.GDIThreshold = 1.4, check.maxRatioBeyond = 0.01, check.maxRankBeyond = 0, check.fractionBeyond = 0.0373831775700935, check.thresholdRank = 0, check.quantileAtRatio = 1.48532901821816, check.quantileAtRank = NaN, isUniform = FALSE, clusterSize = 828
[2026-07-24 12:22:45] Clusters 07_09-merge_08-merge and 12_14-merge cannot be merged
[2026-07-24 12:22:45] *[2026-07-24 12:22:45] 07_09-merge_08-merge_11_13-merge_16-merge-merge
[2026-07-24 12:22:45] Asked to drop 0 genes and 3311 cells
[2026-07-24 12:22:45] COTAN dataset analysis: START
[2026-07-24 12:22:45] Asked to drop 529 genes and 0 cells
[2026-07-24 12:22:45] Genes/cells selection done: dropped [529] genes and [0] cells
[2026-07-24 12:22:45] Working on [17604] genes and [780] cells
[2026-07-24 12:22:46] Dataset cleaning elapsed time: 0.99577784538269
[2026-07-24 12:22:46] Estimate `dispersion`: START
[2026-07-24 12:22:46] Effective number of cores used: 40
[2026-07-24 12:22:46] Executing 18 genes batches
[2026-07-24 12:22:47] Parallel dispersion Newton-Raphson: used up to 6 iterations
[2026-07-24 12:22:47] Parallel dispersion Newton-Raphson: used up to 6 iterations
[2026-07-24 12:22:47] Parallel dispersion Newton-Raphson: used up to 6 iterations
[2026-07-24 12:22:47] Parallel dispersion Newton-Raphson: used up to 6 iterations
[2026-07-24 12:22:47] Parallel dispersion Newton-Raphson: used up to 6 iterations
[2026-07-24 12:22:48] Parallel dispersion Newton-Raphson: used up to 6 iterations
[2026-07-24 12:22:48] Parallel dispersion Newton-Raphson: used up to 7 iterations
[2026-07-24 12:22:48] Parallel dispersion Newton-Raphson: used up to 6 iterations
[2026-07-24 12:22:48] Parallel dispersion Newton-Raphson: used up to 7 iterations
[2026-07-24 12:22:48] Parallel dispersion Newton-Raphson: used up to 5 iterations
[2026-07-24 12:22:49] Parallel dispersion Newton-Raphson: used up to 6 iterations
[2026-07-24 12:22:49] Parallel dispersion Newton-Raphson: used up to 6 iterations
[2026-07-24 12:22:49] Parallel dispersion Newton-Raphson: used up to 6 iterations
[2026-07-24 12:22:49] Parallel dispersion Newton-Raphson: used up to 7 iterations
[2026-07-24 12:22:50] Parallel dispersion Newton-Raphson: used up to 6 iterations
[2026-07-24 12:22:50] Parallel dispersion Newton-Raphson: used up to 6 iterations
[2026-07-24 12:22:50] Parallel dispersion Newton-Raphson: used up to 6 iterations
[2026-07-24 12:22:50] Parallel dispersion Newton-Raphson: used up to 5 iterations
[2026-07-24 12:22:53] Total calculations elapsed time: 7.19005250930786
[2026-07-24 12:22:53] Estimate `dispersion`: DONE
[2026-07-24 12:22:53] Estimate `dispersion`: DONE
[2026-07-24 12:22:53] `dispersion` | min: -0.0970760833520416 | max: 267.679578745285 | % negative: 40.6100886162236
[2026-07-24 12:22:54] Model parameter estimation elapsed time: 8.0032856464386
[2026-07-24 12:22:54] COTAN genes' COEX estimation: START
[2026-07-24 12:22:54] Effective number of cores used: 40
[2026-07-24 12:22:54] Calculate genes COEX (torch) on device cpu: START
[2026-07-24 12:22:54] Retrieving expected genes contingency table
[2026-07-24 12:22:54] Expected genes contingency table elapsed time: 0.310238361358643
[2026-07-24 12:22:54] Calculating genes COEX normalization factor
[2026-07-24 12:22:56] Calculating genes COEX normalization factor elapsed time: 1.64863801002502
[2026-07-24 12:22:56] Retrieving observed genes yes/yes contingency table
[2026-07-24 12:22:56] Observed genes contingency table elapsed time: 0.331084251403809
[2026-07-24 12:23:10] Calculate genes COEX elapsed time: 13.6681151390076
[2026-07-24 12:23:10] Total calculations elapsed time: 15.958075761795
[2026-07-24 12:23:10] Calculate genes COEX (torch) on device cpu: DONE
[2026-07-24 12:23:11] Only genes' COEX elapsed time: 16.8242361545563
[2026-07-24 12:23:11] Dataset analysis elapsed time: 25.8232996463776
[2026-07-24 12:23:11] COTAN dataset analysis: DONE
[2026-07-24 12:23:12] Checking uniformity for the cluster '07_09-merge_08-merge_11_13-merge_16-merge-merge' with 780 cells
[2026-07-24 12:23:12] Calculate GDI dataframe: START
[2026-07-24 12:23:12] Using S
[2026-07-24 12:23:12] Calculating S: START
[2026-07-24 12:23:22] Calculating S: DONE
[2026-07-24 12:23:22] Calculate `GDI`: START
[2026-07-24 12:23:22] Effective number of cores used: 40
[2026-07-24 12:23:22] Effective number of cores used: 40
[2026-07-24 12:23:22] Executing 18 genes batches
[2026-07-24 12:23:30] Total calculations elapsed time: 8.15596866607666
[2026-07-24 12:23:30] Calculate `GDI`: DONE
[2026-07-24 12:23:32] Total calculations elapsed time: 20.1131644248962
[2026-07-24 12:23:32] Calculate GDI dataframe: DONE
[2026-07-24 12:23:32] Clean plots: START
[2026-07-24 12:23:32] Total calculations elapsed time: 0.0233261585235596
[2026-07-24 12:23:32] Clean plots: DONE
[2026-07-24 12:23:32] GDI plot
[2026-07-24 12:23:32] Removed 10 low GDI genes (such as the fully-expressed) in GDI plot
[2026-07-24 12:23:34] Cluster 07_09-merge_08-merge_11_13-merge_16-merge-merge, with size 780, is not uniform
[2026-07-24 12:23:34] Cluster 07_09-merge_08-merge_11_13-merge_16-merge-merge's shift to uniformity: 0.0351279521963628
[2026-07-24 12:23:34] class = SimpleGDIUniformityCheck, check.isCheckAbove = FALSE, check.GDIThreshold = 1.4, check.maxRatioBeyond = 0.01, check.maxRankBeyond = 0, check.fractionBeyond = 0.0205067030220404, check.thresholdRank = 0, check.quantileAtRatio = 1.43512795219636, check.quantileAtRank = NaN, isUniform = FALSE, clusterSize = 780
[2026-07-24 12:23:35] Clusters 07_09-merge_08-merge and 11_13-merge_16-merge cannot be merged
[2026-07-24 12:23:35] *[2026-07-24 12:23:35] 10_11_13-merge_16-merge-merge
[2026-07-24 12:23:35] Asked to drop 0 genes and 3653 cells
[2026-07-24 12:23:35] COTAN dataset analysis: START
[2026-07-24 12:23:35] Asked to drop 684 genes and 0 cells
[2026-07-24 12:23:35] Genes/cells selection done: dropped [684] genes and [0] cells
[2026-07-24 12:23:35] Working on [17449] genes and [438] cells
[2026-07-24 12:23:36] Dataset cleaning elapsed time: 0.971407175064087
[2026-07-24 12:23:36] Estimate `dispersion`: START
[2026-07-24 12:23:36] Effective number of cores used: 40
[2026-07-24 12:23:36] Executing 18 genes batches
[2026-07-24 12:23:36] Parallel dispersion Newton-Raphson: used up to 6 iterations
[2026-07-24 12:23:36] Parallel dispersion Newton-Raphson: used up to 6 iterations
[2026-07-24 12:23:37] Parallel dispersion Newton-Raphson: used up to 6 iterations
[2026-07-24 12:23:37] Parallel dispersion Newton-Raphson: used up to 5 iterations
[2026-07-24 12:23:37] Parallel dispersion Newton-Raphson: used up to 6 iterations
[2026-07-24 12:23:37] Parallel dispersion Newton-Raphson: used up to 6 iterations
[2026-07-24 12:23:37] Parallel dispersion Newton-Raphson: used up to 5 iterations
[2026-07-24 12:23:38] Parallel dispersion Newton-Raphson: used up to 6 iterations
[2026-07-24 12:23:38] Parallel dispersion Newton-Raphson: used up to 6 iterations
[2026-07-24 12:23:38] Parallel dispersion Newton-Raphson: used up to 5 iterations
[2026-07-24 12:23:38] Parallel dispersion Newton-Raphson: used up to 5 iterations
[2026-07-24 12:23:39] Parallel dispersion Newton-Raphson: used up to 6 iterations
[2026-07-24 12:23:39] Parallel dispersion Newton-Raphson: used up to 7 iterations
[2026-07-24 12:23:39] Parallel dispersion Newton-Raphson: used up to 7 iterations
[2026-07-24 12:23:39] Parallel dispersion Newton-Raphson: used up to 6 iterations
[2026-07-24 12:23:40] Parallel dispersion Newton-Raphson: used up to 6 iterations
[2026-07-24 12:23:40] Parallel dispersion Newton-Raphson: used up to 6 iterations
[2026-07-24 12:23:40] Parallel dispersion Newton-Raphson: used up to 5 iterations
[2026-07-24 12:23:43] Total calculations elapsed time: 6.7860701084137
[2026-07-24 12:23:43] Estimate `dispersion`: DONE
[2026-07-24 12:23:43] Estimate `dispersion`: DONE
[2026-07-24 12:23:43] `dispersion` | min: -0.12012065103683 | max: 491.421087914276 | % negative: 46.5642730242421
[2026-07-24 12:23:43] Model parameter estimation elapsed time: 7.57708501815796
[2026-07-24 12:23:43] COTAN genes' COEX estimation: START
[2026-07-24 12:23:43] Effective number of cores used: 40
[2026-07-24 12:23:43] Calculate genes COEX (torch) on device cpu: START
[2026-07-24 12:23:43] Retrieving expected genes contingency table
[2026-07-24 12:23:43] Expected genes contingency table elapsed time: 0.161749124526978
[2026-07-24 12:23:43] Calculating genes COEX normalization factor
[2026-07-24 12:23:45] Calculating genes COEX normalization factor elapsed time: 1.62223768234253
[2026-07-24 12:23:45] Retrieving observed genes yes/yes contingency table
[2026-07-24 12:23:45] Observed genes contingency table elapsed time: 0.234744787216187
[2026-07-24 12:23:59] Calculate genes COEX elapsed time: 13.5093884468079
[2026-07-24 12:23:59] Total calculations elapsed time: 15.5281200408936
[2026-07-24 12:23:59] Calculate genes COEX (torch) on device cpu: DONE
[2026-07-24 12:24:00] Only genes' COEX elapsed time: 16.3227202892303
[2026-07-24 12:24:00] Dataset analysis elapsed time: 24.8712124824524
[2026-07-24 12:24:00] COTAN dataset analysis: DONE
[2026-07-24 12:24:00] Checking uniformity for the cluster '10_11_13-merge_16-merge-merge' with 438 cells
[2026-07-24 12:24:00] Calculate GDI dataframe: START
[2026-07-24 12:24:00] Using S
[2026-07-24 12:24:00] Calculating S: START
[2026-07-24 12:24:10] Calculating S: DONE
[2026-07-24 12:24:10] Calculate `GDI`: START
[2026-07-24 12:24:10] Effective number of cores used: 40
[2026-07-24 12:24:10] Effective number of cores used: 40
[2026-07-24 12:24:10] Executing 18 genes batches
[2026-07-24 12:24:18] Total calculations elapsed time: 8.40313768386841
[2026-07-24 12:24:18] Calculate `GDI`: DONE
[2026-07-24 12:24:19] Total calculations elapsed time: 19.0225479602814
[2026-07-24 12:24:19] Calculate GDI dataframe: DONE
[2026-07-24 12:24:19] Clean plots: START
[2026-07-24 12:24:20] Total calculations elapsed time: 0.023900032043457
[2026-07-24 12:24:20] Clean plots: DONE
[2026-07-24 12:24:20] GDI plot
[2026-07-24 12:24:20] Removed 14 low GDI genes (such as the fully-expressed) in GDI plot
[2026-07-24 12:24:22] Cluster 10_11_13-merge_16-merge-merge, with size 438, is not uniform
[2026-07-24 12:24:22] Cluster 10_11_13-merge_16-merge-merge's shift to uniformity: 0.00705408436250465
[2026-07-24 12:24:22] class = SimpleGDIUniformityCheck, check.isCheckAbove = FALSE, check.GDIThreshold = 1.4, check.maxRatioBeyond = 0.01, check.maxRankBeyond = 0, check.fractionBeyond = 0.0115192847727663, check.thresholdRank = 0, check.quantileAtRatio = 1.4070540843625, check.quantileAtRank = NaN, isUniform = FALSE, clusterSize = 438
[2026-07-24 12:24:22] Clusters 10 and 11_13-merge_16-merge cannot be merged
[2026-07-24 12:24:22] *[2026-07-24 12:24:22] 19_20_25-merge-merge
[2026-07-24 12:24:22] Asked to drop 0 genes and 3675 cells
[2026-07-24 12:24:23] COTAN dataset analysis: START
[2026-07-24 12:24:23] Asked to drop 1106 genes and 0 cells
[2026-07-24 12:24:23] Genes/cells selection done: dropped [1106] genes and [0] cells
[2026-07-24 12:24:23] Working on [17027] genes and [416] cells
[2026-07-24 12:24:23] Dataset cleaning elapsed time: 0.897196769714355
[2026-07-24 12:24:23] Estimate `dispersion`: START
[2026-07-24 12:24:23] Effective number of cores used: 40
[2026-07-24 12:24:23] Executing 17 genes batches
[2026-07-24 12:24:24] Parallel dispersion Newton-Raphson: used up to 7 iterations
[2026-07-24 12:24:24] Parallel dispersion Newton-Raphson: used up to 6 iterations
[2026-07-24 12:24:24] Parallel dispersion Newton-Raphson: used up to 5 iterations
[2026-07-24 12:24:25] Parallel dispersion Newton-Raphson: used up to 5 iterations
[2026-07-24 12:24:25] Parallel dispersion Newton-Raphson: used up to 6 iterations
[2026-07-24 12:24:25] Parallel dispersion Newton-Raphson: used up to 6 iterations
[2026-07-24 12:24:25] Parallel dispersion Newton-Raphson: used up to 6 iterations
[2026-07-24 12:24:25] Parallel dispersion Newton-Raphson: used up to 6 iterations
[2026-07-24 12:24:26] Parallel dispersion Newton-Raphson: used up to 7 iterations
[2026-07-24 12:24:26] Parallel dispersion Newton-Raphson: used up to 6 iterations
[2026-07-24 12:24:26] Parallel dispersion Newton-Raphson: used up to 5 iterations
[2026-07-24 12:24:27] Parallel dispersion Newton-Raphson: used up to 6 iterations
[2026-07-24 12:24:27] Parallel dispersion Newton-Raphson: used up to 7 iterations
[2026-07-24 12:24:27] Parallel dispersion Newton-Raphson: used up to 5 iterations
[2026-07-24 12:24:27] Parallel dispersion Newton-Raphson: used up to 6 iterations
[2026-07-24 12:24:28] Parallel dispersion Newton-Raphson: used up to 6 iterations
[2026-07-24 12:24:28] Parallel dispersion Newton-Raphson: used up to 6 iterations
[2026-07-24 12:24:31] Total calculations elapsed time: 7.27144837379456
[2026-07-24 12:24:31] Estimate `dispersion`: DONE
[2026-07-24 12:24:31] Estimate `dispersion`: DONE
[2026-07-24 12:24:31] `dispersion` | min: -0.166319686065672 | max: 315.284616582419 | % negative: 47.8827744171022
[2026-07-24 12:24:31] Model parameter estimation elapsed time: 8.06133341789246
[2026-07-24 12:24:31] COTAN genes' COEX estimation: START
[2026-07-24 12:24:31] Effective number of cores used: 40
[2026-07-24 12:24:31] Calculate genes COEX (torch) on device cpu: START
[2026-07-24 12:24:31] Retrieving expected genes contingency table
[2026-07-24 12:24:32] Expected genes contingency table elapsed time: 0.159821510314941
[2026-07-24 12:24:32] Calculating genes COEX normalization factor
[2026-07-24 12:24:33] Calculating genes COEX normalization factor elapsed time: 1.57277798652649
[2026-07-24 12:24:33] Retrieving observed genes yes/yes contingency table
[2026-07-24 12:24:33] Observed genes contingency table elapsed time: 0.196862459182739
[2026-07-24 12:24:46] Calculate genes COEX elapsed time: 12.8021206855774
[2026-07-24 12:24:46] Total calculations elapsed time: 14.7315826416016
[2026-07-24 12:24:46] Calculate genes COEX (torch) on device cpu: DONE
[2026-07-24 12:24:47] Only genes' COEX elapsed time: 15.470978975296
[2026-07-24 12:24:47] Dataset analysis elapsed time: 24.4295091629028
[2026-07-24 12:24:47] COTAN dataset analysis: DONE
[2026-07-24 12:24:48] Checking uniformity for the cluster '19_20_25-merge-merge' with 416 cells
[2026-07-24 12:24:48] Calculate GDI dataframe: START
[2026-07-24 12:24:48] Using S
[2026-07-24 12:24:48] Calculating S: START
[2026-07-24 12:24:56] Calculating S: DONE
[2026-07-24 12:24:56] Calculate `GDI`: START
[2026-07-24 12:24:56] Effective number of cores used: 40
[2026-07-24 12:24:56] Effective number of cores used: 40
[2026-07-24 12:24:56] Executing 17 genes batches
[2026-07-24 12:25:04] Total calculations elapsed time: 7.68059492111206
[2026-07-24 12:25:04] Calculate `GDI`: DONE
[2026-07-24 12:25:06] Total calculations elapsed time: 18.16348528862
[2026-07-24 12:25:06] Calculate GDI dataframe: DONE
[2026-07-24 12:25:06] Clean plots: START
[2026-07-24 12:25:06] Total calculations elapsed time: 0.0262644290924072
[2026-07-24 12:25:06] Clean plots: DONE
[2026-07-24 12:25:06] GDI plot
[2026-07-24 12:25:06] Removed 3 low GDI genes (such as the fully-expressed) in GDI plot
[2026-07-24 12:25:08] Cluster 19_20_25-merge-merge, with size 416, is not uniform
[2026-07-24 12:25:08] Cluster 19_20_25-merge-merge's shift to uniformity: 0.0582958384555039
[2026-07-24 12:25:08] class = SimpleGDIUniformityCheck, check.isCheckAbove = FALSE, check.GDIThreshold = 1.4, check.maxRatioBeyond = 0.01, check.maxRankBeyond = 0, check.fractionBeyond = 0.0264873436307042, check.thresholdRank = 0, check.quantileAtRatio = 1.4582958384555, check.quantileAtRank = NaN, isUniform = FALSE, clusterSize = 416
[2026-07-24 12:25:09] Clusters 19 and 20_25-merge cannot be merged
[2026-07-24 12:25:09] *[2026-07-24 12:25:09] 11_13-merge_16-merge_15-merge
[2026-07-24 12:25:09] Asked to drop 0 genes and 3375 cells
[2026-07-24 12:25:09] COTAN dataset analysis: START
[2026-07-24 12:25:09] Asked to drop 719 genes and 0 cells
[2026-07-24 12:25:09] Genes/cells selection done: dropped [719] genes and [0] cells
[2026-07-24 12:25:09] Working on [17414] genes and [716] cells
[2026-07-24 12:25:10] Dataset cleaning elapsed time: 0.939289331436157
[2026-07-24 12:25:10] Estimate `dispersion`: START
[2026-07-24 12:25:10] Effective number of cores used: 40
[2026-07-24 12:25:10] Executing 18 genes batches
[2026-07-24 12:25:11] Parallel dispersion Newton-Raphson: used up to 6 iterations
[2026-07-24 12:25:11] Parallel dispersion Newton-Raphson: used up to 6 iterations
[2026-07-24 12:25:11] Parallel dispersion Newton-Raphson: used up to 5 iterations
[2026-07-24 12:25:12] Parallel dispersion Newton-Raphson: used up to 5 iterations
[2026-07-24 12:25:12] Parallel dispersion Newton-Raphson: used up to 6 iterations
[2026-07-24 12:25:12] Parallel dispersion Newton-Raphson: used up to 6 iterations
[2026-07-24 12:25:12] Parallel dispersion Newton-Raphson: used up to 5 iterations
[2026-07-24 12:25:12] Parallel dispersion Newton-Raphson: used up to 5 iterations
[2026-07-24 12:25:13] Parallel dispersion Newton-Raphson: used up to 6 iterations
[2026-07-24 12:25:13] Parallel dispersion Newton-Raphson: used up to 5 iterations
[2026-07-24 12:25:13] Parallel dispersion Newton-Raphson: used up to 6 iterations
[2026-07-24 12:25:13] Parallel dispersion Newton-Raphson: used up to 6 iterations
[2026-07-24 12:25:13] Parallel dispersion Newton-Raphson: used up to 6 iterations
[2026-07-24 12:25:14] Parallel dispersion Newton-Raphson: used up to 7 iterations
[2026-07-24 12:25:14] Parallel dispersion Newton-Raphson: used up to 6 iterations
[2026-07-24 12:25:14] Parallel dispersion Newton-Raphson: used up to 6 iterations
[2026-07-24 12:25:14] Parallel dispersion Newton-Raphson: used up to 6 iterations
[2026-07-24 12:25:15] Parallel dispersion Newton-Raphson: used up to 5 iterations
[2026-07-24 12:25:17] Total calculations elapsed time: 7.18618702888489
[2026-07-24 12:25:17] Estimate `dispersion`: DONE
[2026-07-24 12:25:17] Estimate `dispersion`: DONE
[2026-07-24 12:25:17] `dispersion` | min: -0.0781635998800326 | max: 392.061608829044 | % negative: 41.6159411967383
[2026-07-24 12:25:18] Model parameter estimation elapsed time: 8.18556714057922
[2026-07-24 12:25:18] COTAN genes' COEX estimation: START
[2026-07-24 12:25:18] Effective number of cores used: 40
[2026-07-24 12:25:18] Calculate genes COEX (torch) on device cpu: START
[2026-07-24 12:25:18] Retrieving expected genes contingency table
[2026-07-24 12:25:19] Expected genes contingency table elapsed time: 0.284498453140259
[2026-07-24 12:25:19] Calculating genes COEX normalization factor
[2026-07-24 12:25:20] Calculating genes COEX normalization factor elapsed time: 1.67858648300171
[2026-07-24 12:25:20] Retrieving observed genes yes/yes contingency table
[2026-07-24 12:25:21] Observed genes contingency table elapsed time: 0.377115726470947
[2026-07-24 12:25:34] Calculate genes COEX elapsed time: 13.4469640254974
[2026-07-24 12:25:34] Total calculations elapsed time: 15.7871646881104
[2026-07-24 12:25:34] Calculate genes COEX (torch) on device cpu: DONE
[2026-07-24 12:25:35] Only genes' COEX elapsed time: 16.52800822258
[2026-07-24 12:25:35] Dataset analysis elapsed time: 25.6528646945953
[2026-07-24 12:25:35] COTAN dataset analysis: DONE
[2026-07-24 12:25:36] Checking uniformity for the cluster '11_13-merge_16-merge_15-merge' with 716 cells
[2026-07-24 12:25:36] Calculate GDI dataframe: START
[2026-07-24 12:25:36] Using S
[2026-07-24 12:25:36] Calculating S: START
[2026-07-24 12:25:45] Calculating S: DONE
[2026-07-24 12:25:45] Calculate `GDI`: START
[2026-07-24 12:25:45] Effective number of cores used: 40
[2026-07-24 12:25:45] Effective number of cores used: 40
[2026-07-24 12:25:45] Executing 18 genes batches
[2026-07-24 12:25:53] Total calculations elapsed time: 8.03083753585815
[2026-07-24 12:25:53] Calculate `GDI`: DONE
[2026-07-24 12:25:54] Total calculations elapsed time: 18.7514441013336
[2026-07-24 12:25:54] Calculate GDI dataframe: DONE
[2026-07-24 12:25:54] Clean plots: START
[2026-07-24 12:25:55] Total calculations elapsed time: 0.022935152053833
[2026-07-24 12:25:55] Clean plots: DONE
[2026-07-24 12:25:55] GDI plot
[2026-07-24 12:25:55] Removed 12 low GDI genes (such as the fully-expressed) in GDI plot
[2026-07-24 12:25:57] Cluster 11_13-merge_16-merge_15-merge, with size 716, is not uniform
[2026-07-24 12:25:57] Cluster 11_13-merge_16-merge_15-merge's shift to uniformity: 0.0671118303380229
[2026-07-24 12:25:57] class = SimpleGDIUniformityCheck, check.isCheckAbove = FALSE, check.GDIThreshold = 1.4, check.maxRatioBeyond = 0.01, check.maxRankBeyond = 0, check.fractionBeyond = 0.0264155277363041, check.thresholdRank = 0, check.quantileAtRatio = 1.46711183033802, check.quantileAtRank = NaN, isUniform = FALSE, clusterSize = 716
[2026-07-24 12:25:57] Clusters 11_13-merge_16-merge and 15 cannot be merged
[2026-07-24 12:25:57] *[2026-07-24 12:25:57] 07_09-merge_08-merge_24-merge
[2026-07-24 12:25:57] Asked to drop 0 genes and 3424 cells
[2026-07-24 12:25:58] COTAN dataset analysis: START
[2026-07-24 12:25:58] Asked to drop 732 genes and 0 cells
[2026-07-24 12:25:58] Genes/cells selection done: dropped [732] genes and [0] cells
[2026-07-24 12:25:58] Working on [17401] genes and [667] cells
[2026-07-24 12:25:58] Dataset cleaning elapsed time: 0.927857875823975
[2026-07-24 12:25:59] Estimate `dispersion`: START
[2026-07-24 12:25:59] Effective number of cores used: 40
[2026-07-24 12:25:59] Executing 17 genes batches
[2026-07-24 12:25:59] Parallel dispersion Newton-Raphson: used up to 6 iterations
[2026-07-24 12:25:59] Parallel dispersion Newton-Raphson: used up to 6 iterations
[2026-07-24 12:25:59] Parallel dispersion Newton-Raphson: used up to 6 iterations
[2026-07-24 12:26:00] Parallel dispersion Newton-Raphson: used up to 6 iterations
[2026-07-24 12:26:00] Parallel dispersion Newton-Raphson: used up to 6 iterations
[2026-07-24 12:26:00] Parallel dispersion Newton-Raphson: used up to 6 iterations
[2026-07-24 12:26:00] Parallel dispersion Newton-Raphson: used up to 7 iterations
[2026-07-24 12:26:01] Parallel dispersion Newton-Raphson: used up to 5 iterations
[2026-07-24 12:26:01] Parallel dispersion Newton-Raphson: used up to 6 iterations
[2026-07-24 12:26:01] Parallel dispersion Newton-Raphson: used up to 6 iterations
[2026-07-24 12:26:02] Parallel dispersion Newton-Raphson: used up to 5 iterations
[2026-07-24 12:26:02] Parallel dispersion Newton-Raphson: used up to 6 iterations
[2026-07-24 12:26:02] Parallel dispersion Newton-Raphson: used up to 7 iterations
[2026-07-24 12:26:02] Parallel dispersion Newton-Raphson: used up to 6 iterations
[2026-07-24 12:26:02] Parallel dispersion Newton-Raphson: used up to 6 iterations
[2026-07-24 12:26:03] Parallel dispersion Newton-Raphson: used up to 6 iterations
[2026-07-24 12:26:03] Parallel dispersion Newton-Raphson: used up to 5 iterations
[2026-07-24 12:26:06] Total calculations elapsed time: 7.31530833244324
[2026-07-24 12:26:06] Estimate `dispersion`: DONE
[2026-07-24 12:26:06] Estimate `dispersion`: DONE
[2026-07-24 12:26:06] `dispersion` | min: -0.105183875753134 | max: 228.278216757596 | % negative: 41.6470317797828
[2026-07-24 12:26:07] Model parameter estimation elapsed time: 8.1143524646759
[2026-07-24 12:26:07] COTAN genes' COEX estimation: START
[2026-07-24 12:26:07] Effective number of cores used: 40
[2026-07-24 12:26:07] Calculate genes COEX (torch) on device cpu: START
[2026-07-24 12:26:07] Retrieving expected genes contingency table
[2026-07-24 12:26:07] Expected genes contingency table elapsed time: 0.262882947921753
[2026-07-24 12:26:07] Calculating genes COEX normalization factor
[2026-07-24 12:26:09] Calculating genes COEX normalization factor elapsed time: 1.65620732307434
[2026-07-24 12:26:09] Retrieving observed genes yes/yes contingency table
[2026-07-24 12:26:09] Observed genes contingency table elapsed time: 0.280636310577393
[2026-07-24 12:26:22] Calculate genes COEX elapsed time: 13.3562951087952
[2026-07-24 12:26:22] Total calculations elapsed time: 15.5560216903687
[2026-07-24 12:26:22] Calculate genes COEX (torch) on device cpu: DONE
[2026-07-24 12:26:23] Only genes' COEX elapsed time: 16.3040704727173
[2026-07-24 12:26:23] Dataset analysis elapsed time: 25.3462808132172
[2026-07-24 12:26:23] COTAN dataset analysis: DONE
[2026-07-24 12:26:24] Checking uniformity for the cluster '07_09-merge_08-merge_24-merge' with 667 cells
[2026-07-24 12:26:24] Calculate GDI dataframe: START
[2026-07-24 12:26:24] Using S
[2026-07-24 12:26:24] Calculating S: START
[2026-07-24 12:26:33] Calculating S: DONE
[2026-07-24 12:26:33] Calculate `GDI`: START
[2026-07-24 12:26:33] Effective number of cores used: 40
[2026-07-24 12:26:33] Effective number of cores used: 40
[2026-07-24 12:26:33] Executing 17 genes batches
[2026-07-24 12:26:40] Total calculations elapsed time: 7.74904847145081
[2026-07-24 12:26:40] Calculate `GDI`: DONE
[2026-07-24 12:26:42] Total calculations elapsed time: 18.6767807006836
[2026-07-24 12:26:42] Calculate GDI dataframe: DONE
[2026-07-24 12:26:42] Clean plots: START
[2026-07-24 12:26:42] Total calculations elapsed time: 0.026137113571167
[2026-07-24 12:26:42] Clean plots: DONE
[2026-07-24 12:26:42] GDI plot
[2026-07-24 12:26:42] Removed 9 low GDI genes (such as the fully-expressed) in GDI plot
[2026-07-24 12:26:45] Cluster 07_09-merge_08-merge_24-merge, with size 667, is not uniform
[2026-07-24 12:26:45] Cluster 07_09-merge_08-merge_24-merge's shift to uniformity: 0.031079215670853
[2026-07-24 12:26:45] class = SimpleGDIUniformityCheck, check.isCheckAbove = FALSE, check.GDIThreshold = 1.4, check.maxRatioBeyond = 0.01, check.maxRankBeyond = 0, check.fractionBeyond = 0.0198264467559336, check.thresholdRank = 0, check.quantileAtRatio = 1.43107921567085, check.quantileAtRank = NaN, isUniform = FALSE, clusterSize = 667
[2026-07-24 12:26:46] Clusters 07_09-merge_08-merge and 24 cannot be merged
[2026-07-24 12:26:46] *[2026-07-24 12:26:46] 20_25-merge_21_22-merge-merge
[2026-07-24 12:26:46] Asked to drop 0 genes and 3686 cells
[2026-07-24 12:26:46] COTAN dataset analysis: START
[2026-07-24 12:26:46] Asked to drop 1271 genes and 0 cells
[2026-07-24 12:26:46] Genes/cells selection done: dropped [1271] genes and [0] cells
[2026-07-24 12:26:46] Working on [16862] genes and [405] cells
[2026-07-24 12:26:47] Dataset cleaning elapsed time: 1.24061512947083
[2026-07-24 12:26:47] Estimate `dispersion`: START
[2026-07-24 12:26:47] Effective number of cores used: 40
[2026-07-24 12:26:47] Executing 17 genes batches
[2026-07-24 12:26:48] Parallel dispersion Newton-Raphson: used up to 7 iterations
[2026-07-24 12:26:48] Parallel dispersion Newton-Raphson: used up to 6 iterations
[2026-07-24 12:26:48] Parallel dispersion Newton-Raphson: used up to 7 iterations
[2026-07-24 12:26:49] Parallel dispersion Newton-Raphson: used up to 5 iterations
[2026-07-24 12:26:49] Parallel dispersion Newton-Raphson: used up to 6 iterations
[2026-07-24 12:26:49] Parallel dispersion Newton-Raphson: used up to 6 iterations
[2026-07-24 12:26:49] Parallel dispersion Newton-Raphson: used up to 6 iterations
[2026-07-24 12:26:50] Parallel dispersion Newton-Raphson: used up to 5 iterations
[2026-07-24 12:26:50] Parallel dispersion Newton-Raphson: used up to 7 iterations
[2026-07-24 12:26:50] Parallel dispersion Newton-Raphson: used up to 6 iterations
[2026-07-24 12:26:50] Parallel dispersion Newton-Raphson: used up to 5 iterations
[2026-07-24 12:26:51] Parallel dispersion Newton-Raphson: used up to 6 iterations
[2026-07-24 12:26:51] Parallel dispersion Newton-Raphson: used up to 7 iterations
[2026-07-24 12:26:51] Parallel dispersion Newton-Raphson: used up to 5 iterations
[2026-07-24 12:26:51] Parallel dispersion Newton-Raphson: used up to 6 iterations
[2026-07-24 12:26:52] Parallel dispersion Newton-Raphson: used up to 7 iterations
[2026-07-24 12:26:52] Parallel dispersion Newton-Raphson: used up to 6 iterations
[2026-07-24 12:26:55] Total calculations elapsed time: 7.51963686943054
[2026-07-24 12:26:55] Estimate `dispersion`: DONE
[2026-07-24 12:26:55] Estimate `dispersion`: DONE
[2026-07-24 12:26:55] `dispersion` | min: -0.118934132244446 | max: 452.362898345538 | % negative: 49.0096074012573
[2026-07-24 12:26:56] Model parameter estimation elapsed time: 8.67024683952332
[2026-07-24 12:26:56] COTAN genes' COEX estimation: START
[2026-07-24 12:26:56] Effective number of cores used: 40
[2026-07-24 12:26:56] Calculate genes COEX (torch) on device cpu: START
[2026-07-24 12:26:56] Retrieving expected genes contingency table
[2026-07-24 12:26:56] Expected genes contingency table elapsed time: 0.182334661483765
[2026-07-24 12:26:56] Calculating genes COEX normalization factor
[2026-07-24 12:26:58] Calculating genes COEX normalization factor elapsed time: 1.98580098152161
[2026-07-24 12:26:58] Retrieving observed genes yes/yes contingency table
[2026-07-24 12:26:58] Observed genes contingency table elapsed time: 0.201195240020752
[2026-07-24 12:27:11] Calculate genes COEX elapsed time: 13.0299673080444
[2026-07-24 12:27:11] Total calculations elapsed time: 15.3992981910706
[2026-07-24 12:27:11] Calculate genes COEX (torch) on device cpu: DONE
[2026-07-24 12:27:13] Only genes' COEX elapsed time: 16.53240442276
[2026-07-24 12:27:13] Dataset analysis elapsed time: 26.4432663917542
[2026-07-24 12:27:13] COTAN dataset analysis: DONE
[2026-07-24 12:27:14] Checking uniformity for the cluster '20_25-merge_21_22-merge-merge' with 405 cells
[2026-07-24 12:27:14] Calculate GDI dataframe: START
[2026-07-24 12:27:14] Using S
[2026-07-24 12:27:14] Calculating S: START
[2026-07-24 12:27:22] Calculating S: DONE
[2026-07-24 12:27:22] Calculate `GDI`: START
[2026-07-24 12:27:22] Effective number of cores used: 40
[2026-07-24 12:27:22] Effective number of cores used: 40
[2026-07-24 12:27:22] Executing 17 genes batches
[2026-07-24 12:27:31] Total calculations elapsed time: 8.71070623397827
[2026-07-24 12:27:31] Calculate `GDI`: DONE
[2026-07-24 12:27:33] Total calculations elapsed time: 19.0602858066559
[2026-07-24 12:27:33] Calculate GDI dataframe: DONE
[2026-07-24 12:27:33] Clean plots: START
[2026-07-24 12:27:33] Total calculations elapsed time: 0.0254039764404297
[2026-07-24 12:27:33] Clean plots: DONE
[2026-07-24 12:27:33] GDI plot
[2026-07-24 12:27:33] Removed 3 low GDI genes (such as the fully-expressed) in GDI plot
[2026-07-24 12:27:35] Cluster 20_25-merge_21_22-merge-merge, with size 405, is not uniform
[2026-07-24 12:27:35] Cluster 20_25-merge_21_22-merge-merge's shift to uniformity: 0.0244826085062988
[2026-07-24 12:27:35] class = SimpleGDIUniformityCheck, check.isCheckAbove = FALSE, check.GDIThreshold = 1.4, check.maxRatioBeyond = 0.01, check.maxRankBeyond = 0, check.fractionBeyond = 0.0163681651049698, check.thresholdRank = 0, check.quantileAtRatio = 1.4244826085063, check.quantileAtRank = NaN, isUniform = FALSE, clusterSize = 405
[2026-07-24 12:27:36] Clusters 20_25-merge and 21_22-merge cannot be merged
[2026-07-24 12:27:36] *[2026-07-24 12:27:36] 11_13-merge_16-merge_18-merge
[2026-07-24 12:27:36] Asked to drop 0 genes and 3661 cells
[2026-07-24 12:27:36] COTAN dataset analysis: START
[2026-07-24 12:27:36] Asked to drop 596 genes and 0 cells
[2026-07-24 12:27:36] Genes/cells selection done: dropped [596] genes and [0] cells
[2026-07-24 12:27:36] Working on [17537] genes and [430] cells
[2026-07-24 12:27:37] Dataset cleaning elapsed time: 0.936956882476807
[2026-07-24 12:27:37] Estimate `dispersion`: START
[2026-07-24 12:27:37] Effective number of cores used: 40
[2026-07-24 12:27:37] Executing 18 genes batches
[2026-07-24 12:27:38] Parallel dispersion Newton-Raphson: used up to 6 iterations
[2026-07-24 12:27:38] Parallel dispersion Newton-Raphson: used up to 7 iterations
[2026-07-24 12:27:38] Parallel dispersion Newton-Raphson: used up to 6 iterations
[2026-07-24 12:27:38] Parallel dispersion Newton-Raphson: used up to 5 iterations
[2026-07-24 12:27:38] Parallel dispersion Newton-Raphson: used up to 6 iterations
[2026-07-24 12:27:39] Parallel dispersion Newton-Raphson: used up to 6 iterations
[2026-07-24 12:27:39] Parallel dispersion Newton-Raphson: used up to 6 iterations
[2026-07-24 12:27:39] Parallel dispersion Newton-Raphson: used up to 5 iterations
[2026-07-24 12:27:39] Parallel dispersion Newton-Raphson: used up to 6 iterations
[2026-07-24 12:27:40] Parallel dispersion Newton-Raphson: used up to 6 iterations
[2026-07-24 12:27:40] Parallel dispersion Newton-Raphson: used up to 6 iterations
[2026-07-24 12:27:40] Parallel dispersion Newton-Raphson: used up to 6 iterations
[2026-07-24 12:27:40] Parallel dispersion Newton-Raphson: used up to 6 iterations
[2026-07-24 12:27:40] Parallel dispersion Newton-Raphson: used up to 7 iterations
[2026-07-24 12:27:41] Parallel dispersion Newton-Raphson: used up to 6 iterations
[2026-07-24 12:27:41] Parallel dispersion Newton-Raphson: used up to 6 iterations
[2026-07-24 12:27:41] Parallel dispersion Newton-Raphson: used up to 6 iterations
[2026-07-24 12:27:41] Parallel dispersion Newton-Raphson: used up to 5 iterations
[2026-07-24 12:27:44] Total calculations elapsed time: 6.8407735824585
[2026-07-24 12:27:44] Estimate `dispersion`: DONE
[2026-07-24 12:27:44] Estimate `dispersion`: DONE
[2026-07-24 12:27:44] `dispersion` | min: -0.143290882445126 | max: 322.655954314239 | % negative: 45.4410674573758
[2026-07-24 12:27:45] Model parameter estimation elapsed time: 7.64376044273376
[2026-07-24 12:27:45] COTAN genes' COEX estimation: START
[2026-07-24 12:27:45] Effective number of cores used: 40
[2026-07-24 12:27:45] Calculate genes COEX (torch) on device cpu: START
[2026-07-24 12:27:45] Retrieving expected genes contingency table
[2026-07-24 12:27:45] Expected genes contingency table elapsed time: 0.170236587524414
[2026-07-24 12:27:45] Calculating genes COEX normalization factor
[2026-07-24 12:27:47] Calculating genes COEX normalization factor elapsed time: 1.60486388206482
[2026-07-24 12:27:47] Retrieving observed genes yes/yes contingency table
[2026-07-24 12:27:47] Observed genes contingency table elapsed time: 0.2109215259552
[2026-07-24 12:28:00] Calculate genes COEX elapsed time: 13.498343706131
[2026-07-24 12:28:00] Total calculations elapsed time: 15.4843657016754
[2026-07-24 12:28:00] Calculate genes COEX (torch) on device cpu: DONE
[2026-07-24 12:28:01] Only genes' COEX elapsed time: 16.2305963039398
[2026-07-24 12:28:01] Dataset analysis elapsed time: 24.8113136291504
[2026-07-24 12:28:01] COTAN dataset analysis: DONE
[2026-07-24 12:28:02] Checking uniformity for the cluster '11_13-merge_16-merge_18-merge' with 430 cells
[2026-07-24 12:28:02] Calculate GDI dataframe: START
[2026-07-24 12:28:02] Using S
[2026-07-24 12:28:02] Calculating S: START
[2026-07-24 12:28:11] Calculating S: DONE
[2026-07-24 12:28:11] Calculate `GDI`: START
[2026-07-24 12:28:11] Effective number of cores used: 40
[2026-07-24 12:28:11] Effective number of cores used: 40
[2026-07-24 12:28:11] Executing 18 genes batches
[2026-07-24 12:28:19] Total calculations elapsed time: 8.25122928619385
[2026-07-24 12:28:19] Calculate `GDI`: DONE
[2026-07-24 12:28:21] Total calculations elapsed time: 18.9812693595886
[2026-07-24 12:28:21] Calculate GDI dataframe: DONE
[2026-07-24 12:28:21] Clean plots: START
[2026-07-24 12:28:21] Total calculations elapsed time: 0.023259162902832
[2026-07-24 12:28:21] Clean plots: DONE
[2026-07-24 12:28:21] GDI plot
[2026-07-24 12:28:21] Removed 16 low GDI genes (such as the fully-expressed) in GDI plot
[2026-07-24 12:28:23] Cluster 11_13-merge_16-merge_18-merge, with size 430, is not uniform
[2026-07-24 12:28:23] Cluster 11_13-merge_16-merge_18-merge's shift to uniformity: 0.0793683857690048
[2026-07-24 12:28:23] class = SimpleGDIUniformityCheck, check.isCheckAbove = FALSE, check.GDIThreshold = 1.4, check.maxRatioBeyond = 0.01, check.maxRankBeyond = 0, check.fractionBeyond = 0.0362661800764099, check.thresholdRank = 0, check.quantileAtRatio = 1.479368385769, check.quantileAtRank = NaN, isUniform = FALSE, clusterSize = 430
[2026-07-24 12:28:24] Clusters 11_13-merge_16-merge and 18 cannot be merged
[2026-07-24 12:28:24] *[2026-07-24 12:28:24] 07_09-merge_08-merge_10-merge
[2026-07-24 12:28:24] Asked to drop 0 genes and 3629 cells
[2026-07-24 12:28:24] COTAN dataset analysis: START
[2026-07-24 12:28:24] Asked to drop 684 genes and 0 cells
[2026-07-24 12:28:24] Genes/cells selection done: dropped [684] genes and [0] cells
[2026-07-24 12:28:24] Working on [17449] genes and [462] cells
[2026-07-24 12:28:25] Dataset cleaning elapsed time: 0.875387191772461
[2026-07-24 12:28:25] Estimate `dispersion`: START
[2026-07-24 12:28:25] Effective number of cores used: 40
[2026-07-24 12:28:25] Executing 18 genes batches
[2026-07-24 12:28:25] Parallel dispersion Newton-Raphson: used up to 6 iterations
[2026-07-24 12:28:25] Parallel dispersion Newton-Raphson: used up to 6 iterations
[2026-07-24 12:28:26] Parallel dispersion Newton-Raphson: used up to 6 iterations
[2026-07-24 12:28:26] Parallel dispersion Newton-Raphson: used up to 5 iterations
[2026-07-24 12:28:26] Parallel dispersion Newton-Raphson: used up to 6 iterations
[2026-07-24 12:28:26] Parallel dispersion Newton-Raphson: used up to 5 iterations
[2026-07-24 12:28:26] Parallel dispersion Newton-Raphson: used up to 7 iterations
[2026-07-24 12:28:27] Parallel dispersion Newton-Raphson: used up to 6 iterations
[2026-07-24 12:28:27] Parallel dispersion Newton-Raphson: used up to 7 iterations
[2026-07-24 12:28:27] Parallel dispersion Newton-Raphson: used up to 5 iterations
[2026-07-24 12:28:27] Parallel dispersion Newton-Raphson: used up to 5 iterations
[2026-07-24 12:28:28] Parallel dispersion Newton-Raphson: used up to 5 iterations
[2026-07-24 12:28:28] Parallel dispersion Newton-Raphson: used up to 6 iterations
[2026-07-24 12:28:28] Parallel dispersion Newton-Raphson: used up to 7 iterations
[2026-07-24 12:28:28] Parallel dispersion Newton-Raphson: used up to 6 iterations
[2026-07-24 12:28:28] Parallel dispersion Newton-Raphson: used up to 5 iterations
[2026-07-24 12:28:29] Parallel dispersion Newton-Raphson: used up to 6 iterations
[2026-07-24 12:28:29] Parallel dispersion Newton-Raphson: used up to 5 iterations
[2026-07-24 12:28:32] Total calculations elapsed time: 7.13014388084412
[2026-07-24 12:28:32] Estimate `dispersion`: DONE
[2026-07-24 12:28:32] Estimate `dispersion`: DONE
[2026-07-24 12:28:32] `dispersion` | min: -0.127037292493516 | max: 272.854990370418 | % negative: 46.9597111582326
[2026-07-24 12:28:33] Model parameter estimation elapsed time: 8.28517651557922
[2026-07-24 12:28:33] COTAN genes' COEX estimation: START
[2026-07-24 12:28:33] Effective number of cores used: 40
[2026-07-24 12:28:33] Calculate genes COEX (torch) on device cpu: START
[2026-07-24 12:28:33] Retrieving expected genes contingency table
[2026-07-24 12:28:33] Expected genes contingency table elapsed time: 0.211089611053467
[2026-07-24 12:28:33] Calculating genes COEX normalization factor
[2026-07-24 12:28:35] Calculating genes COEX normalization factor elapsed time: 1.71535468101501
[2026-07-24 12:28:35] Retrieving observed genes yes/yes contingency table
[2026-07-24 12:28:35] Observed genes contingency table elapsed time: 0.243594169616699
[2026-07-24 12:28:49] Calculate genes COEX elapsed time: 14.1721315383911
[2026-07-24 12:28:49] Total calculations elapsed time: 16.3421700000763
[2026-07-24 12:28:49] Calculate genes COEX (torch) on device cpu: DONE
[2026-07-24 12:28:50] Only genes' COEX elapsed time: 17.1177759170532
[2026-07-24 12:28:50] Dataset analysis elapsed time: 26.2783396244049
[2026-07-24 12:28:50] COTAN dataset analysis: DONE
[2026-07-24 12:28:51] Checking uniformity for the cluster '07_09-merge_08-merge_10-merge' with 462 cells
[2026-07-24 12:28:51] Calculate GDI dataframe: START
[2026-07-24 12:28:51] Using S
[2026-07-24 12:28:51] Calculating S: START
[2026-07-24 12:29:00] Calculating S: DONE
[2026-07-24 12:29:00] Calculate `GDI`: START
[2026-07-24 12:29:00] Effective number of cores used: 40
[2026-07-24 12:29:00] Effective number of cores used: 40
[2026-07-24 12:29:00] Executing 18 genes batches
[2026-07-24 12:29:08] Total calculations elapsed time: 7.12018442153931
[2026-07-24 12:29:08] Calculate `GDI`: DONE
[2026-07-24 12:29:09] Total calculations elapsed time: 18.0974826812744
[2026-07-24 12:29:09] Calculate GDI dataframe: DONE
[2026-07-24 12:29:09] Clean plots: START
[2026-07-24 12:29:09] Total calculations elapsed time: 0.0240538120269775
[2026-07-24 12:29:09] Clean plots: DONE
[2026-07-24 12:29:09] GDI plot
[2026-07-24 12:29:09] Removed 15 low GDI genes (such as the fully-expressed) in GDI plot
[2026-07-24 12:29:11] Cluster 07_09-merge_08-merge_10-merge, with size 462, is not uniform
[2026-07-24 12:29:11] Cluster 07_09-merge_08-merge_10-merge's shift to uniformity: 0.00468424706092962
[2026-07-24 12:29:11] class = SimpleGDIUniformityCheck, check.isCheckAbove = FALSE, check.GDIThreshold = 1.4, check.maxRatioBeyond = 0.01, check.maxRankBeyond = 0, check.fractionBeyond = 0.0109461860278526, check.thresholdRank = 0, check.quantileAtRatio = 1.40468424706093, check.quantileAtRank = NaN, isUniform = FALSE, clusterSize = 462
[2026-07-24 12:29:12] Clusters 07_09-merge_08-merge and 10 cannot be merged
[2026-07-24 12:29:12] *[2026-07-24 12:29:12] -1_01_02-merge-merge
[2026-07-24 12:29:12] Asked to drop 0 genes and 3555 cells
[2026-07-24 12:29:12] COTAN dataset analysis: START
[2026-07-24 12:29:12] Asked to drop 3175 genes and 0 cells
[2026-07-24 12:29:12] Genes/cells selection done: dropped [3175] genes and [0] cells
[2026-07-24 12:29:12] Working on [14958] genes and [536] cells
[2026-07-24 12:29:13] Dataset cleaning elapsed time: 0.941219091415405
[2026-07-24 12:29:13] Estimate `dispersion`: START
[2026-07-24 12:29:13] Effective number of cores used: 40
[2026-07-24 12:29:13] Executing 15 genes batches
[2026-07-24 12:29:14] Parallel dispersion Newton-Raphson: used up to 6 iterations
[2026-07-24 12:29:14] Parallel dispersion Newton-Raphson: used up to 7 iterations
[2026-07-24 12:29:14] Parallel dispersion Newton-Raphson: used up to 6 iterations
[2026-07-24 12:29:14] Parallel dispersion Newton-Raphson: used up to 6 iterations
[2026-07-24 12:29:14] Parallel dispersion Newton-Raphson: used up to 6 iterations
[2026-07-24 12:29:15] Parallel dispersion Newton-Raphson: used up to 6 iterations
[2026-07-24 12:29:15] Parallel dispersion Newton-Raphson: used up to 6 iterations
[2026-07-24 12:29:15] Parallel dispersion Newton-Raphson: used up to 6 iterations
[2026-07-24 12:29:15] Parallel dispersion Newton-Raphson: used up to 6 iterations
[2026-07-24 12:29:16] Parallel dispersion Newton-Raphson: used up to 6 iterations
[2026-07-24 12:29:16] Parallel dispersion Newton-Raphson: used up to 7 iterations
[2026-07-24 12:29:16] Parallel dispersion Newton-Raphson: used up to 7 iterations
[2026-07-24 12:29:16] Parallel dispersion Newton-Raphson: used up to 6 iterations
[2026-07-24 12:29:17] Parallel dispersion Newton-Raphson: used up to 6 iterations
[2026-07-24 12:29:17] Parallel dispersion Newton-Raphson: used up to 7 iterations
[2026-07-24 12:29:20] Total calculations elapsed time: 6.40456485748291
[2026-07-24 12:29:20] Estimate `dispersion`: DONE
[2026-07-24 12:29:20] Estimate `dispersion`: DONE
[2026-07-24 12:29:20] `dispersion` | min: -0.130264405932768 | max: 307.941609256994 | % negative: 48.4423051210055
[2026-07-24 12:29:20] Model parameter estimation elapsed time: 7.29472064971924
[2026-07-24 12:29:20] COTAN genes' COEX estimation: START
[2026-07-24 12:29:20] Effective number of cores used: 40
[2026-07-24 12:29:20] Calculate genes COEX (torch) on device cpu: START
[2026-07-24 12:29:20] Retrieving expected genes contingency table
[2026-07-24 12:29:21] Expected genes contingency table elapsed time: 0.133748531341553
[2026-07-24 12:29:21] Calculating genes COEX normalization factor
[2026-07-24 12:29:22] Calculating genes COEX normalization factor elapsed time: 1.44680142402649
[2026-07-24 12:29:22] Retrieving observed genes yes/yes contingency table
[2026-07-24 12:29:22] Observed genes contingency table elapsed time: 0.205441951751709
[2026-07-24 12:29:32] Calculate genes COEX elapsed time: 10.0532922744751
[2026-07-24 12:29:32] Total calculations elapsed time: 11.8392841815948
[2026-07-24 12:29:32] Calculate genes COEX (torch) on device cpu: DONE
[2026-07-24 12:29:33] Only genes' COEX elapsed time: 12.6123592853546
[2026-07-24 12:29:33] Dataset analysis elapsed time: 20.8482990264893
[2026-07-24 12:29:33] COTAN dataset analysis: DONE
[2026-07-24 12:29:34] Checking uniformity for the cluster '-1_01_02-merge-merge' with 536 cells
[2026-07-24 12:29:34] Calculate GDI dataframe: START
[2026-07-24 12:29:34] Using S
[2026-07-24 12:29:34] Calculating S: START
[2026-07-24 12:29:40] Calculating S: DONE
[2026-07-24 12:29:40] Calculate `GDI`: START
[2026-07-24 12:29:40] Effective number of cores used: 40
[2026-07-24 12:29:40] Effective number of cores used: 40
[2026-07-24 12:29:40] Executing 15 genes batches
[2026-07-24 12:29:48] Total calculations elapsed time: 8.02133297920227
[2026-07-24 12:29:48] Calculate `GDI`: DONE
[2026-07-24 12:29:50] Total calculations elapsed time: 16.071594953537
[2026-07-24 12:29:50] Calculate GDI dataframe: DONE
[2026-07-24 12:29:50] Clean plots: START
[2026-07-24 12:29:50] Total calculations elapsed time: 0.0242524147033691
[2026-07-24 12:29:50] Clean plots: DONE
[2026-07-24 12:29:50] GDI plot
[2026-07-24 12:29:50] Removed 0 low GDI genes (such as the fully-expressed) in GDI plot
[2026-07-24 12:29:52] Cluster -1_01_02-merge-merge, with size 536, is not uniform
[2026-07-24 12:29:52] Cluster -1_01_02-merge-merge's shift to uniformity: 1.22208241271796
[2026-07-24 12:29:52] class = SimpleGDIUniformityCheck, check.isCheckAbove = FALSE, check.GDIThreshold = 1.4, check.maxRatioBeyond = 0.01, check.maxRankBeyond = 0, check.fractionBeyond = 0.297232250300842, check.thresholdRank = 0, check.quantileAtRatio = 2.62208241271796, check.quantileAtRank = NaN, isUniform = FALSE, clusterSize = 536
[2026-07-24 12:29:53] Clusters -1 and 01_02-merge cannot be merged
[2026-07-24 12:29:53] No clusters will be merged
[2026-07-24 12:29:53] None of the remaining tested cluster pairs could be merged
[2026-07-24 12:29:53] Executed all merges for threshold 1.4 out of 55 checks
[2026-07-24 12:29:53] Start merging nearest clusters - the main threshold is: 1.43
[2026-07-24 12:29:53] Start merging nearest clusters: iteration 6
[2026-07-24 12:29:53] Differential Expression Analysis - START
[2026-07-24 12:29:56] *[2026-07-24 12:29:56]  DEA on cluster '-1' with 253 cells
[2026-07-24 12:29:56] *[2026-07-24 12:29:56]  DEA on cluster '01_02-merge' with 283 cells
[2026-07-24 12:29:56] *[2026-07-24 12:29:56]  DEA on cluster '03' with 392 cells
[2026-07-24 12:29:56] *[2026-07-24 12:29:56]  DEA on cluster '04' with 131 cells
[2026-07-24 12:29:56] *[2026-07-24 12:29:56]  DEA on cluster '05' with 194 cells
[2026-07-24 12:29:56] *[2026-07-24 12:29:56]  DEA on cluster '06' with 50 cells
[2026-07-24 12:29:56] *[2026-07-24 12:29:56]  DEA on cluster '07_09-merge_08-merge' with 402 cells
[2026-07-24 12:29:56] *[2026-07-24 12:29:56]  DEA on cluster '10' with 60 cells
[2026-07-24 12:29:56] *[2026-07-24 12:29:56]  DEA on cluster '11_13-merge_16-merge' with 378 cells
[2026-07-24 12:29:57] *[2026-07-24 12:29:57]  DEA on cluster '12_14-merge' with 426 cells
[2026-07-24 12:29:57] *[2026-07-24 12:29:57]  DEA on cluster '15' with 338 cells
[2026-07-24 12:29:57] *[2026-07-24 12:29:57]  DEA on cluster '17' with 64 cells
[2026-07-24 12:29:57] *[2026-07-24 12:29:57]  DEA on cluster '18' with 52 cells
[2026-07-24 12:29:57] *[2026-07-24 12:29:57]  DEA on cluster '19' with 145 cells
[2026-07-24 12:29:57] *[2026-07-24 12:29:57]  DEA on cluster '20_25-merge' with 271 cells
[2026-07-24 12:29:57] *[2026-07-24 12:29:57]  DEA on cluster '21_22-merge' with 134 cells
[2026-07-24 12:29:57] *[2026-07-24 12:29:57]  DEA on cluster '23' with 253 cells
[2026-07-24 12:29:57] *[2026-07-24 12:29:57]  DEA on cluster '24' with 265 cells
[2026-07-24 12:29:57] 
[2026-07-24 12:29:57] Total calculations elapsed time: 4.30165529251099
[2026-07-24 12:29:57] Differential Expression Analysis - DONE
[2026-07-24 12:29:59] Updating check results for the 55 already tested pairs to align to new checker
[2026-07-24 12:29:59] 11 new clusters pairs to be tested for merging:
c("11_13-merge_16-merge", "17") c("11_13-merge_16-merge", "24") c("-1", "03") c("07_09-merge_08-merge", "18") c("10", "12_14-merge") c("05", "06") c("15", "17") c("-1", "05") c("18", "24") c("12_14-merge", "18") c("10", "17")
[2026-07-24 12:29:59] *[2026-07-24 12:29:59] 11_13-merge_16-merge_17-merge
[2026-07-24 12:29:59] Asked to drop 0 genes and 3649 cells
[2026-07-24 12:29:59] COTAN dataset analysis: START
[2026-07-24 12:29:59] Asked to drop 670 genes and 0 cells
[2026-07-24 12:29:59] Genes/cells selection done: dropped [670] genes and [0] cells
[2026-07-24 12:29:59] Working on [17463] genes and [442] cells
[2026-07-24 12:30:00] Dataset cleaning elapsed time: 0.877379655838013
[2026-07-24 12:30:00] Estimate `dispersion`: START
[2026-07-24 12:30:00] Effective number of cores used: 40
[2026-07-24 12:30:00] Executing 18 genes batches
[2026-07-24 12:30:01] Parallel dispersion Newton-Raphson: used up to 6 iterations
[2026-07-24 12:30:01] Parallel dispersion Newton-Raphson: used up to 6 iterations
[2026-07-24 12:30:01] Parallel dispersion Newton-Raphson: used up to 6 iterations
[2026-07-24 12:30:01] Parallel dispersion Newton-Raphson: used up to 5 iterations
[2026-07-24 12:30:01] Parallel dispersion Newton-Raphson: used up to 6 iterations
[2026-07-24 12:30:02] Parallel dispersion Newton-Raphson: used up to 5 iterations
[2026-07-24 12:30:02] Parallel dispersion Newton-Raphson: used up to 6 iterations
[2026-07-24 12:30:02] Parallel dispersion Newton-Raphson: used up to 6 iterations
[2026-07-24 12:30:02] Parallel dispersion Newton-Raphson: used up to 6 iterations
[2026-07-24 12:30:02] Parallel dispersion Newton-Raphson: used up to 5 iterations
[2026-07-24 12:30:03] Parallel dispersion Newton-Raphson: used up to 6 iterations
[2026-07-24 12:30:03] Parallel dispersion Newton-Raphson: used up to 6 iterations
[2026-07-24 12:30:03] Parallel dispersion Newton-Raphson: used up to 7 iterations
[2026-07-24 12:30:03] Parallel dispersion Newton-Raphson: used up to 7 iterations
[2026-07-24 12:30:03] Parallel dispersion Newton-Raphson: used up to 6 iterations
[2026-07-24 12:30:04] Parallel dispersion Newton-Raphson: used up to 6 iterations
[2026-07-24 12:30:04] Parallel dispersion Newton-Raphson: used up to 6 iterations
[2026-07-24 12:30:04] Parallel dispersion Newton-Raphson: used up to 5 iterations
[2026-07-24 12:30:07] Total calculations elapsed time: 6.85087132453918
[2026-07-24 12:30:07] Estimate `dispersion`: DONE
[2026-07-24 12:30:07] Estimate `dispersion`: DONE
[2026-07-24 12:30:07] `dispersion` | min: -0.14229751725634 | max: 492.975405741195 | % negative: 46.2234438527172
[2026-07-24 12:30:08] Model parameter estimation elapsed time: 7.62110543251038
[2026-07-24 12:30:08] COTAN genes' COEX estimation: START
[2026-07-24 12:30:08] Effective number of cores used: 40
[2026-07-24 12:30:08] Calculate genes COEX (torch) on device cpu: START
[2026-07-24 12:30:08] Retrieving expected genes contingency table
[2026-07-24 12:30:08] Expected genes contingency table elapsed time: 0.177918434143066
[2026-07-24 12:30:08] Calculating genes COEX normalization factor
[2026-07-24 12:30:10] Calculating genes COEX normalization factor elapsed time: 1.62690305709839
[2026-07-24 12:30:10] Retrieving observed genes yes/yes contingency table
[2026-07-24 12:30:10] Observed genes contingency table elapsed time: 0.199417114257812
[2026-07-24 12:30:23] Calculate genes COEX elapsed time: 13.6094226837158
[2026-07-24 12:30:23] Total calculations elapsed time: 15.6136612892151
[2026-07-24 12:30:23] Calculate genes COEX (torch) on device cpu: DONE
[2026-07-24 12:30:24] Only genes' COEX elapsed time: 16.3566501140594
[2026-07-24 12:30:24] Dataset analysis elapsed time: 24.8551352024078
[2026-07-24 12:30:24] COTAN dataset analysis: DONE
[2026-07-24 12:30:25] Checking uniformity for the cluster '11_13-merge_16-merge_17-merge' with 442 cells
[2026-07-24 12:30:25] Calculate GDI dataframe: START
[2026-07-24 12:30:25] Using S
[2026-07-24 12:30:25] Calculating S: START
[2026-07-24 12:30:34] Calculating S: DONE
[2026-07-24 12:30:34] Calculate `GDI`: START
[2026-07-24 12:30:34] Effective number of cores used: 40
[2026-07-24 12:30:34] Effective number of cores used: 40
[2026-07-24 12:30:34] Executing 18 genes batches
[2026-07-24 12:30:41] Total calculations elapsed time: 7.17751741409302
[2026-07-24 12:30:41] Calculate `GDI`: DONE
[2026-07-24 12:30:43] Total calculations elapsed time: 17.9633796215057
[2026-07-24 12:30:43] Calculate GDI dataframe: DONE
[2026-07-24 12:30:43] Clean plots: START
[2026-07-24 12:30:43] Total calculations elapsed time: 0.0233039855957031
[2026-07-24 12:30:43] Clean plots: DONE
[2026-07-24 12:30:43] GDI plot
[2026-07-24 12:30:43] Removed 10 low GDI genes (such as the fully-expressed) in GDI plot
[2026-07-24 12:30:45] Cluster 11_13-merge_16-merge_17-merge, with size 442, is not uniform
[2026-07-24 12:30:45] Cluster 11_13-merge_16-merge_17-merge's shift to uniformity: 0.0119624760012809
[2026-07-24 12:30:45] class = SimpleGDIUniformityCheck, check.isCheckAbove = FALSE, check.GDIThreshold = 1.43, check.maxRatioBeyond = 0.01, check.maxRankBeyond = 0, check.fractionBeyond = 0.0123117448319304, check.thresholdRank = 0, check.quantileAtRatio = 1.44196247600128, check.quantileAtRank = NaN, isUniform = FALSE, clusterSize = 442
[2026-07-24 12:30:46] Clusters 11_13-merge_16-merge and 17 cannot be merged
[2026-07-24 12:30:46] *[2026-07-24 12:30:46] 11_13-merge_16-merge_24-merge
[2026-07-24 12:30:46] Asked to drop 0 genes and 3448 cells
[2026-07-24 12:30:46] COTAN dataset analysis: START
[2026-07-24 12:30:46] Asked to drop 697 genes and 0 cells
[2026-07-24 12:30:46] Genes/cells selection done: dropped [697] genes and [0] cells
[2026-07-24 12:30:46] Working on [17436] genes and [643] cells
[2026-07-24 12:30:47] Dataset cleaning elapsed time: 0.914995431900024
[2026-07-24 12:30:47] Estimate `dispersion`: START
[2026-07-24 12:30:47] Effective number of cores used: 40
[2026-07-24 12:30:47] Executing 18 genes batches
[2026-07-24 12:30:47] Parallel dispersion Newton-Raphson: used up to 6 iterations
[2026-07-24 12:30:48] Parallel dispersion Newton-Raphson: used up to 6 iterations
[2026-07-24 12:30:48] Parallel dispersion Newton-Raphson: used up to 6 iterations
[2026-07-24 12:30:48] Parallel dispersion Newton-Raphson: used up to 5 iterations
[2026-07-24 12:30:48] Parallel dispersion Newton-Raphson: used up to 6 iterations
[2026-07-24 12:30:48] Parallel dispersion Newton-Raphson: used up to 6 iterations
[2026-07-24 12:30:49] Parallel dispersion Newton-Raphson: used up to 5 iterations
[2026-07-24 12:30:49] Parallel dispersion Newton-Raphson: used up to 5 iterations
[2026-07-24 12:30:49] Parallel dispersion Newton-Raphson: used up to 7 iterations
[2026-07-24 12:30:49] Parallel dispersion Newton-Raphson: used up to 5 iterations
[2026-07-24 12:30:49] Parallel dispersion Newton-Raphson: used up to 5 iterations
[2026-07-24 12:30:50] Parallel dispersion Newton-Raphson: used up to 6 iterations
[2026-07-24 12:30:50] Parallel dispersion Newton-Raphson: used up to 6 iterations
[2026-07-24 12:30:50] Parallel dispersion Newton-Raphson: used up to 7 iterations
[2026-07-24 12:30:50] Parallel dispersion Newton-Raphson: used up to 6 iterations
[2026-07-24 12:30:51] Parallel dispersion Newton-Raphson: used up to 6 iterations
[2026-07-24 12:30:51] Parallel dispersion Newton-Raphson: used up to 6 iterations
[2026-07-24 12:30:51] Parallel dispersion Newton-Raphson: used up to 5 iterations
[2026-07-24 12:30:54] Total calculations elapsed time: 7.05781364440918
[2026-07-24 12:30:54] Estimate `dispersion`: DONE
[2026-07-24 12:30:54] Estimate `dispersion`: DONE
[2026-07-24 12:30:54] `dispersion` | min: -0.113396685011412 | max: 454.343810874493 | % negative: 41.1676990135352
[2026-07-24 12:30:55] Model parameter estimation elapsed time: 7.85201239585876
[2026-07-24 12:30:55] COTAN genes' COEX estimation: START
[2026-07-24 12:30:55] Effective number of cores used: 40
[2026-07-24 12:30:55] Calculate genes COEX (torch) on device cpu: START
[2026-07-24 12:30:55] Retrieving expected genes contingency table
[2026-07-24 12:30:55] Expected genes contingency table elapsed time: 0.252797365188599
[2026-07-24 12:30:55] Calculating genes COEX normalization factor
[2026-07-24 12:30:57] Calculating genes COEX normalization factor elapsed time: 1.5901825428009
[2026-07-24 12:30:57] Retrieving observed genes yes/yes contingency table
[2026-07-24 12:30:57] Observed genes contingency table elapsed time: 0.306504726409912
[2026-07-24 12:31:11] Calculate genes COEX elapsed time: 13.6315944194794
[2026-07-24 12:31:11] Total calculations elapsed time: 15.7810790538788
[2026-07-24 12:31:11] Calculate genes COEX (torch) on device cpu: DONE
[2026-07-24 12:31:11] Only genes' COEX elapsed time: 16.5219938755035
[2026-07-24 12:31:11] Dataset analysis elapsed time: 25.2890017032623
[2026-07-24 12:31:11] COTAN dataset analysis: DONE
[2026-07-24 12:31:12] Checking uniformity for the cluster '11_13-merge_16-merge_24-merge' with 643 cells
[2026-07-24 12:31:12] Calculate GDI dataframe: START
[2026-07-24 12:31:12] Using S
[2026-07-24 12:31:12] Calculating S: START
[2026-07-24 12:31:21] Calculating S: DONE
[2026-07-24 12:31:21] Calculate `GDI`: START
[2026-07-24 12:31:21] Effective number of cores used: 40
[2026-07-24 12:31:21] Effective number of cores used: 40
[2026-07-24 12:31:21] Executing 18 genes batches
[2026-07-24 12:31:28] Total calculations elapsed time: 7.19438123703003
[2026-07-24 12:31:28] Calculate `GDI`: DONE
[2026-07-24 12:31:30] Total calculations elapsed time: 17.8792667388916
[2026-07-24 12:31:30] Calculate GDI dataframe: DONE
[2026-07-24 12:31:30] Clean plots: START
[2026-07-24 12:31:30] Total calculations elapsed time: 0.0232582092285156
[2026-07-24 12:31:30] Clean plots: DONE
[2026-07-24 12:31:30] GDI plot
[2026-07-24 12:31:30] Removed 11 low GDI genes (such as the fully-expressed) in GDI plot
[2026-07-24 12:31:32] Cluster 11_13-merge_16-merge_24-merge, with size 643, is uniform
[2026-07-24 12:31:32] Cluster 11_13-merge_16-merge_24-merge's shift to uniformity: -8.10649422051668e-05
[2026-07-24 12:31:32] class = SimpleGDIUniformityCheck, check.isCheckAbove = FALSE, check.GDIThreshold = 1.43, check.maxRatioBeyond = 0.01, check.maxRankBeyond = 0, check.fractionBeyond = 0.00997935306262904, check.thresholdRank = 0, check.quantileAtRatio = 1.42991893505779, check.quantileAtRank = NaN, isUniform = TRUE, clusterSize = 643
[2026-07-24 12:31:33] Clusters 11_13-merge_16-merge and 24 can be merged
[2026-07-24 12:31:33] *[2026-07-24 12:31:33] -1_03-merge
[2026-07-24 12:31:33] Asked to drop 0 genes and 3446 cells
[2026-07-24 12:31:33] COTAN dataset analysis: START
[2026-07-24 12:31:33] Asked to drop 2521 genes and 0 cells
[2026-07-24 12:31:33] Genes/cells selection done: dropped [2521] genes and [0] cells
[2026-07-24 12:31:33] Working on [15612] genes and [645] cells
[2026-07-24 12:31:34] Dataset cleaning elapsed time: 0.852643013000488
[2026-07-24 12:31:34] Estimate `dispersion`: START
[2026-07-24 12:31:34] Effective number of cores used: 40
[2026-07-24 12:31:34] Executing 16 genes batches
[2026-07-24 12:31:34] Parallel dispersion Newton-Raphson: used up to 7 iterations
[2026-07-24 12:31:34] Parallel dispersion Newton-Raphson: used up to 7 iterations
[2026-07-24 12:31:34] Parallel dispersion Newton-Raphson: used up to 6 iterations
[2026-07-24 12:31:35] Parallel dispersion Newton-Raphson: used up to 6 iterations
[2026-07-24 12:31:35] Parallel dispersion Newton-Raphson: used up to 6 iterations
[2026-07-24 12:31:35] Parallel dispersion Newton-Raphson: used up to 6 iterations
[2026-07-24 12:31:35] Parallel dispersion Newton-Raphson: used up to 7 iterations
[2026-07-24 12:31:36] Parallel dispersion Newton-Raphson: used up to 6 iterations
[2026-07-24 12:31:36] Parallel dispersion Newton-Raphson: used up to 6 iterations
[2026-07-24 12:31:36] Parallel dispersion Newton-Raphson: used up to 6 iterations
[2026-07-24 12:31:36] Parallel dispersion Newton-Raphson: used up to 7 iterations
[2026-07-24 12:31:36] Parallel dispersion Newton-Raphson: used up to 6 iterations
[2026-07-24 12:31:37] Parallel dispersion Newton-Raphson: used up to 9 iterations
[2026-07-24 12:31:37] Parallel dispersion Newton-Raphson: used up to 7 iterations
[2026-07-24 12:31:37] Parallel dispersion Newton-Raphson: used up to 7 iterations
[2026-07-24 12:31:37] Parallel dispersion Newton-Raphson: used up to 7 iterations
[2026-07-24 12:31:40] Total calculations elapsed time: 6.60393285751343
[2026-07-24 12:31:40] Estimate `dispersion`: DONE
[2026-07-24 12:31:40] Estimate `dispersion`: DONE
[2026-07-24 12:31:40] `dispersion` | min: -0.149215569761868 | max: 377.938437919642 | % negative: 46.7268767614655
[2026-07-24 12:31:41] Model parameter estimation elapsed time: 7.75415062904358
[2026-07-24 12:31:41] COTAN genes' COEX estimation: START
[2026-07-24 12:31:41] Effective number of cores used: 40
[2026-07-24 12:31:41] Calculate genes COEX (torch) on device cpu: START
[2026-07-24 12:31:41] Retrieving expected genes contingency table
[2026-07-24 12:31:42] Expected genes contingency table elapsed time: 0.208743572235107
[2026-07-24 12:31:42] Calculating genes COEX normalization factor
[2026-07-24 12:31:43] Calculating genes COEX normalization factor elapsed time: 1.71661305427551
[2026-07-24 12:31:43] Retrieving observed genes yes/yes contingency table
[2026-07-24 12:31:44] Observed genes contingency table elapsed time: 0.278790950775146
[2026-07-24 12:31:54] Calculate genes COEX elapsed time: 10.8843550682068
[2026-07-24 12:31:54] Total calculations elapsed time: 13.0885026454926
[2026-07-24 12:31:54] Calculate genes COEX (torch) on device cpu: DONE
[2026-07-24 12:31:55] Only genes' COEX elapsed time: 13.8307063579559
[2026-07-24 12:31:55] Dataset analysis elapsed time: 22.4375
[2026-07-24 12:31:55] COTAN dataset analysis: DONE
[2026-07-24 12:31:56] Checking uniformity for the cluster '-1_03-merge' with 645 cells
[2026-07-24 12:31:56] Calculate GDI dataframe: START
[2026-07-24 12:31:56] Using S
[2026-07-24 12:31:56] Calculating S: START
[2026-07-24 12:32:03] Calculating S: DONE
[2026-07-24 12:32:03] Calculate `GDI`: START
[2026-07-24 12:32:03] Effective number of cores used: 40
[2026-07-24 12:32:03] Effective number of cores used: 40
[2026-07-24 12:32:03] Executing 16 genes batches
[2026-07-24 12:32:12] Total calculations elapsed time: 9.12998199462891
[2026-07-24 12:32:12] Calculate `GDI`: DONE
[2026-07-24 12:32:14] Total calculations elapsed time: 17.6807281970978
[2026-07-24 12:32:14] Calculate GDI dataframe: DONE
[2026-07-24 12:32:14] Clean plots: START
[2026-07-24 12:32:14] Total calculations elapsed time: 0.023848295211792
[2026-07-24 12:32:14] Clean plots: DONE
[2026-07-24 12:32:14] GDI plot
[2026-07-24 12:32:14] Removed 0 low GDI genes (such as the fully-expressed) in GDI plot
[2026-07-24 12:32:16] Cluster -1_03-merge, with size 645, is not uniform
[2026-07-24 12:32:16] Cluster -1_03-merge's shift to uniformity: 1.05281901041767
[2026-07-24 12:32:16] class = SimpleGDIUniformityCheck, check.isCheckAbove = FALSE, check.GDIThreshold = 1.43, check.maxRatioBeyond = 0.01, check.maxRankBeyond = 0, check.fractionBeyond = 0.243466564181399, check.thresholdRank = 0, check.quantileAtRatio = 2.48281901041767, check.quantileAtRank = NaN, isUniform = FALSE, clusterSize = 645
[2026-07-24 12:32:16] Clusters -1 and 03 cannot be merged
[2026-07-24 12:32:16] *[2026-07-24 12:32:16] 07_09-merge_08-merge_18-merge
[2026-07-24 12:32:16] Asked to drop 0 genes and 3637 cells
[2026-07-24 12:32:16] COTAN dataset analysis: START
[2026-07-24 12:32:16] Asked to drop 571 genes and 0 cells
[2026-07-24 12:32:16] Genes/cells selection done: dropped [571] genes and [0] cells
[2026-07-24 12:32:16] Working on [17562] genes and [454] cells
[2026-07-24 12:32:17] Dataset cleaning elapsed time: 0.854295492172241
[2026-07-24 12:32:17] Estimate `dispersion`: START
[2026-07-24 12:32:17] Effective number of cores used: 40
[2026-07-24 12:32:17] Executing 18 genes batches
[2026-07-24 12:32:18] Parallel dispersion Newton-Raphson: used up to 6 iterations
[2026-07-24 12:32:18] Parallel dispersion Newton-Raphson: used up to 7 iterations
[2026-07-24 12:32:18] Parallel dispersion Newton-Raphson: used up to 6 iterations
[2026-07-24 12:32:18] Parallel dispersion Newton-Raphson: used up to 6 iterations
[2026-07-24 12:32:18] Parallel dispersion Newton-Raphson: used up to 6 iterations
[2026-07-24 12:32:19] Parallel dispersion Newton-Raphson: used up to 6 iterations
[2026-07-24 12:32:19] Parallel dispersion Newton-Raphson: used up to 6 iterations
[2026-07-24 12:32:19] Parallel dispersion Newton-Raphson: used up to 6 iterations
[2026-07-24 12:32:19] Parallel dispersion Newton-Raphson: used up to 7 iterations
[2026-07-24 12:32:19] Parallel dispersion Newton-Raphson: used up to 5 iterations
[2026-07-24 12:32:20] Parallel dispersion Newton-Raphson: used up to 5 iterations
[2026-07-24 12:32:20] Parallel dispersion Newton-Raphson: used up to 6 iterations
[2026-07-24 12:32:20] Parallel dispersion Newton-Raphson: used up to 6 iterations
[2026-07-24 12:32:20] Parallel dispersion Newton-Raphson: used up to 7 iterations
[2026-07-24 12:32:21] Parallel dispersion Newton-Raphson: used up to 6 iterations
[2026-07-24 12:32:21] Parallel dispersion Newton-Raphson: used up to 6 iterations
[2026-07-24 12:32:21] Parallel dispersion Newton-Raphson: used up to 6 iterations
[2026-07-24 12:32:21] Parallel dispersion Newton-Raphson: used up to 5 iterations
[2026-07-24 12:32:24] Total calculations elapsed time: 6.52819538116455
[2026-07-24 12:32:24] Estimate `dispersion`: DONE
[2026-07-24 12:32:24] Estimate `dispersion`: DONE
[2026-07-24 12:32:24] `dispersion` | min: -0.119435540708603 | max: 342.709382938052 | % negative: 45.5472041908666
[2026-07-24 12:32:24] Model parameter estimation elapsed time: 7.26475739479065
[2026-07-24 12:32:24] COTAN genes' COEX estimation: START
[2026-07-24 12:32:24] Effective number of cores used: 40
[2026-07-24 12:32:24] Calculate genes COEX (torch) on device cpu: START
[2026-07-24 12:32:24] Retrieving expected genes contingency table
[2026-07-24 12:32:25] Expected genes contingency table elapsed time: 0.202945232391357
[2026-07-24 12:32:25] Calculating genes COEX normalization factor
[2026-07-24 12:32:26] Calculating genes COEX normalization factor elapsed time: 1.63779807090759
[2026-07-24 12:32:26] Retrieving observed genes yes/yes contingency table
[2026-07-24 12:32:27] Observed genes contingency table elapsed time: 0.247833013534546
[2026-07-24 12:32:40] Calculate genes COEX elapsed time: 13.8863191604614
[2026-07-24 12:32:40] Total calculations elapsed time: 15.9748954772949
[2026-07-24 12:32:40] Calculate genes COEX (torch) on device cpu: DONE
[2026-07-24 12:32:41] Only genes' COEX elapsed time: 16.771418094635
[2026-07-24 12:32:41] Dataset analysis elapsed time: 24.8904709815979
[2026-07-24 12:32:41] COTAN dataset analysis: DONE
[2026-07-24 12:32:42] Checking uniformity for the cluster '07_09-merge_08-merge_18-merge' with 454 cells
[2026-07-24 12:32:42] Calculate GDI dataframe: START
[2026-07-24 12:32:42] Using S
[2026-07-24 12:32:42] Calculating S: START
[2026-07-24 12:32:51] Calculating S: DONE
[2026-07-24 12:32:51] Calculate `GDI`: START
[2026-07-24 12:32:51] Effective number of cores used: 40
[2026-07-24 12:32:51] Effective number of cores used: 40
[2026-07-24 12:32:51] Executing 18 genes batches
[2026-07-24 12:32:59] Total calculations elapsed time: 7.19390153884888
[2026-07-24 12:32:59] Calculate `GDI`: DONE
[2026-07-24 12:33:00] Total calculations elapsed time: 18.2383639812469
[2026-07-24 12:33:00] Calculate GDI dataframe: DONE
[2026-07-24 12:33:00] Clean plots: START
[2026-07-24 12:33:00] Total calculations elapsed time: 0.0260305404663086
[2026-07-24 12:33:00] Clean plots: DONE
[2026-07-24 12:33:00] GDI plot
[2026-07-24 12:33:00] Removed 14 low GDI genes (such as the fully-expressed) in GDI plot
[2026-07-24 12:33:02] Cluster 07_09-merge_08-merge_18-merge, with size 454, is not uniform
[2026-07-24 12:33:02] Cluster 07_09-merge_08-merge_18-merge's shift to uniformity: 0.0776199719198496
[2026-07-24 12:33:02] class = SimpleGDIUniformityCheck, check.isCheckAbove = FALSE, check.GDIThreshold = 1.43, check.maxRatioBeyond = 0.01, check.maxRankBeyond = 0, check.fractionBeyond = 0.0288691492996242, check.thresholdRank = 0, check.quantileAtRatio = 1.50761997191985, check.quantileAtRank = NaN, isUniform = FALSE, clusterSize = 454
[2026-07-24 12:33:03] Clusters 07_09-merge_08-merge and 18 cannot be merged
[2026-07-24 12:33:03] *[2026-07-24 12:33:03] 10_12_14-merge-merge
[2026-07-24 12:33:03] Asked to drop 0 genes and 3605 cells
[2026-07-24 12:33:03] COTAN dataset analysis: START
[2026-07-24 12:33:03] Asked to drop 977 genes and 0 cells
[2026-07-24 12:33:03] Genes/cells selection done: dropped [977] genes and [0] cells
[2026-07-24 12:33:03] Working on [17156] genes and [486] cells
[2026-07-24 12:33:04] Dataset cleaning elapsed time: 0.900249481201172
[2026-07-24 12:33:04] Estimate `dispersion`: START
[2026-07-24 12:33:04] Effective number of cores used: 40
[2026-07-24 12:33:04] Executing 17 genes batches
[2026-07-24 12:33:05] Parallel dispersion Newton-Raphson: used up to 6 iterations
[2026-07-24 12:33:05] Parallel dispersion Newton-Raphson: used up to 6 iterations
[2026-07-24 12:33:05] Parallel dispersion Newton-Raphson: used up to 5 iterations
[2026-07-24 12:33:05] Parallel dispersion Newton-Raphson: used up to 6 iterations
[2026-07-24 12:33:05] Parallel dispersion Newton-Raphson: used up to 6 iterations
[2026-07-24 12:33:06] Parallel dispersion Newton-Raphson: used up to 5 iterations
[2026-07-24 12:33:06] Parallel dispersion Newton-Raphson: used up to 6 iterations
[2026-07-24 12:33:06] Parallel dispersion Newton-Raphson: used up to 6 iterations
[2026-07-24 12:33:06] Parallel dispersion Newton-Raphson: used up to 6 iterations
[2026-07-24 12:33:06] Parallel dispersion Newton-Raphson: used up to 5 iterations
[2026-07-24 12:33:07] Parallel dispersion Newton-Raphson: used up to 5 iterations
[2026-07-24 12:33:07] Parallel dispersion Newton-Raphson: used up to 6 iterations
[2026-07-24 12:33:07] Parallel dispersion Newton-Raphson: used up to 7 iterations
[2026-07-24 12:33:07] Parallel dispersion Newton-Raphson: used up to 6 iterations
[2026-07-24 12:33:08] Parallel dispersion Newton-Raphson: used up to 6 iterations
[2026-07-24 12:33:08] Parallel dispersion Newton-Raphson: used up to 6 iterations
[2026-07-24 12:33:08] Parallel dispersion Newton-Raphson: used up to 6 iterations
[2026-07-24 12:33:10] Total calculations elapsed time: 6.38154888153076
[2026-07-24 12:33:10] Estimate `dispersion`: DONE
[2026-07-24 12:33:10] Estimate `dispersion`: DONE
[2026-07-24 12:33:10] `dispersion` | min: -0.24095408700227 | max: 291.367907121287 | % negative: 48.8633714152483
[2026-07-24 12:33:11] Model parameter estimation elapsed time: 7.17167854309082
[2026-07-24 12:33:11] COTAN genes' COEX estimation: START
[2026-07-24 12:33:11] Effective number of cores used: 40
[2026-07-24 12:33:11] Calculate genes COEX (torch) on device cpu: START
[2026-07-24 12:33:11] Retrieving expected genes contingency table
[2026-07-24 12:33:11] Expected genes contingency table elapsed time: 0.219123840332031
[2026-07-24 12:33:11] Calculating genes COEX normalization factor
[2026-07-24 12:33:13] Calculating genes COEX normalization factor elapsed time: 1.629239320755
[2026-07-24 12:33:13] Retrieving observed genes yes/yes contingency table
[2026-07-24 12:33:13] Observed genes contingency table elapsed time: 0.253790140151978
[2026-07-24 12:33:27] Calculate genes COEX elapsed time: 13.2894198894501
[2026-07-24 12:33:27] Total calculations elapsed time: 15.3915731906891
[2026-07-24 12:33:27] Calculate genes COEX (torch) on device cpu: DONE
[2026-07-24 12:33:27] Only genes' COEX elapsed time: 16.127254486084
[2026-07-24 12:33:27] Dataset analysis elapsed time: 24.199182510376
[2026-07-24 12:33:27] COTAN dataset analysis: DONE
[2026-07-24 12:33:28] Checking uniformity for the cluster '10_12_14-merge-merge' with 486 cells
[2026-07-24 12:33:28] Calculate GDI dataframe: START
[2026-07-24 12:33:28] Using S
[2026-07-24 12:33:28] Calculating S: START
[2026-07-24 12:33:37] Calculating S: DONE
[2026-07-24 12:33:37] Calculate `GDI`: START
[2026-07-24 12:33:37] Effective number of cores used: 40
[2026-07-24 12:33:37] Effective number of cores used: 40
[2026-07-24 12:33:37] Executing 17 genes batches
[2026-07-24 12:33:44] Total calculations elapsed time: 6.75793290138245
[2026-07-24 12:33:44] Calculate `GDI`: DONE
[2026-07-24 12:33:45] Total calculations elapsed time: 17.0845775604248
[2026-07-24 12:33:45] Calculate GDI dataframe: DONE
[2026-07-24 12:33:45] Clean plots: START
[2026-07-24 12:33:45] Total calculations elapsed time: 0.0233068466186523
[2026-07-24 12:33:45] Clean plots: DONE
[2026-07-24 12:33:45] GDI plot
[2026-07-24 12:33:45] Removed 8 low GDI genes (such as the fully-expressed) in GDI plot
[2026-07-24 12:33:47] Cluster 10_12_14-merge-merge, with size 486, is not uniform
[2026-07-24 12:33:47] Cluster 10_12_14-merge-merge's shift to uniformity: 0.0390600018159979
[2026-07-24 12:33:47] class = SimpleGDIUniformityCheck, check.isCheckAbove = FALSE, check.GDIThreshold = 1.43, check.maxRatioBeyond = 0.01, check.maxRankBeyond = 0, check.fractionBeyond = 0.0194684075542084, check.thresholdRank = 0, check.quantileAtRatio = 1.469060001816, check.quantileAtRank = NaN, isUniform = FALSE, clusterSize = 486
[2026-07-24 12:33:48] Clusters 10 and 12_14-merge cannot be merged
[2026-07-24 12:33:48] *[2026-07-24 12:33:48] 05_06-merge
[2026-07-24 12:33:48] Asked to drop 0 genes and 3847 cells
[2026-07-24 12:33:48] COTAN dataset analysis: START
[2026-07-24 12:33:48] Asked to drop 5445 genes and 0 cells
[2026-07-24 12:33:48] Genes/cells selection done: dropped [5445] genes and [0] cells
[2026-07-24 12:33:48] Working on [12688] genes and [244] cells
[2026-07-24 12:33:49] Dataset cleaning elapsed time: 0.862036228179932
[2026-07-24 12:33:49] Estimate `dispersion`: START
[2026-07-24 12:33:49] Effective number of cores used: 40
[2026-07-24 12:33:49] Executing 13 genes batches
[2026-07-24 12:33:49] Parallel dispersion Newton-Raphson: used up to 7 iterations
[2026-07-24 12:33:50] Parallel dispersion Newton-Raphson: used up to 7 iterations
[2026-07-24 12:33:50] Parallel dispersion Newton-Raphson: used up to 6 iterations
[2026-07-24 12:33:50] Parallel dispersion Newton-Raphson: used up to 7 iterations
[2026-07-24 12:33:50] Parallel dispersion Newton-Raphson: used up to 6 iterations
[2026-07-24 12:33:50] Parallel dispersion Newton-Raphson: used up to 7 iterations
[2026-07-24 12:33:51] Parallel dispersion Newton-Raphson: used up to 7 iterations
[2026-07-24 12:33:51] Parallel dispersion Newton-Raphson: used up to 6 iterations
[2026-07-24 12:33:51] Parallel dispersion Newton-Raphson: used up to 6 iterations
[2026-07-24 12:33:51] Parallel dispersion Newton-Raphson: used up to 7 iterations
[2026-07-24 12:33:51] Parallel dispersion Newton-Raphson: used up to 7 iterations
[2026-07-24 12:33:52] Parallel dispersion Newton-Raphson: used up to 9 iterations
[2026-07-24 12:33:52] Parallel dispersion Newton-Raphson: used up to 7 iterations
[2026-07-24 12:33:55] Total calculations elapsed time: 5.83152556419373
[2026-07-24 12:33:55] Estimate `dispersion`: DONE
[2026-07-24 12:33:55] Estimate `dispersion`: DONE
[2026-07-24 12:33:55] `dispersion` | min: -0.417128661501816 | max: 252.402826926683 | % negative: 61.6172761664565
[2026-07-24 12:33:56] Model parameter estimation elapsed time: 6.58879590034485
[2026-07-24 12:33:56] COTAN genes' COEX estimation: START
[2026-07-24 12:33:56] Effective number of cores used: 40
[2026-07-24 12:33:56] Calculate genes COEX (torch) on device cpu: START
[2026-07-24 12:33:56] Retrieving expected genes contingency table
[2026-07-24 12:33:56] Expected genes contingency table elapsed time: 0.0860075950622559
[2026-07-24 12:33:56] Calculating genes COEX normalization factor
[2026-07-24 12:33:57] Calculating genes COEX normalization factor elapsed time: 1.19961357116699
[2026-07-24 12:33:57] Retrieving observed genes yes/yes contingency table
[2026-07-24 12:33:57] Observed genes contingency table elapsed time: 0.0788955688476562
[2026-07-24 12:34:04] Calculate genes COEX elapsed time: 7.28645944595337
[2026-07-24 12:34:04] Total calculations elapsed time: 8.65097618103027
[2026-07-24 12:34:04] Calculate genes COEX (torch) on device cpu: DONE
[2026-07-24 12:34:05] Only genes' COEX elapsed time: 9.44356369972229
[2026-07-24 12:34:05] Dataset analysis elapsed time: 16.8943958282471
[2026-07-24 12:34:05] COTAN dataset analysis: DONE
[2026-07-24 12:34:06] Checking uniformity for the cluster '05_06-merge' with 244 cells
[2026-07-24 12:34:06] Calculate GDI dataframe: START
[2026-07-24 12:34:06] Using S
[2026-07-24 12:34:06] Calculating S: START
[2026-07-24 12:34:10] Calculating S: DONE
[2026-07-24 12:34:10] Calculate `GDI`: START
[2026-07-24 12:34:10] Effective number of cores used: 40
[2026-07-24 12:34:10] Effective number of cores used: 40
[2026-07-24 12:34:10] Executing 13 genes batches
[2026-07-24 12:34:16] Total calculations elapsed time: 5.24092793464661
[2026-07-24 12:34:16] Calculate `GDI`: DONE
[2026-07-24 12:34:17] Total calculations elapsed time: 11.3000621795654
[2026-07-24 12:34:17] Calculate GDI dataframe: DONE
[2026-07-24 12:34:17] Clean plots: START
[2026-07-24 12:34:17] Total calculations elapsed time: 0.0233907699584961
[2026-07-24 12:34:17] Clean plots: DONE
[2026-07-24 12:34:17] GDI plot
[2026-07-24 12:34:17] Removed 0 low GDI genes (such as the fully-expressed) in GDI plot
[2026-07-24 12:34:19] Cluster 05_06-merge, with size 244, is not uniform
[2026-07-24 12:34:19] Cluster 05_06-merge's shift to uniformity: 1.3499679205196
[2026-07-24 12:34:19] class = SimpleGDIUniformityCheck, check.isCheckAbove = FALSE, check.GDIThreshold = 1.43, check.maxRatioBeyond = 0.01, check.maxRankBeyond = 0, check.fractionBeyond = 0.331179066834805, check.thresholdRank = 0, check.quantileAtRatio = 2.7799679205196, check.quantileAtRank = NaN, isUniform = FALSE, clusterSize = 244
[2026-07-24 12:34:20] Clusters 05 and 06 cannot be merged
[2026-07-24 12:34:20] *[2026-07-24 12:34:20] 15_17-merge
[2026-07-24 12:34:20] Asked to drop 0 genes and 3689 cells
[2026-07-24 12:34:20] COTAN dataset analysis: START
[2026-07-24 12:34:20] Asked to drop 1038 genes and 0 cells
[2026-07-24 12:34:20] Genes/cells selection done: dropped [1038] genes and [0] cells
[2026-07-24 12:34:20] Working on [17095] genes and [402] cells
[2026-07-24 12:34:21] Dataset cleaning elapsed time: 0.908527135848999
[2026-07-24 12:34:21] Estimate `dispersion`: START
[2026-07-24 12:34:21] Effective number of cores used: 40
[2026-07-24 12:34:21] Executing 17 genes batches
[2026-07-24 12:34:21] Parallel dispersion Newton-Raphson: used up to 5 iterations
[2026-07-24 12:34:21] Parallel dispersion Newton-Raphson: used up to 6 iterations
[2026-07-24 12:34:22] Parallel dispersion Newton-Raphson: used up to 6 iterations
[2026-07-24 12:34:22] Parallel dispersion Newton-Raphson: used up to 5 iterations
[2026-07-24 12:34:22] Parallel dispersion Newton-Raphson: used up to 6 iterations
[2026-07-24 12:34:22] Parallel dispersion Newton-Raphson: used up to 6 iterations
[2026-07-24 12:34:22] Parallel dispersion Newton-Raphson: used up to 6 iterations
[2026-07-24 12:34:23] Parallel dispersion Newton-Raphson: used up to 6 iterations
[2026-07-24 12:34:23] Parallel dispersion Newton-Raphson: used up to 6 iterations
[2026-07-24 12:34:23] Parallel dispersion Newton-Raphson: used up to 5 iterations
[2026-07-24 12:34:23] Parallel dispersion Newton-Raphson: used up to 5 iterations
[2026-07-24 12:34:23] Parallel dispersion Newton-Raphson: used up to 6 iterations
[2026-07-24 12:34:24] Parallel dispersion Newton-Raphson: used up to 7 iterations
[2026-07-24 12:34:24] Parallel dispersion Newton-Raphson: used up to 6 iterations
[2026-07-24 12:34:24] Parallel dispersion Newton-Raphson: used up to 6 iterations
[2026-07-24 12:34:24] Parallel dispersion Newton-Raphson: used up to 5 iterations
[2026-07-24 12:34:25] Parallel dispersion Newton-Raphson: used up to 5 iterations
[2026-07-24 12:34:27] Total calculations elapsed time: 6.23160910606384
[2026-07-24 12:34:27] Estimate `dispersion`: DONE
[2026-07-24 12:34:27] Estimate `dispersion`: DONE
[2026-07-24 12:34:27] `dispersion` | min: -0.232569341666255 | max: 137.619487437169 | % negative: 48.6165545481135
[2026-07-24 12:34:28] Model parameter estimation elapsed time: 7.05283260345459
[2026-07-24 12:34:28] COTAN genes' COEX estimation: START
[2026-07-24 12:34:28] Effective number of cores used: 40
[2026-07-24 12:34:28] Calculate genes COEX (torch) on device cpu: START
[2026-07-24 12:34:28] Retrieving expected genes contingency table
[2026-07-24 12:34:28] Expected genes contingency table elapsed time: 0.15720534324646
[2026-07-24 12:34:28] Calculating genes COEX normalization factor
[2026-07-24 12:34:30] Calculating genes COEX normalization factor elapsed time: 1.61394023895264
[2026-07-24 12:34:30] Retrieving observed genes yes/yes contingency table
[2026-07-24 12:34:30] Observed genes contingency table elapsed time: 0.231292486190796
[2026-07-24 12:34:43] Calculate genes COEX elapsed time: 13.323842048645
[2026-07-24 12:34:43] Total calculations elapsed time: 15.3262801170349
[2026-07-24 12:34:43] Calculate genes COEX (torch) on device cpu: DONE
[2026-07-24 12:34:44] Only genes' COEX elapsed time: 16.1199185848236
[2026-07-24 12:34:44] Dataset analysis elapsed time: 24.0812783241272
[2026-07-24 12:34:44] COTAN dataset analysis: DONE
[2026-07-24 12:34:45] Checking uniformity for the cluster '15_17-merge' with 402 cells
[2026-07-24 12:34:45] Calculate GDI dataframe: START
[2026-07-24 12:34:45] Using S
[2026-07-24 12:34:45] Calculating S: START
[2026-07-24 12:34:53] Calculating S: DONE
[2026-07-24 12:34:53] Calculate `GDI`: START
[2026-07-24 12:34:53] Effective number of cores used: 40
[2026-07-24 12:34:53] Effective number of cores used: 40
[2026-07-24 12:34:53] Executing 17 genes batches
[2026-07-24 12:35:01] Total calculations elapsed time: 7.39275646209717
[2026-07-24 12:35:01] Calculate `GDI`: DONE
[2026-07-24 12:35:03] Total calculations elapsed time: 18.3459241390228
[2026-07-24 12:35:03] Calculate GDI dataframe: DONE
[2026-07-24 12:35:03] Clean plots: START
[2026-07-24 12:35:03] Total calculations elapsed time: 0.0234565734863281
[2026-07-24 12:35:03] Clean plots: DONE
[2026-07-24 12:35:03] GDI plot
[2026-07-24 12:35:03] Removed 12 low GDI genes (such as the fully-expressed) in GDI plot
[2026-07-24 12:35:05] Cluster 15_17-merge, with size 402, is not uniform
[2026-07-24 12:35:05] Cluster 15_17-merge's shift to uniformity: 0.0879854454408231
[2026-07-24 12:35:05] class = SimpleGDIUniformityCheck, check.isCheckAbove = FALSE, check.GDIThreshold = 1.43, check.maxRatioBeyond = 0.01, check.maxRankBeyond = 0, check.fractionBeyond = 0.0264989763088622, check.thresholdRank = 0, check.quantileAtRatio = 1.51798544544082, check.quantileAtRank = NaN, isUniform = FALSE, clusterSize = 402
[2026-07-24 12:35:06] Clusters 15 and 17 cannot be merged
[2026-07-24 12:35:06] *[2026-07-24 12:35:06] -1_05-merge
[2026-07-24 12:35:06] Asked to drop 0 genes and 3644 cells
[2026-07-24 12:35:06] COTAN dataset analysis: START
[2026-07-24 12:35:06] Asked to drop 2630 genes and 0 cells
[2026-07-24 12:35:06] Genes/cells selection done: dropped [2630] genes and [0] cells
[2026-07-24 12:35:06] Working on [15503] genes and [447] cells
[2026-07-24 12:35:07] Dataset cleaning elapsed time: 0.794300317764282
[2026-07-24 12:35:07] Estimate `dispersion`: START
[2026-07-24 12:35:07] Effective number of cores used: 40
[2026-07-24 12:35:07] Executing 16 genes batches
[2026-07-24 12:35:07] Parallel dispersion Newton-Raphson: used up to 6 iterations
[2026-07-24 12:35:08] Parallel dispersion Newton-Raphson: used up to 7 iterations
[2026-07-24 12:35:08] Parallel dispersion Newton-Raphson: used up to 6 iterations
[2026-07-24 12:35:08] Parallel dispersion Newton-Raphson: used up to 6 iterations
[2026-07-24 12:35:09] Parallel dispersion Newton-Raphson: used up to 6 iterations
[2026-07-24 12:35:09] Parallel dispersion Newton-Raphson: used up to 6 iterations
[2026-07-24 12:35:09] Parallel dispersion Newton-Raphson: used up to 6 iterations
[2026-07-24 12:35:09] Parallel dispersion Newton-Raphson: used up to 6 iterations
[2026-07-24 12:35:10] Parallel dispersion Newton-Raphson: used up to 6 iterations
[2026-07-24 12:35:10] Parallel dispersion Newton-Raphson: used up to 6 iterations
[2026-07-24 12:35:10] Parallel dispersion Newton-Raphson: used up to 7 iterations
[2026-07-24 12:35:10] Parallel dispersion Newton-Raphson: used up to 7 iterations
[2026-07-24 12:35:11] Parallel dispersion Newton-Raphson: used up to 7 iterations
[2026-07-24 12:35:11] Parallel dispersion Newton-Raphson: used up to 6 iterations
[2026-07-24 12:35:11] Parallel dispersion Newton-Raphson: used up to 7 iterations
[2026-07-24 12:35:11] Parallel dispersion Newton-Raphson: used up to 7 iterations
[2026-07-24 12:35:14] Total calculations elapsed time: 6.87192034721375
[2026-07-24 12:35:14] Estimate `dispersion`: DONE
[2026-07-24 12:35:14] Estimate `dispersion`: DONE
[2026-07-24 12:35:14] `dispersion` | min: -0.315637330773225 | max: 463.553981574705 | % negative: 54.5894343030381
[2026-07-24 12:35:15] Model parameter estimation elapsed time: 7.71696543693542
[2026-07-24 12:35:15] COTAN genes' COEX estimation: START
[2026-07-24 12:35:15] Effective number of cores used: 40
[2026-07-24 12:35:15] Calculate genes COEX (torch) on device cpu: START
[2026-07-24 12:35:15] Retrieving expected genes contingency table
[2026-07-24 12:35:15] Expected genes contingency table elapsed time: 0.158048629760742
[2026-07-24 12:35:15] Calculating genes COEX normalization factor
[2026-07-24 12:35:16] Calculating genes COEX normalization factor elapsed time: 1.48408198356628
[2026-07-24 12:35:16] Retrieving observed genes yes/yes contingency table
[2026-07-24 12:35:17] Observed genes contingency table elapsed time: 0.230398654937744
[2026-07-24 12:35:28] Calculate genes COEX elapsed time: 11.1991415023804
[2026-07-24 12:35:28] Total calculations elapsed time: 13.0716707706451
[2026-07-24 12:35:28] Calculate genes COEX (torch) on device cpu: DONE
[2026-07-24 12:35:29] Only genes' COEX elapsed time: 13.8813724517822
[2026-07-24 12:35:29] Dataset analysis elapsed time: 22.3926382064819
[2026-07-24 12:35:29] COTAN dataset analysis: DONE
[2026-07-24 12:35:29] Checking uniformity for the cluster '-1_05-merge' with 447 cells
[2026-07-24 12:35:29] Calculate GDI dataframe: START
[2026-07-24 12:35:29] Using S
[2026-07-24 12:35:29] Calculating S: START
[2026-07-24 12:35:37] Calculating S: DONE
[2026-07-24 12:35:37] Calculate `GDI`: START
[2026-07-24 12:35:37] Effective number of cores used: 40
[2026-07-24 12:35:37] Effective number of cores used: 40
[2026-07-24 12:35:37] Executing 16 genes batches
[2026-07-24 12:35:44] Total calculations elapsed time: 6.97965884208679
[2026-07-24 12:35:44] Calculate `GDI`: DONE
[2026-07-24 12:35:46] Total calculations elapsed time: 16.3205437660217
[2026-07-24 12:35:46] Calculate GDI dataframe: DONE
[2026-07-24 12:35:46] Clean plots: START
[2026-07-24 12:35:46] Total calculations elapsed time: 0.0288166999816895
[2026-07-24 12:35:46] Clean plots: DONE
[2026-07-24 12:35:46] GDI plot
[2026-07-24 12:35:46] Removed 0 low GDI genes (such as the fully-expressed) in GDI plot
[2026-07-24 12:35:48] Cluster -1_05-merge, with size 447, is not uniform
[2026-07-24 12:35:48] Cluster -1_05-merge's shift to uniformity: 1.31136400805137
[2026-07-24 12:35:48] class = SimpleGDIUniformityCheck, check.isCheckAbove = FALSE, check.GDIThreshold = 1.43, check.maxRatioBeyond = 0.01, check.maxRankBeyond = 0, check.fractionBeyond = 0.3038766690318, check.thresholdRank = 0, check.quantileAtRatio = 2.74136400805137, check.quantileAtRank = NaN, isUniform = FALSE, clusterSize = 447
[2026-07-24 12:35:49] Clusters -1 and 05 cannot be merged
[2026-07-24 12:35:49] *[2026-07-24 12:35:49] 18_24-merge
[2026-07-24 12:35:49] Asked to drop 0 genes and 3774 cells
[2026-07-24 12:35:49] COTAN dataset analysis: START
[2026-07-24 12:35:49] Asked to drop 927 genes and 0 cells
[2026-07-24 12:35:49] Genes/cells selection done: dropped [927] genes and [0] cells
[2026-07-24 12:35:49] Working on [17206] genes and [317] cells
[2026-07-24 12:35:50] Dataset cleaning elapsed time: 0.868127822875977
[2026-07-24 12:35:50] Estimate `dispersion`: START
[2026-07-24 12:35:50] Effective number of cores used: 40
[2026-07-24 12:35:50] Executing 17 genes batches
[2026-07-24 12:35:50] Parallel dispersion Newton-Raphson: used up to 6 iterations
[2026-07-24 12:35:51] Parallel dispersion Newton-Raphson: used up to 7 iterations
[2026-07-24 12:35:51] Parallel dispersion Newton-Raphson: used up to 5 iterations
[2026-07-24 12:35:51] Parallel dispersion Newton-Raphson: used up to 6 iterations
[2026-07-24 12:35:51] Parallel dispersion Newton-Raphson: used up to 7 iterations
[2026-07-24 12:35:51] Parallel dispersion Newton-Raphson: used up to 6 iterations
[2026-07-24 12:35:52] Parallel dispersion Newton-Raphson: used up to 6 iterations
[2026-07-24 12:35:52] Parallel dispersion Newton-Raphson: used up to 5 iterations
[2026-07-24 12:35:52] Parallel dispersion Newton-Raphson: used up to 7 iterations
[2026-07-24 12:35:52] Parallel dispersion Newton-Raphson: used up to 5 iterations
[2026-07-24 12:35:53] Parallel dispersion Newton-Raphson: used up to 6 iterations
[2026-07-24 12:35:53] Parallel dispersion Newton-Raphson: used up to 5 iterations
[2026-07-24 12:35:53] Parallel dispersion Newton-Raphson: used up to 7 iterations
[2026-07-24 12:35:53] Parallel dispersion Newton-Raphson: used up to 6 iterations
[2026-07-24 12:35:53] Parallel dispersion Newton-Raphson: used up to 6 iterations
[2026-07-24 12:35:54] Parallel dispersion Newton-Raphson: used up to 5 iterations
[2026-07-24 12:35:54] Parallel dispersion Newton-Raphson: used up to 5 iterations
[2026-07-24 12:35:57] Total calculations elapsed time: 6.63200569152832
[2026-07-24 12:35:57] Estimate `dispersion`: DONE
[2026-07-24 12:35:57] Estimate `dispersion`: DONE
[2026-07-24 12:35:57] `dispersion` | min: -0.1700734527207 | max: 236.117145969601 | % negative: 47.1056608159944
[2026-07-24 12:35:57] Model parameter estimation elapsed time: 7.47365236282349
[2026-07-24 12:35:57] COTAN genes' COEX estimation: START
[2026-07-24 12:35:57] Effective number of cores used: 40
[2026-07-24 12:35:57] Calculate genes COEX (torch) on device cpu: START
[2026-07-24 12:35:57] Retrieving expected genes contingency table
[2026-07-24 12:35:58] Expected genes contingency table elapsed time: 0.173868894577026
[2026-07-24 12:35:58] Calculating genes COEX normalization factor
[2026-07-24 12:35:59] Calculating genes COEX normalization factor elapsed time: 1.62087273597717
[2026-07-24 12:35:59] Retrieving observed genes yes/yes contingency table
[2026-07-24 12:35:59] Observed genes contingency table elapsed time: 0.147385358810425
[2026-07-24 12:36:13] Calculate genes COEX elapsed time: 13.5715184211731
[2026-07-24 12:36:13] Total calculations elapsed time: 15.5136454105377
[2026-07-24 12:36:13] Calculate genes COEX (torch) on device cpu: DONE
[2026-07-24 12:36:14] Only genes' COEX elapsed time: 16.2646353244781
[2026-07-24 12:36:14] Dataset analysis elapsed time: 24.6064155101776
[2026-07-24 12:36:14] COTAN dataset analysis: DONE
[2026-07-24 12:36:14] Checking uniformity for the cluster '18_24-merge' with 317 cells
[2026-07-24 12:36:14] Calculate GDI dataframe: START
[2026-07-24 12:36:14] Using S
[2026-07-24 12:36:14] Calculating S: START
[2026-07-24 12:36:23] Calculating S: DONE
[2026-07-24 12:36:23] Calculate `GDI`: START
[2026-07-24 12:36:23] Effective number of cores used: 40
[2026-07-24 12:36:23] Effective number of cores used: 40
[2026-07-24 12:36:23] Executing 17 genes batches
[2026-07-24 12:36:30] Total calculations elapsed time: 7.04468059539795
[2026-07-24 12:36:30] Calculate `GDI`: DONE
[2026-07-24 12:36:32] Total calculations elapsed time: 17.3385026454926
[2026-07-24 12:36:32] Calculate GDI dataframe: DONE
[2026-07-24 12:36:32] Clean plots: START
[2026-07-24 12:36:32] Total calculations elapsed time: 0.0233402252197266
[2026-07-24 12:36:32] Clean plots: DONE
[2026-07-24 12:36:32] GDI plot
[2026-07-24 12:36:32] Removed 15 low GDI genes (such as the fully-expressed) in GDI plot
[2026-07-24 12:36:34] Cluster 18_24-merge, with size 317, is not uniform
[2026-07-24 12:36:34] Cluster 18_24-merge's shift to uniformity: 0.0892589579777312
[2026-07-24 12:36:34] class = SimpleGDIUniformityCheck, check.isCheckAbove = FALSE, check.GDIThreshold = 1.43, check.maxRatioBeyond = 0.01, check.maxRankBeyond = 0, check.fractionBeyond = 0.0350459142159712, check.thresholdRank = 0, check.quantileAtRatio = 1.51925895797773, check.quantileAtRank = NaN, isUniform = FALSE, clusterSize = 317
[2026-07-24 12:36:35] Clusters 18 and 24 cannot be merged
[2026-07-24 12:36:35] *[2026-07-24 12:36:35] 12_14-merge_18-merge
[2026-07-24 12:36:35] Asked to drop 0 genes and 3613 cells
[2026-07-24 12:36:35] COTAN dataset analysis: START
[2026-07-24 12:36:35] Asked to drop 860 genes and 0 cells
[2026-07-24 12:36:35] Genes/cells selection done: dropped [860] genes and [0] cells
[2026-07-24 12:36:35] Working on [17273] genes and [478] cells
[2026-07-24 12:36:36] Dataset cleaning elapsed time: 0.858684539794922
[2026-07-24 12:36:36] Estimate `dispersion`: START
[2026-07-24 12:36:36] Effective number of cores used: 40
[2026-07-24 12:36:36] Executing 17 genes batches
[2026-07-24 12:36:36] Parallel dispersion Newton-Raphson: used up to 7 iterations
[2026-07-24 12:36:36] Parallel dispersion Newton-Raphson: used up to 8 iterations
[2026-07-24 12:36:37] Parallel dispersion Newton-Raphson: used up to 6 iterations
[2026-07-24 12:36:37] Parallel dispersion Newton-Raphson: used up to 6 iterations
[2026-07-24 12:36:37] Parallel dispersion Newton-Raphson: used up to 6 iterations
[2026-07-24 12:36:37] Parallel dispersion Newton-Raphson: used up to 5 iterations
[2026-07-24 12:36:37] Parallel dispersion Newton-Raphson: used up to 5 iterations
[2026-07-24 12:36:38] Parallel dispersion Newton-Raphson: used up to 5 iterations
[2026-07-24 12:36:38] Parallel dispersion Newton-Raphson: used up to 6 iterations
[2026-07-24 12:36:38] Parallel dispersion Newton-Raphson: used up to 5 iterations
[2026-07-24 12:36:38] Parallel dispersion Newton-Raphson: used up to 6 iterations
[2026-07-24 12:36:38] Parallel dispersion Newton-Raphson: used up to 6 iterations
[2026-07-24 12:36:39] Parallel dispersion Newton-Raphson: used up to 7 iterations
[2026-07-24 12:36:39] Parallel dispersion Newton-Raphson: used up to 6 iterations
[2026-07-24 12:36:39] Parallel dispersion Newton-Raphson: used up to 6 iterations
[2026-07-24 12:36:39] Parallel dispersion Newton-Raphson: used up to 6 iterations
[2026-07-24 12:36:40] Parallel dispersion Newton-Raphson: used up to 6 iterations
[2026-07-24 12:36:42] Total calculations elapsed time: 6.75225162506104
[2026-07-24 12:36:42] Estimate `dispersion`: DONE
[2026-07-24 12:36:42] Estimate `dispersion`: DONE
[2026-07-24 12:36:42] `dispersion` | min: -0.236777589907061 | max: 521.619061444135 | % negative: 47.3687257569617
[2026-07-24 12:36:43] Model parameter estimation elapsed time: 7.49790143966675
[2026-07-24 12:36:43] COTAN genes' COEX estimation: START
[2026-07-24 12:36:43] Effective number of cores used: 40
[2026-07-24 12:36:43] Calculate genes COEX (torch) on device cpu: START
[2026-07-24 12:36:43] Retrieving expected genes contingency table
[2026-07-24 12:36:43] Expected genes contingency table elapsed time: 0.164639949798584
[2026-07-24 12:36:43] Calculating genes COEX normalization factor
[2026-07-24 12:36:45] Calculating genes COEX normalization factor elapsed time: 1.58532238006592
[2026-07-24 12:36:45] Retrieving observed genes yes/yes contingency table
[2026-07-24 12:36:45] Observed genes contingency table elapsed time: 0.238819599151611
[2026-07-24 12:36:59] Calculate genes COEX elapsed time: 13.5695581436157
[2026-07-24 12:36:59] Total calculations elapsed time: 15.5583400726318
[2026-07-24 12:36:59] Calculate genes COEX (torch) on device cpu: DONE
[2026-07-24 12:36:59] Only genes' COEX elapsed time: 16.2972605228424
[2026-07-24 12:36:59] Dataset analysis elapsed time: 24.6538465023041
[2026-07-24 12:36:59] COTAN dataset analysis: DONE
[2026-07-24 12:37:00] Checking uniformity for the cluster '12_14-merge_18-merge' with 478 cells
[2026-07-24 12:37:00] Calculate GDI dataframe: START
[2026-07-24 12:37:00] Using S
[2026-07-24 12:37:00] Calculating S: START
[2026-07-24 12:37:09] Calculating S: DONE
[2026-07-24 12:37:09] Calculate `GDI`: START
[2026-07-24 12:37:09] Effective number of cores used: 40
[2026-07-24 12:37:09] Effective number of cores used: 40
[2026-07-24 12:37:09] Executing 17 genes batches
[2026-07-24 12:37:16] Total calculations elapsed time: 6.97885990142822
[2026-07-24 12:37:16] Calculate `GDI`: DONE
[2026-07-24 12:37:18] Total calculations elapsed time: 17.4463737010956
[2026-07-24 12:37:18] Calculate GDI dataframe: DONE
[2026-07-24 12:37:18] Clean plots: START
[2026-07-24 12:37:18] Total calculations elapsed time: 0.0234372615814209
[2026-07-24 12:37:18] Clean plots: DONE
[2026-07-24 12:37:18] GDI plot
[2026-07-24 12:37:18] Removed 8 low GDI genes (such as the fully-expressed) in GDI plot
[2026-07-24 12:37:20] Cluster 12_14-merge_18-merge, with size 478, is not uniform
[2026-07-24 12:37:20] Cluster 12_14-merge_18-merge's shift to uniformity: 0.19951288274126
[2026-07-24 12:37:20] class = SimpleGDIUniformityCheck, check.isCheckAbove = FALSE, check.GDIThreshold = 1.43, check.maxRatioBeyond = 0.01, check.maxRankBeyond = 0, check.fractionBeyond = 0.067562091124877, check.thresholdRank = 0, check.quantileAtRatio = 1.62951288274126, check.quantileAtRank = NaN, isUniform = FALSE, clusterSize = 478
[2026-07-24 12:37:20] Clusters 12_14-merge and 18 cannot be merged
[2026-07-24 12:37:20] *[2026-07-24 12:37:20] 10_17-merge
[2026-07-24 12:37:20] Asked to drop 0 genes and 3967 cells
[2026-07-24 12:37:21] COTAN dataset analysis: START
[2026-07-24 12:37:21] Asked to drop 1202 genes and 0 cells
[2026-07-24 12:37:21] Genes/cells selection done: dropped [1202] genes and [0] cells
[2026-07-24 12:37:21] Working on [16931] genes and [124] cells
[2026-07-24 12:37:21] Dataset cleaning elapsed time: 0.892623662948608
[2026-07-24 12:37:21] Estimate `dispersion`: START
[2026-07-24 12:37:21] Effective number of cores used: 40
[2026-07-24 12:37:21] Executing 17 genes batches
[2026-07-24 12:37:22] Parallel dispersion Newton-Raphson: used up to 6 iterations
[2026-07-24 12:37:22] Parallel dispersion Newton-Raphson: used up to 6 iterations
[2026-07-24 12:37:22] Parallel dispersion Newton-Raphson: used up to 5 iterations
[2026-07-24 12:37:22] Parallel dispersion Newton-Raphson: used up to 5 iterations
[2026-07-24 12:37:23] Parallel dispersion Newton-Raphson: used up to 6 iterations
[2026-07-24 12:37:23] Parallel dispersion Newton-Raphson: used up to 6 iterations
[2026-07-24 12:37:23] Parallel dispersion Newton-Raphson: used up to 6 iterations
[2026-07-24 12:37:23] Parallel dispersion Newton-Raphson: used up to 7 iterations
[2026-07-24 12:37:23] Parallel dispersion Newton-Raphson: used up to 6 iterations
[2026-07-24 12:37:24] Parallel dispersion Newton-Raphson: used up to 5 iterations
[2026-07-24 12:37:24] Parallel dispersion Newton-Raphson: used up to 6 iterations
[2026-07-24 12:37:24] Parallel dispersion Newton-Raphson: used up to 6 iterations
[2026-07-24 12:37:24] Parallel dispersion Newton-Raphson: used up to 7 iterations
[2026-07-24 12:37:25] Parallel dispersion Newton-Raphson: used up to 5 iterations
[2026-07-24 12:37:25] Parallel dispersion Newton-Raphson: used up to 5 iterations
[2026-07-24 12:37:25] Parallel dispersion Newton-Raphson: used up to 6 iterations
[2026-07-24 12:37:25] Parallel dispersion Newton-Raphson: used up to 6 iterations
[2026-07-24 12:37:28] Total calculations elapsed time: 6.61212086677551
[2026-07-24 12:37:28] Estimate `dispersion`: DONE
[2026-07-24 12:37:28] Estimate `dispersion`: DONE
[2026-07-24 12:37:28] `dispersion` | min: -0.307781611088306 | max: 274.249900259248 | % negative: 56.0037800484319
[2026-07-24 12:37:29] Model parameter estimation elapsed time: 7.34987282752991
[2026-07-24 12:37:29] COTAN genes' COEX estimation: START
[2026-07-24 12:37:29] Effective number of cores used: 40
[2026-07-24 12:37:29] Calculate genes COEX (torch) on device cpu: START
[2026-07-24 12:37:29] Retrieving expected genes contingency table
[2026-07-24 12:37:29] Expected genes contingency table elapsed time: 0.10471510887146
[2026-07-24 12:37:29] Calculating genes COEX normalization factor
[2026-07-24 12:37:30] Calculating genes COEX normalization factor elapsed time: 1.56927824020386
[2026-07-24 12:37:30] Retrieving observed genes yes/yes contingency table
[2026-07-24 12:37:31] Observed genes contingency table elapsed time: 0.112407922744751
[2026-07-24 12:37:43] Calculate genes COEX elapsed time: 12.5683443546295
[2026-07-24 12:37:43] Total calculations elapsed time: 14.3547456264496
[2026-07-24 12:37:43] Calculate genes COEX (torch) on device cpu: DONE
[2026-07-24 12:37:44] Only genes' COEX elapsed time: 15.0912809371948
[2026-07-24 12:37:44] Dataset analysis elapsed time: 23.3337774276733
[2026-07-24 12:37:44] COTAN dataset analysis: DONE
[2026-07-24 12:37:45] Checking uniformity for the cluster '10_17-merge' with 124 cells
[2026-07-24 12:37:45] Calculate GDI dataframe: START
[2026-07-24 12:37:45] Using S
[2026-07-24 12:37:45] Calculating S: START
[2026-07-24 12:37:53] Calculating S: DONE
[2026-07-24 12:37:53] Calculate `GDI`: START
[2026-07-24 12:37:53] Effective number of cores used: 40
[2026-07-24 12:37:53] Effective number of cores used: 40
[2026-07-24 12:37:53] Executing 17 genes batches
[2026-07-24 12:38:00] Total calculations elapsed time: 6.65372824668884
[2026-07-24 12:38:00] Calculate `GDI`: DONE
[2026-07-24 12:38:01] Total calculations elapsed time: 16.7048807144165
[2026-07-24 12:38:01] Calculate GDI dataframe: DONE
[2026-07-24 12:38:01] Clean plots: START
[2026-07-24 12:38:01] Total calculations elapsed time: 0.0277059078216553
[2026-07-24 12:38:01] Clean plots: DONE
[2026-07-24 12:38:01] GDI plot
[2026-07-24 12:38:01] Removed 30 low GDI genes (such as the fully-expressed) in GDI plot
[2026-07-24 12:38:03] Cluster 10_17-merge, with size 124, is uniform
[2026-07-24 12:38:03] Cluster 10_17-merge's shift to uniformity: -0.0352481845145292
[2026-07-24 12:38:03] class = SimpleGDIUniformityCheck, check.isCheckAbove = FALSE, check.GDIThreshold = 1.43, check.maxRatioBeyond = 0.01, check.maxRankBeyond = 0, check.fractionBeyond = 0.0049022503100821, check.thresholdRank = 0, check.quantileAtRatio = 1.39475181548547, check.quantileAtRank = NaN, isUniform = TRUE, clusterSize = 124
[2026-07-24 12:38:04] Clusters 10 and 17 can be merged
[2026-07-24 12:38:04] Clusters 10 and 17 will be merged
[2026-07-24 12:38:04] One or both of the clusters ,  is no more in the clusterization
[2026-07-24 12:38:04] One or both of the clusters ,  is no more in the clusterization
[2026-07-24 12:38:04] Clusters 21_22-merge and 20_25-merge will be merged
[2026-07-24 12:38:04] Clusters 11_13-merge_16-merge and 24 will be merged
[2026-07-24 12:38:04] Executed 3 merges
[2026-07-24 12:38:04] Loop calculations elapsed time: 491.295086145401
[2026-07-24 12:38:04] Start merging nearest clusters: iteration 7
[2026-07-24 12:38:04] Differential Expression Analysis - START
[2026-07-24 12:38:07] *[2026-07-24 12:38:07]  DEA on cluster '-1' with 253 cells
[2026-07-24 12:38:07] *[2026-07-24 12:38:07]  DEA on cluster '01_02-merge' with 283 cells
[2026-07-24 12:38:07] *[2026-07-24 12:38:07]  DEA on cluster '03' with 392 cells
[2026-07-24 12:38:07] *[2026-07-24 12:38:07]  DEA on cluster '04' with 131 cells
[2026-07-24 12:38:07] *[2026-07-24 12:38:07]  DEA on cluster '05' with 194 cells
[2026-07-24 12:38:07] *[2026-07-24 12:38:07]  DEA on cluster '06' with 50 cells
[2026-07-24 12:38:07] *[2026-07-24 12:38:07]  DEA on cluster '07_09-merge_08-merge' with 402 cells
[2026-07-24 12:38:08] *[2026-07-24 12:38:08]  DEA on cluster '10_17-merge' with 124 cells
[2026-07-24 12:38:08] *[2026-07-24 12:38:08]  DEA on cluster '11_13-merge_16-merge_24-merge' with 643 cells
[2026-07-24 12:38:08] *[2026-07-24 12:38:08]  DEA on cluster '12_14-merge' with 426 cells
[2026-07-24 12:38:08] *[2026-07-24 12:38:08]  DEA on cluster '15' with 338 cells
[2026-07-24 12:38:08] *[2026-07-24 12:38:08]  DEA on cluster '18' with 52 cells
[2026-07-24 12:38:08] *[2026-07-24 12:38:08]  DEA on cluster '19' with 145 cells
[2026-07-24 12:38:08] *[2026-07-24 12:38:08]  DEA on cluster '20_25-merge_21_22-merge-merge' with 405 cells
[2026-07-24 12:38:08] *[2026-07-24 12:38:08]  DEA on cluster '23' with 253 cells
[2026-07-24 12:38:08] 
[2026-07-24 12:38:08] Total calculations elapsed time: 4.06995153427124
[2026-07-24 12:38:08] Differential Expression Analysis - DONE
[2026-07-24 12:38:10] Updating check results for the 66 already tested pairs to align to new checker
[2026-07-24 12:38:10] 11 new clusters pairs to be tested for merging:
c("07_09-merge_08-merge", "11_13-merge_16-merge_24-merge") c("19", "20_25-merge_21_22-merge-merge") c("10_17-merge", "11_13-merge_16-merge_24-merge") c("11_13-merge_16-merge_24-merge", "12_14-merge") c("11_13-merge_16-merge_24-merge", "18") c("11_13-merge_16-merge_24-merge", "15") c("07_09-merge_08-merge", "10_17-merge") c("10_17-merge", "15") c("10_17-merge", "18") c("03", "06") c("10_17-merge", "12_14-merge")
[2026-07-24 12:38:10] *[2026-07-24 12:38:10] 07_09-merge_08-merge_11_13-merge_16-merge_24-merge-merge
[2026-07-24 12:38:10] Asked to drop 0 genes and 3046 cells
[2026-07-24 12:38:10] COTAN dataset analysis: START
[2026-07-24 12:38:10] Asked to drop 455 genes and 0 cells
[2026-07-24 12:38:10] Genes/cells selection done: dropped [455] genes and [0] cells
[2026-07-24 12:38:10] Working on [17678] genes and [1045] cells
[2026-07-24 12:38:11] Dataset cleaning elapsed time: 1.02040219306946
[2026-07-24 12:38:11] Estimate `dispersion`: START
[2026-07-24 12:38:11] Effective number of cores used: 40
[2026-07-24 12:38:11] Executing 18 genes batches
[2026-07-24 12:38:26] Total calculations elapsed time: 15.0997550487518
[2026-07-24 12:38:26] Estimate `dispersion`: DONE
[2026-07-24 12:38:26] While checking cluster uniformity Error: length(dispersion) not equal to getNumGenes(objCOTAN)

[2026-07-24 12:38:26] marking pair as not mergable
[2026-07-24 12:38:27] Clusters 07_09-merge_08-merge and 11_13-merge_16-merge_24-merge cannot be merged
[2026-07-24 12:38:27] *[2026-07-24 12:38:27] 19_20_25-merge_21_22-merge-merge-merge
[2026-07-24 12:38:27] Asked to drop 0 genes and 3541 cells
[2026-07-24 12:38:27] COTAN dataset analysis: START
[2026-07-24 12:38:27] Asked to drop 1368 genes and 0 cells
[2026-07-24 12:38:27] Genes/cells selection done: dropped [1368] genes and [0] cells
[2026-07-24 12:38:27] Working on [16765] genes and [550] cells
[2026-07-24 12:38:28] Dataset cleaning elapsed time: 0.88360595703125
[2026-07-24 12:38:28] Estimate `dispersion`: START
[2026-07-24 12:38:28] Effective number of cores used: 40
[2026-07-24 12:38:28] Executing 17 genes batches
[2026-07-24 12:38:29] Parallel dispersion Newton-Raphson: used up to 7 iterations
[2026-07-24 12:38:29] Parallel dispersion Newton-Raphson: used up to 6 iterations
[2026-07-24 12:38:29] Parallel dispersion Newton-Raphson: used up to 6 iterations
[2026-07-24 12:38:29] Parallel dispersion Newton-Raphson: used up to 5 iterations
[2026-07-24 12:38:29] Parallel dispersion Newton-Raphson: used up to 6 iterations
[2026-07-24 12:38:30] Parallel dispersion Newton-Raphson: used up to 6 iterations
[2026-07-24 12:38:30] Parallel dispersion Newton-Raphson: used up to 6 iterations
[2026-07-24 12:38:30] Parallel dispersion Newton-Raphson: used up to 6 iterations
[2026-07-24 12:38:30] Parallel dispersion Newton-Raphson: used up to 7 iterations
[2026-07-24 12:38:31] Parallel dispersion Newton-Raphson: used up to 6 iterations
[2026-07-24 12:38:31] Parallel dispersion Newton-Raphson: used up to 5 iterations
[2026-07-24 12:38:31] Parallel dispersion Newton-Raphson: used up to 6 iterations
[2026-07-24 12:38:31] Parallel dispersion Newton-Raphson: used up to 7 iterations
[2026-07-24 12:38:31] Parallel dispersion Newton-Raphson: used up to 5 iterations
[2026-07-24 12:38:32] Parallel dispersion Newton-Raphson: used up to 6 iterations
[2026-07-24 12:38:32] Parallel dispersion Newton-Raphson: used up to 6 iterations
[2026-07-24 12:38:32] Parallel dispersion Newton-Raphson: used up to 6 iterations
[2026-07-24 12:38:34] Total calculations elapsed time: 6.27254319190979
[2026-07-24 12:38:34] Estimate `dispersion`: DONE
[2026-07-24 12:38:34] Estimate `dispersion`: DONE
[2026-07-24 12:38:34] `dispersion` | min: -0.142294457324188 | max: 328.29695427121 | % negative: 44.0441395764987
[2026-07-24 12:38:35] Model parameter estimation elapsed time: 7.00567388534546
[2026-07-24 12:38:35] COTAN genes' COEX estimation: START
[2026-07-24 12:38:35] Effective number of cores used: 40
[2026-07-24 12:38:35] Calculate genes COEX (torch) on device cpu: START
[2026-07-24 12:38:35] Retrieving expected genes contingency table
[2026-07-24 12:38:35] Expected genes contingency table elapsed time: 0.188034057617188
[2026-07-24 12:38:35] Calculating genes COEX normalization factor
[2026-07-24 12:38:37] Calculating genes COEX normalization factor elapsed time: 1.5228579044342
[2026-07-24 12:38:37] Retrieving observed genes yes/yes contingency table
[2026-07-24 12:38:37] Observed genes contingency table elapsed time: 0.22603440284729
[2026-07-24 12:38:49] Calculate genes COEX elapsed time: 12.1364316940308
[2026-07-24 12:38:49] Total calculations elapsed time: 14.0733580589294
[2026-07-24 12:38:49] Calculate genes COEX (torch) on device cpu: DONE
[2026-07-24 12:38:50] Only genes' COEX elapsed time: 14.8074297904968
[2026-07-24 12:38:50] Dataset analysis elapsed time: 22.6967096328735
[2026-07-24 12:38:50] COTAN dataset analysis: DONE
[2026-07-24 12:38:51] Checking uniformity for the cluster '19_20_25-merge_21_22-merge-merge-merge' with 550 cells
[2026-07-24 12:38:51] Calculate GDI dataframe: START
[2026-07-24 12:38:51] Using S
[2026-07-24 12:38:51] Calculating S: START
[2026-07-24 12:39:00] Calculating S: DONE
[2026-07-24 12:39:00] Calculate `GDI`: START
[2026-07-24 12:39:00] Effective number of cores used: 40
[2026-07-24 12:39:00] Effective number of cores used: 40
[2026-07-24 12:39:00] Executing 17 genes batches
[2026-07-24 12:39:07] Total calculations elapsed time: 6.83866214752197
[2026-07-24 12:39:07] Calculate `GDI`: DONE
[2026-07-24 12:39:08] Total calculations elapsed time: 17.4656417369843
[2026-07-24 12:39:08] Calculate GDI dataframe: DONE
[2026-07-24 12:39:08] Clean plots: START
[2026-07-24 12:39:08] Total calculations elapsed time: 0.0292069911956787
[2026-07-24 12:39:08] Clean plots: DONE
[2026-07-24 12:39:08] GDI plot
[2026-07-24 12:39:08] Removed 3 low GDI genes (such as the fully-expressed) in GDI plot
[2026-07-24 12:39:10] Cluster 19_20_25-merge_21_22-merge-merge-merge, with size 550, is not uniform
[2026-07-24 12:39:10] Cluster 19_20_25-merge_21_22-merge-merge-merge's shift to uniformity: 0.0796834744213608
[2026-07-24 12:39:10] class = SimpleGDIUniformityCheck, check.isCheckAbove = FALSE, check.GDIThreshold = 1.43, check.maxRatioBeyond = 0.01, check.maxRankBeyond = 0, check.fractionBeyond = 0.0311362958544587, check.thresholdRank = 0, check.quantileAtRatio = 1.50968347442136, check.quantileAtRank = NaN, isUniform = FALSE, clusterSize = 550
[2026-07-24 12:39:11] Clusters 19 and 20_25-merge_21_22-merge-merge cannot be merged
[2026-07-24 12:39:11] *[2026-07-24 12:39:11] 10_17-merge_11_13-merge_16-merge_24-merge-merge
[2026-07-24 12:39:11] Asked to drop 0 genes and 3324 cells
[2026-07-24 12:39:11] COTAN dataset analysis: START
[2026-07-24 12:39:11] Asked to drop 429 genes and 0 cells
[2026-07-24 12:39:11] Genes/cells selection done: dropped [429] genes and [0] cells
[2026-07-24 12:39:11] Working on [17704] genes and [767] cells
[2026-07-24 12:39:12] Dataset cleaning elapsed time: 1.05889248847961
[2026-07-24 12:39:12] Estimate `dispersion`: START
[2026-07-24 12:39:12] Effective number of cores used: 40
[2026-07-24 12:39:12] Executing 18 genes batches
[2026-07-24 12:39:12] Parallel dispersion Newton-Raphson: used up to 6 iterations
[2026-07-24 12:39:13] Parallel dispersion Newton-Raphson: used up to 6 iterations
[2026-07-24 12:39:13] Parallel dispersion Newton-Raphson: used up to 5 iterations
[2026-07-24 12:39:13] Parallel dispersion Newton-Raphson: used up to 6 iterations
[2026-07-24 12:39:13] Parallel dispersion Newton-Raphson: used up to 6 iterations
[2026-07-24 12:39:13] Parallel dispersion Newton-Raphson: used up to 6 iterations
[2026-07-24 12:39:14] Parallel dispersion Newton-Raphson: used up to 6 iterations
[2026-07-24 12:39:14] Parallel dispersion Newton-Raphson: used up to 6 iterations
[2026-07-24 12:39:14] Parallel dispersion Newton-Raphson: used up to 6 iterations
[2026-07-24 12:39:14] Parallel dispersion Newton-Raphson: used up to 5 iterations
[2026-07-24 12:39:15] Parallel dispersion Newton-Raphson: used up to 5 iterations
[2026-07-24 12:39:15] Parallel dispersion Newton-Raphson: used up to 6 iterations
[2026-07-24 12:39:15] Parallel dispersion Newton-Raphson: used up to 6 iterations
[2026-07-24 12:39:15] Parallel dispersion Newton-Raphson: used up to 7 iterations
[2026-07-24 12:39:15] Parallel dispersion Newton-Raphson: used up to 6 iterations
[2026-07-24 12:39:16] Parallel dispersion Newton-Raphson: used up to 6 iterations
[2026-07-24 12:39:16] Parallel dispersion Newton-Raphson: used up to 6 iterations
[2026-07-24 12:39:16] Parallel dispersion Newton-Raphson: used up to 5 iterations
[2026-07-24 12:39:19] Total calculations elapsed time: 7.09973621368408
[2026-07-24 12:39:19] Estimate `dispersion`: DONE
[2026-07-24 12:39:19] Estimate `dispersion`: DONE
[2026-07-24 12:39:19] `dispersion` | min: -0.101913829228721 | max: 415.345767926894 | % negative: 38.8556258472662
[2026-07-24 12:39:20] Model parameter estimation elapsed time: 7.85046863555908
[2026-07-24 12:39:20] COTAN genes' COEX estimation: START
[2026-07-24 12:39:20] Effective number of cores used: 40
[2026-07-24 12:39:20] Calculate genes COEX (torch) on device cpu: START
[2026-07-24 12:39:20] Retrieving expected genes contingency table
[2026-07-24 12:39:20] Expected genes contingency table elapsed time: 0.290931463241577
[2026-07-24 12:39:20] Calculating genes COEX normalization factor
[2026-07-24 12:39:22] Calculating genes COEX normalization factor elapsed time: 1.70145416259766
[2026-07-24 12:39:22] Retrieving observed genes yes/yes contingency table
[2026-07-24 12:39:22] Observed genes contingency table elapsed time: 0.386834383010864
[2026-07-24 12:39:36] Calculate genes COEX elapsed time: 13.8575048446655
[2026-07-24 12:39:36] Total calculations elapsed time: 16.2367248535156
[2026-07-24 12:39:36] Calculate genes COEX (torch) on device cpu: DONE
[2026-07-24 12:39:37] Only genes' COEX elapsed time: 16.9662733078003
[2026-07-24 12:39:37] Dataset analysis elapsed time: 25.875634431839
[2026-07-24 12:39:37] COTAN dataset analysis: DONE
[2026-07-24 12:39:37] Checking uniformity for the cluster '10_17-merge_11_13-merge_16-merge_24-merge-merge' with 767 cells
[2026-07-24 12:39:37] Calculate GDI dataframe: START
[2026-07-24 12:39:37] Using S
[2026-07-24 12:39:37] Calculating S: START
[2026-07-24 12:39:48] Calculating S: DONE
[2026-07-24 12:39:48] Calculate `GDI`: START
[2026-07-24 12:39:48] Effective number of cores used: 40
[2026-07-24 12:39:48] Effective number of cores used: 40
[2026-07-24 12:39:48] Executing 18 genes batches
[2026-07-24 12:39:55] Total calculations elapsed time: 7.42169260978699
[2026-07-24 12:39:55] Calculate `GDI`: DONE
[2026-07-24 12:39:57] Total calculations elapsed time: 19.1907320022583
[2026-07-24 12:39:57] Calculate GDI dataframe: DONE
[2026-07-24 12:39:57] Clean plots: START
[2026-07-24 12:39:57] Total calculations elapsed time: 0.0256445407867432
[2026-07-24 12:39:57] Clean plots: DONE
[2026-07-24 12:39:57] GDI plot
[2026-07-24 12:39:57] Removed 8 low GDI genes (such as the fully-expressed) in GDI plot
[2026-07-24 12:39:58] Cluster 10_17-merge_11_13-merge_16-merge_24-merge-merge, with size 767, is not uniform
[2026-07-24 12:39:58] Cluster 10_17-merge_11_13-merge_16-merge_24-merge-merge's shift to uniformity: 0.0430593570624018
[2026-07-24 12:39:58] class = SimpleGDIUniformityCheck, check.isCheckAbove = FALSE, check.GDIThreshold = 1.43, check.maxRatioBeyond = 0.01, check.maxRankBeyond = 0, check.fractionBeyond = 0.021802982376864, check.thresholdRank = 0, check.quantileAtRatio = 1.4730593570624, check.quantileAtRank = NaN, isUniform = FALSE, clusterSize = 767
[2026-07-24 12:39:59] Clusters 10_17-merge and 11_13-merge_16-merge_24-merge cannot be merged
[2026-07-24 12:39:59] *[2026-07-24 12:39:59] 11_13-merge_16-merge_24-merge_12_14-merge-merge
[2026-07-24 12:39:59] Asked to drop 0 genes and 3022 cells
[2026-07-24 12:39:59] COTAN dataset analysis: START
[2026-07-24 12:39:59] Asked to drop 525 genes and 0 cells
[2026-07-24 12:39:59] Genes/cells selection done: dropped [525] genes and [0] cells
[2026-07-24 12:39:59] Working on [17608] genes and [1069] cells
[2026-07-24 12:40:00] Dataset cleaning elapsed time: 1.10631966590881
[2026-07-24 12:40:00] Estimate `dispersion`: START
[2026-07-24 12:40:00] Effective number of cores used: 40
[2026-07-24 12:40:00] Executing 18 genes batches
[2026-07-24 12:40:16] Total calculations elapsed time: 15.1790292263031
[2026-07-24 12:40:16] Estimate `dispersion`: DONE
[2026-07-24 12:40:16] While checking cluster uniformity Error: length(dispersion) not equal to getNumGenes(objCOTAN)

[2026-07-24 12:40:16] marking pair as not mergable
[2026-07-24 12:40:16] Clusters 11_13-merge_16-merge_24-merge and 12_14-merge cannot be merged
[2026-07-24 12:40:16] *[2026-07-24 12:40:16] 11_13-merge_16-merge_24-merge_18-merge
[2026-07-24 12:40:16] Asked to drop 0 genes and 3396 cells
[2026-07-24 12:40:16] COTAN dataset analysis: START
[2026-07-24 12:40:16] Asked to drop 501 genes and 0 cells
[2026-07-24 12:40:17] Genes/cells selection done: dropped [501] genes and [0] cells
[2026-07-24 12:40:17] Working on [17632] genes and [695] cells
[2026-07-24 12:40:17] Dataset cleaning elapsed time: 0.953336477279663
[2026-07-24 12:40:17] Estimate `dispersion`: START
[2026-07-24 12:40:17] Effective number of cores used: 40
[2026-07-24 12:40:17] Executing 18 genes batches
[2026-07-24 12:40:18] Parallel dispersion Newton-Raphson: used up to 6 iterations
[2026-07-24 12:40:18] Parallel dispersion Newton-Raphson: used up to 7 iterations
[2026-07-24 12:40:18] Parallel dispersion Newton-Raphson: used up to 6 iterations
[2026-07-24 12:40:19] Parallel dispersion Newton-Raphson: used up to 5 iterations
[2026-07-24 12:40:19] Parallel dispersion Newton-Raphson: used up to 6 iterations
[2026-07-24 12:40:19] Parallel dispersion Newton-Raphson: used up to 6 iterations
[2026-07-24 12:40:19] Parallel dispersion Newton-Raphson: used up to 5 iterations
[2026-07-24 12:40:19] Parallel dispersion Newton-Raphson: used up to 5 iterations
[2026-07-24 12:40:20] Parallel dispersion Newton-Raphson: used up to 6 iterations
[2026-07-24 12:40:20] Parallel dispersion Newton-Raphson: used up to 5 iterations
[2026-07-24 12:40:20] Parallel dispersion Newton-Raphson: used up to 5 iterations
[2026-07-24 12:40:20] Parallel dispersion Newton-Raphson: used up to 6 iterations
[2026-07-24 12:40:21] Parallel dispersion Newton-Raphson: used up to 6 iterations
[2026-07-24 12:40:21] Parallel dispersion Newton-Raphson: used up to 7 iterations
[2026-07-24 12:40:21] Parallel dispersion Newton-Raphson: used up to 6 iterations
[2026-07-24 12:40:21] Parallel dispersion Newton-Raphson: used up to 6 iterations
[2026-07-24 12:40:21] Parallel dispersion Newton-Raphson: used up to 6 iterations
[2026-07-24 12:40:22] Parallel dispersion Newton-Raphson: used up to 5 iterations
[2026-07-24 12:40:25] Total calculations elapsed time: 7.1712851524353
[2026-07-24 12:40:25] Estimate `dispersion`: DONE
[2026-07-24 12:40:25] Estimate `dispersion`: DONE
[2026-07-24 12:40:25] `dispersion` | min: -0.124895197141505 | max: 373.811227402102 | % negative: 39.4850272232305
[2026-07-24 12:40:25] Model parameter estimation elapsed time: 7.93471741676331
[2026-07-24 12:40:25] COTAN genes' COEX estimation: START
[2026-07-24 12:40:25] Effective number of cores used: 40
[2026-07-24 12:40:25] Calculate genes COEX (torch) on device cpu: START
[2026-07-24 12:40:25] Retrieving expected genes contingency table
[2026-07-24 12:40:26] Expected genes contingency table elapsed time: 0.26113224029541
[2026-07-24 12:40:26] Calculating genes COEX normalization factor
[2026-07-24 12:40:27] Calculating genes COEX normalization factor elapsed time: 1.68400573730469
[2026-07-24 12:40:27] Retrieving observed genes yes/yes contingency table
[2026-07-24 12:40:28] Observed genes contingency table elapsed time: 0.335233211517334
[2026-07-24 12:40:41] Calculate genes COEX elapsed time: 13.7312598228455
[2026-07-24 12:40:41] Total calculations elapsed time: 16.0116310119629
[2026-07-24 12:40:41] Calculate genes COEX (torch) on device cpu: DONE
[2026-07-24 12:40:42] Only genes' COEX elapsed time: 16.8126487731934
[2026-07-24 12:40:42] Dataset analysis elapsed time: 25.7007026672363
[2026-07-24 12:40:42] COTAN dataset analysis: DONE
[2026-07-24 12:40:43] Checking uniformity for the cluster '11_13-merge_16-merge_24-merge_18-merge' with 695 cells
[2026-07-24 12:40:43] Calculate GDI dataframe: START
[2026-07-24 12:40:43] Using S
[2026-07-24 12:40:43] Calculating S: START
[2026-07-24 12:40:52] Calculating S: DONE
[2026-07-24 12:40:52] Calculate `GDI`: START
[2026-07-24 12:40:52] Effective number of cores used: 40
[2026-07-24 12:40:52] Effective number of cores used: 40
[2026-07-24 12:40:52] Executing 18 genes batches
[2026-07-24 12:40:59] Total calculations elapsed time: 7.45898652076721
[2026-07-24 12:40:59] Calculate `GDI`: DONE
[2026-07-24 12:41:01] Total calculations elapsed time: 18.4976642131805
[2026-07-24 12:41:01] Calculate GDI dataframe: DONE
[2026-07-24 12:41:01] Clean plots: START
[2026-07-24 12:41:01] Total calculations elapsed time: 0.0263166427612305
[2026-07-24 12:41:01] Clean plots: DONE
[2026-07-24 12:41:01] GDI plot
[2026-07-24 12:41:01] Removed 11 low GDI genes (such as the fully-expressed) in GDI plot
[2026-07-24 12:41:04] Cluster 11_13-merge_16-merge_24-merge_18-merge, with size 695, is not uniform
[2026-07-24 12:41:04] Cluster 11_13-merge_16-merge_24-merge_18-merge's shift to uniformity: 0.0598971326287947
[2026-07-24 12:41:04] class = SimpleGDIUniformityCheck, check.isCheckAbove = FALSE, check.GDIThreshold = 1.43, check.maxRatioBeyond = 0.01, check.maxRankBeyond = 0, check.fractionBeyond = 0.0258053539019964, check.thresholdRank = 0, check.quantileAtRatio = 1.48989713262879, check.quantileAtRank = NaN, isUniform = FALSE, clusterSize = 695
[2026-07-24 12:41:04] Clusters 11_13-merge_16-merge_24-merge and 18 cannot be merged
[2026-07-24 12:41:04] *[2026-07-24 12:41:04] 11_13-merge_16-merge_24-merge_15-merge
[2026-07-24 12:41:04] Asked to drop 0 genes and 3110 cells
[2026-07-24 12:41:05] COTAN dataset analysis: START
[2026-07-24 12:41:05] Asked to drop 574 genes and 0 cells
[2026-07-24 12:41:05] Genes/cells selection done: dropped [574] genes and [0] cells
[2026-07-24 12:41:05] Working on [17559] genes and [981] cells
[2026-07-24 12:41:06] Dataset cleaning elapsed time: 1.06488037109375
[2026-07-24 12:41:06] Estimate `dispersion`: START
[2026-07-24 12:41:06] Effective number of cores used: 40
[2026-07-24 12:41:06] Executing 18 genes batches
[2026-07-24 12:41:06] Parallel dispersion Newton-Raphson: used up to 7 iterations
[2026-07-24 12:41:07] Parallel dispersion Newton-Raphson: used up to 6 iterations
[2026-07-24 12:41:07] Parallel dispersion Newton-Raphson: used up to 6 iterations
[2026-07-24 12:41:07] Parallel dispersion Newton-Raphson: used up to 5 iterations
[2026-07-24 12:41:07] Parallel dispersion Newton-Raphson: used up to 6 iterations
[2026-07-24 12:41:07] Parallel dispersion Newton-Raphson: used up to 6 iterations
[2026-07-24 12:41:08] Parallel dispersion Newton-Raphson: used up to 6 iterations
[2026-07-24 12:41:08] Parallel dispersion Newton-Raphson: used up to 5 iterations
[2026-07-24 12:41:08] Parallel dispersion Newton-Raphson: used up to 6 iterations
[2026-07-24 12:41:08] Parallel dispersion Newton-Raphson: used up to 5 iterations
[2026-07-24 12:41:09] Parallel dispersion Newton-Raphson: used up to 6 iterations
[2026-07-24 12:41:09] Parallel dispersion Newton-Raphson: used up to 6 iterations
[2026-07-24 12:41:09] Parallel dispersion Newton-Raphson: used up to 6 iterations
[2026-07-24 12:41:09] Parallel dispersion Newton-Raphson: used up to 7 iterations
[2026-07-24 12:41:10] Parallel dispersion Newton-Raphson: used up to 7 iterations
[2026-07-24 12:41:10] Parallel dispersion Newton-Raphson: used up to 6 iterations
[2026-07-24 12:41:10] Parallel dispersion Newton-Raphson: used up to 6 iterations
[2026-07-24 12:41:10] Parallel dispersion Newton-Raphson: used up to 5 iterations
[2026-07-24 12:41:13] Total calculations elapsed time: 7.52413177490234
[2026-07-24 12:41:13] Estimate `dispersion`: DONE
[2026-07-24 12:41:13] Estimate `dispersion`: DONE
[2026-07-24 12:41:13] `dispersion` | min: -0.0691341554859299 | max: 377.489086867865 | % negative: 36.858591035936
[2026-07-24 12:41:14] Model parameter estimation elapsed time: 8.31678771972656
[2026-07-24 12:41:14] COTAN genes' COEX estimation: START
[2026-07-24 12:41:14] Effective number of cores used: 40
[2026-07-24 12:41:14] Calculate genes COEX (torch) on device cpu: START
[2026-07-24 12:41:14] Retrieving expected genes contingency table
[2026-07-24 12:41:14] Expected genes contingency table elapsed time: 0.257180213928223
[2026-07-24 12:41:14] Calculating genes COEX normalization factor
[2026-07-24 12:41:16] Calculating genes COEX normalization factor elapsed time: 1.62937784194946
[2026-07-24 12:41:16] Retrieving observed genes yes/yes contingency table
[2026-07-24 12:41:16] Observed genes contingency table elapsed time: 0.395220279693604
[2026-07-24 12:41:30] Calculate genes COEX elapsed time: 13.591460943222
[2026-07-24 12:41:30] Total calculations elapsed time: 15.8732392787933
[2026-07-24 12:41:30] Calculate genes COEX (torch) on device cpu: DONE
[2026-07-24 12:41:31] Only genes' COEX elapsed time: 16.6133840084076
[2026-07-24 12:41:31] Dataset analysis elapsed time: 25.9950520992279
[2026-07-24 12:41:31] COTAN dataset analysis: DONE
[2026-07-24 12:41:31] Checking uniformity for the cluster '11_13-merge_16-merge_24-merge_15-merge' with 981 cells
[2026-07-24 12:41:31] Calculate GDI dataframe: START
[2026-07-24 12:41:31] Using S
[2026-07-24 12:41:31] Calculating S: START
[2026-07-24 12:41:41] Calculating S: DONE
[2026-07-24 12:41:41] Calculate `GDI`: START
[2026-07-24 12:41:41] Effective number of cores used: 40
[2026-07-24 12:41:41] Effective number of cores used: 40
[2026-07-24 12:41:41] Executing 18 genes batches
[2026-07-24 12:41:49] Total calculations elapsed time: 8.53106927871704
[2026-07-24 12:41:49] Calculate `GDI`: DONE
[2026-07-24 12:41:51] Total calculations elapsed time: 19.2581489086151
[2026-07-24 12:41:51] Calculate GDI dataframe: DONE
[2026-07-24 12:41:51] Clean plots: START
[2026-07-24 12:41:51] Total calculations elapsed time: 0.024022102355957
[2026-07-24 12:41:51] Clean plots: DONE
[2026-07-24 12:41:51] GDI plot
[2026-07-24 12:41:51] Removed 9 low GDI genes (such as the fully-expressed) in GDI plot
[2026-07-24 12:41:53] Cluster 11_13-merge_16-merge_24-merge_15-merge, with size 981, is not uniform
[2026-07-24 12:41:53] Cluster 11_13-merge_16-merge_24-merge_15-merge's shift to uniformity: 0.0937848965710386
[2026-07-24 12:41:53] class = SimpleGDIUniformityCheck, check.isCheckAbove = FALSE, check.GDIThreshold = 1.43, check.maxRatioBeyond = 0.01, check.maxRankBeyond = 0, check.fractionBeyond = 0.0298422461415798, check.thresholdRank = 0, check.quantileAtRatio = 1.52378489657104, check.quantileAtRank = NaN, isUniform = FALSE, clusterSize = 981
[2026-07-24 12:41:53] Clusters 11_13-merge_16-merge_24-merge and 15 cannot be merged
[2026-07-24 12:41:53] *[2026-07-24 12:41:53] 07_09-merge_08-merge_10_17-merge-merge
[2026-07-24 12:41:53] Asked to drop 0 genes and 3565 cells
[2026-07-24 12:41:53] COTAN dataset analysis: START
[2026-07-24 12:41:53] Asked to drop 983 genes and 0 cells
[2026-07-24 12:41:54] Genes/cells selection done: dropped [983] genes and [0] cells
[2026-07-24 12:41:54] Working on [17150] genes and [526] cells
[2026-07-24 12:41:54] Dataset cleaning elapsed time: 0.948488473892212
[2026-07-24 12:41:54] Estimate `dispersion`: START
[2026-07-24 12:41:54] Effective number of cores used: 40
[2026-07-24 12:41:54] Executing 17 genes batches
[2026-07-24 12:41:55] Parallel dispersion Newton-Raphson: used up to 6 iterations
[2026-07-24 12:41:55] Parallel dispersion Newton-Raphson: used up to 6 iterations
[2026-07-24 12:41:55] Parallel dispersion Newton-Raphson: used up to 5 iterations
[2026-07-24 12:41:56] Parallel dispersion Newton-Raphson: used up to 5 iterations
[2026-07-24 12:41:56] Parallel dispersion Newton-Raphson: used up to 6 iterations
[2026-07-24 12:41:56] Parallel dispersion Newton-Raphson: used up to 6 iterations
[2026-07-24 12:41:56] Parallel dispersion Newton-Raphson: used up to 6 iterations
[2026-07-24 12:41:56] Parallel dispersion Newton-Raphson: used up to 6 iterations
[2026-07-24 12:41:57] Parallel dispersion Newton-Raphson: used up to 7 iterations
[2026-07-24 12:41:57] Parallel dispersion Newton-Raphson: used up to 5 iterations
[2026-07-24 12:41:57] Parallel dispersion Newton-Raphson: used up to 5 iterations
[2026-07-24 12:41:57] Parallel dispersion Newton-Raphson: used up to 6 iterations
[2026-07-24 12:41:57] Parallel dispersion Newton-Raphson: used up to 7 iterations
[2026-07-24 12:41:58] Parallel dispersion Newton-Raphson: used up to 6 iterations
[2026-07-24 12:41:58] Parallel dispersion Newton-Raphson: used up to 5 iterations
[2026-07-24 12:41:58] Parallel dispersion Newton-Raphson: used up to 6 iterations
[2026-07-24 12:41:58] Parallel dispersion Newton-Raphson: used up to 5 iterations
[2026-07-24 12:42:01] Total calculations elapsed time: 6.50453543663025
[2026-07-24 12:42:01] Estimate `dispersion`: DONE
[2026-07-24 12:42:01] Estimate `dispersion`: DONE
[2026-07-24 12:42:01] `dispersion` | min: -0.128316357835618 | max: 241.826431557277 | % negative: 42.6938775510204
[2026-07-24 12:42:02] Model parameter estimation elapsed time: 7.35826587677002
[2026-07-24 12:42:02] COTAN genes' COEX estimation: START
[2026-07-24 12:42:02] Effective number of cores used: 40
[2026-07-24 12:42:02] Calculate genes COEX (torch) on device cpu: START
[2026-07-24 12:42:02] Retrieving expected genes contingency table
[2026-07-24 12:42:02] Expected genes contingency table elapsed time: 0.231223106384277
[2026-07-24 12:42:02] Calculating genes COEX normalization factor
[2026-07-24 12:42:04] Calculating genes COEX normalization factor elapsed time: 1.64814400672913
[2026-07-24 12:42:04] Retrieving observed genes yes/yes contingency table
[2026-07-24 12:42:04] Observed genes contingency table elapsed time: 0.319982290267944
[2026-07-24 12:42:17] Calculate genes COEX elapsed time: 13.3317303657532
[2026-07-24 12:42:17] Total calculations elapsed time: 15.5310797691345
[2026-07-24 12:42:17] Calculate genes COEX (torch) on device cpu: DONE
[2026-07-24 12:42:18] Only genes' COEX elapsed time: 16.2790477275848
[2026-07-24 12:42:18] Dataset analysis elapsed time: 24.5858020782471
[2026-07-24 12:42:18] COTAN dataset analysis: DONE
[2026-07-24 12:42:19] Checking uniformity for the cluster '07_09-merge_08-merge_10_17-merge-merge' with 526 cells
[2026-07-24 12:42:19] Calculate GDI dataframe: START
[2026-07-24 12:42:19] Using S
[2026-07-24 12:42:19] Calculating S: START
[2026-07-24 12:42:28] Calculating S: DONE
[2026-07-24 12:42:28] Calculate `GDI`: START
[2026-07-24 12:42:28] Effective number of cores used: 40
[2026-07-24 12:42:28] Effective number of cores used: 40
[2026-07-24 12:42:28] Executing 17 genes batches
[2026-07-24 12:42:35] Total calculations elapsed time: 7.01190519332886
[2026-07-24 12:42:35] Calculate `GDI`: DONE
[2026-07-24 12:42:36] Total calculations elapsed time: 17.2824227809906
[2026-07-24 12:42:36] Calculate GDI dataframe: DONE
[2026-07-24 12:42:36] Clean plots: START
[2026-07-24 12:42:36] Total calculations elapsed time: 0.0232169628143311
[2026-07-24 12:42:36] Clean plots: DONE
[2026-07-24 12:42:36] GDI plot
[2026-07-24 12:42:36] Removed 11 low GDI genes (such as the fully-expressed) in GDI plot
[2026-07-24 12:42:38] Cluster 07_09-merge_08-merge_10_17-merge-merge, with size 526, is not uniform
[2026-07-24 12:42:38] Cluster 07_09-merge_08-merge_10_17-merge-merge's shift to uniformity: 0.0653044949854069
[2026-07-24 12:42:38] class = SimpleGDIUniformityCheck, check.isCheckAbove = FALSE, check.GDIThreshold = 1.43, check.maxRatioBeyond = 0.01, check.maxRankBeyond = 0, check.fractionBeyond = 0.0251895043731778, check.thresholdRank = 0, check.quantileAtRatio = 1.49530449498541, check.quantileAtRank = NaN, isUniform = FALSE, clusterSize = 526
[2026-07-24 12:42:39] Clusters 07_09-merge_08-merge and 10_17-merge cannot be merged
[2026-07-24 12:42:39] *[2026-07-24 12:42:39] 10_17-merge_15-merge
[2026-07-24 12:42:39] Asked to drop 0 genes and 3629 cells
[2026-07-24 12:42:39] COTAN dataset analysis: START
[2026-07-24 12:42:39] Asked to drop 754 genes and 0 cells
[2026-07-24 12:42:39] Genes/cells selection done: dropped [754] genes and [0] cells
[2026-07-24 12:42:39] Working on [17379] genes and [462] cells
[2026-07-24 12:42:40] Dataset cleaning elapsed time: 0.867484092712402
[2026-07-24 12:42:40] Estimate `dispersion`: START
[2026-07-24 12:42:40] Effective number of cores used: 40
[2026-07-24 12:42:40] Executing 17 genes batches
[2026-07-24 12:42:40] Parallel dispersion Newton-Raphson: used up to 5 iterations
[2026-07-24 12:42:40] Parallel dispersion Newton-Raphson: used up to 6 iterations
[2026-07-24 12:42:41] Parallel dispersion Newton-Raphson: used up to 6 iterations
[2026-07-24 12:42:41] Parallel dispersion Newton-Raphson: used up to 5 iterations
[2026-07-24 12:42:41] Parallel dispersion Newton-Raphson: used up to 6 iterations
[2026-07-24 12:42:41] Parallel dispersion Newton-Raphson: used up to 6 iterations
[2026-07-24 12:42:41] Parallel dispersion Newton-Raphson: used up to 6 iterations
[2026-07-24 12:42:42] Parallel dispersion Newton-Raphson: used up to 6 iterations
[2026-07-24 12:42:42] Parallel dispersion Newton-Raphson: used up to 6 iterations
[2026-07-24 12:42:42] Parallel dispersion Newton-Raphson: used up to 5 iterations
[2026-07-24 12:42:42] Parallel dispersion Newton-Raphson: used up to 5 iterations
[2026-07-24 12:42:43] Parallel dispersion Newton-Raphson: used up to 6 iterations
[2026-07-24 12:42:43] Parallel dispersion Newton-Raphson: used up to 7 iterations
[2026-07-24 12:42:43] Parallel dispersion Newton-Raphson: used up to 6 iterations
[2026-07-24 12:42:43] Parallel dispersion Newton-Raphson: used up to 6 iterations
[2026-07-24 12:42:43] Parallel dispersion Newton-Raphson: used up to 5 iterations
[2026-07-24 12:42:44] Parallel dispersion Newton-Raphson: used up to 5 iterations
[2026-07-24 12:42:47] Total calculations elapsed time: 6.83366847038269
[2026-07-24 12:42:47] Estimate `dispersion`: DONE
[2026-07-24 12:42:47] Estimate `dispersion`: DONE
[2026-07-24 12:42:47] `dispersion` | min: -0.172089451852537 | max: 414.659284622359 | % negative: 46.4468611542666
[2026-07-24 12:42:47] Model parameter estimation elapsed time: 7.63113307952881
[2026-07-24 12:42:47] COTAN genes' COEX estimation: START
[2026-07-24 12:42:47] Effective number of cores used: 40
[2026-07-24 12:42:47] Calculate genes COEX (torch) on device cpu: START
[2026-07-24 12:42:47] Retrieving expected genes contingency table
[2026-07-24 12:42:48] Expected genes contingency table elapsed time: 0.208258390426636
[2026-07-24 12:42:48] Calculating genes COEX normalization factor
[2026-07-24 12:42:49] Calculating genes COEX normalization factor elapsed time: 1.68813610076904
[2026-07-24 12:42:49] Retrieving observed genes yes/yes contingency table
[2026-07-24 12:42:49] Observed genes contingency table elapsed time: 0.275691270828247
[2026-07-24 12:43:03] Calculate genes COEX elapsed time: 13.7182552814484
[2026-07-24 12:43:03] Total calculations elapsed time: 15.8903410434723
[2026-07-24 12:43:03] Calculate genes COEX (torch) on device cpu: DONE
[2026-07-24 12:43:04] Only genes' COEX elapsed time: 16.6461546421051
[2026-07-24 12:43:04] Dataset analysis elapsed time: 25.1447718143463
[2026-07-24 12:43:04] COTAN dataset analysis: DONE
[2026-07-24 12:43:05] Checking uniformity for the cluster '10_17-merge_15-merge' with 462 cells
[2026-07-24 12:43:05] Calculate GDI dataframe: START
[2026-07-24 12:43:05] Using S
[2026-07-24 12:43:05] Calculating S: START
[2026-07-24 12:43:14] Calculating S: DONE
[2026-07-24 12:43:14] Calculate `GDI`: START
[2026-07-24 12:43:14] Effective number of cores used: 40
[2026-07-24 12:43:14] Effective number of cores used: 40
[2026-07-24 12:43:14] Executing 17 genes batches
[2026-07-24 12:43:21] Total calculations elapsed time: 7.17862582206726
[2026-07-24 12:43:21] Calculate `GDI`: DONE
[2026-07-24 12:43:22] Total calculations elapsed time: 17.7181088924408
[2026-07-24 12:43:22] Calculate GDI dataframe: DONE
[2026-07-24 12:43:22] Clean plots: START
[2026-07-24 12:43:22] Total calculations elapsed time: 0.0232701301574707
[2026-07-24 12:43:22] Clean plots: DONE
[2026-07-24 12:43:22] GDI plot
[2026-07-24 12:43:22] Removed 11 low GDI genes (such as the fully-expressed) in GDI plot
[2026-07-24 12:43:24] Cluster 10_17-merge_15-merge, with size 462, is not uniform
[2026-07-24 12:43:24] Cluster 10_17-merge_15-merge's shift to uniformity: 0.116436424344861
[2026-07-24 12:43:24] class = SimpleGDIUniformityCheck, check.isCheckAbove = FALSE, check.GDIThreshold = 1.43, check.maxRatioBeyond = 0.01, check.maxRankBeyond = 0, check.fractionBeyond = 0.0372863801139306, check.thresholdRank = 0, check.quantileAtRatio = 1.54643642434486, check.quantileAtRank = NaN, isUniform = FALSE, clusterSize = 462
[2026-07-24 12:43:25] Clusters 10_17-merge and 15 cannot be merged
[2026-07-24 12:43:25] *[2026-07-24 12:43:25] 10_17-merge_18-merge
[2026-07-24 12:43:25] Asked to drop 0 genes and 3915 cells
[2026-07-24 12:43:25] COTAN dataset analysis: START
[2026-07-24 12:43:25] Asked to drop 1502 genes and 0 cells
[2026-07-24 12:43:25] Genes/cells selection done: dropped [1502] genes and [0] cells
[2026-07-24 12:43:25] Working on [16631] genes and [176] cells
[2026-07-24 12:43:26] Dataset cleaning elapsed time: 0.803305387496948
[2026-07-24 12:43:26] Estimate `dispersion`: START
[2026-07-24 12:43:26] Effective number of cores used: 40
[2026-07-24 12:43:26] Executing 17 genes batches
[2026-07-24 12:43:26] Parallel dispersion Newton-Raphson: used up to 6 iterations
[2026-07-24 12:43:27] Parallel dispersion Newton-Raphson: used up to 7 iterations
[2026-07-24 12:43:27] Parallel dispersion Newton-Raphson: used up to 6 iterations
[2026-07-24 12:43:27] Parallel dispersion Newton-Raphson: used up to 5 iterations
[2026-07-24 12:43:27] Parallel dispersion Newton-Raphson: used up to 6 iterations
[2026-07-24 12:43:27] Parallel dispersion Newton-Raphson: used up to 6 iterations
[2026-07-24 12:43:28] Parallel dispersion Newton-Raphson: used up to 6 iterations
[2026-07-24 12:43:28] Parallel dispersion Newton-Raphson: used up to 7 iterations
[2026-07-24 12:43:28] Parallel dispersion Newton-Raphson: used up to 6 iterations
[2026-07-24 12:43:28] Parallel dispersion Newton-Raphson: used up to 5 iterations
[2026-07-24 12:43:29] Parallel dispersion Newton-Raphson: used up to 5 iterations
[2026-07-24 12:43:29] Parallel dispersion Newton-Raphson: used up to 6 iterations
[2026-07-24 12:43:29] Parallel dispersion Newton-Raphson: used up to 7 iterations
[2026-07-24 12:43:29] Parallel dispersion Newton-Raphson: used up to 6 iterations
[2026-07-24 12:43:29] Parallel dispersion Newton-Raphson: used up to 6 iterations
[2026-07-24 12:43:30] Parallel dispersion Newton-Raphson: used up to 5 iterations
[2026-07-24 12:43:30] Parallel dispersion Newton-Raphson: used up to 5 iterations
[2026-07-24 12:43:33] Total calculations elapsed time: 6.71480798721313
[2026-07-24 12:43:33] Estimate `dispersion`: DONE
[2026-07-24 12:43:33] Estimate `dispersion`: DONE
[2026-07-24 12:43:33] `dispersion` | min: -0.285957352358505 | max: 134.85150216787 | % negative: 48.4757380794901
[2026-07-24 12:43:34] Model parameter estimation elapsed time: 7.56833004951477
[2026-07-24 12:43:34] COTAN genes' COEX estimation: START
[2026-07-24 12:43:34] Effective number of cores used: 40
[2026-07-24 12:43:34] Calculate genes COEX (torch) on device cpu: START
[2026-07-24 12:43:34] Retrieving expected genes contingency table
[2026-07-24 12:43:34] Expected genes contingency table elapsed time: 0.122941970825195
[2026-07-24 12:43:34] Calculating genes COEX normalization factor
[2026-07-24 12:43:35] Calculating genes COEX normalization factor elapsed time: 1.57375144958496
[2026-07-24 12:43:35] Retrieving observed genes yes/yes contingency table
[2026-07-24 12:43:35] Observed genes contingency table elapsed time: 0.1339430809021
[2026-07-24 12:43:48] Calculate genes COEX elapsed time: 12.363347530365
[2026-07-24 12:43:48] Total calculations elapsed time: 14.1939840316772
[2026-07-24 12:43:48] Calculate genes COEX (torch) on device cpu: DONE
[2026-07-24 12:43:49] Only genes' COEX elapsed time: 14.9871308803558
[2026-07-24 12:43:49] Dataset analysis elapsed time: 23.3587663173676
[2026-07-24 12:43:49] COTAN dataset analysis: DONE
[2026-07-24 12:43:49] Checking uniformity for the cluster '10_17-merge_18-merge' with 176 cells
[2026-07-24 12:43:49] Calculate GDI dataframe: START
[2026-07-24 12:43:49] Using S
[2026-07-24 12:43:49] Calculating S: START
[2026-07-24 12:43:58] Calculating S: DONE
[2026-07-24 12:43:58] Calculate `GDI`: START
[2026-07-24 12:43:58] Effective number of cores used: 40
[2026-07-24 12:43:58] Effective number of cores used: 40
[2026-07-24 12:43:58] Executing 17 genes batches
[2026-07-24 12:44:05] Total calculations elapsed time: 6.69213151931763
[2026-07-24 12:44:05] Calculate `GDI`: DONE
[2026-07-24 12:44:06] Total calculations elapsed time: 17.1101295948029
[2026-07-24 12:44:06] Calculate GDI dataframe: DONE
[2026-07-24 12:44:06] Clean plots: START
[2026-07-24 12:44:06] Total calculations elapsed time: 0.0257260799407959
[2026-07-24 12:44:06] Clean plots: DONE
[2026-07-24 12:44:06] GDI plot
[2026-07-24 12:44:06] Removed 24 low GDI genes (such as the fully-expressed) in GDI plot
[2026-07-24 12:44:08] Cluster 10_17-merge_18-merge, with size 176, is not uniform
[2026-07-24 12:44:08] Cluster 10_17-merge_18-merge's shift to uniformity: 0.0389893847015648
[2026-07-24 12:44:08] class = SimpleGDIUniformityCheck, check.isCheckAbove = FALSE, check.GDIThreshold = 1.43, check.maxRatioBeyond = 0.01, check.maxRankBeyond = 0, check.fractionBeyond = 0.019842462870543, check.thresholdRank = 0, check.quantileAtRatio = 1.46898938470156, check.quantileAtRank = NaN, isUniform = FALSE, clusterSize = 176
[2026-07-24 12:44:09] Clusters 10_17-merge and 18 cannot be merged
[2026-07-24 12:44:09] *[2026-07-24 12:44:09] 03_06-merge
[2026-07-24 12:44:09] Asked to drop 0 genes and 3649 cells
[2026-07-24 12:44:09] COTAN dataset analysis: START
[2026-07-24 12:44:09] Asked to drop 2686 genes and 0 cells
[2026-07-24 12:44:09] Genes/cells selection done: dropped [2686] genes and [0] cells
[2026-07-24 12:44:09] Working on [15447] genes and [442] cells
[2026-07-24 12:44:10] Dataset cleaning elapsed time: 0.899130344390869
[2026-07-24 12:44:10] Estimate `dispersion`: START
[2026-07-24 12:44:10] Effective number of cores used: 40
[2026-07-24 12:44:10] Executing 16 genes batches
[2026-07-24 12:44:10] Parallel dispersion Newton-Raphson: used up to 7 iterations
[2026-07-24 12:44:10] Parallel dispersion Newton-Raphson: used up to 8 iterations
[2026-07-24 12:44:11] Parallel dispersion Newton-Raphson: used up to 6 iterations
[2026-07-24 12:44:11] Parallel dispersion Newton-Raphson: used up to 7 iterations
[2026-07-24 12:44:11] Parallel dispersion Newton-Raphson: used up to 7 iterations
[2026-07-24 12:44:11] Parallel dispersion Newton-Raphson: used up to 6 iterations
[2026-07-24 12:44:12] Parallel dispersion Newton-Raphson: used up to 7 iterations
[2026-07-24 12:44:12] Parallel dispersion Newton-Raphson: used up to 6 iterations
[2026-07-24 12:44:12] Parallel dispersion Newton-Raphson: used up to 7 iterations
[2026-07-24 12:44:12] Parallel dispersion Newton-Raphson: used up to 7 iterations
[2026-07-24 12:44:12] Parallel dispersion Newton-Raphson: used up to 7 iterations
[2026-07-24 12:44:13] Parallel dispersion Newton-Raphson: used up to 7 iterations
[2026-07-24 12:44:13] Parallel dispersion Newton-Raphson: used up to 9 iterations
[2026-07-24 12:44:13] Parallel dispersion Newton-Raphson: used up to 9 iterations
[2026-07-24 12:44:13] Parallel dispersion Newton-Raphson: used up to 7 iterations
[2026-07-24 12:44:14] Parallel dispersion Newton-Raphson: used up to 5 iterations
[2026-07-24 12:44:16] Total calculations elapsed time: 6.56571459770203
[2026-07-24 12:44:16] Estimate `dispersion`: DONE
[2026-07-24 12:44:16] Estimate `dispersion`: DONE
[2026-07-24 12:44:16] `dispersion` | min: -0.158302565221356 | max: 328.41781255885 | % negative: 52.8970026542371
[2026-07-24 12:44:17] Model parameter estimation elapsed time: 7.3737473487854
[2026-07-24 12:44:17] COTAN genes' COEX estimation: START
[2026-07-24 12:44:17] Effective number of cores used: 40
[2026-07-24 12:44:17] Calculate genes COEX (torch) on device cpu: START
[2026-07-24 12:44:17] Retrieving expected genes contingency table
[2026-07-24 12:44:17] Expected genes contingency table elapsed time: 0.16228723526001
[2026-07-24 12:44:17] Calculating genes COEX normalization factor
[2026-07-24 12:44:19] Calculating genes COEX normalization factor elapsed time: 1.52301597595215
[2026-07-24 12:44:19] Retrieving observed genes yes/yes contingency table
[2026-07-24 12:44:19] Observed genes contingency table elapsed time: 0.208767890930176
[2026-07-24 12:44:30] Calculate genes COEX elapsed time: 10.9121031761169
[2026-07-24 12:44:30] Total calculations elapsed time: 12.8061742782593
[2026-07-24 12:44:30] Calculate genes COEX (torch) on device cpu: DONE
[2026-07-24 12:44:31] Only genes' COEX elapsed time: 13.6103627681732
[2026-07-24 12:44:31] Dataset analysis elapsed time: 21.8832404613495
[2026-07-24 12:44:31] COTAN dataset analysis: DONE
[2026-07-24 12:44:32] Checking uniformity for the cluster '03_06-merge' with 442 cells
[2026-07-24 12:44:32] Calculate GDI dataframe: START
[2026-07-24 12:44:32] Using S
[2026-07-24 12:44:32] Calculating S: START
[2026-07-24 12:44:39] Calculating S: DONE
[2026-07-24 12:44:39] Calculate `GDI`: START
[2026-07-24 12:44:39] Effective number of cores used: 40
[2026-07-24 12:44:39] Effective number of cores used: 40
[2026-07-24 12:44:39] Executing 16 genes batches
[2026-07-24 12:44:45] Total calculations elapsed time: 5.87803602218628
[2026-07-24 12:44:45] Calculate `GDI`: DONE
[2026-07-24 12:44:46] Total calculations elapsed time: 14.2469177246094
[2026-07-24 12:44:46] Calculate GDI dataframe: DONE
[2026-07-24 12:44:46] Clean plots: START
[2026-07-24 12:44:46] Total calculations elapsed time: 0.0233542919158936
[2026-07-24 12:44:46] Clean plots: DONE
[2026-07-24 12:44:46] GDI plot
[2026-07-24 12:44:46] Removed 0 low GDI genes (such as the fully-expressed) in GDI plot
[2026-07-24 12:44:48] Cluster 03_06-merge, with size 442, is not uniform
[2026-07-24 12:44:48] Cluster 03_06-merge's shift to uniformity: 1.44770226636127
[2026-07-24 12:44:48] class = SimpleGDIUniformityCheck, check.isCheckAbove = FALSE, check.GDIThreshold = 1.43, check.maxRatioBeyond = 0.01, check.maxRankBeyond = 0, check.fractionBeyond = 0.234802874344533, check.thresholdRank = 0, check.quantileAtRatio = 2.87770226636127, check.quantileAtRank = NaN, isUniform = FALSE, clusterSize = 442
[2026-07-24 12:44:48] Clusters 03 and 06 cannot be merged
[2026-07-24 12:44:48] *[2026-07-24 12:44:48] 10_17-merge_12_14-merge-merge
[2026-07-24 12:44:48] Asked to drop 0 genes and 3541 cells
[2026-07-24 12:44:49] COTAN dataset analysis: START
[2026-07-24 12:44:49] Asked to drop 1259 genes and 0 cells
[2026-07-24 12:44:49] Genes/cells selection done: dropped [1259] genes and [0] cells
[2026-07-24 12:44:49] Working on [16874] genes and [550] cells
[2026-07-24 12:44:49] Dataset cleaning elapsed time: 0.943119049072266
[2026-07-24 12:44:49] Estimate `dispersion`: START
[2026-07-24 12:44:49] Effective number of cores used: 40
[2026-07-24 12:44:50] Executing 17 genes batches
[2026-07-24 12:44:50] Parallel dispersion Newton-Raphson: used up to 6 iterations
[2026-07-24 12:44:50] Parallel dispersion Newton-Raphson: used up to 6 iterations
[2026-07-24 12:44:50] Parallel dispersion Newton-Raphson: used up to 5 iterations
[2026-07-24 12:44:51] Parallel dispersion Newton-Raphson: used up to 6 iterations
[2026-07-24 12:44:51] Parallel dispersion Newton-Raphson: used up to 6 iterations
[2026-07-24 12:44:51] Parallel dispersion Newton-Raphson: used up to 5 iterations
[2026-07-24 12:44:51] Parallel dispersion Newton-Raphson: used up to 6 iterations
[2026-07-24 12:44:51] Parallel dispersion Newton-Raphson: used up to 6 iterations
[2026-07-24 12:44:52] Parallel dispersion Newton-Raphson: used up to 6 iterations
[2026-07-24 12:44:52] Parallel dispersion Newton-Raphson: used up to 5 iterations
[2026-07-24 12:44:52] Parallel dispersion Newton-Raphson: used up to 5 iterations
[2026-07-24 12:44:52] Parallel dispersion Newton-Raphson: used up to 6 iterations
[2026-07-24 12:44:53] Parallel dispersion Newton-Raphson: used up to 7 iterations
[2026-07-24 12:44:53] Parallel dispersion Newton-Raphson: used up to 6 iterations
[2026-07-24 12:44:53] Parallel dispersion Newton-Raphson: used up to 6 iterations
[2026-07-24 12:44:53] Parallel dispersion Newton-Raphson: used up to 6 iterations
[2026-07-24 12:44:53] Parallel dispersion Newton-Raphson: used up to 6 iterations
[2026-07-24 12:44:56] Total calculations elapsed time: 6.87720489501953
[2026-07-24 12:44:56] Estimate `dispersion`: DONE
[2026-07-24 12:44:56] Estimate `dispersion`: DONE
[2026-07-24 12:44:56] `dispersion` | min: -0.241654076884323 | max: 324.338676434722 | % negative: 44.9922958397535
[2026-07-24 12:44:57] Model parameter estimation elapsed time: 7.68900346755981
[2026-07-24 12:44:57] COTAN genes' COEX estimation: START
[2026-07-24 12:44:57] Effective number of cores used: 40
[2026-07-24 12:44:57] Calculate genes COEX (torch) on device cpu: START
[2026-07-24 12:44:57] Retrieving expected genes contingency table
[2026-07-24 12:44:57] Expected genes contingency table elapsed time: 0.231947660446167
[2026-07-24 12:44:57] Calculating genes COEX normalization factor
[2026-07-24 12:44:59] Calculating genes COEX normalization factor elapsed time: 2.05284023284912
[2026-07-24 12:44:59] Retrieving observed genes yes/yes contingency table
[2026-07-24 12:45:00] Observed genes contingency table elapsed time: 0.347928285598755
[2026-07-24 12:45:14] Calculate genes COEX elapsed time: 14.0006980895996
[2026-07-24 12:45:14] Total calculations elapsed time: 16.6334142684937
[2026-07-24 12:45:14] Calculate genes COEX (torch) on device cpu: DONE
[2026-07-24 12:45:15] Only genes' COEX elapsed time: 17.4014773368835
[2026-07-24 12:45:15] Dataset analysis elapsed time: 26.0335998535156
[2026-07-24 12:45:15] COTAN dataset analysis: DONE
[2026-07-24 12:45:15] Checking uniformity for the cluster '10_17-merge_12_14-merge-merge' with 550 cells
[2026-07-24 12:45:15] Calculate GDI dataframe: START
[2026-07-24 12:45:15] Using S
[2026-07-24 12:45:15] Calculating S: START
[2026-07-24 12:45:24] Calculating S: DONE
[2026-07-24 12:45:24] Calculate `GDI`: START
[2026-07-24 12:45:24] Effective number of cores used: 40
[2026-07-24 12:45:24] Effective number of cores used: 40
[2026-07-24 12:45:24] Executing 17 genes batches
[2026-07-24 12:45:32] Total calculations elapsed time: 7.80037236213684
[2026-07-24 12:45:32] Calculate `GDI`: DONE
[2026-07-24 12:45:33] Total calculations elapsed time: 17.7910375595093
[2026-07-24 12:45:33] Calculate GDI dataframe: DONE
[2026-07-24 12:45:33] Clean plots: START
[2026-07-24 12:45:33] Total calculations elapsed time: 0.0233187675476074
[2026-07-24 12:45:33] Clean plots: DONE
[2026-07-24 12:45:33] GDI plot
[2026-07-24 12:45:33] Removed 7 low GDI genes (such as the fully-expressed) in GDI plot
[2026-07-24 12:45:35] Cluster 10_17-merge_12_14-merge-merge, with size 550, is not uniform
[2026-07-24 12:45:35] Cluster 10_17-merge_12_14-merge-merge's shift to uniformity: 0.195270015544874
[2026-07-24 12:45:35] class = SimpleGDIUniformityCheck, check.isCheckAbove = FALSE, check.GDIThreshold = 1.43, check.maxRatioBeyond = 0.01, check.maxRankBeyond = 0, check.fractionBeyond = 0.0698708071589428, check.thresholdRank = 0, check.quantileAtRatio = 1.62527001554487, check.quantileAtRank = NaN, isUniform = FALSE, clusterSize = 550
[2026-07-24 12:45:36] Clusters 10_17-merge and 12_14-merge cannot be merged
[2026-07-24 12:45:36] No clusters will be merged
[2026-07-24 12:45:36] None of the remaining tested cluster pairs could be merged
[2026-07-24 12:45:36] Executed all merges for threshold 1.43 out of 77 checks
[2026-07-24 12:45:36] The final merged clusterization contains [15] different clusters: -1, 01_02-merge, 03, 04, 05, 06, 07_09-merge_08-merge, 10_17-merge, 11_13-merge_16-merge_24-merge, 12_14-merge, 15, 18, 19, 20_25-merge_21_22-merge-merge, 23
[2026-07-24 12:45:36] Differential Expression Analysis - START
[2026-07-24 12:45:39] *[2026-07-24 12:45:39]  DEA on cluster '-1' with 253 cells
[2026-07-24 12:45:39] *[2026-07-24 12:45:39]  DEA on cluster '02' with 283 cells
[2026-07-24 12:45:39] *[2026-07-24 12:45:39]  DEA on cluster '03' with 392 cells
[2026-07-24 12:45:39] *[2026-07-24 12:45:39]  DEA on cluster '04' with 131 cells
[2026-07-24 12:45:39] *[2026-07-24 12:45:39]  DEA on cluster '05' with 194 cells
[2026-07-24 12:45:39] *[2026-07-24 12:45:39]  DEA on cluster '06' with 50 cells
[2026-07-24 12:45:39] *[2026-07-24 12:45:39]  DEA on cluster '07' with 402 cells
[2026-07-24 12:45:39] *[2026-07-24 12:45:39]  DEA on cluster '08' with 124 cells
[2026-07-24 12:45:39] *[2026-07-24 12:45:39]  DEA on cluster '09' with 643 cells
[2026-07-24 12:45:39] *[2026-07-24 12:45:39]  DEA on cluster '10' with 426 cells
[2026-07-24 12:45:40] *[2026-07-24 12:45:40]  DEA on cluster '11' with 338 cells
[2026-07-24 12:45:40] *[2026-07-24 12:45:40]  DEA on cluster '12' with 52 cells
[2026-07-24 12:45:40] *[2026-07-24 12:45:40]  DEA on cluster '13' with 145 cells
[2026-07-24 12:45:40] *[2026-07-24 12:45:40]  DEA on cluster '14' with 405 cells
[2026-07-24 12:45:40] *[2026-07-24 12:45:40]  DEA on cluster '15' with 253 cells
[2026-07-24 12:45:40] 
[2026-07-24 12:45:40] Total calculations elapsed time: 4.19151091575623
[2026-07-24 12:45:40] Differential Expression Analysis - DONE
[2026-07-24 12:45:41] Applied reordering to clusterization is:
[2026-07-24 12:45:41] 02  ->  04, 03  ->  05, 04  ->  06, 05  ->  02, 06  ->  03, 07  ->  11, 08  ->  07, 09  ->  12, 10  ->  10, 11  ->  08, 12  ->  09, 13  ->  14, 14  ->  15, 15  ->  13, -1  ->  -1
[2026-07-24 12:45:41] Total calculations elapsed time: 3439.99459075928
[2026-07-24 12:45:41] Merging cells' uniform clustering: DONE
[2026-07-24 12:45:41] ⇡   ✔ Done.
[2026-07-24 12:45:41] ┃   ❖ Adding 'merged' clusterization to the COTAN object...
[2026-07-24 12:45:41] ┃   ┏━━ SAVE OBJECT
[2026-07-24 12:45:41] ┃   ┃    » Saving object at: /data/lorenzo_delitala/data/project_files/ding/cortex_2/plots/clustered.gene.rds
[2026-07-24 12:50:10] ┃   ┗━━
[2026-07-24 12:50:10] ┃    » Generated 26 uniform clusters.
[2026-07-24 12:50:10] ┃    » Clusters reduced from 26 to 15 after merging.
[2026-07-24 12:50:10] ┗━━
